Species_clean	tip_label	Directory Name	assembly	assem	Assembly name	NCBI accession	Taxonomic Lineage	contig N50 (bp)	scaffold N50 (bp)	No. ancestral genes with intact ORF	No. ancestral genes with missing sequences	PGA_all_CN	PGA_all_log1p	PGA_CN_primary	PGA_log1p	PGA_like_CN_primary	PGA_like_log1p	PAG_CN_primary	PAG_log1p	all	pga	pga_like	pag	Diet_Class	Diet_Group	Diet-Inv	Diet-Vend	Diet-Vect	Diet-Vfish	Diet-Vunk	Diet-Scav	Diet-Fruit	Diet-Nect	Diet-Seed	Diet-PlantO	plant_total_pct	plant_total_prop	plant_structural_prop	animal_total_pct	BodyMass-Value	log10_body_mass	Species	Common name	Other species names	Species Taxonomy ID	Source of assembly	NCBI assembly name	NCBI assembly status	Assembly submission date	Assembly submitter organization	No. ancestral genes with inactivating mutations	Scientific	Scientific_clean	High_Order_Diet	Use_High_Order_Diet	plant_dominant_pct	carnivore_pct	insectivore_pct	nectarivore_pct	plant_dominant_prop	carnivore_prop	insectivore_prop	nectarivore_prop	diet_total_pct	CNV_source_col	CNV	CNV_log1p
Loxodonta africana	Loxodonta_africana	Loxodonta_africana__African_savanna_elephant__HLloxAfr5A__GCA_030014295.1	Loxodonta_africana__African_savanna_elephant__HLloxAfr5A__GCA_030014295.1	Loxodonta_africana__African_savanna_elephant__HLloxAfr5A__GCA_030014295.1	HLloxAfr5A	GCA_030014295.1	Mammalia; Theria; Eutheria; Afrotheria; Proboscidea; Elephantidae; Loxodonta	82653632	119600562	15167	5	2	1.09861228866811	1	0.693147180559945	1	0.693147180559945	0	0	2	1	1	0	Herbivore	Plant_dominant	0	0	0	0	0	0	0	0	0	100	100	1	1	0	3940034.28	6.59550000039158	Loxodonta africana	African savanna elephant	African bush elephant,Elephas africanus,Loxodonta africana africana,African savannah elephant	9785	NCBI	mLoxAfr1.hap2	Chromosome	2023-05-16	Vertebrate Genomes Project	24	Loxodonta africana	Loxodonta africana	Plant_dominant	TRUE	100	0	0	0	1	0	0	0	100	PGA_CN_primary	1	0.693147180559945
Heterohyrax brucei	Heterohyrax_brucei	Heterohyrax_brucei__yellow-spotted_hyrax__HLhetBru2__GCA_028571685.1	Heterohyrax_brucei__yellow-spotted_hyrax__HLhetBru2__GCA_028571685.1	Heterohyrax_brucei__yellow-spotted_hyrax__HLhetBru2__GCA_028571685.1	HLhetBru2	GCA_028571685.1	Mammalia; Theria; Eutheria; Afrotheria; Hyracoidea; Procaviidae; Heterohyrax	78495281	139648372	15034	4	2	1.09861228866811	1	0.693147180559945	1	0.693147180559945	0	0	2	1	1	0	Herbivore	Plant_dominant	0	0	0	0	0	0	0	0	0	100	100	1	1	0	2625	3.41912930774198	Heterohyrax brucei	yellow-spotted hyrax	Hyrax brucei	77598	NCBI	mHetBru1.pri	Chromosome	2023-02-10	Vertebrate Genomes Project	158	Heterohyrax brucei	Heterohyrax brucei	Plant_dominant	TRUE	100	0	0	0	1	0	0	0	100	PGA_CN_primary	1	0.693147180559945
Dugong dugon	Dugong_dugon	Dugong_dugon__Dugong__HLdugDugo3A__GCA_030035585.1	Dugong_dugon__Dugong__HLdugDugo3A__GCA_030035585.1	Dugong_dugon__Dugong__HLdugDugo3A__GCA_030035585.1	HLdugDugo3A	GCA_030035585.1	Mammalia; Theria; Eutheria; Afrotheria; Sirenia; Dugongidae; Dugong	57632671	140670990	15082	9	2	1.09861228866811	1	0.693147180559945	1	0.693147180559945	0	0	2	1	1	0	Herbivore	Plant_dominant	0	0	0	0	0	0	0	0	0	100	100	1	1	0	310000	5.49136169383427	Dugong dugon	Dugong	Trichechus dugon MÃƒÂ1/4ller, 1776	29137	NCBI	mDugDug1.hap1	Chromosome	2023-05-18	Vertebrate Genomes Project	105	Dugong dugon	Dugong dugon	Plant_dominant	TRUE	100	0	0	0	1	0	0	0	100	PGA_CN_primary	1	0.693147180559945
Trichechus inunguis	Trichechus_inunguis	Trichechus_inunguis__Amazon_manatee__HLtriInu1A__GCA_046562895.1	Trichechus_inunguis__Amazon_manatee__HLtriInu1A__GCA_046562895.1	Trichechus_inunguis__Amazon_manatee__HLtriInu1A__GCA_046562895.1	HLtriInu1A	GCA_046562895.1	Mammalia; Theria; Eutheria; Afrotheria; Sirenia; Trichechidae; Trichechus	25109643	123530250	15089	15	4	1.6094379124341	3	1.38629436111989	1	0.693147180559945	0	0	4	3	1	0	Herbivore	Plant_dominant	0	0	0	0	0	0	0	0	0	100	100	1	1	0	480000	5.68124123737559	Trichechus inunguis	Amazon manatee	Manatus inunguis,Amazonian manatee,Brazilian manatee	9777	NCBI	mTriInu1 haplotype 2	Chromosome	2025-01-08	Genomics of Brazilian Biodiversity	92	Trichechus inunguis	Trichechus inunguis	Plant_dominant	TRUE	100	0	0	0	1	0	0	0	100	PGA_CN_primary	3	1.38629436111989
Orycteropus afer	Orycteropus_afer	Orycteropus_afer__Aardvark__HLoryAfer3A__GCA_054668785.1	Orycteropus_afer__Aardvark__HLoryAfer3A__GCA_054668785.1	Orycteropus_afer__Aardvark__HLoryAfer3A__GCA_054668785.1	HLoryAfer3A	GCA_054668785.1	Mammalia; Theria; Eutheria; Afrotheria; Tubulidentata; Orycteropodidae; Orycteropus	166734673	655437740	15060	15	1	0.693147180559945	1	0.693147180559945	0	0	0	0	1	1	0	0	Insectivore	Animal_dominant	100	0	0	0	0	0	0	0	0	0	0	0	0	100	52350.4	4.71892000439364	Orycteropus afer	Aardvark	Manis afer	9818	NCBI	mOryAfe1.hap1	Chromosome	2026-01-23	Vertebrate Genomes Project	121	Orycteropus afer	Orycteropus afer	Insectivore	TRUE	0	0	100	0	0	0	1	0	100	PGA_CN_primary	1	0.693147180559945
Tenrec ecaudatus	Tenrec_ecaudatus	Tenrec_ecaudatus__Tailless_tenrec__HLtenEca1B	Tenrec_ecaudatus__Tailless_tenrec__HLtenEca1B	Tenrec_ecaudatus__Tailless_tenrec__HLtenEca1B	HLtenEca1B	TBG Hillerlab, Fauna	Mammalia; Theria; Eutheria; Afrotheria; Afrosoricida; Tenrecidae; Tenrecinae; Tenrec	71825797	156487869	14355	560	2	1.09861228866811	1	0.693147180559945	1	0.693147180559945	0	0	2	1	1	0	Insectivore	Animal_dominant	90	0	0	0	0	0	0	0	0	10	10	0.1	0.1	90	868	2.93851972517649	Tenrec ecaudatus	Tailless tenrec	tail-less tenrec	94439	TBG Hillerlab, Fauna			2023-09-02		281	Tenrec ecaudatus	Tenrec ecaudatus	Insectivore	TRUE	10	0	90	0	0.1	0	0.9	0	100	PGA_CN_primary	1	0.693147180559945
Amblysomus hottentotus	Amblysomus_hottentotus	Amblysomus_hottentotus__Hottentot_golden_mole__HLambHott1A__GCA_054824725.1	Amblysomus_hottentotus__Hottentot_golden_mole__HLambHott1A__GCA_054824725.1	Amblysomus_hottentotus__Hottentot_golden_mole__HLambHott1A__GCA_054824725.1	HLambHott1A	GCA_054824725.1	Mammalia; Theria; Eutheria; Afrotheria; Afrosoricida; Chrysochloridae; Amblysominae; Amblysomus	59459156	96331173	14995	15	2	1.09861228866811	1	0.693147180559945	1	0.693147180559945	0	0	2	1	1	0	Insectivore	Animal_dominant	100	0	0	0	0	0	0	0	0	0	0	0	0	100	52.6	1.72098574415374	Amblysomus hottentotus	Hottentot golden mole	Sorex hottentotus	9391	NCBI	mAmbHot1.hap1	Scaffold	2026-01-29	Vertebrate Genomes Project	186	Amblysomus hottentotus	Amblysomus hottentotus	Insectivore	TRUE	0	0	100	0	0	0	1	0	100	PGA_CN_primary	1	0.693147180559945
Rhynchocyon petersi	Rhynchocyon_petersi	Rhynchocyon_petersi__Black_and_rufous_elephant_shrew__HLrhyPet1B__GCA_043290065.1	Rhynchocyon_petersi__Black_and_rufous_elephant_shrew__HLrhyPet1B__GCA_043290065.1	Rhynchocyon_petersi__Black_and_rufous_elephant_shrew__HLrhyPet1B__GCA_043290065.1	HLrhyPet1B	GCA_043290065.1	Mammalia; Theria; Eutheria; Afrotheria; Macroscelidea; Macroscelididae; Rhynchocyon	13791435	546604020	14364	570	2	1.09861228866811	1	0.693147180559945	1	0.693147180559945	0	0	2	1	1	0	Insectivore	Animal_dominant	100	0	0	0	0	0	0	0	0	0	0	0	0	100	424	2.62736585659273	Rhynchocyon petersi	Black and rufous elephant shrew	black and rufous sengi	320637	NCBI	mRhyPet1.hap2	Chromosome	2024-10-17	Vertebrate Genomes Project	262	Rhynchocyon petersi	Rhynchocyon petersi	Insectivore	TRUE	0	0	100	0	0	0	1	0	100	PGA_CN_primary	1	0.693147180559945
Rhinopoma microphyllum	Rhinopoma_microphyllum	Rhinopoma_microphyllum__Greater_mouse-tailed_bat__HLrhiMic1__GCA_043880545.1	Rhinopoma_microphyllum__Greater_mouse-tailed_bat__HLrhiMic1__GCA_043880545.1	Rhinopoma_microphyllum__Greater_mouse-tailed_bat__HLrhiMic1__GCA_043880545.1	HLrhiMic1	GCA_043880545.1	Mammalia; Theria; Eutheria; Boreoeutheria; Laurasiatheria; Chiroptera; Yinpterochiroptera; Rhinolophoidea; Rhinopomatidae; Rhinopoma	33347918	146810189	14980	17	2	1.09861228866811	1	0.693147180559945	1	0.693147180559945	0	0	2	1	1	0	Insectivore	Animal_dominant	100	0	0	0	0	0	0	0	0	0	0	0	0	100	27.87	1.4451369687133	Rhinopoma microphyllum	Greater mouse-tailed bat		173903	NCBI, Bat1K			2021-10-19		199	Rhinopoma microphyllum	Rhinopoma microphyllum	Insectivore	TRUE	0	0	100	0	0	0	1	0	100	PGA_CN_primary	1	0.693147180559945
Megaderma spasma	Megaderma_spasma	Megaderma_spasma__lesser_false_vampire_bat__HLmegSpa1__GCA_043880595.1	Megaderma_spasma__lesser_false_vampire_bat__HLmegSpa1__GCA_043880595.1	Megaderma_spasma__lesser_false_vampire_bat__HLmegSpa1__GCA_043880595.1	HLmegSpa1	GCA_043880595.1	Mammalia; Theria; Eutheria; Boreoeutheria; Laurasiatheria; Chiroptera; Yinpterochiroptera; Rhinolophoidea; Megadermatidae; Megaderma	25520250	120949103	14500	12	2	1.09861228866811	1	0.693147180559945	1	0.693147180559945	0	0	2	1	1	0	Omnivore	Omnivore	40	30	20	10	0	0	0	0	0	0	0	0	0	100	25.38	1.40449161775869	Megaderma spasma	lesser false vampire bat		9414	NCBI, Bat1K			2021-12-23		684	Megaderma spasma	Megaderma spasma	Omnivore	TRUE	0	60	40	0	0	0.6	0.4	0	100	PGA_CN_primary	1	0.693147180559945
Macroderma gigas	Macroderma_gigas	Macroderma_gigas__Australian_ghost_bat__HLmacGiga1__GCA_055471755.1	Macroderma_gigas__Australian_ghost_bat__HLmacGiga1__GCA_055471755.1	Macroderma_gigas__Australian_ghost_bat__HLmacGiga1__GCA_055471755.1	HLmacGiga1	GCA_055471755.1	Mammalia; Theria; Eutheria; Boreoeutheria; Laurasiatheria; Chiroptera; Yinpterochiroptera; Rhinolophoidea; Megadermatidae; Macroderma	37658598	100011104	14761	23	2	1.09861228866811	1	0.693147180559945	1	0.693147180559945	0	0	2	1	1	0	Carnivore	Animal_dominant	20	70	10	0	0	0	0	0	0	0	0	0	0	100	126.43	2.10185013793813	Macroderma gigas	Australian ghost bat	Megaderma gigas,Australian giant false vampire,Australian false vampire bat	9411	NCBI	mMacGig1.2_20250303	Scaffold	2026-02-24	The University of Sydney	412	Macroderma gigas	Macroderma gigas	Carnivore	TRUE	0	80	20	0	0	0.8	0.2	0	100	PGA_CN_primary	1	0.693147180559945
Rhinolophus hipposideros	Rhinolophus_hipposideros	Rhinolophus_hipposideros__Lesser_horseshoe_bat__HLrhiHip1A__GCA_964194185.1	Rhinolophus_hipposideros__Lesser_horseshoe_bat__HLrhiHip1A__GCA_964194185.1	Rhinolophus_hipposideros__Lesser_horseshoe_bat__HLrhiHip1A__GCA_964194185.1	HLrhiHip1A	GCA_964194185.1	Mammalia; Theria; Eutheria; Boreoeutheria; Laurasiatheria; Chiroptera; Yinpterochiroptera; Rhinolophoidea; Rhinolophidae; Rhinolophinae; Rhinolophus	2014157	88364482	14891	69	1	0.693147180559945	1	0.693147180559945	0	0	0	0	1	1	0	0	Insectivore	Animal_dominant	100	0	0	0	0	0	0	0	0	0	0	0	0	100	4.71	0.673020907128896	Rhinolophus hipposideros	Lesser horseshoe bat	Vespertilio hipposideros	77218	NCBI	mRhiHip2.hap1.1	Chromosome	2024-06-28	WELLCOME SANGER INSTITUTE	236	Rhinolophus hipposideros	Rhinolophus hipposideros	Insectivore	TRUE	0	0	100	0	0	0	1	0	100	PGA_CN_primary	1	0.693147180559945
Rhinolophus sinicus	Rhinolophus_sinicus	Rhinolophus_sinicus__Chinese_rufous_horseshoe_bat__HLrhiSin4__GCA_036562045.1	Rhinolophus_sinicus__Chinese_rufous_horseshoe_bat__HLrhiSin4__GCA_036562045.1	Rhinolophus_sinicus__Chinese_rufous_horseshoe_bat__HLrhiSin4__GCA_036562045.1	HLrhiSin4	GCA_036562045.1	Mammalia; Theria; Eutheria; Boreoeutheria; Laurasiatheria; Chiroptera; Yinpterochiroptera; Rhinolophoidea; Rhinolophidae; Rhinolophinae; Rhinolophus	42906106	166556632	14546	260	1	0.693147180559945	1	0.693147180559945	0	0	0	0	1	1	0	0	Insectivore	Animal_dominant	80	0	0	0	0	0	0	0	10	10	20	0.2	0.1	80	10.62	1.02612451674545	Rhinolophus sinicus	Chinese rufous horseshoe bat	Rhinolophus rouxii sinicus	89399	NCBI	ASM3656204v1	Chromosome	2024-06-26	Kunming Institute of Zoology, Chinese Academy of Sciences	390	Rhinolophus sinicus	Rhinolophus sinicus	Insectivore	TRUE	20	0	80	0	0.2	0	0.8	0	100	PGA_CN_primary	1	0.693147180559945
Rhinolophus rex	Rhinolophus_rex	Rhinolophus_rex__king_horseshoe_bat__HLrhiRex1__GCA_041825415.1	Rhinolophus_rex__king_horseshoe_bat__HLrhiRex1__GCA_041825415.1	Rhinolophus_rex__king_horseshoe_bat__HLrhiRex1__GCA_041825415.1	HLrhiRex1	GCA_041825415.1	Mammalia; Theria; Eutheria; Boreoeutheria; Laurasiatheria; Chiroptera; Yinpterochiroptera; Rhinolophoidea; Rhinolophidae; Rhinolophinae; Rhinolophus	75261663	94173463	15001	8	2	1.09861228866811	1	0.693147180559945	1	0.693147180559945	0	0	2	1	1	0	Insectivore	Animal_dominant	100	0	0	0	0	0	0	0	0	0	0	0	0	100	10.4	1.01703333929878	Rhinolophus rex	king horseshoe bat		188572	NCBI	ASM4182541v1	Chromosome	2024-09-09	East China Normal University	187	Rhinolophus rex	Rhinolophus rex	Insectivore	TRUE	0	0	100	0	0	0	1	0	100	PGA_CN_primary	1	0.693147180559945
Rhinolophus affinis	Rhinolophus_affinis	Rhinolophus_affinis__intermediate_horseshoe_bat__HLrhiAff2__GCA_043728065.1	Rhinolophus_affinis__intermediate_horseshoe_bat__HLrhiAff2__GCA_043728065.1	Rhinolophus_affinis__intermediate_horseshoe_bat__HLrhiAff2__GCA_043728065.1	HLrhiAff2	GCA_043728065.1	Mammalia; Theria; Eutheria; Boreoeutheria; Laurasiatheria; Chiroptera; Yinpterochiroptera; Rhinolophoidea; Rhinolophidae; Rhinolophinae; Rhinolophus	65534120	85365043	15011	6	1	0.693147180559945	1	0.693147180559945	0	0	0	0	1	1	0	0	Insectivore	Animal_dominant	100	0	0	0	0	0	0	0	0	0	0	0	0	100	13.63	1.13449585583467	Rhinolophus affinis	intermediate horseshoe bat		59477	NCBI, Bat1K			2021-10-03		179	Rhinolophus affinis	Rhinolophus affinis	Insectivore	TRUE	0	0	100	0	0	0	1	0	100	PGA_CN_primary	1	0.693147180559945
Rhinolophus trifoliatus	Rhinolophus_trifoliatus	Rhinolophus_trifoliatus__Trefoil_horseshoe_bat__HLrhiTri2__GCA_043728145.1	Rhinolophus_trifoliatus__Trefoil_horseshoe_bat__HLrhiTri2__GCA_043728145.1	Rhinolophus_trifoliatus__Trefoil_horseshoe_bat__HLrhiTri2__GCA_043728145.1	HLrhiTri2	GCA_043728145.1	Mammalia; Theria; Eutheria; Boreoeutheria; Laurasiatheria; Chiroptera; Yinpterochiroptera; Rhinolophoidea; Rhinolophidae; Rhinolophinae; Rhinolophus	11115074	184920896	14784	31	1	0.693147180559945	1	0.693147180559945	0	0	0	0	1	1	0	0	Insectivore	Animal_dominant	100	0	0	0	0	0	0	0	0	0	0	0	0	100	14.53	1.16226561429802	Rhinolophus trifoliatus	Trefoil horseshoe bat		430492	NCBI, Bat1K			2021-10-03		381	Rhinolophus trifoliatus	Rhinolophus trifoliatus	Insectivore	TRUE	0	0	100	0	0	0	1	0	100	PGA_CN_primary	1	0.693147180559945
Rhinolophus clivosus	Rhinolophus_clivosus	Rhinolophus_clivosus__Geoffroys_horseshoe_bat__HLrhiCliv1A__GCA_054645015.1	Rhinolophus_clivosus__Geoffroys_horseshoe_bat__HLrhiCliv1A__GCA_054645015.1	Rhinolophus_clivosus__Geoffroys_horseshoe_bat__HLrhiCliv1A__GCA_054645015.1	HLrhiCliv1A	GCA_054645015.1	Mammalia; Theria; Eutheria; Boreoeutheria; Laurasiatheria; Chiroptera; Yinpterochiroptera; Rhinolophoidea; Rhinolophidae; Rhinolophinae; Rhinolophus	68120538	93247554	15006	8	2	1.09861228866811	1	0.693147180559945	1	0.693147180559945	0	0	2	1	1	0	Insectivore	Animal_dominant	100	0	0	0	0	0	0	0	0	0	0	0	0	100	15.66	1.19479175772192	Rhinolophus clivosus	Geoffroys horseshoe bat		59478	NCBI	mRhiCli1.hap1	Chromosome	2026-01-22	Bat1K Project	182	Rhinolophus clivosus	Rhinolophus clivosus	Insectivore	TRUE	0	0	100	0	0	0	1	0	100	PGA_CN_primary	1	0.693147180559945
Rhinolophus ferrumequinum	Rhinolophus_ferrumequinum	Rhinolophus_ferrumequinum__greater_horseshoe_bat__HLrhiFer6__GCF_004115265.1	Rhinolophus_ferrumequinum__greater_horseshoe_bat__HLrhiFer6__GCF_004115265.1	Rhinolophus_ferrumequinum__greater_horseshoe_bat__HLrhiFer6__GCF_004115265.1	HLrhiFer6	GCF_004115265.1	Mammalia; Theria; Eutheria; Boreoeutheria; Laurasiatheria; Chiroptera; Yinpterochiroptera; Rhinolophoidea; Rhinolophidae; Rhinolophinae; Rhinolophus	31900497	88025743	14649	20	1	0.693147180559945	1	0.693147180559945	0	0	0	0	1	1	0	0	Insectivore	Animal_dominant	100	0	0	0	0	0	0	0	0	0	0	0	0	100	21.06	1.32345836684947	Rhinolophus ferrumequinum	greater horseshoe bat		59479	NCBI	mRhiFer1_v1.p	Chromosome	2019-05-16	Vertebrate Genomes Project	527	Rhinolophus ferrumequinum	Rhinolophus ferrumequinum	Insectivore	TRUE	0	0	100	0	0	0	1	0	100	PGA_CN_primary	1	0.693147180559945
Aselliscus stoliczkanus	Aselliscus_stoliczkanus	Aselliscus_stoliczkanus__Stoliczkas_trident_bat__HLaseSto4__GCA_033961575.1	Aselliscus_stoliczkanus__Stoliczkas_trident_bat__HLaseSto4__GCA_033961575.1	Aselliscus_stoliczkanus__Stoliczkas_trident_bat__HLaseSto4__GCA_033961575.1	HLaseSto4	GCA_033961575.1	Mammalia; Theria; Eutheria; Boreoeutheria; Laurasiatheria; Chiroptera; Yinpterochiroptera; Rhinolophoidea; Hipposideridae; Aselliscus	73009000	162004500	14914	11	2	1.09861228866811	1	0.693147180559945	1	0.693147180559945	0	0	2	1	1	0	Insectivore	Animal_dominant	100	0	0	0	0	0	0	0	0	0	0	0	0	100	4.9	0.690196080028514	Aselliscus stoliczkanus	Stoliczkas trident bat	Stoliczka's Asian trident bat,Asellia stoliczkana	188568	NCBI	ASM3396157v1	Chromosome	2023-11-28	East China Normal University	271	Aselliscus stoliczkanus	Aselliscus stoliczkanus	Insectivore	TRUE	0	0	100	0	0	0	1	0	100	PGA_CN_primary	1	0.693147180559945
Hipposideros larvatus	Hipposideros_larvatus	Hipposideros_larvatus__Intermediate_roundleaf_bat__HLhipLar2__GCA_043727955.1	Hipposideros_larvatus__Intermediate_roundleaf_bat__HLhipLar2__GCA_043727955.1	Hipposideros_larvatus__Intermediate_roundleaf_bat__HLhipLar2__GCA_043727955.1	HLhipLar2	GCA_043727955.1	Mammalia; Theria; Eutheria; Boreoeutheria; Laurasiatheria; Chiroptera; Yinpterochiroptera; Rhinolophoidea; Hipposideridae; Hipposideros; Hipposideros larvatus sensu lato	19276934	176501180	15001	11	2	1.09861228866811	1	0.693147180559945	1	0.693147180559945	0	0	2	1	1	0	Insectivore	Animal_dominant	100	0	0	0	0	0	0	0	0	0	0	0	0	100	19.85	1.29776051109913	Hipposideros larvatus	Intermediate roundleaf bat		175524	NCBI, Bat1K			2021-10-06		184	Hipposideros larvatus	Hipposideros larvatus	Insectivore	TRUE	0	0	100	0	0	0	1	0	100	PGA_CN_primary	1	0.693147180559945
Pteropus alecto	Pteropus_alecto	Pteropus_alecto__black_flying_fox__pteAle1__GCF_000325575.1	Pteropus_alecto__black_flying_fox__pteAle1__GCF_000325575.1	Pteropus_alecto__black_flying_fox__pteAle1__GCF_000325575.1	pteAle1	GCF_000325575.1	Mammalia; Theria; Eutheria; Boreoeutheria; Laurasiatheria; Chiroptera; Yinpterochiroptera; Pteropodoidea; Pteropodidae; Pteropodinae; Pteropus	31841	15954802	13417	497	2	1.09861228866811	1	0.693147180559945	1	0.693147180559945	0	0	2	1	1	0	Frugivore	Plant_dominant	0	0	0	0	0	0	100	0	0	0	100	1	0	0	643.57	2.80859579127205	Pteropus alecto	black flying fox		9402	NCBI	ASM32557v1	Scaffold	2013-12-04	BGI	1282	Pteropus alecto	Pteropus alecto	Plant_dominant	TRUE	100	0	0	0	1	0	0	0	100	PGA_CN_primary	1	0.693147180559945
Pteropus pselaphon	Pteropus_pselaphon	Pteropus_pselaphon__Bonin_flying_fox__HLptePse1__GCA_014363405.1	Pteropus_pselaphon__Bonin_flying_fox__HLptePse1__GCA_014363405.1	Pteropus_pselaphon__Bonin_flying_fox__HLptePse1__GCA_014363405.1	HLptePse1	GCA_014363405.1	Mammalia; Theria; Eutheria; Boreoeutheria; Laurasiatheria; Chiroptera; Yinpterochiroptera; Pteropodoidea; Pteropodidae; Pteropodinae; Pteropus	394964	770409	14749	132	2	1.09861228866811	1	0.693147180559945	1	0.693147180559945	0	0	2	1	1	0	Frugivore	Plant_dominant	0	0	0	0	0	0	100	0	0	0	100	1	0	0	282.86	2.45157153703807	Pteropus pselaphon	Bonin flying fox		1496133	NCBI	P_pselaphon_scaffold_01	Scaffold	2020-08-23	Environmental Genomics Office, Center for Enviromental Biology and Ecosystem Studies, National Institute for Environmental Studies	315	Pteropus pselaphon	Pteropus pselaphon	Plant_dominant	TRUE	100	0	0	0	1	0	0	0	100	PGA_CN_primary	1	0.693147180559945
Rousettus leschenaultii	Rousettus_leschenaultii	Rousettus_leschenaultii__Leschenaults_rousette__HLrouLesc2A__GCA_053538355.1	Rousettus_leschenaultii__Leschenaults_rousette__HLrouLesc2A__GCA_053538355.1	Rousettus_leschenaultii__Leschenaults_rousette__HLrouLesc2A__GCA_053538355.1	HLrouLesc2A	GCA_053538355.1	Mammalia; Theria; Eutheria; Boreoeutheria; Laurasiatheria; Chiroptera; Yinpterochiroptera; Pteropodoidea; Pteropodidae; Rousettinae; Rousettus	86068516	116991804	14912	9	2	1.09861228866811	1	0.693147180559945	1	0.693147180559945	0	0	2	1	1	0	Omnivore	Omnivore	0	0	0	0	0	0	60	40	0	0	100	1	0	0	84.88	1.92880537089328	Rousettus leschenaultii	Leschenaults rousette	Pteropus leschenaultii, 1820),Rousettus leschenaultii (Desmarest	9408	NCBI	ASM5353835v1	Chromosome	2025-11-18	SOUTHERN MARINE SCIENCE AND ENGINEERING GUANGDONG LABORATORY (GUANGZHOU)	275	Rousettus leschenaultii	Rousettus leschenaultii	Omnivore	TRUE	60	0	0	40	0.6	0	0	0.4	100	PGA_CN_primary	1	0.693147180559945
Rousettus aegyptiacus	Rousettus_aegyptiacus	Rousettus_aegyptiacus__Egyptian_rousette__HLrouAeg4__GCA_014176215.1	Rousettus_aegyptiacus__Egyptian_rousette__HLrouAeg4__GCA_014176215.1	Rousettus_aegyptiacus__Egyptian_rousette__HLrouAeg4__GCA_014176215.1	HLrouAeg4	GCA_014176215.1	Mammalia; Theria; Eutheria; Boreoeutheria; Laurasiatheria; Chiroptera; Yinpterochiroptera; Pteropodoidea; Pteropodidae; Rousettinae; Rousettus	21756723	113811795	14892	19	2	1.09861228866811	1	0.693147180559945	1	0.693147180559945	0	0	2	1	1	0	Omnivore	Omnivore	0	0	0	0	0	0	60	40	0	0	100	1	0	0	132.24	2.12136284056339	Rousettus aegyptiacus	Egyptian rousette	Rousettus egyptiacus,Rousettus aegypticus	9407	NCBI, Bat1K			2019-10-14		285	Rousettus aegyptiacus	Rousettus aegyptiacus	Omnivore	TRUE	60	0	0	40	0.6	0	0	0.4	100	PGA_CN_primary	1	0.693147180559945
Cynopterus sphinx	Cynopterus_sphinx	Cynopterus_sphinx__Indian_short-nosed_fruit_bat__HLcynSph1__GCA_030015415.1	Cynopterus_sphinx__Indian_short-nosed_fruit_bat__HLcynSph1__GCA_030015415.1	Cynopterus_sphinx__Indian_short-nosed_fruit_bat__HLcynSph1__GCA_030015415.1	HLcynSph1	GCA_030015415.1	Mammalia; Theria; Eutheria; Boreoeutheria; Laurasiatheria; Chiroptera; Yinpterochiroptera; Pteropodoidea; Pteropodidae; Cynopterinae; Cynopterus	84235024	145152962	14850	16	2	1.09861228866811	1	0.693147180559945	1	0.693147180559945	0	0	2	1	1	0	Frugivore	Plant_dominant	0	0	0	0	0	0	100	0	0	0	100	1	0	0	43.66	1.64008373137312	Cynopterus sphinx	Indian short-nosed fruit bat	greater short-nosed fruit bat,Vespertilio sphinx	9400	NCBI	ASM3001541v1	Chromosome	2023-05-16	Wuhan University	330	Cynopterus sphinx	Cynopterus sphinx	Plant_dominant	TRUE	100	0	0	0	1	0	0	0	100	PGA_CN_primary	1	0.693147180559945
Miniopterus schreibersii	Miniopterus_schreibersii	Miniopterus_schreibersii__Schreibers_long-fingered_bat__HLminSch2B__GCA_964145185.1	Miniopterus_schreibersii__Schreibers_long-fingered_bat__HLminSch2B__GCA_964145185.1	Miniopterus_schreibersii__Schreibers_long-fingered_bat__HLminSch2B__GCA_964145185.1	HLminSch2B	GCA_964145185.1	Mammalia; Theria; Eutheria; Boreoeutheria; Laurasiatheria; Chiroptera; Yangochiroptera; Miniopteridae; Miniopterus	2346505	84995947	14331	573	2	1.09861228866811	1	0.693147180559945	1	0.693147180559945	0	0	2	1	1	0	Insectivore	Animal_dominant	100	0	0	0	0	0	0	0	0	0	0	0	0	100	11.46	1.05918461763137	Miniopterus schreibersii	Schreibers long-fingered bat	Schreibers's long-fingered bat,Common bent-wing bat,Miniopterus schreibersi	9433	NCBI	mMinSch1.hap2.1	Scaffold	2024-06-04	WELLCOME SANGER INSTITUTE	292	Miniopterus schreibersii	Miniopterus schreibersii	Insectivore	TRUE	0	0	100	0	0	0	1	0	100	PGA_CN_primary	1	0.693147180559945
Myotis nesopolus	Myotis_nesopolus	Myotis_nesopolus__Cucacao_Myotis__HLmyoNeso1A__GCA_054855985.1	Myotis_nesopolus__Cucacao_Myotis__HLmyoNeso1A__GCA_054855985.1	Myotis_nesopolus__Cucacao_Myotis__HLmyoNeso1A__GCA_054855985.1	HLmyoNeso1A	GCA_054855985.1	Mammalia; Theria; Eutheria; Boreoeutheria; Laurasiatheria; Chiroptera; Yangochiroptera; Vespertilionidae; Myotis	49124421	105520506	14801	29	5	1.79175946922805	1	0.693147180559945	4	1.6094379124341	0	0	5	1	4	0	Insectivore	Animal_dominant	100	0	0	0	0	0	0	0	0	0	0	0	0	100	3.5	0.544068044350276	Myotis nesopolus	Cucacao Myotis		1163727	NCBI	mMyoNes1.hap1	Chromosome	2026-01-30	Bat1K Project	366	Myotis nesopolus	Myotis nesopolus	Insectivore	TRUE	0	0	100	0	0	0	1	0	100	PGA_CN_primary	1	0.693147180559945
Myotis yumanensis	Myotis_yumanensis	Myotis_yumanensis__Yuma_myotis__HLmyoYum1B__GCA_028538775.1	Myotis_yumanensis__Yuma_myotis__HLmyoYum1B__GCA_028538775.1	Myotis_yumanensis__Yuma_myotis__HLmyoYum1B__GCA_028538775.1	HLmyoYum1B	GCA_028538775.1	Mammalia; Theria; Eutheria; Boreoeutheria; Laurasiatheria; Chiroptera; Yangochiroptera; Vespertilionidae; Myotis	28025655	99144700	14131	513	4	1.6094379124341	1	0.693147180559945	3	1.38629436111989	0	0	4	1	3	0	Insectivore	Animal_dominant	100	0	0	0	0	0	0	0	0	0	0	0	0	100	5.39	0.731588765186739	Myotis yumanensis	Yuma myotis	Vespertilio yumanensis	159337	NCBI	mMyoYum1.0.hap1	Scaffold	2023-02-10	UCLA	552	Myotis yumanensis	Myotis yumanensis	Insectivore	TRUE	0	0	100	0	0	0	1	0	100	PGA_CN_primary	1	0.693147180559945
Myotis mystacinus	Myotis_mystacinus	Myotis_mystacinus__Whiskered_bat__HLmyoMyst3A__GCA_964094495.3	Myotis_mystacinus__Whiskered_bat__HLmyoMyst3A__GCA_964094495.3	Myotis_mystacinus__Whiskered_bat__HLmyoMyst3A__GCA_964094495.3	HLmyoMyst3A	GCA_964094495.3	Mammalia; Theria; Eutheria; Boreoeutheria; Laurasiatheria; Chiroptera; Yangochiroptera; Vespertilionidae; Myotis	28343623	100246715	14919	28	9	2.30258509299405	1	0.693147180559945	8	2.19722457733622	0	0	9	1	8	0	Insectivore	Animal_dominant	100	0	0	0	0	0	0	0	0	0	0	0	0	100	4.99	0.69810054562339	Myotis mystacinus	Whiskered bat	Vespertilio mystacinus	109479	NCBI	mMyoMys1.hap1.2	Chromosome	2025-10-26	WELLCOME SANGER INSTITUTE	249	Myotis mystacinus	Myotis mystacinus	Insectivore	TRUE	0	0	100	0	0	0	1	0	100	PGA_CN_primary	1	0.693147180559945
Myotis emarginatus	Myotis_emarginatus	Myotis_emarginatus__Geoffroys_bat__HLmyoEma1A__GCA_965115925.1	Myotis_emarginatus__Geoffroys_bat__HLmyoEma1A__GCA_965115925.1	Myotis_emarginatus__Geoffroys_bat__HLmyoEma1A__GCA_965115925.1	HLmyoEma1A	GCA_965115925.1	Mammalia; Theria; Eutheria; Boreoeutheria; Laurasiatheria; Chiroptera; Yangochiroptera; Vespertilionidae; Myotis	2127843	96276321	14698	106	3	1.38629436111989	1	0.693147180559945	2	1.09861228866811	0	0	3	1	2	0	Insectivore	Animal_dominant	100	0	0	0	0	0	0	0	0	0	0	0	0	100	7.66	0.884228769632604	Myotis emarginatus	Geoffroys bat	Vespertilio emarginatus	109480	NCBI	mMyoEma1.hap1.1	Chromosome	2025-01-24	WELLCOME SANGER INSTITUTE	392	Myotis emarginatus	Myotis emarginatus	Insectivore	TRUE	0	0	100	0	0	0	1	0	100	PGA_CN_primary	1	0.693147180559945
Myotis nattereri	Myotis_nattereri	Myotis_nattereri__Natterers_bat__HLmyoNat1B__GCA_964212025.1	Myotis_nattereri__Natterers_bat__HLmyoNat1B__GCA_964212025.1	Myotis_nattereri__Natterers_bat__HLmyoNat1B__GCA_964212025.1	HLmyoNat1B	GCA_964212025.1	Mammalia; Theria; Eutheria; Boreoeutheria; Laurasiatheria; Chiroptera; Yangochiroptera; Vespertilionidae; Myotis	2100158	97795217	14305	583	3	1.38629436111989	1	0.693147180559945	2	1.09861228866811	0	0	3	1	2	0	Insectivore	Animal_dominant	100	0	0	0	0	0	0	0	0	0	0	0	0	100	7.14	0.853698211776174	Myotis nattereri	Natterers bat	Vespertilio nattereri,Myotis nattererii,Myotis naterreri	109481	NCBI	mMyoNat1.hap2.1	Scaffold	2024-08-02	WELLCOME SANGER INSTITUTE	308	Myotis nattereri	Myotis nattereri	Insectivore	TRUE	0	0	100	0	0	0	1	0	100	PGA_CN_primary	1	0.693147180559945
Myotis daubentonii	Myotis_daubentonii	Myotis_daubentonii__Daubentons_bat__HLmyoDaub3A__GCA_963259705.2	Myotis_daubentonii__Daubentons_bat__HLmyoDaub3A__GCA_963259705.2	Myotis_daubentonii__Daubentons_bat__HLmyoDaub3A__GCA_963259705.2	HLmyoDaub3A	GCA_963259705.2	Mammalia; Theria; Eutheria; Boreoeutheria; Laurasiatheria; Chiroptera; Yangochiroptera; Vespertilionidae; Myotis	28718153	101535203	14908	18	3	1.38629436111989	1	0.693147180559945	2	1.09861228866811	0	0	3	1	2	0	Insectivore	Animal_dominant	100	0	0	0	0	0	0	0	0	0	0	0	0	100	7.63	0.882524537954881	Myotis daubentonii	Daubentons bat	Wasserfledermaus,Myotis daubentoni,Vespertilio daubentonii	98922	NCBI	mMyoDau2.hap1.2	Chromosome	2025-04-09	WELLCOME SANGER INSTITUTE	270	Myotis daubentonii	Myotis daubentonii	Insectivore	TRUE	0	0	100	0	0	0	1	0	100	PGA_CN_primary	1	0.693147180559945
Plecotus auritus	Plecotus_auritus	Plecotus_auritus__brown_big-eared_bat__HLpleAur1__GCA_963455305.1	Plecotus_auritus__brown_big-eared_bat__HLpleAur1__GCA_963455305.1	Plecotus_auritus__brown_big-eared_bat__HLpleAur1__GCA_963455305.1	HLpleAur1	GCA_963455305.1	Mammalia; Theria; Eutheria; Boreoeutheria; Laurasiatheria; Chiroptera; Yangochiroptera; Vespertilionidae; Plecotus	2948753	186501726	14882	28	10	2.39789527279837	1	0.693147180559945	9	2.30258509299405	0	0	10	1	9	0	Insectivore	Animal_dominant	100	0	0	0	0	0	0	0	0	0	0	0	0	100	7.83	0.893761762057943	Plecotus auritus	brown big-eared bat	Vespertilio auritus	61862	NCBI	mPleAur1.1	Chromosome	2023-09-20	WELLCOME SANGER INSTITUTE	286	Plecotus auritus	Plecotus auritus	Insectivore	TRUE	0	0	100	0	0	0	1	0	100	PGA_CN_primary	1	0.693147180559945
Corynorhinus townsendii	Corynorhinus_townsendii	Corynorhinus_townsendii__Townsends_big-eared_bat__HLcorTow1A__GCA_026230055.1	Corynorhinus_townsendii__Townsends_big-eared_bat__HLcorTow1A__GCA_026230055.1	Corynorhinus_townsendii__Townsends_big-eared_bat__HLcorTow1A__GCA_026230055.1	HLcorTow1A	GCA_026230055.1	Mammalia; Theria; Eutheria; Boreoeutheria; Laurasiatheria; Chiroptera; Yangochiroptera; Vespertilionidae; Corynorhinus	23382908	174690156	14802	23	7	2.07944154167984	1	0.693147180559945	6	1.94591014905531	0	0	7	1	6	0	Insectivore	Animal_dominant	100	0	0	0	0	0	0	0	0	0	0	0	0	100	10.3	1.01283722470517	Corynorhinus townsendii	Townsends big-eared bat	Plecotus townsendii	124745	NCBI	mCorTow1.0.hap1	Scaffold	2022-11-18	UCLA	371	Corynorhinus townsendii	Corynorhinus townsendii	Insectivore	TRUE	0	0	100	0	0	0	1	0	100	PGA_CN_primary	1	0.693147180559945
Antrozous pallidus	Antrozous_pallidus	Antrozous_pallidus__pallid_bat__HLantPal2__GCA_027563665.1	Antrozous_pallidus__pallid_bat__HLantPal2__GCA_027563665.1	Antrozous_pallidus__pallid_bat__HLantPal2__GCA_027563665.1	HLantPal2	GCA_027563665.1	Mammalia; Theria; Eutheria; Boreoeutheria; Laurasiatheria; Chiroptera; Yangochiroptera; Vespertilionidae; Antrozous	41887785	114648712	14446	39	6	1.94591014905531	1	0.693147180559945	5	1.79175946922805	0	0	6	1	5	0	Insectivore	Animal_dominant	80	0	20	0	0	0	0	0	0	0	0	0	0	100	20.8	1.31806333496276	Antrozous pallidus	pallid bat		9440	NCBI, Bat1K			2021-09-10		711	Antrozous pallidus	Antrozous pallidus	Insectivore	TRUE	0	20	80	0	0	0.2	0.8	0	100	PGA_CN_primary	1	0.693147180559945
Vespertilio murinus	Vespertilio_murinus	Vespertilio_murinus__particolored_bat__HLvesMur1__GCA_963924515.1	Vespertilio_murinus__particolored_bat__HLvesMur1__GCA_963924515.1	Vespertilio_murinus__particolored_bat__HLvesMur1__GCA_963924515.1	HLvesMur1	GCA_963924515.1	Mammalia; Theria; Eutheria; Boreoeutheria; Laurasiatheria; Chiroptera; Yangochiroptera; Vespertilionidae; Vespertilio	3319810	186292382	14722	62	10	2.39789527279837	1	0.693147180559945	9	2.30258509299405	0	0	10	1	9	0	Insectivore	Animal_dominant	100	0	0	0	0	0	0	0	0	0	0	0	0	100	18.7	1.2718416065365	Vespertilio murinus	particolored bat		59485	NCBI	mVesMur1.1	Chromosome	2024-01-29	WELLCOME SANGER INSTITUTE	412	Vespertilio murinus	Vespertilio murinus	Insectivore	TRUE	0	0	100	0	0	0	1	0	100	PGA_CN_primary	1	0.693147180559945
Nyctalus aviator	Nyctalus_aviator	Nyctalus_aviator__birdlike_noctule__HLnycAvi1__GCA_036971965.1	Nyctalus_aviator__birdlike_noctule__HLnycAvi1__GCA_036971965.1	Nyctalus_aviator__birdlike_noctule__HLnycAvi1__GCA_036971965.1	HLnycAvi1	GCA_036971965.1	Mammalia; Theria; Eutheria; Boreoeutheria; Laurasiatheria; Chiroptera; Yangochiroptera; Vespertilionidae; Nyctalus	61249120	101856247	14770	58	7	2.07944154167984	1	0.693147180559945	6	1.94591014905531	0	0	7	1	6	0	Insectivore	Animal_dominant	100	0	0	0	0	0	0	0	0	0	0	0	0	100	21.85	1.33945144130644	Nyctalus aviator	birdlike noctule		187010	NCBI	NENU_Navi_1.0	Chromosome	2024-03-06	Northeast Normal University	368	Nyctalus aviator	Nyctalus aviator	Insectivore	TRUE	0	0	100	0	0	0	1	0	100	PGA_CN_primary	1	0.693147180559945
Nyctalus leisleri	Nyctalus_leisleri	Nyctalus_leisleri__Lesser_noctule__HLnycLeis2A__GCA_964264875.2	Nyctalus_leisleri__Lesser_noctule__HLnycLeis2A__GCA_964264875.2	Nyctalus_leisleri__Lesser_noctule__HLnycLeis2A__GCA_964264875.2	HLnycLeis2A	GCA_964264875.2	Mammalia; Theria; Eutheria; Boreoeutheria; Laurasiatheria; Chiroptera; Yangochiroptera; Vespertilionidae; Nyctalus	26125689	95320580	14785	61	14	2.70805020110221	1	0.693147180559945	13	2.63905732961526	0	0	14	1	13	0	Insectivore	Animal_dominant	100	0	0	0	0	0	0	0	0	0	0	0	0	100	13.28	1.123198075032	Nyctalus leisleri	Lesser noctule	Vespertilio leisleri	59465	NCBI	mNycLei1.hap1.2	Chromosome	2025-04-03	WELLCOME SANGER INSTITUTE	350	Nyctalus leisleri	Nyctalus leisleri	Insectivore	TRUE	0	0	100	0	0	0	1	0	100	PGA_CN_primary	1	0.693147180559945
Pipistrellus abramus	Pipistrellus_abramus	Pipistrellus_abramus__Japanese_house_bat__HLpipAbr1__GCA_044885105.1	Pipistrellus_abramus__Japanese_house_bat__HLpipAbr1__GCA_044885105.1	Pipistrellus_abramus__Japanese_house_bat__HLpipAbr1__GCA_044885105.1	HLpipAbr1	GCA_044885105.1	Mammalia; Theria; Eutheria; Boreoeutheria; Laurasiatheria; Chiroptera; Yangochiroptera; Vespertilionidae; Pipistrellus	60509936	184650038	14431	57	13	2.63905732961526	1	0.693147180559945	12	2.56494935746154	0	0	13	1	12	0	Insectivore	Animal_dominant	100	0	0	0	0	0	0	0	0	0	0	0	0	100	5.87	0.768638101247614	Pipistrellus abramus	Japanese house bat	Pipistrellys abramus,Vespertilio abramus	105295	NCBI	ASM4488510v1	Chromosome	2024-11-13	East China Normal University	708	Pipistrellus abramus	Pipistrellus abramus	Insectivore	TRUE	0	0	100	0	0	0	1	0	100	PGA_CN_primary	1	0.693147180559945
Pipistrellus pipistrellus	Pipistrellus_pipistrellus	Pipistrellus_pipistrellus__common_pipistrelle__HLpipPip2__GCA_903992545.1	Pipistrellus_pipistrellus__common_pipistrelle__HLpipPip2__GCA_903992545.1	Pipistrellus_pipistrellus__common_pipistrelle__HLpipPip2__GCA_903992545.1	HLpipPip2	GCA_903992545.1	Mammalia; Theria; Eutheria; Boreoeutheria; Laurasiatheria; Chiroptera; Yangochiroptera; Vespertilionidae; Pipistrellus	4446752	94929986	12791	426	12	2.56494935746154	1	0.693147180559945	11	2.484906649788	0	0	12	1	11	0	Insectivore	Animal_dominant	100	0	0	0	0	0	0	0	0	0	0	0	0	100	5.69	0.755112266395071	Pipistrellus pipistrellus	common pipistrelle	Vespertilio pipistrellus	59474	NCBI	mPipPip1.1	Chromosome	2020-08-06	SC	1979	Pipistrellus pipistrellus	Pipistrellus pipistrellus	Insectivore	TRUE	0	0	100	0	0	0	1	0	100	PGA_CN_primary	1	0.693147180559945
Pipistrellus pygmaeus	Pipistrellus_pygmaeus	Pipistrellus_pygmaeus__soprano_pipistrelle__HLpipPyg1__GCA_949987585.1	Pipistrellus_pygmaeus__soprano_pipistrelle__HLpipPyg1__GCA_949987585.1	Pipistrellus_pygmaeus__soprano_pipistrelle__HLpipPyg1__GCA_949987585.1	HLpipPyg1	GCA_949987585.1	Mammalia; Theria; Eutheria; Boreoeutheria; Laurasiatheria; Chiroptera; Yangochiroptera; Vespertilionidae; Pipistrellus	54047000	89507134	14770	47	9	2.30258509299405	1	0.693147180559945	8	2.19722457733622	0	0	9	1	8	0	Insectivore	Animal_dominant	100	0	0	0	0	0	0	0	0	0	0	0	0	100	5.28	0.722633922533812	Pipistrellus pygmaeus	soprano pipistrelle	Vespertilio pygmaeus	246814	NCBI	mPipPyg2.1	Chromosome	2023-05-01	WELLCOME SANGER INSTITUTE	379	Pipistrellus pygmaeus	Pipistrellus pygmaeus	Insectivore	TRUE	0	0	100	0	0	0	1	0	100	PGA_CN_primary	1	0.693147180559945
Pipistrellus nathusii	Pipistrellus_nathusii	Pipistrellus_nathusii__Nathusiuss_pipistrelle__HLpipNat1B__GCA_963693525.1	Pipistrellus_nathusii__Nathusiuss_pipistrelle__HLpipNat1B__GCA_963693525.1	Pipistrellus_nathusii__Nathusiuss_pipistrelle__HLpipNat1B__GCA_963693525.1	HLpipNat1B	GCA_963693525.1	Mammalia; Theria; Eutheria; Boreoeutheria; Laurasiatheria; Chiroptera; Yangochiroptera; Vespertilionidae; Pipistrellus	19092895	86738551	14261	564	12	2.56494935746154	1	0.693147180559945	11	2.484906649788	0	0	12	1	11	0	Insectivore	Animal_dominant	100	0	0	0	0	0	0	0	0	0	0	0	0	100	7.31	0.863917376957861	Pipistrellus nathusii	Nathusiuss pipistrelle	Pipistrellus nathusius,Vespertilio nathusii	59473	NCBI, Camila Mazzoni			2023-10-14		371	Pipistrellus nathusii	Pipistrellus nathusii	Insectivore	TRUE	0	0	100	0	0	0	1	0	100	PGA_CN_primary	1	0.693147180559945
Ia io	Ia_io	Ia_io__Great_evening_bat__HLiaxIox1__GCA_025583905.1	Ia_io__Great_evening_bat__HLiaxIox1__GCA_025583905.1	Ia_io__Great_evening_bat__HLiaxIox1__GCA_025583905.1	HLiaxIox1	GCA_025583905.1	Mammalia; Theria; Eutheria; Boreoeutheria; Laurasiatheria; Chiroptera; Yangochiroptera; Vespertilionidae; Ia	62415887	105833403	13590	14	2	1.09861228866811	1	0.693147180559945	1	0.693147180559945	0	0	2	1	1	0	Insectivore	Animal_dominant	100	0	0	0	0	0	0	0	0	0	0	0	0	100	49.2	1.69196510276736	Ia io	Great evening bat		360967	NCBI	NENU_Iio_1.0	Scaffold	2022-10-05	Northeast Normal University	1592	Ia io	Ia io	Insectivore	TRUE	0	0	100	0	0	0	1	0	100	PGA_CN_primary	1	0.693147180559945
Eptesicus fuscus	Eptesicus_fuscus	Eptesicus_fuscus__big_brown_bat__HLeptFus3__GCF_027574615.1	Eptesicus_fuscus__big_brown_bat__HLeptFus3__GCF_027574615.1	Eptesicus_fuscus__big_brown_bat__HLeptFus3__GCF_027574615.1	HLeptFus3	GCF_027574615.1	Mammalia; Theria; Eutheria; Boreoeutheria; Laurasiatheria; Chiroptera; Yangochiroptera; Vespertilionidae; Eptesicus	49033427	102817582	14919	10	6	1.94591014905531	1	0.693147180559945	5	1.79175946922805	0	0	6	1	5	0	Insectivore	Animal_dominant	100	0	0	0	0	0	0	0	0	0	0	0	0	100	16.46	1.21642983087625	Eptesicus fuscus	big brown bat	Vespertilio fuscus	29078	NCBI	DD_ASM_mEF_20220401	Chromosome	2023-01-09	Bat1K	267	Eptesicus fuscus	Eptesicus fuscus	Insectivore	TRUE	0	0	100	0	0	0	1	0	100	PGA_CN_primary	1	0.693147180559945
Tadarida brasiliensis	Tadarida_brasiliensis	Tadarida_brasiliensis__Brazilian_free-tailed_bat__HLtadBra3__GCA_030848825.1	Tadarida_brasiliensis__Brazilian_free-tailed_bat__HLtadBra3__GCA_030848825.1	Tadarida_brasiliensis__Brazilian_free-tailed_bat__HLtadBra3__GCA_030848825.1	HLtadBra3	GCA_030848825.1	Mammalia; Theria; Eutheria; Boreoeutheria; Laurasiatheria; Chiroptera; Yangochiroptera; Molossidae; Tadarida	86333355	111098925	14980	13	2	1.09861228866811	1	0.693147180559945	1	0.693147180559945	0	0	2	1	1	0	Insectivore	Animal_dominant	100	0	0	0	0	0	0	0	0	0	0	0	0	100	12.49	1.09656243837414	Tadarida brasiliensis	Brazilian free-tailed bat		9438	NCBI	DD_mTadBra1_pri	Complete Genome	2023-08-22	Bat1K	203	Tadarida brasiliensis	Tadarida brasiliensis	Insectivore	TRUE	0	0	100	0	0	0	1	0	100	PGA_CN_primary	1	0.693147180559945
Molossus molossus	Molossus_molossus	Molossus_molossus__Pallass_mastiff_bat__HLmolMol2__GCA_014108415.1	Molossus_molossus__Pallass_mastiff_bat__HLmolMol2__GCA_014108415.1	Molossus_molossus__Pallass_mastiff_bat__HLmolMol2__GCA_014108415.1	HLmolMol2	GCA_014108415.1	Mammalia; Theria; Eutheria; Boreoeutheria; Laurasiatheria; Chiroptera; Yangochiroptera; Molossidae; Molossus	21658165	110665204	14822	23	2	1.09861228866811	1	0.693147180559945	1	0.693147180559945	0	0	2	1	1	0	Insectivore	Animal_dominant	100	0	0	0	0	0	0	0	0	0	0	0	0	100	13.58	1.13289976994448	Molossus molossus	Pallass mastiff bat		27622	NCBI, Bat1K			2019-04-28		351	Molossus molossus	Molossus molossus	Insectivore	TRUE	0	0	100	0	0	0	1	0	100	PGA_CN_primary	1	0.693147180559945
Tadarida teniotis	Tadarida_teniotis	Tadarida_teniotis__European_free-tailed_bat__HLtadTeni1A__GCA_976988885.1	Tadarida_teniotis__European_free-tailed_bat__HLtadTeni1A__GCA_976988885.1	Tadarida_teniotis__European_free-tailed_bat__HLtadTeni1A__GCA_976988885.1	HLtadTeni1A	GCA_976988885.1	Mammalia; Theria; Eutheria; Boreoeutheria; Laurasiatheria; Chiroptera; Yangochiroptera; Molossidae; Tadarida	53136000	115364848	14968	16	2	1.09861228866811	1	0.693147180559945	1	0.693147180559945	0	0	2	1	1	0	Insectivore	Animal_dominant	100	0	0	0	0	0	0	0	0	0	0	0	0	100	27.04	1.4320066872696	Tadarida teniotis	European free-tailed bat	Cephalotes teniotis	59483	NCBI	mTadTen1.hap1.1	Chromosome	2025-11-08	WELLCOME SANGER INSTITUTE	212	Tadarida teniotis	Tadarida teniotis	Insectivore	TRUE	0	0	100	0	0	0	1	0	100	PGA_CN_primary	1	0.693147180559945
Mops condylurus	Mops_condylurus	Mops_condylurus__Angolan_free-tailed_bat__HLmopCon1__GCA_043748645.1	Mops_condylurus__Angolan_free-tailed_bat__HLmopCon1__GCA_043748645.1	Mops_condylurus__Angolan_free-tailed_bat__HLmopCon1__GCA_043748645.1	HLmopCon1	GCA_043748645.1	Mammalia; Theria; Eutheria; Boreoeutheria; Laurasiatheria; Chiroptera; Yangochiroptera; Molossidae; Mops	56964224	105478936	14765	59	2	1.09861228866811	1	0.693147180559945	1	0.693147180559945	0	0	2	1	1	0	Insectivore	Animal_dominant	100	0	0	0	0	0	0	0	0	0	0	0	0	100	28.37	1.45285933579585	Mops condylurus	Angolan free-tailed bat		258863	NCBI, Bat1K			2021-09-08		372	Mops condylurus	Mops condylurus	Insectivore	TRUE	0	0	100	0	0	0	1	0	100	PGA_CN_primary	1	0.693147180559945
Saccopteryx bilineata	Saccopteryx_bilineata	Saccopteryx_bilineata__greater_sac-winged_bat__HLsacBil1__GCF_036850765.1	Saccopteryx_bilineata__greater_sac-winged_bat__HLsacBil1__GCF_036850765.1	Saccopteryx_bilineata__greater_sac-winged_bat__HLsacBil1__GCF_036850765.1	HLsacBil1	GCF_036850765.1	Mammalia; Theria; Eutheria; Boreoeutheria; Laurasiatheria; Chiroptera; Yangochiroptera; Emballonuridae; Emballonurinae; Saccopteryx	20047694	300074216	14809	18	2	1.09861228866811	1	0.693147180559945	1	0.693147180559945	0	0	2	1	1	0	Insectivore	Animal_dominant	100	0	0	0	0	0	0	0	0	0	0	0	0	100	7.8	0.89209460269048	Saccopteryx bilineata	greater sac-winged bat		59482	NCBI, Bat1K			2020-11-04		369	Saccopteryx bilineata	Saccopteryx bilineata	Insectivore	TRUE	0	0	100	0	0	0	1	0	100	PGA_CN_primary	1	0.693147180559945
Saccopteryx leptura	Saccopteryx_leptura	Saccopteryx_leptura__lesser_sac-winged_bat__HLsacLep1__GCF_036850995.1	Saccopteryx_leptura__lesser_sac-winged_bat__HLsacLep1__GCF_036850995.1	Saccopteryx_leptura__lesser_sac-winged_bat__HLsacLep1__GCF_036850995.1	HLsacLep1	GCF_036850995.1	Mammalia; Theria; Eutheria; Boreoeutheria; Laurasiatheria; Chiroptera; Yangochiroptera; Emballonuridae; Emballonurinae; Saccopteryx	17619988	224759591	14807	36	2	1.09861228866811	1	0.693147180559945	1	0.693147180559945	0	0	2	1	1	0	Insectivore	Animal_dominant	100	0	0	0	0	0	0	0	0	0	0	0	0	100	4.72	0.673941998634088	Saccopteryx leptura	lesser sac-winged bat		249018	NCBI, Bat1K			2021-04-17		353	Saccopteryx leptura	Saccopteryx leptura	Insectivore	TRUE	0	0	100	0	0	0	1	0	100	PGA_CN_primary	1	0.693147180559945
Rhynchonycteris naso	Rhynchonycteris_naso	Rhynchonycteris_naso__Proboscis_bat__HLrhyNas2B__GCA_037038555.1	Rhynchonycteris_naso__Proboscis_bat__HLrhyNas2B__GCA_037038555.1	Rhynchonycteris_naso__Proboscis_bat__HLrhyNas2B__GCA_037038555.1	HLrhyNas2B	GCA_037038555.1	Mammalia; Theria; Eutheria; Boreoeutheria; Laurasiatheria; Chiroptera; Yangochiroptera; Emballonuridae; Emballonurinae; Rhynchonycteris	108301702	288038771	14264	545	2	1.09861228866811	1	0.693147180559945	1	0.693147180559945	0	0	2	1	1	0	Insectivore	Animal_dominant	100	0	0	0	0	0	0	0	0	0	0	0	0	100	3.83	0.583198773968623	Rhynchonycteris naso	Proboscis bat	Vespertilio naso	249017	NCBI	mRhyNas2.hap2	Chromosome	2024-03-06	Bat1K Project	387	Rhynchonycteris naso	Rhynchonycteris naso	Insectivore	TRUE	0	0	100	0	0	0	1	0	100	PGA_CN_primary	1	0.693147180559945
Phyllostomus hastatus	Phyllostomus_hastatus	Phyllostomus_hastatus__Greater_spear-nosed_bat__HLphyHast2__GCF_019186645.2	Phyllostomus_hastatus__Greater_spear-nosed_bat__HLphyHast2__GCF_019186645.2	Phyllostomus_hastatus__Greater_spear-nosed_bat__HLphyHast2__GCF_019186645.2	HLphyHast2	GCF_019186645.2	Mammalia; Theria; Eutheria; Boreoeutheria; Laurasiatheria; Chiroptera; Yangochiroptera; Phyllostomidae; Phyllostominae; Phyllostomus	31525663	39158280	14846	13	2	1.09861228866811	1	0.693147180559945	1	0.693147180559945	0	0	2	1	1	0	Omnivore	Omnivore	40	0	50	0	0	0	10	0	0	0	10	0.1	0	90	87.21	1.94056628649009	Phyllostomus hastatus	Greater spear-nosed bat	Vespertilio hastatus	9423	NCBI	TTU_PhHast_1.1	Scaffold	2021-07-09	Texas Tech University	337	Phyllostomus hastatus	Phyllostomus hastatus	Omnivore	TRUE	10	50	40	0	0.1	0.5	0.4	0	100	PGA_CN_primary	1	0.693147180559945
Phyllostomus discolor	Phyllostomus_discolor	Phyllostomus_discolor__pale_spear-nosed_bat__HLphyDis3__GCA_014049915.1	Phyllostomus_discolor__pale_spear-nosed_bat__HLphyDis3__GCA_014049915.1	Phyllostomus_discolor__pale_spear-nosed_bat__HLphyDis3__GCA_014049915.1	HLphyDis3	GCA_014049915.1	Mammalia; Theria; Eutheria; Boreoeutheria; Laurasiatheria; Chiroptera; Yangochiroptera; Phyllostomidae; Phyllostominae; Phyllostomus	15176516	171075004	14858	20	2	1.09861228866811	1	0.693147180559945	1	0.693147180559945	0	0	2	1	1	0	Omnivore	Omnivore	30	0	0	0	0	0	40	30	0	0	70	0.7	0	30	34.13	1.53313628827864	Phyllostomus discolor	pale spear-nosed bat		89673	NCBI, Bat1K			2019-04-28		318	Phyllostomus discolor	Phyllostomus discolor	Omnivore	TRUE	40	0	30	30	0.4	0	0.3	0.3	100	PGA_CN_primary	1	0.693147180559945
Artibeus jamaicensis	Artibeus_jamaicensis	Artibeus_jamaicensis__Jamaican_fruit-eating_bat__HLartJam3__GCA_021234435.1	Artibeus_jamaicensis__Jamaican_fruit-eating_bat__HLartJam3__GCA_021234435.1	Artibeus_jamaicensis__Jamaican_fruit-eating_bat__HLartJam3__GCA_021234435.1	HLartJam3	GCA_021234435.1	Mammalia; Theria; Eutheria; Boreoeutheria; Laurasiatheria; Chiroptera; Yangochiroptera; Phyllostomidae; Stenodermatinae; Artibeus	22092642	22092642	14817	22	2	1.09861228866811	1	0.693147180559945	1	0.693147180559945	0	0	2	1	1	0	Frugivore	Plant_dominant	10	0	0	0	0	0	80	10	0	0	90	0.9	0	10	42.17	1.62500360101486	Artibeus jamaicensis	Jamaican fruit-eating bat		9417	NCBI, Diana Moreno			2021-09-10		357	Artibeus jamaicensis	Artibeus jamaicensis	Plant_dominant	TRUE	80	0	10	10	0.8	0	0.1	0.1	100	PGA_CN_primary	1	0.693147180559945
Artibeus lituratus	Artibeus_lituratus	Artibeus_lituratus__Great_fruit-eating_bat__HLartLit1A__GCA_038363095.2	Artibeus_lituratus__Great_fruit-eating_bat__HLartLit1A__GCA_038363095.2	Artibeus_lituratus__Great_fruit-eating_bat__HLartLit1A__GCA_038363095.2	HLartLit1A	GCA_038363095.2	Mammalia; Theria; Eutheria; Boreoeutheria; Laurasiatheria; Chiroptera; Yangochiroptera; Phyllostomidae; Stenodermatinae; Artibeus	65515378	160301290	14845	15	2	1.09861228866811	1	0.693147180559945	1	0.693147180559945	0	0	2	1	1	0	Frugivore	Plant_dominant	10	0	0	0	0	0	80	10	0	0	90	0.9	0	10	60.54	1.78204241662055	Artibeus lituratus	Great fruit-eating bat		27634	NCBI	mArtLit.hap1	Chromosome	2024-05-21	Bat1K Project	336	Artibeus lituratus	Artibeus lituratus	Plant_dominant	TRUE	80	0	10	10	0.8	0	0.1	0.1	100	PGA_CN_primary	1	0.693147180559945
Platyrrhinus helleri	Platyrrhinus_helleri	Platyrrhinus_helleri__Hellers_broad-nosed_bat__HLplaHell1A__GCA_051107505.1	Platyrrhinus_helleri__Hellers_broad-nosed_bat__HLplaHell1A__GCA_051107505.1	Platyrrhinus_helleri__Hellers_broad-nosed_bat__HLplaHell1A__GCA_051107505.1	HLplaHell1A	GCA_051107505.1	Mammalia; Theria; Eutheria; Boreoeutheria; Laurasiatheria; Chiroptera; Yangochiroptera; Phyllostomidae; Stenodermatinae; Platyrrhinus	49393690	159727393	14839	14	2	1.09861228866811	1	0.693147180559945	1	0.693147180559945	0	0	2	1	1	0	Frugivore	Plant_dominant	10	0	0	0	0	0	90	0	0	0	90	0.9	0	10	13.5	1.13033376849501	Platyrrhinus helleri	Hellers broad-nosed bat	Vampyrops helleri	27658	NCBI	mPlaHel1.hap1	Chromosome	2025-06-26	Bat1K Project	343	Platyrrhinus helleri	Platyrrhinus helleri	Plant_dominant	TRUE	90	0	10	0	0.9	0	0.1	0	100	PGA_CN_primary	1	0.693147180559945
Anoura caudifer	Anoura_caudifer	Anoura_caudifer__tailed_tailless_bat__HLanoCau1__GCA_004027475.1	Anoura_caudifer__tailed_tailless_bat__HLanoCau1__GCA_004027475.1	Anoura_caudifer__tailed_tailless_bat__HLanoCau1__GCA_004027475.1	HLanoCau1	GCA_004027475.1	Mammalia; Theria; Eutheria; Boreoeutheria; Laurasiatheria; Chiroptera; Yangochiroptera; Phyllostomidae; Glossophaginae; Anoura	143417	185021	14025	686	2	1.09861228866811	1	0.693147180559945	1	0.693147180559945	0	0	2	1	1	0	Omnivore	Omnivore	30	0	0	0	0	0	30	40	0	0	70	0.7	0	30	10.81	1.03382569395331	Anoura caudifer	tailed tailless bat		27642	NCBI	AnoCau_v1_BIUU	Scaffold	2019-01-16	Broad Institute	485	Anoura caudifer	Anoura caudifer	Omnivore	TRUE	30	0	30	40	0.3	0	0.3	0.4	100	PGA_CN_primary	1	0.693147180559945
Micronycteris microtis	Micronycteris_microtis	Micronycteris_microtis__Common_big-eared_bat__HLmicMicr1A__GCA_051107205.1	Micronycteris_microtis__Common_big-eared_bat__HLmicMicr1A__GCA_051107205.1	Micronycteris_microtis__Common_big-eared_bat__HLmicMicr1A__GCA_051107205.1	HLmicMicr1A	GCA_051107205.1	Mammalia; Theria; Eutheria; Boreoeutheria; Laurasiatheria; Chiroptera; Yangochiroptera; Phyllostomidae; Phyllostominae; Micronycteris	59308170	134000379	14866	28	2	1.09861228866811	1	0.693147180559945	1	0.693147180559945	0	0	2	1	1	0	Insectivore	Animal_dominant	80	0	0	0	0	0	20	0	0	0	20	0.2	0	80	6.5	0.812913356642856	Micronycteris microtis	Common big-eared bat		249008	NCBI	mMicMic1.hap1	Chromosome	2025-06-26	Bat1K Project	302	Micronycteris microtis	Micronycteris microtis	Insectivore	TRUE	20	0	80	0	0.2	0	0.8	0	100	PGA_CN_primary	1	0.693147180559945
Desmodus rotundus	Desmodus_rotundus	Desmodus_rotundus__common_vampire_bat__HLdesRot15A	Desmodus_rotundus__common_vampire_bat__HLdesRot15A	Desmodus_rotundus__common_vampire_bat__HLdesRot15A	HLdesRot15A	TBG Hillerlab	Mammalia; Theria; Eutheria; Boreoeutheria; Laurasiatheria; Chiroptera; Yangochiroptera; Phyllostomidae; Desmodontinae; Desmodus	9037853	161147830	14898	15	2	1.09861228866811	1	0.693147180559945	1	0.693147180559945	0	0	2	1	1	0	Carnivore	Animal_dominant	0	100	0	0	0	0	0	0	0	0	0	0	0	100	31.21	1.49429376866533	Desmodus rotundus	common vampire bat	vampire bat,Phyllostoma rotundum	9430	TBG Hillerlab			2023-05-25		283	Desmodus rotundus	Desmodus rotundus	Carnivore	TRUE	0	100	0	0	0	1	0	0	100	PGA_CN_primary	1	0.693147180559945
Macrotus californicus	Macrotus_californicus	Macrotus_californicus__California_big-eared_bat__HLmacCal1__GCA_007922815.1	Macrotus_californicus__California_big-eared_bat__HLmacCal1__GCA_007922815.1	Macrotus_californicus__California_big-eared_bat__HLmacCal1__GCA_007922815.1	HLmacCal1	GCA_007922815.1	Mammalia; Theria; Eutheria; Boreoeutheria; Laurasiatheria; Chiroptera; Yangochiroptera; Phyllostomidae; Phyllostominae; Macrotus	16386	16925	12603	1640	2	1.09861228866811	1	0.693147180559945	1	0.693147180559945	0	0	2	1	1	0	Omnivore	Omnivore	50	0	0	0	0	0	50	0	0	0	50	0.5	0	50	11.63	1.06557971472845	Macrotus californicus	California big-eared bat	California leaf-nosed bat	9419	NCBI	MacCal_v1_BIUU	Scaffold	2019-08-08	Broad Institute	953	Macrotus californicus	Macrotus californicus	Omnivore	TRUE	50	0	50	0	0.5	0	0.5	0	100	PGA_CN_primary	1	0.693147180559945
Monodon monoceros	Monodon_monoceros	Monodon_monoceros__narwhal__HLmonMon2__GCA_005190385.3	Monodon_monoceros__narwhal__HLmonMon2__GCA_005190385.3	Monodon_monoceros__narwhal__HLmonMon2__GCA_005190385.3	HLmonMon2	GCA_005190385.3	Mammalia; Theria; Eutheria; Boreoeutheria; Laurasiatheria; Artiodactyla; Whippomorpha; Cetacea; Odontoceti; Monodontidae; Monodon	22031227	108465051	13751	25	3	1.38629436111989	1	0.693147180559945	0	0	2	1.09861228866811	3	1	0	2	Omnivore	Omnivore	40	0	0	60	0	0	0	0	0	0	0	0	0	100	9e+05	5.95424250943933	Monodon monoceros	narwhal		40151	NCBI, JoanaDamas			2021-01-03		1420	Monodon monoceros	Monodon monoceros	Omnivore	TRUE	0	60	40	0	0	0.6	0.4	0	100	PGA_CN_primary	1	0.693147180559945
Delphinapterus leucas	Delphinapterus_leucas	Delphinapterus_leucas__beluga_whale__HLdelLeu4__GCA_035221355.1	Delphinapterus_leucas__beluga_whale__HLdelLeu4__GCA_035221355.1	Delphinapterus_leucas__beluga_whale__HLdelLeu4__GCA_035221355.1	HLdelLeu4	GCA_035221355.1	Mammalia; Theria; Eutheria; Boreoeutheria; Laurasiatheria; Artiodactyla; Whippomorpha; Cetacea; Odontoceti; Monodontidae; Delphinapterus	3310522	44354054	14533	37	2	1.09861228866811	1	0.693147180559945	0	0	1	0.693147180559945	2	1	0	1	Omnivore	Omnivore	40	0	0	60	0	0	0	0	0	0	0	0	0	100	1360000	6.13353890837022	Delphinapterus leucas	beluga whale	beluga,Delphinus leucas,white whale	9749	NCBI	mDelLeu1_p1.0	Scaffold	2024-01-08	Canada's Genomic Enterprise	626	Delphinapterus leucas	Delphinapterus leucas	Omnivore	TRUE	0	60	40	0	0	0.6	0.4	0	100	PGA_CN_primary	1	0.693147180559945
Phocoena phocoena	Phocoena_phocoena	Phocoena_phocoena__harbor_porpoise__HLphoPho3__GCA_963924675.1	Phocoena_phocoena__harbor_porpoise__HLphoPho3__GCA_963924675.1	Phocoena_phocoena__harbor_porpoise__HLphoPho3__GCA_963924675.1	HLphoPho3	GCA_963924675.1	Mammalia; Theria; Eutheria; Boreoeutheria; Laurasiatheria; Artiodactyla; Whippomorpha; Cetacea; Odontoceti; Phocoenidae; Phocoena	3726689	110192646	14633	25	3	1.38629436111989	1	0.693147180559945	0	0	2	1.09861228866811	3	1	0	2	Carnivore	Animal_dominant	0	0	0	100	0	0	0	0	0	0	0	0	0	100	52500	4.72015930340596	Phocoena phocoena	harbor porpoise	Delphinus phocoena,common porpoise,Phocoenoides phocoena	9742	NCBI	mPhoPho1.1	Chromosome	2024-01-29	WELLCOME SANGER INSTITUTE	538	Phocoena phocoena	Phocoena phocoena	Carnivore	TRUE	0	100	0	0	0	1	0	0	100	PGA_CN_primary	1	0.693147180559945
Phocoena sinus	Phocoena_sinus	Phocoena_sinus__vaquita__HLphoSin1__GCA_008692025.1	Phocoena_sinus__vaquita__HLphoSin1__GCA_008692025.1	Phocoena_sinus__vaquita__HLphoSin1__GCA_008692025.1	HLphoSin1	GCA_008692025.1	Mammalia; Theria; Eutheria; Boreoeutheria; Laurasiatheria; Artiodactyla; Whippomorpha; Cetacea; Odontoceti; Phocoenidae; Phocoena	20218762	115469292	14016	22	3	1.38629436111989	1	0.693147180559945	0	0	2	1.09861228866811	3	1	0	2	Carnivore	Animal_dominant	0	0	0	100	0	0	0	0	0	0	0	0	0	100	42500	4.62838893005031	Phocoena sinus	vaquita		42100	NCBI	mPhoSin1.pri	Chromosome	2019-09-26	Vertebrate Genomes Project	1158	Phocoena sinus	Phocoena sinus	Carnivore	TRUE	0	100	0	0	0	1	0	0	100	PGA_CN_primary	1	0.693147180559945
Orcinus orca	Orcinus_orca	Orcinus_orca__killer_whale__HLorcOrc3__GCA_937001465.1	Orcinus_orca__killer_whale__HLorcOrc3__GCA_937001465.1	Orcinus_orca__killer_whale__HLorcOrc3__GCA_937001465.1	HLorcOrc3	GCA_937001465.1	Mammalia; Theria; Eutheria; Boreoeutheria; Laurasiatheria; Artiodactyla; Whippomorpha; Cetacea; Odontoceti; Delphinidae; Orcinus	45583382	114219206	14664	9	4	1.6094379124341	1	0.693147180559945	0	0	3	1.38629436111989	4	1	0	3	Carnivore	Animal_dominant	25	50	0	25	0	0	0	0	0	0	0	0	0	100	4300000	6.63346845557959	Orcinus orca	killer whale	Orca	9733	NCBI	mOrcOrc1.1	Chromosome	2022-05-03	WELLCOME SANGER INSTITUTE	523	Orcinus orca	Orcinus orca	Carnivore	TRUE	0	75	25	0	0	0.75	0.25	0	100	PGA_CN_primary	1	0.693147180559945
Grampus griseus	Grampus_griseus	Grampus_griseus__Rissos_dolphin__HLgraGris2A__GCA_964374135.1	Grampus_griseus__Rissos_dolphin__HLgraGris2A__GCA_964374135.1	Grampus_griseus__Rissos_dolphin__HLgraGris2A__GCA_964374135.1	HLgraGris2A	GCA_964374135.1	Mammalia; Theria; Eutheria; Boreoeutheria; Laurasiatheria; Artiodactyla; Whippomorpha; Cetacea; Odontoceti; Delphinidae; Grampus	3106000	107608252	14641	31	2	1.09861228866811	1	0.693147180559945	0	0	1	0.693147180559945	2	1	0	1	Omnivore	Omnivore	50	0	0	50	0	0	0	0	0	0	0	0	0	100	387500	5.58827170684233	Grampus griseus	Rissos dolphin	Delphinus griseus	83653	NCBI	mGraGri1.hap1.1	Chromosome	2024-11-29	WELLCOME SANGER INSTITUTE	524	Grampus griseus	Grampus griseus	Omnivore	TRUE	0	50	50	0	0	0.5	0.5	0	100	PGA_CN_primary	1	0.693147180559945
Pseudorca crassidens	Pseudorca_crassidens	Pseudorca_crassidens__False_killer_whale__HLpseCra2A__GCF_039906515.1	Pseudorca_crassidens__False_killer_whale__HLpseCra2A__GCF_039906515.1	Pseudorca_crassidens__False_killer_whale__HLpseCra2A__GCF_039906515.1	HLpseCra2A	GCF_039906515.1	Mammalia; Theria; Eutheria; Boreoeutheria; Laurasiatheria; Artiodactyla; Whippomorpha; Cetacea; Odontoceti; Delphinidae; Pseudorca	58817648	110095734	14676	9	5	1.79175946922805	1	0.693147180559945	0	0	4	1.6094379124341	5	1	0	4	Omnivore	Omnivore	60	10	0	30	0	0	0	0	0	0	0	0	0	100	1360000	6.13353890837022	Pseudorca crassidens	False killer whale	Phocoena crassidens,Pseudoorca crassidens	82174	NCBI	mPseCra1.hap1	Chromosome	2024-05-31	Vertebrate Genomes Project	511	Pseudorca crassidens	Pseudorca crassidens	Omnivore	TRUE	0	40	60	0	0	0.4	0.6	0	100	PGA_CN_primary	1	0.693147180559945
Peponocephala electra	Peponocephala_electra	Peponocephala_electra__Melon-headed_whale__HLpepElec2A__GCA_051427945.1	Peponocephala_electra__Melon-headed_whale__HLpepElec2A__GCA_051427945.1	Peponocephala_electra__Melon-headed_whale__HLpepElec2A__GCA_051427945.1	HLpepElec2A	GCA_051427945.1	Mammalia; Theria; Eutheria; Boreoeutheria; Laurasiatheria; Artiodactyla; Whippomorpha; Cetacea; Odontoceti; Delphinidae; Peponocephala	57154926	110605234	14670	13	4	1.6094379124341	1	0.693147180559945	0	0	3	1.38629436111989	4	1	0	3	Omnivore	Omnivore	40	0	0	60	0	0	0	0	0	0	0	0	0	100	206000	5.31386722036915	Peponocephala electra	Melon-headed whale	Lagenorhynchus electra	103596	NCBI	mPepEle1.hap1	Chromosome	2025-07-21	Vertebrate Genomes Project	513	Peponocephala electra	Peponocephala electra	Omnivore	TRUE	0	60	40	0	0	0.6	0.4	0	100	PGA_CN_primary	1	0.693147180559945
Tursiops truncatus	Tursiops_truncatus	Tursiops_truncatus__common_bottlenose_dolphin__HLturTru5__GCF_011762595.1	Tursiops_truncatus__common_bottlenose_dolphin__HLturTru5__GCF_011762595.1	Tursiops_truncatus__common_bottlenose_dolphin__HLturTru5__GCF_011762595.1	HLturTru5	GCF_011762595.1	Mammalia; Theria; Eutheria; Boreoeutheria; Laurasiatheria; Artiodactyla; Whippomorpha; Cetacea; Odontoceti; Delphinidae; Tursiops	9729386	108430135	14601	28	3	1.38629436111989	1	0.693147180559945	0	0	2	1.09861228866811	3	1	0	2	Carnivore	Animal_dominant	20	0	0	80	0	0	0	0	0	0	0	0	0	100	175000	5.24303804868629	Tursiops truncatus	common bottlenose dolphin	bottle-nosed dolphin,Atlantic bottlenose dolphin	9739	NCBI	mTurTru1.mat.Y	Chromosome	2020-03-27	Vertebrate Genomes Project	567	Tursiops truncatus	Tursiops truncatus	Carnivore	TRUE	0	80	20	0	0	0.8	0.2	0	100	PGA_CN_primary	1	0.693147180559945
Delphinus delphis	Delphinus_delphis	Delphinus_delphis__Saddleback_dolphin__HLdelDelp3__GCA_030062865.2	Delphinus_delphis__Saddleback_dolphin__HLdelDelp3__GCA_030062865.2	Delphinus_delphis__Saddleback_dolphin__HLdelDelp3__GCA_030062865.2	HLdelDelp3	GCA_030062865.2	Mammalia; Theria; Eutheria; Boreoeutheria; Laurasiatheria; Artiodactyla; Whippomorpha; Cetacea; Odontoceti; Delphinidae; Delphinus	54231611	108933991	14635	7	8	2.19722457733622	1	0.693147180559945	0	0	7	2.07944154167984	8	1	0	7	Insectivore	Animal_dominant	80	0	0	20	0	0	0	0	0	0	0	0	0	100	80000	4.90308998699194	Delphinus delphis	Saddleback dolphin	Black Sea dolphin,common dolphin,short-beaked saddleback dolphin	9728	NCBI	ASM3006286v2	Chromosome	2024-03-15	First Institute of Oceanography, Ministry of Natural Resources	554	Delphinus delphis	Delphinus delphis	Insectivore	TRUE	0	20	80	0	0	0.2	0.8	0	100	PGA_CN_primary	1	0.693147180559945
Inia geoffrensis	Inia_geoffrensis	Inia_geoffrensis__Boutu__HLiniGeo2B__GCA_036417475.1	Inia_geoffrensis__Boutu__HLiniGeo2B__GCA_036417475.1	Inia_geoffrensis__Boutu__HLiniGeo2B__GCA_036417475.1	HLiniGeo2B	GCA_036417475.1	Mammalia; Theria; Eutheria; Boreoeutheria; Laurasiatheria; Artiodactyla; Whippomorpha; Cetacea; Odontoceti; Iniidae; Inia	41942625	109672245	14084	525	5	1.79175946922805	1	0.693147180559945	0	0	4	1.6094379124341	5	1	0	4	Carnivore	Animal_dominant	10	0	0	90	0	0	0	0	0	0	0	0	0	100	129250	5.11143055176598	Inia geoffrensis	Boutu	Amazon dolphin,pink river dolphin,Delphinus geoffrensis,Amazon river dolphin,Amazon porpoise,boto	9725	NCBI	mIniGeo1.hap2	Chromosome	2024-02-06	Cetaceans Genome Project	587	Inia geoffrensis	Inia geoffrensis	Carnivore	TRUE	0	90	10	0	0	0.9	0.1	0	100	PGA_CN_primary	1	0.693147180559945
Mesoplodon densirostris	Mesoplodon_densirostris	Mesoplodon_densirostris__Blainvilles_beaked_whale__HLmesDen2__GCA_025265405.1	Mesoplodon_densirostris__Blainvilles_beaked_whale__HLmesDen2__GCA_025265405.1	Mesoplodon_densirostris__Blainvilles_beaked_whale__HLmesDen2__GCA_025265405.1	HLmesDen2	GCA_025265405.1	Mammalia; Theria; Eutheria; Boreoeutheria; Laurasiatheria; Artiodactyla; Whippomorpha; Cetacea; Odontoceti; Ziphiidae; Mesoplodon	48253041	125805690	14607	13	4	1.6094379124341	1	0.693147180559945	0	0	3	1.38629436111989	4	1	0	3	Insectivore	Animal_dominant	80	0	0	20	0	0	0	0	0	0	0	0	0	100	2300000	6.36172783601759	Mesoplodon densirostris	Blainvilles beaked whale		48708	NCBI	mMesDen1 primary haplotype	Chromosome	2022-09-19	Vertebrate Genomes Project	576	Mesoplodon densirostris	Mesoplodon densirostris	Insectivore	TRUE	0	20	80	0	0	0.2	0.8	0	100	PGA_CN_primary	1	0.693147180559945
Kogia sima	Kogia_sima	Kogia_sima__dwarf_sperm_whale__HLkogSim1	Kogia_sima__dwarf_sperm_whale__HLkogSim1	Kogia_sima__dwarf_sperm_whale__HLkogSim1	HLkogSim1	CNGB Sequence Archive	Mammalia; Theria; Eutheria; Boreoeutheria; Laurasiatheria; Artiodactyla; Whippomorpha; Cetacea; Odontoceti; Physeteridae; Kogia	79492	26525949	12772	752	1	0.693147180559945	1	0.693147180559945	0	0	0	0	1	1	0	0	Insectivore	Animal_dominant	100	0	0	0	0	0	0	0	0	0	0	0	0	100	183066.66	5.26260925802952	Kogia sima	dwarf sperm whale	Kogia simus	9752	CNGB Sequence Archive			2021-10-16		1672	Kogia sima	Kogia sima	Insectivore	TRUE	0	0	100	0	0	0	1	0	100	PGA_CN_primary	1	0.693147180559945
Kogia breviceps	Kogia_breviceps	Kogia_breviceps__pygmy_sperm_whale__HLkogBre3__GCF_026419965.1	Kogia_breviceps__pygmy_sperm_whale__HLkogBre3__GCF_026419965.1	Kogia_breviceps__pygmy_sperm_whale__HLkogBre3__GCF_026419965.1	HLkogBre3	GCF_026419965.1	Mammalia; Theria; Eutheria; Boreoeutheria; Laurasiatheria; Artiodactyla; Whippomorpha; Cetacea; Odontoceti; Physeteridae; Kogia	42780423	122394096	14593	15	4	1.6094379124341	1	0.693147180559945	0	0	3	1.38629436111989	4	1	0	3	Insectivore	Animal_dominant	100	0	0	0	0	0	0	0	0	0	0	0	0	100	431500	5.63498080005123	Kogia breviceps	pygmy sperm whale	Physeter breviceps	27615	NCBI	mKogBre1 haplotype 1	Chromosome	2022-11-27	Vertebrate Genomes Project	588	Kogia breviceps	Kogia breviceps	Insectivore	TRUE	0	0	100	0	0	0	1	0	100	PGA_CN_primary	1	0.693147180559945
Eubalaena glacialis	Eubalaena_glacialis	Eubalaena_glacialis__North_Atlantic_right_whale__HLeubGla2__GCF_028564815.1	Eubalaena_glacialis__North_Atlantic_right_whale__HLeubGla2__GCF_028564815.1	Eubalaena_glacialis__North_Atlantic_right_whale__HLeubGla2__GCF_028564815.1	HLeubGla2	GCF_028564815.1	Mammalia; Theria; Eutheria; Boreoeutheria; Laurasiatheria; Artiodactyla; Whippomorpha; Cetacea; Mysticeti; Balaenidae; Eubalaena	37467374	129620717	14860	8	3	1.38629436111989	1	0.693147180559945	0	0	2	1.09861228866811	3	1	0	2	Insectivore	Animal_dominant	100	0	0	0	0	0	0	0	0	0	0	0	0	100	2.3e+07	7.36172783601759	Eubalaena glacialis	North Atlantic right whale	Balaena glacialis,northern right whale	27606	NCBI	mEubGla1.1.hap2.+ XY	Chromosome	2023-02-09	Vertebrate Genomes Project	328	Eubalaena glacialis	Eubalaena glacialis	Insectivore	TRUE	0	0	100	0	0	0	1	0	100	PGA_CN_primary	1	0.693147180559945
Balaenoptera physalus	Balaenoptera_physalus	Balaenoptera_physalus__Fin_whale__HLbalPhy3__GCA_023338255.1	Balaenoptera_physalus__Fin_whale__HLbalPhy3__GCA_023338255.1	Balaenoptera_physalus__Fin_whale__HLbalPhy3__GCA_023338255.1	HLbalPhy3	GCA_023338255.1	Mammalia; Theria; Eutheria; Boreoeutheria; Laurasiatheria; Artiodactyla; Whippomorpha; Cetacea; Mysticeti; Balaenopteridae; Balaenoptera	146061	24939677	14044	246	1	0.693147180559945	1	0.693147180559945	0	0	0	0	1	1	0	0	Omnivore	Omnivore	70	0	0	30	0	0	0	0	0	0	0	0	0	100	7e+07	7.84509804001426	Balaenoptera physalus	Fin whale	common rorqual,finback whale	9770	NCBI	SBiKF_Bphy_ph2	Scaffold	2022-05-11	Senckenberg BiK-F	906	Balaenoptera physalus	Balaenoptera physalus	Omnivore	TRUE	0	30	70	0	0	0.3	0.7	0	100	PGA_CN_primary	1	0.693147180559945
Balaenoptera musculus	Balaenoptera_musculus	Balaenoptera_musculus__Blue_whale__HLbalMus2__GCF_009873245.2	Balaenoptera_musculus__Blue_whale__HLbalMus2__GCF_009873245.2	Balaenoptera_musculus__Blue_whale__HLbalMus2__GCF_009873245.2	HLbalMus2	GCF_009873245.2	Mammalia; Theria; Eutheria; Boreoeutheria; Laurasiatheria; Artiodactyla; Whippomorpha; Cetacea; Mysticeti; Balaenopteridae; Balaenoptera	6315640	110314666	14294	26	3	1.38629436111989	1	0.693147180559945	0	0	2	1.09861228866811	3	1	0	2	Insectivore	Animal_dominant	100	0	0	0	0	0	0	0	0	0	0	0	0	100	1.9e+08	8.27875360095283	Balaenoptera musculus	Blue whale		9771	NCBI	mBalMus1.pri.v3	Chromosome	2020-10-02	G10K	876	Balaenoptera musculus	Balaenoptera musculus	Insectivore	TRUE	0	0	100	0	0	0	1	0	100	PGA_CN_primary	1	0.693147180559945
Balaenoptera edeni	Balaenoptera_edeni	Balaenoptera_edeni__Edens_whale__HLbalEden2__GCA_052818205.1	Balaenoptera_edeni__Edens_whale__HLbalEden2__GCA_052818205.1	Balaenoptera_edeni__Edens_whale__HLbalEden2__GCA_052818205.1	HLbalEden2	GCA_052818205.1	Mammalia; Theria; Eutheria; Boreoeutheria; Laurasiatheria; Artiodactyla; Whippomorpha; Cetacea; Mysticeti; Balaenopteridae; Balaenoptera	56810546	112310848	14849	11	3	1.38629436111989	1	0.693147180559945	0	0	2	1.09861228866811	3	1	0	2	Omnivore	Omnivore	50	0	0	50	0	0	0	0	0	0	0	0	0	100	2e+07	7.30102999566398	Balaenoptera edeni	Edens whale	pygmy Bryde's whale,Balaenoptera edeni edeni	9769	NCBI	BalEdn.hic.v1	Chromosome	2025-09-24	Hong Kong Baptist University	336	Balaenoptera edeni	Balaenoptera edeni	Omnivore	TRUE	0	50	50	0	0	0.5	0.5	0	100	PGA_CN_primary	1	0.693147180559945
Eschrichtius robustus	Eschrichtius_robustus	Eschrichtius_robustus__grey_whale__HLescRob3__GCA_028021215.1	Eschrichtius_robustus__grey_whale__HLescRob3__GCA_028021215.1	Eschrichtius_robustus__grey_whale__HLescRob3__GCA_028021215.1	HLescRob3	GCA_028021215.1	Mammalia; Theria; Eutheria; Boreoeutheria; Laurasiatheria; Artiodactyla; Whippomorpha; Cetacea; Mysticeti; Eschrichtiidae; Eschrichtius	39209000	126538682	14828	5	3	1.38629436111989	1	0.693147180559945	0	0	2	1.09861228866811	3	1	0	2	Insectivore	Animal_dominant	90	0	0	10	0	0	0	0	0	0	0	0	0	100	28500000	7.45484486000851	Eschrichtius robustus	grey whale	gray whale,California gray whale,Eschrichtius gibbosus,Balaenoptera robusta	9764	NCBI	mEscRob2.pri	Chromosome	2023-01-31	Vertebrate Genomes Project	363	Eschrichtius robustus	Eschrichtius robustus	Insectivore	TRUE	0	10	90	0	0	0.1	0.9	0	100	PGA_CN_primary	1	0.693147180559945
Megaptera novaeangliae	Megaptera_novaeangliae	Megaptera_novaeangliae__Humpback_whale__HLmegNova3__GCA_041834305.1	Megaptera_novaeangliae__Humpback_whale__HLmegNova3__GCA_041834305.1	Megaptera_novaeangliae__Humpback_whale__HLmegNova3__GCA_041834305.1	HLmegNova3	GCA_041834305.1	Mammalia; Theria; Eutheria; Boreoeutheria; Laurasiatheria; Artiodactyla; Whippomorpha; Cetacea; Mysticeti; Balaenopteridae; Megaptera	36344089	107416641	14823	11	3	1.38629436111989	1	0.693147180559945	0	0	2	1.09861228866811	3	1	0	2	Insectivore	Animal_dominant	80	0	0	20	0	0	0	0	0	0	0	0	0	100	3e+07	7.47712125471966	Megaptera novaeangliae	Humpback whale	Balaena novaeangliae	9773	NCBI	ASM4183430v1	Chromosome	2024-09-09	University of Colorado - Boulder	362	Megaptera novaeangliae	Megaptera novaeangliae	Insectivore	TRUE	0	20	80	0	0	0.2	0.8	0	100	PGA_CN_primary	1	0.693147180559945
Dama dama	Dama_dama	Dama_dama__fallow_deer__HLdamDam1__GCF_033118175.1	Dama_dama__fallow_deer__HLdamDam1__GCF_033118175.1	Dama_dama__fallow_deer__HLdamDam1__GCF_033118175.1	HLdamDam1	GCF_033118175.1	Mammalia; Theria; Eutheria; Boreoeutheria; Laurasiatheria; Artiodactyla; Ruminantia; Pecora; Cervidae; Cervinae; Dama	68791581	77069784	15029	3	55	4.02535169073515	1	0.693147180559945	0	0	54	4.00733318523247	55	1	0	54	Herbivore	Plant_dominant	0	0	0	0	0	0	0	0	0	100	100	1	1	0	52375	4.71912403597435	Dama dama	fallow deer	Texas fallow deers,Cervus dama,Texas fallow deer	30532	NCBI	ASM3311817v1	Chromosome	2023-11-02	University of Central Lancashire	164	Dama dama	Dama dama	Plant_dominant	TRUE	100	0	0	0	1	0	0	0	100	PGA_CN_primary	1	0.693147180559945
Cervus nippon	Cervus_nippon	Cervus_nippon__Sika_deer__HLcerNip1__GCA_040085125.1	Cervus_nippon__Sika_deer__HLcerNip1__GCA_040085125.1	Cervus_nippon__Sika_deer__HLcerNip1__GCA_040085125.1	HLcerNip1	GCA_040085125.1	Mammalia; Theria; Eutheria; Boreoeutheria; Laurasiatheria; Artiodactyla; Ruminantia; Pecora; Cervidae; Cervinae; Cervus	89550226	89550226	14706	5	69	4.24849524204936	1	0.693147180559945	0	0	68	4.23410650459726	69	1	0	68	Herbivore	Plant_dominant	0	0	0	0	0	0	0	0	0	100	100	1	1	0	53000	4.72427586960079	Cervus nippon	Sika deer		9863	NCBI	ASM4008512v1	Chromosome	2024-06-07	Northeast Forestry University	485	Cervus nippon	Cervus nippon	Plant_dominant	TRUE	100	0	0	0	1	0	0	0	100	PGA_CN_primary	1	0.693147180559945
Cervus elaphus	Cervus_elaphus	Cervus_elaphus__red_deer__HLcerEla2__GCF_910594005.1	Cervus_elaphus__red_deer__HLcerEla2__GCF_910594005.1	Cervus_elaphus__red_deer__HLcerEla2__GCF_910594005.1	HLcerEla2	GCF_910594005.1	Mammalia; Theria; Eutheria; Boreoeutheria; Laurasiatheria; Artiodactyla; Ruminantia; Pecora; Cervidae; Cervinae; Cervus	68741660	83473711	15017	4	50	3.93182563272433	1	0.693147180559945	0	0	49	3.91202300542815	50	1	0	49	Herbivore	Plant_dominant	0	0	0	0	0	0	0	0	0	100	100	1	1	0	165015.85	5.21752566080142	Cervus elaphus	red deer		9860	NCBI	mCerEla1.1	Chromosome	2021-07-07	WELLCOME SANGER INSTITUTE	175	Cervus elaphus	Cervus elaphus	Plant_dominant	TRUE	100	0	0	0	1	0	0	0	100	PGA_CN_primary	1	0.693147180559945
Axis porcinus	Axis_porcinus	Axis_porcinus__Hog_deer__HLaxiPorc2A__GCA_054883215.1	Axis_porcinus__Hog_deer__HLaxiPorc2A__GCA_054883215.1	Axis_porcinus__Hog_deer__HLaxiPorc2A__GCA_054883215.1	HLaxiPorc2A	GCA_054883215.1	Mammalia; Theria; Eutheria; Boreoeutheria; Laurasiatheria; Artiodactyla; Ruminantia; Pecora; Cervidae; Cervinae; Axis	54160790	81775362	14969	44	52	3.97029191355212	1	0.693147180559945	0	0	51	3.95124371858143	52	1	0	51	Herbivore	Plant_dominant	0	0	0	0	0	0	10	0	0	90	100	1	0.9	0	34418.5	4.53679193932338	Axis porcinus	Hog deer	Cervus porcinus	57737	NCBI	mAxiPor1.hap1	Chromosome	2026-01-30	Vertebrate Genomes Project	183	Axis porcinus	Axis porcinus	Plant_dominant	TRUE	100	0	0	0	1	0	0	0	100	PGA_CN_primary	1	0.693147180559945
Muntiacus gongshanensis	Muntiacus_gongshanensis	Muntiacus_gongshanensis__Gongshanensis_muntjac__HLmunGon1__GCA_020226025.1	Muntiacus_gongshanensis__Gongshanensis_muntjac__HLmunGon1__GCA_020226025.1	Muntiacus_gongshanensis__Gongshanensis_muntjac__HLmunGon1__GCA_020226025.1	HLmunGon1	GCA_020226025.1	Mammalia; Theria; Eutheria; Boreoeutheria; Laurasiatheria; Artiodactyla; Ruminantia; Pecora; Cervidae; Muntiacinae; Muntiacus	24226309	24473636	13853	240	37	3.63758615972639	1	0.693147180559945	0	0	36	3.61091791264422	37	1	0	36	Herbivore	Plant_dominant	0	0	0	0	0	0	20	0	0	80	100	1	0.8	0	19906.73	4.29899992604498	Muntiacus gongshanensis	Gongshanensis muntjac		145526	NCBI	ASM2022602v1	Scaffold	2021-10-04	Northwestern Polytechnical University	1103	Muntiacus gongshanensis	Muntiacus gongshanensis	Plant_dominant	TRUE	100	0	0	0	1	0	0	0	100	PGA_CN_primary	1	0.693147180559945
Muntiacus crinifrons	Muntiacus_crinifrons	Muntiacus_crinifrons__black_muntjac__HLmunCri2__GCA_020276665.1	Muntiacus_crinifrons__black_muntjac__HLmunCri2__GCA_020276665.1	Muntiacus_crinifrons__black_muntjac__HLmunCri2__GCA_020276665.1	HLmunCri2	GCA_020276665.1	Mammalia; Theria; Eutheria; Boreoeutheria; Laurasiatheria; Artiodactyla; Ruminantia; Pecora; Cervidae; Muntiacinae; Muntiacus	25225000	646574120	14827	15	38	3.66356164612965	1	0.693147180559945	0	0	37	3.63758615972639	38	1	0	37	Herbivore	Plant_dominant	0	0	0	0	0	0	20	0	0	80	100	1	0.8	0	36140.99	4.55800004489476	Muntiacus crinifrons	black muntjac		71854	NCBI	ASM2027666v1	Chromosome	2021-10-05	Northwestern Polytechnical University	354	Muntiacus crinifrons	Muntiacus crinifrons	Plant_dominant	TRUE	100	0	0	0	1	0	0	0	100	PGA_CN_primary	1	0.693147180559945
Capreolus capreolus	Capreolus_capreolus	Capreolus_capreolus__Western_roe_deer__HLcapCap1__GCA_951849835.1	Capreolus_capreolus__Western_roe_deer__HLcapCap1__GCA_951849835.1	Capreolus_capreolus__Western_roe_deer__HLcapCap1__GCA_951849835.1	HLcapCap1	GCA_951849835.1	Mammalia; Theria; Eutheria; Boreoeutheria; Laurasiatheria; Artiodactyla; Ruminantia; Pecora; Cervidae; Odocoileinae; Capreolus	69851389	69851389	14891	6	39	3.68887945411394	1	0.693147180559945	0	0	38	3.66356164612965	39	1	0	38	Herbivore	Plant_dominant	0	0	0	0	0	0	0	0	0	100	100	1	1	0	22500	4.35218251811136	Capreolus capreolus	Western roe deer	Cervus capreolus	9858	NCBI	ETH_CapCap1	Contig	2023-07-15	ETH ZURICH	299	Capreolus capreolus	Capreolus capreolus	Plant_dominant	TRUE	100	0	0	0	1	0	0	0	100	PGA_CN_primary	1	0.693147180559945
Bos taurus	Bos_taurus	Bos_taurus__cattle__HLbosTau10__GCF_002263795.3	Bos_taurus__cattle__HLbosTau10__GCF_002263795.3	Bos_taurus__cattle__HLbosTau10__GCF_002263795.3	HLbosTau10	GCF_002263795.3	Mammalia; Theria; Eutheria; Boreoeutheria; Laurasiatheria; Artiodactyla; Ruminantia; Pecora; Bovidae; Bovinae; Bos	26402946	103308737	14894	3	53	3.98898404656427	1	0.693147180559945	0	0	52	3.97029191355212	53	1	0	52	Herbivore	Plant_dominant	0	0	0	0	0	0	0	0	0	100	100	1	1	0	9e+05	5.95424250943933	Bos taurus	cattle	domestic cow,bovine,Bos bovis,cow,dairy cow,domestic cattle,ox,Bovidae sp. Adi Nefas,Bos primigenius taurus	9913	NCBI	ARS-UCD2.0	Chromosome	2023-07-01	USDA ARS	299	Bos taurus	Bos taurus	Plant_dominant	TRUE	100	0	0	0	1	0	0	0	100	PGA_CN_primary	1	0.693147180559945
Bos javanicus	Bos_javanicus	Bos_javanicus__banteng__HLbosJav1__GCF_032452875.1	Bos_javanicus__banteng__HLbosJav1__GCF_032452875.1	Bos_javanicus__banteng__HLbosJav1__GCF_032452875.1	HLbosJav1	GCF_032452875.1	Mammalia; Theria; Eutheria; Boreoeutheria; Laurasiatheria; Artiodactyla; Ruminantia; Pecora; Bovidae; Bovinae; Bos	47146240	87549292	15059	0	60	4.11087386417331	1	0.693147180559945	0	0	59	4.0943445622221	60	1	0	59	Herbivore	Plant_dominant	0	0	0	0	0	0	0	0	0	100	100	1	1	0	625000	5.79588001734407	Bos javanicus	banteng	wild banteng,Bos banteng,Bos sondaicus	9906	NCBI	ARS-OSU_banteng_1.0	Chromosome	2023-10-11	Ruminant T2T Consortium	137	Bos javanicus	Bos javanicus	Plant_dominant	TRUE	100	0	0	0	1	0	0	0	100	PGA_CN_primary	1	0.693147180559945
Bison bonasus	Bison_bonasus	Bison_bonasus__European_bison__HLbisBon1__GCA_963879515.1	Bison_bonasus__European_bison__HLbisBon1__GCA_963879515.1	Bison_bonasus__European_bison__HLbisBon1__GCA_963879515.1	HLbisBon1	GCA_963879515.1	Mammalia; Theria; Eutheria; Boreoeutheria; Laurasiatheria; Artiodactyla; Ruminantia; Pecora; Bovidae; Bovinae; Bison	91242619	104743180	15036	6	61	4.12713438504509	1	0.693147180559945	0	0	60	4.11087386417331	61	1	0	60	Herbivore	Plant_dominant	0	0	0	0	0	0	0	0	0	100	100	1	1	0	5e+05	5.69897000433602	Bison bonasus	European bison	Bison bison bonasus,Bos bonasus,bison,wisent	9902	NCBI	ETH_BisBon1	Scaffold	2023-12-17	ETH ZURICH	154	Bison bonasus	Bison bonasus	Plant_dominant	TRUE	100	0	0	0	1	0	0	0	100	PGA_CN_primary	1	0.693147180559945
Pantholops hodgsonii	Pantholops_hodgsonii	Pantholops_hodgsonii__Chiru__HLpanHodg2__GCA_040182635.1	Pantholops_hodgsonii__Chiru__HLpanHodg2__GCA_040182635.1	Pantholops_hodgsonii__Chiru__HLpanHodg2__GCA_040182635.1	HLpanHodg2	GCA_040182635.1	Mammalia; Theria; Eutheria; Boreoeutheria; Laurasiatheria; Artiodactyla; Ruminantia; Pecora; Bovidae; Antilopinae; Pantholops	84561976	92232156	15001	10	96	4.57471097850338	1	0.693147180559945	0	0	95	4.56434819146784	96	1	0	95	Herbivore	Plant_dominant	0	0	0	0	0	0	0	0	0	100	100	1	1	0	27500	4.43933269383026	Pantholops hodgsonii	Chiru	Tibetan antelope,Pantholops hodgsoni	59538	NCBI	NWIPB_Pahodg_1.0	Chromosome	2024-06-17	Northwest Institute of Plateau Biology, Chinese Academy of Sciences	185	Pantholops hodgsonii	Pantholops hodgsonii	Plant_dominant	TRUE	100	0	0	0	1	0	0	0	100	PGA_CN_primary	1	0.693147180559945
Capra nubiana	Capra_nubiana	Capra_nubiana__Nubian_ibex__HLcapNubi1A__GCA_054855995.1	Capra_nubiana__Nubian_ibex__HLcapNubi1A__GCA_054855995.1	Capra_nubiana__Nubian_ibex__HLcapNubi1A__GCA_054855995.1	HLcapNubi1A	GCA_054855995.1	Mammalia; Theria; Eutheria; Boreoeutheria; Laurasiatheria; Artiodactyla; Ruminantia; Pecora; Bovidae; Caprinae; Capra	91324156	95383454	15059	11	67	4.21950770517611	1	0.693147180559945	0	0	66	4.20469261939097	67	1	0	66	Herbivore	Plant_dominant	0	0	0	0	0	0	0	0	0	100	100	1	1	0	62624.84	4.79674662929916	Capra nubiana	Nubian ibex	Capra ibex nubiana,Capra nubiana nubiana	72543	NCBI	mCapNub1.hap1	Chromosome	2026-01-30	Vertebrate Genomes Project	126	Capra nubiana	Capra nubiana	Plant_dominant	TRUE	100	0	0	0	1	0	0	0	100	PGA_CN_primary	1	0.693147180559945
Capra hircus	Capra_hircus	Capra_hircus__Goat__HLcapHirc3__GCA_041735815.1	Capra_hircus__Goat__HLcapHirc3__GCA_041735815.1	Capra_hircus__Goat__HLcapHirc3__GCA_041735815.1	HLcapHirc3	GCA_041735815.1	Mammalia; Theria; Eutheria; Boreoeutheria; Laurasiatheria; Artiodactyla; Ruminantia; Pecora; Bovidae; Caprinae; Capra	100793790	100793790	15057	4	80	4.39444915467244	1	0.693147180559945	0	0	79	4.38202663467388	80	1	0	79	Herbivore	Plant_dominant	0	0	0	0	0	0	0	0	0	100	100	1	1	0	54250	4.73439974252057	Capra hircus	Goat	Capra aegagrus hircus,African dwarf goats,Naine d'Afrique de l'Ouest,African dwarf goat,domestic goat,goats	9925	NCBI	T2T-goat2.0	Complete Genome	2024-09-04	China Agricultural University	135	Capra hircus	Capra hircus	Plant_dominant	TRUE	100	0	0	0	1	0	0	0	100	PGA_CN_primary	1	0.693147180559945
Capra ibex	Capra_ibex	Capra_ibex__Alpine_ibex__HLcapIbex2__GCA_054642885.1	Capra_ibex__Alpine_ibex__HLcapIbex2__GCA_054642885.1	Capra_ibex__Alpine_ibex__HLcapIbex2__GCA_054642885.1	HLcapIbex2	GCA_054642885.1	Mammalia; Theria; Eutheria; Boreoeutheria; Laurasiatheria; Artiodactyla; Ruminantia; Pecora; Bovidae; Caprinae; Capra	58703036	101249638	14945	8	78	4.36944785246702	1	0.693147180559945	0	0	77	4.35670882668959	78	1	0	77	Herbivore	Plant_dominant	0	0	0	0	0	0	0	0	0	100	100	1	1	0	85166.51	4.93026885085246	Capra ibex	Alpine ibex	ibex	72542	NCBI	CapIbe1.0	Chromosome	2026-01-07	Istituto Italiano di Tecnologia	243	Capra ibex	Capra ibex	Plant_dominant	TRUE	100	0	0	0	1	0	0	0	100	PGA_CN_primary	1	0.693147180559945
Budorcas taxicolor	Budorcas_taxicolor	Budorcas_taxicolor__takin__HLbudTax1__GCA_023091745.1	Budorcas_taxicolor__takin__HLbudTax1__GCA_023091745.1	Budorcas_taxicolor__takin__HLbudTax1__GCA_023091745.1	HLbudTax1	GCA_023091745.1	Mammalia; Theria; Eutheria; Boreoeutheria; Laurasiatheria; Artiodactyla; Ruminantia; Pecora; Bovidae; Caprinae; Budorcas	64431831	101265939	15031	5	68	4.23410650459726	1	0.693147180559945	0	0	67	4.21950770517611	68	1	0	67	Herbivore	Plant_dominant	0	0	0	0	0	0	0	0	0	100	100	1	1	0	302000	5.48000694295715	Budorcas taxicolor	takin		37181	NCBI	Takin1.0	Chromosome	2022-04-22	Northwest A&F University	160	Budorcas taxicolor	Budorcas taxicolor	Plant_dominant	TRUE	100	0	0	0	1	0	0	0	100	PGA_CN_primary	1	0.693147180559945
Ovis canadensis	Ovis_canadensis	Ovis_canadensis__Bighorn_sheep__HLoviCana3__GCF_042477335.2	Ovis_canadensis__Bighorn_sheep__HLoviCana3__GCF_042477335.2	Ovis_canadensis__Bighorn_sheep__HLoviCana3__GCF_042477335.2	HLoviCana3	GCF_042477335.2	Mammalia; Theria; Eutheria; Boreoeutheria; Laurasiatheria; Artiodactyla; Ruminantia; Pecora; Bovidae; Caprinae; Ovis	105224494	105224494	15055	6	72	4.29045944114839	1	0.693147180559945	0	0	71	4.27666611901606	72	1	0	71	Herbivore	Plant_dominant	0	0	0	0	0	0	0	0	0	100	100	1	1	0	74644.88	4.87300002419761	Ovis canadensis	Bighorn sheep		37174	NCBI	ARS-UI_OviCan_v2	Chromosome	2024-10-18	Sheep Pangenome	135	Ovis canadensis	Ovis canadensis	Plant_dominant	TRUE	100	0	0	0	1	0	0	0	100	PGA_CN_primary	1	0.693147180559945
Ovis aries	Ovis_aries	Ovis_aries__Sheep__HLoviArie7__GCA_040805955.1	Ovis_aries__Sheep__HLoviArie7__GCA_040805955.1	Ovis_aries__Sheep__HLoviArie7__GCA_040805955.1	HLoviArie7	GCA_040805955.1	Mammalia; Theria; Eutheria; Boreoeutheria; Laurasiatheria; Artiodactyla; Ruminantia; Pecora; Bovidae; Caprinae; Ovis	103395564	103395564	15042	9	71	4.27666611901606	1	0.693147180559945	0	0	70	4.26267987704132	71	1	0	70	Herbivore	Plant_dominant	0	0	0	0	0	0	0	0	0	100	100	1	1	0	50000	4.69897000433602	Ovis aries	Sheep	lambs,domestic sheep,wild sheep,Ovis orientalis aries,Ovis ammon aries,Ovis ovis	9940	NCBI	T2T-sheep1.0	Complete Genome	2024-07-22	China Agricultural University	145	Ovis aries	Ovis aries	Plant_dominant	TRUE	100	0	0	0	1	0	0	0	100	PGA_CN_primary	1	0.693147180559945
Rupicapra rupicapra	Rupicapra_rupicapra	Rupicapra_rupicapra__Chamois__HLrupRup1__GCA_963981305.1	Rupicapra_rupicapra__Chamois__HLrupRup1__GCA_963981305.1	Rupicapra_rupicapra__Chamois__HLrupRup1__GCA_963981305.1	HLrupRup1	GCA_963981305.1	Mammalia; Theria; Eutheria; Boreoeutheria; Laurasiatheria; Artiodactyla; Ruminantia; Pecora; Bovidae; Caprinae; Rupicapra	77662214	100920001	15044	8	62	4.14313472639153	1	0.693147180559945	0	0	61	4.12713438504509	62	1	0	61	Herbivore	Plant_dominant	0	0	0	0	0	0	0	0	0	100	100	1	1	0	26100	4.41664050733828	Rupicapra rupicapra	Chamois	Capra rupicapra	34869	NCBI	mRupRup1.1	Chromosome	2024-03-10	Centro Nacional de Análisis Genómico	144	Rupicapra rupicapra	Rupicapra rupicapra	Plant_dominant	TRUE	100	0	0	0	1	0	0	0	100	PGA_CN_primary	1	0.693147180559945
Capricornis sumatraensis	Capricornis_sumatraensis	Capricornis_sumatraensis__Sumatran_serow__HLcapSum1__GCF_032405125.1	Capricornis_sumatraensis__Sumatran_serow__HLcapSum1__GCF_032405125.1	Capricornis_sumatraensis__Sumatran_serow__HLcapSum1__GCF_032405125.1	HLcapSum1	GCF_032405125.1	Mammalia; Theria; Eutheria; Boreoeutheria; Laurasiatheria; Artiodactyla; Ruminantia; Pecora; Bovidae; Caprinae; Capricornis	100934918	112748084	15032	10	55	4.02535169073515	1	0.693147180559945	0	0	54	4.00733318523247	55	1	0	54	Herbivore	Plant_dominant	0	0	0	0	0	0	0	0	0	100	100	1	1	0	110942.22	5.04509685204312	Capricornis sumatraensis	Sumatran serow	Naemorhedus sumatraensis,Capricornis sumatrensis,Antilope sumatraensis	34865	NCBI	serow.2	Chromosome	2024-03-13	Northwest A&F University	154	Capricornis sumatraensis	Capricornis sumatraensis	Plant_dominant	TRUE	100	0	0	0	1	0	0	0	100	PGA_CN_primary	1	0.693147180559945
Moschus berezovskii	Moschus_berezovskii	Moschus_berezovskii__Chinese_forest_musk_deer__HLmosBere4__GCA_049115385.1	Moschus_berezovskii__Chinese_forest_musk_deer__HLmosBere4__GCA_049115385.1	Moschus_berezovskii__Chinese_forest_musk_deer__HLmosBere4__GCA_049115385.1	HLmosBere4	GCA_049115385.1	Mammalia; Theria; Eutheria; Boreoeutheria; Laurasiatheria; Artiodactyla; Ruminantia; Pecora; Moschidae; Moschus	91326797	111330059	14942	43	23	3.17805383034795	1	0.693147180559945	0	0	22	3.13549421592915	23	1	0	22	Herbivore	Plant_dominant	0	0	0	0	0	0	0	0	0	100	100	1	1	0	9000	3.95424250943932	Moschus berezovskii	Chinese forest musk deer		68408	NCBI	NW_MosBer_1.0	Chromosome	2025-03-28	Northwest A & F University	211	Moschus berezovskii	Moschus berezovskii	Plant_dominant	TRUE	100	0	0	0	1	0	0	0	100	PGA_CN_primary	1	0.693147180559945
Sus scrofa	Sus_scrofa	Sus_scrofa__Pig__HLsusScro12__GCA_048338725.1	Sus_scrofa__Pig__HLsusScro12__GCA_048338725.1	Sus_scrofa__Pig__HLsusScro12__GCA_048338725.1	HLsusScro12	GCA_048338725.1	Mammalia; Theria; Eutheria; Boreoeutheria; Laurasiatheria; Artiodactyla; Suina; Suidae; Sus	144930921	144930921	15065	8	19	2.99573227355399	1	0.693147180559945	0	0	18	2.94443897916644	19	1	0	18	Herbivore	Plant_dominant	10	0	0	0	10	10	0	0	10	60	70	0.7	0.6	30	96118.09	4.98280513218282	Sus scrofa	Pig	swine,Sus scrofa Pietrain,pigs,Sus scrofa LW,wild boar	9823	NCBI	T2T_pig1.0	Complete Genome	2025-03-05	China Agricultural University	123	Sus scrofa	Sus scrofa	Plant_dominant	TRUE	70	20	10	0	0.7	0.2	0.1	0	100	PGA_CN_primary	1	0.693147180559945
Phacochoerus africanus	Phacochoerus_africanus	Phacochoerus_africanus__Common_warthog__HLphaAfr1__GCA_016906955.1	Phacochoerus_africanus__Common_warthog__HLphaAfr1__GCA_016906955.1	Phacochoerus_africanus__Common_warthog__HLphaAfr1__GCA_016906955.1	HLphaAfr1	GCA_016906955.1	Mammalia; Theria; Eutheria; Boreoeutheria; Laurasiatheria; Artiodactyla; Suina; Suidae; Phacochoerus	10602503	141887063	14665	14	13	2.63905732961526	1	0.693147180559945	0	0	12	2.56494935746154	13	1	0	12	Herbivore	Plant_dominant	0	0	0	0	0	10	10	0	0	80	90	0.9	0.8	10	82500	4.91645394854993	Phacochoerus africanus	Common warthog	warthog	41426	NCBI	ROS_Pafr_v1	Chromosome	2021-02-19	The Roslin Institute	517	Phacochoerus africanus	Phacochoerus africanus	Plant_dominant	TRUE	90	10	0	0	0.9	0.1	0	0	100	PGA_CN_primary	1	0.693147180559945
Camelus dromedarius	Camelus_dromedarius	Camelus_dromedarius__Arabian_camel__HLcamDro3A__GCF_036321535.1	Camelus_dromedarius__Arabian_camel__HLcamDro3A__GCF_036321535.1	Camelus_dromedarius__Arabian_camel__HLcamDro3A__GCF_036321535.1	HLcamDro3A	GCF_036321535.1	Mammalia; Theria; Eutheria; Boreoeutheria; Laurasiatheria; Artiodactyla; Tylopoda; Camelidae; Camelus	31216184	72991593	14827	70	2	1.09861228866811	1	0.693147180559945	0	0	1	0.693147180559945	2	1	0	1	Herbivore	Plant_dominant	0	0	0	0	0	0	0	0	0	100	100	1	1	0	601000	5.77887447200274	Camelus dromedarius	Arabian camel	dromedary,dromedary camel,dromedaries,one-humped camel,camel	9838	NCBI	mCamDro1.pat	Chromosome	2024-01-31	Vertebrate Genomes Project	299	Camelus dromedarius	Camelus dromedarius	Plant_dominant	TRUE	100	0	0	0	1	0	0	0	100	PGA_CN_primary	1	0.693147180559945
Equus kiang	Equus_kiang	Equus_kiang__Kiang__HLequKian1__GCA_052150635.1	Equus_kiang__Kiang__HLequKian1__GCA_052150635.1	Equus_kiang__Kiang__HLequKian1__GCA_052150635.1	HLequKian1	GCA_052150635.1	Mammalia; Theria; Eutheria; Boreoeutheria; Laurasiatheria; Perissodactyla; Equidae; Equus	107027433	107027433	15130	2	11	2.484906649788	10	2.39789527279837	1	0.693147180559945	0	0	11	10	1	0	Herbivore	Plant_dominant	0	0	0	0	0	0	0	0	0	100	100	1	1	0	275000	5.43933269383026	Equus kiang	Kiang		94398	NCBI	ASM5215063v1	Complete Genome	2025-08-19	Inner Mongolia University	64	Equus kiang	Equus kiang	Plant_dominant	TRUE	100	0	0	0	1	0	0	0	100	PGA_CN_primary	10	2.39789527279837
Equus caballus	Equus_caballus	Equus_caballus__Horse__HLequCaba4__GCF_041296265.1	Equus_caballus__Horse__HLequCaba4__GCF_041296265.1	Equus_caballus__Horse__HLequCaba4__GCF_041296265.1	HLequCaba4	GCF_041296265.1	Mammalia; Theria; Eutheria; Boreoeutheria; Laurasiatheria; Perissodactyla; Equidae; Equus	99223387	99223387	15126	4	11	2.484906649788	10	2.39789527279837	1	0.693147180559945	0	0	11	10	1	0	Herbivore	Plant_dominant	0	0	0	0	0	0	0	0	0	100	100	1	1	0	250000	5.39794000867204	Equus caballus	Horse	Equus przewalskii f. caballus,equine,Equus przewalskii forma caballus,domestic horse	9796	NCBI	TB-T2T	Chromosome	2024-08-16	University of Kentucky	66	Equus caballus	Equus caballus	Plant_dominant	TRUE	100	0	0	0	1	0	0	0	100	PGA_CN_primary	10	2.39789527279837
Tapirus indicus	Tapirus_indicus	Tapirus_indicus__Asiatic_tapir__HLtapIndi3B__GCA_031878705.1	Tapirus_indicus__Asiatic_tapir__HLtapIndi3B__GCA_031878705.1	Tapirus_indicus__Asiatic_tapir__HLtapIndi3B__GCA_031878705.1	HLtapIndi3B	GCA_031878705.1	Mammalia; Theria; Eutheria; Boreoeutheria; Laurasiatheria; Perissodactyla; Tapiridae; Tapirus	56553937	129754520	15095	10	11	2.484906649788	9	2.30258509299405	2	1.09861228866811	0	0	11	9	2	0	Herbivore	Plant_dominant	0	0	0	0	0	0	0	0	0	100	100	1	1	0	296250	5.47165835901816	Tapirus indicus	Asiatic tapir	Malayan tapir	9802	NCBI	mTapInd1.hap2	Chromosome	2023-09-25	Vertebrate Genomes Project	91	Tapirus indicus	Tapirus indicus	Plant_dominant	TRUE	100	0	0	0	1	0	0	0	100	PGA_CN_primary	9	2.30258509299405
Otocyon megalotis	Otocyon_megalotis	Otocyon_megalotis__bat-eared_fox__HLotoMeg2	Otocyon_megalotis__bat-eared_fox__HLotoMeg2	Otocyon_megalotis__bat-eared_fox__HLotoMeg2	HLotoMeg2	DNA Zoo Consortium	Mammalia; Theria; Eutheria; Boreoeutheria; Laurasiatheria; Carnivora; Caniformia; Canidae; Otocyon	616011	68620662	14357	217	2	1.09861228866811	1	0.693147180559945	1	0.693147180559945	0	0	2	1	1	0	Omnivore	Omnivore	50	20	0	0	10	0	0	0	0	20	20	0.2	0.2	80	4150.02	3.6180501896925	Otocyon megalotis	bat-eared fox		9624	DNA Zoo Consortium			2021-11-01		622	Otocyon megalotis	Otocyon megalotis	Omnivore	TRUE	20	30	50	0	0.2	0.3	0.5	0	100	PGA_CN_primary	1	0.693147180559945
Nyctereutes procyonoides	Nyctereutes_procyonoides	Nyctereutes_procyonoides__raccoon_dog__HLnycPro4__GCA_905146905.1	Nyctereutes_procyonoides__raccoon_dog__HLnycPro4__GCA_905146905.1	Nyctereutes_procyonoides__raccoon_dog__HLnycPro4__GCA_905146905.1	HLnycPro4	GCA_905146905.1	Mammalia; Theria; Eutheria; Boreoeutheria; Laurasiatheria; Carnivora; Caniformia; Canidae; Nyctereutes	35077230	53959811	14720	16	2	1.09861228866811	1	0.693147180559945	1	0.693147180559945	0	0	2	1	1	0	Omnivore	Omnivore	20	10	30	0	0	0	30	0	10	0	40	0.4	0	60	4040	3.6063813651106	Nyctereutes procyonoides	raccoon dog	Canis procyonoides	34880	NCBI	NYPRO_anot_genome	Scaffold	2021-02-14	Senckenber Biodiversity and Climate Research Centre Frankfurt	460	Nyctereutes procyonoides	Nyctereutes procyonoides	Omnivore	TRUE	40	40	20	0	0.4	0.4	0.2	0	100	PGA_CN_primary	1	0.693147180559945
Lycaon pictus	Lycaon_pictus	Lycaon_pictus__African_hunting_dog__HLlycPict4A__GCA_040955705.1	Lycaon_pictus__African_hunting_dog__HLlycPict4A__GCA_040955705.1	Lycaon_pictus__African_hunting_dog__HLlycPict4A__GCA_040955705.1	HLlycPict4A	GCA_040955705.1	Mammalia; Theria; Eutheria; Boreoeutheria; Laurasiatheria; Carnivora; Caniformia; Canidae; Lycaon	39426608	64477381	15007	14	2	1.09861228866811	1	0.693147180559945	1	0.693147180559945	0	0	2	1	1	0	Carnivore	Animal_dominant	0	100	0	0	0	0	0	0	0	0	0	0	0	100	22050.07	4.34340997251431	Lycaon pictus	African hunting dog	painted hunting dog,ornate wolf,Hyaena picta,African wild dog	9622	NCBI	LycPic1.final.hap2	Chromosome	2024-08-01	University of Copenhagen	175	Lycaon pictus	Lycaon pictus	Carnivore	TRUE	0	100	0	0	0	1	0	0	100	PGA_CN_primary	1	0.693147180559945
Canis latrans	Canis_latrans	Canis_latrans__Coyote__HLcanLat1__GCA_034620425.1	Canis_latrans__Coyote__HLcanLat1__GCA_034620425.1	Canis_latrans__Coyote__HLcanLat1__GCA_034620425.1	HLcanLat1	GCA_034620425.1	Mammalia; Theria; Eutheria; Boreoeutheria; Laurasiatheria; Carnivora; Caniformia; Canidae; Canis	42015997	64494502	13134	55	2	1.09861228866811	1	0.693147180559945	1	0.693147180559945	0	0	2	1	1	0	Carnivore	Animal_dominant	0	60	0	10	0	30	0	0	0	0	0	0	0	100	13406.33	4.1273099054512	Canis latrans	Coyote		9614	NCBI	Cla-1	Chromosome	2023-12-27	Texas A&M University	2007	Canis latrans	Canis latrans	Carnivore	TRUE	0	100	0	0	0	1	0	0	100	PGA_CN_primary	1	0.693147180559945
Canis aureus	Canis_aureus	Canis_aureus__Golden_jackal__HLcanAure1__GCF_053574225.1	Canis_aureus__Golden_jackal__HLcanAure1__GCF_053574225.1	Canis_aureus__Golden_jackal__HLcanAure1__GCF_053574225.1	HLcanAure1	GCF_053574225.1	Mammalia; Theria; Eutheria; Boreoeutheria; Laurasiatheria; Carnivora; Caniformia; Canidae; Canis	56644425	68033816	15011	8	2	1.09861228866811	1	0.693147180559945	1	0.693147180559945	0	0	2	1	1	0	Carnivore	Animal_dominant	10	50	10	10	10	0	10	0	0	0	10	0.1	0	90	10345.23	4.01474015054747	Canis aureus	Golden jackal		68724	NCBI	VMU_Caureus_v.1.0	Chromosome	2025-11-21	University of Veterinary Medicine	177	Canis aureus	Canis aureus	Carnivore	TRUE	10	80	10	0	0.1	0.8	0.1	0	100	PGA_CN_primary	1	0.693147180559945
Canis lupus	Canis_lupus	Canis_lupus__Gray_wolf__HLcanLup8__GCA_905319855.2	Canis_lupus__Gray_wolf__HLcanLup8__GCA_905319855.2	Canis_lupus__Gray_wolf__HLcanLup8__GCA_905319855.2	HLcanLup8	GCA_905319855.2	Mammalia; Theria; Eutheria; Boreoeutheria; Laurasiatheria; Carnivora; Caniformia; Canidae; Canis	34375412	65778685	14967	12	2	1.09861228866811	1	0.693147180559945	1	0.693147180559945	0	0	2	1	1	0	Carnivore	Animal_dominant	0	100	0	0	0	0	0	0	0	0	0	0	0	100	32183.33	4.50763097841445	Canis lupus	Gray wolf	grey wolf	9612	NCBI	mCanLor1.2	Chromosome	2021-03-26	WELLCOME SANGER INSTITUTE	217	Canis lupus	Canis lupus	Carnivore	TRUE	0	100	0	0	0	1	0	0	100	PGA_CN_primary	1	0.693147180559945
Vulpes ferrilata	Vulpes_ferrilata	Vulpes_ferrilata__Tibetan_sand_fox__HLvulFer1__GCA_024500485.1	Vulpes_ferrilata__Tibetan_sand_fox__HLvulFer1__GCA_024500485.1	Vulpes_ferrilata__Tibetan_sand_fox__HLvulFer1__GCA_024500485.1	HLvulFer1	GCA_024500485.1	Mammalia; Theria; Eutheria; Boreoeutheria; Laurasiatheria; Carnivora; Caniformia; Canidae; Vulpes	52909674	133960477	15001	11	2	1.09861228866811	1	0.693147180559945	1	0.693147180559945	0	0	2	1	1	0	Carnivore	Animal_dominant	0	100	0	0	0	0	0	0	0	0	0	0	0	100	5000	3.69897000433602	Vulpes ferrilata	Tibetan sand fox		561074	NCBI	ASM2450048v1	Chromosome	2022-08-01	Qufu Normal University	184	Vulpes ferrilata	Vulpes ferrilata	Carnivore	TRUE	0	100	0	0	0	1	0	0	100	PGA_CN_primary	1	0.693147180559945
Vulpes corsac	Vulpes_corsac	Vulpes_corsac__Corsac_fox__HLvulCor1__GCA_030463245.1	Vulpes_corsac__Corsac_fox__HLvulCor1__GCA_030463245.1	Vulpes_corsac__Corsac_fox__HLvulCor1__GCA_030463245.1	HLvulCor1	GCA_030463245.1	Mammalia; Theria; Eutheria; Boreoeutheria; Laurasiatheria; Carnivora; Caniformia; Canidae; Vulpes	41624634	132204642	15004	8	2	1.09861228866811	1	0.693147180559945	1	0.693147180559945	0	0	2	1	1	0	Carnivore	Animal_dominant	20	70	0	0	0	0	0	0	0	10	10	0.1	0.1	90	2400	3.38021124171161	Vulpes corsac	Corsac fox	Canis corsac	9629	NCBI	zhanglab2022	Chromosome	2023-07-18	Qufu normal university	184	Vulpes corsac	Vulpes corsac	Carnivore	TRUE	10	70	20	0	0.1	0.7	0.2	0	100	PGA_CN_primary	1	0.693147180559945
Vulpes vulpes	Vulpes_vulpes	Vulpes_vulpes__Red_fox__HLvulVul3__GCA_048418805.1	Vulpes_vulpes__Red_fox__HLvulVul3__GCA_048418805.1	Vulpes_vulpes__Red_fox__HLvulVul3__GCA_048418805.1	HLvulVul3	GCA_048418805.1	Mammalia; Theria; Eutheria; Boreoeutheria; Laurasiatheria; Carnivora; Caniformia; Canidae; Vulpes	55675583	139969695	14866	36	2	1.09861228866811	1	0.693147180559945	1	0.693147180559945	0	0	2	1	1	0	Carnivore	Animal_dominant	20	70	0	0	0	0	10	0	0	0	10	0.1	0	90	5476.17	3.73847692173294	Vulpes vulpes	Red fox	silver fox,Canis vulpes	9627	NCBI	VulVul3	Chromosome	2025-03-05	Texas A&M University	294	Vulpes vulpes	Vulpes vulpes	Carnivore	TRUE	10	70	20	0	0.1	0.7	0.2	0	100	PGA_CN_primary	1	0.693147180559945
Vulpes lagopus	Vulpes_lagopus	Vulpes_lagopus__Arctic_fox__HLvulLag2__GCF_018345385.1	Vulpes_lagopus__Arctic_fox__HLvulLag2__GCF_018345385.1	Vulpes_lagopus__Arctic_fox__HLvulLag2__GCF_018345385.1	HLvulLag2	GCF_018345385.1	Mammalia; Theria; Eutheria; Boreoeutheria; Laurasiatheria; Carnivora; Caniformia; Canidae; Vulpes	33460300	131537142	14805	17	2	1.09861228866811	1	0.693147180559945	1	0.693147180559945	0	0	2	1	1	0	Carnivore	Animal_dominant	10	70	0	10	0	10	0	0	0	0	0	0	0	100	3584.37	3.55441283376475	Vulpes lagopus	Arctic fox	Alopex lagopus	494514	NCBI	ASM1834538v1	Chromosome	2021-05-12	Hebei Normal University of Science and Technology	374	Vulpes lagopus	Vulpes lagopus	Carnivore	TRUE	0	90	10	0	0	0.9	0.1	0	100	PGA_CN_primary	1	0.693147180559945
Urocyon cinereoargenteus	Urocyon_cinereoargenteus	Urocyon_cinereoargenteus__Gray_fox__HLuroCin1__GCA_032313775.1	Urocyon_cinereoargenteus__Gray_fox__HLuroCin1__GCA_032313775.1	Urocyon_cinereoargenteus__Gray_fox__HLuroCin1__GCA_032313775.1	HLuroCin1	GCA_032313775.1	Mammalia; Theria; Eutheria; Boreoeutheria; Laurasiatheria; Carnivora; Caniformia; Canidae; Urocyon	59386518	72908786	15007	13	2	1.09861228866811	1	0.693147180559945	1	0.693147180559945	0	0	2	1	1	0	Carnivore	Animal_dominant	10	0	0	0	30	0	20	0	20	20	60	0.6	0.2	40	3833.72	3.58362039052026	Urocyon cinereoargenteus	Gray fox	Canis cinereoargenteus	55040	NCBI	UCinereo1.0	Chromosome	2023-10-04	Washington State University	176	Urocyon cinereoargenteus	Urocyon cinereoargenteus	Carnivore	TRUE	60	30	10	0	0.6	0.3	0.1	0	100	PGA_CN_primary	1	0.693147180559945
Mirounga leonina	Mirounga_leonina	Mirounga_leonina__Southern_elephant_seal__HLmirLeo1__GCA_011800145.1	Mirounga_leonina__Southern_elephant_seal__HLmirLeo1__GCA_011800145.1	Mirounga_leonina__Southern_elephant_seal__HLmirLeo1__GCA_011800145.1	HLmirLeo1	GCA_011800145.1	Mammalia; Theria; Eutheria; Boreoeutheria; Laurasiatheria; Carnivora; Caniformia; Pinnipedia; Phocidae; Monachinae; Miroungini; Mirounga	197908	54232831	14775	78	2	1.09861228866811	1	0.693147180559945	1	0.693147180559945	0	0	2	1	1	0	Omnivore	Omnivore	60	0	0	40	0	0	0	0	0	0	0	0	0	100	1600000	6.20411998265593	Mirounga leonina	Southern elephant seal		9715	NCBI	KU_Mleo_1.0	Scaffold	2020-03-31	Earth Biogenome Project	343	Mirounga leonina	Mirounga leonina	Omnivore	TRUE	0	40	60	0	0	0.4	0.6	0	100	PGA_CN_primary	1	0.693147180559945
Hydrurga leptonyx	Hydrurga_leptonyx	Hydrurga_leptonyx__Leopard_seal__HLhydLept1__GCA_050320145.1	Hydrurga_leptonyx__Leopard_seal__HLhydLept1__GCA_050320145.1	Hydrurga_leptonyx__Leopard_seal__HLhydLept1__GCA_050320145.1	HLhydLept1	GCA_050320145.1	Mammalia; Theria; Eutheria; Boreoeutheria; Laurasiatheria; Carnivora; Caniformia; Pinnipedia; Phocidae; Monachinae; Lobodontini; Hydrurga	99454515	99454515	15021	10	2	1.09861228866811	1	0.693147180559945	1	0.693147180559945	0	0	2	1	1	0	Insectivore	Animal_dominant	80	20	0	0	0	0	0	0	0	0	0	0	0	100	360000	5.55630250076729	Hydrurga leptonyx	Leopard seal	Phoca leptonyx	29086	NCBI	ASM5032014v1	Scaffold	2025-05-12	Hampton University	165	Hydrurga leptonyx	Hydrurga leptonyx	Insectivore	TRUE	0	20	80	0	0	0.2	0.8	0	100	PGA_CN_primary	1	0.693147180559945
Monachus monachus	Monachus_monachus	Monachus_monachus__Mediterranean_monk_seal__HLmonMona1__GCA_976986665.1	Monachus_monachus__Mediterranean_monk_seal__HLmonMona1__GCA_976986665.1	Monachus_monachus__Mediterranean_monk_seal__HLmonMona1__GCA_976986665.1	HLmonMona1	GCA_976986665.1	Mammalia; Theria; Eutheria; Boreoeutheria; Laurasiatheria; Carnivora; Caniformia; Pinnipedia; Phocidae; Monachinae; Monachini; Monachus	90875510	157001452	15004	9	2	1.09861228866811	1	0.693147180559945	1	0.693147180559945	0	0	2	1	1	0	Carnivore	Animal_dominant	20	0	0	80	0	0	0	0	0	0	0	0	0	100	292500	5.4661258704182	Monachus monachus	Mediterranean monk seal	Phoca monachus	248254	NCBI	mMonMoa1.1	Chromosome	2025-11-08	NBIS (National Bioinformatics Infrastructure Sweden)	183	Monachus monachus	Monachus monachus	Carnivore	TRUE	0	80	20	0	0	0.8	0.2	0	100	PGA_CN_primary	1	0.693147180559945
Phoca vitulina	Phoca_vitulina	Phoca_vitulina__harbor_seal__HLphoVit1__GCA_004348235.1	Phoca_vitulina__harbor_seal__HLphoVit1__GCA_004348235.1	Phoca_vitulina__harbor_seal__HLphoVit1__GCA_004348235.1	HLphoVit1	GCA_004348235.1	Mammalia; Theria; Eutheria; Boreoeutheria; Laurasiatheria; Carnivora; Caniformia; Pinnipedia; Phocidae; Phocinae; Phoca	283887	41024070	14779	70	2	1.09861228866811	1	0.693147180559945	1	0.693147180559945	0	0	2	1	1	0	Carnivore	Animal_dominant	20	0	0	80	0	0	0	0	0	0	0	0	0	100	1e+05	5	Phoca vitulina	harbor seal		9720	NCBI	GSC_HSeal_1.0	Scaffold	2019-02-11	Canada's Genome Enterprise (CGEN)	347	Phoca vitulina	Phoca vitulina	Carnivore	TRUE	0	80	20	0	0	0.8	0.2	0	100	PGA_CN_primary	1	0.693147180559945
Eumetopias jubatus	Eumetopias_jubatus	Eumetopias_jubatus__Steller_sea_lion__HLeumJub1__GCA_004028035.1	Eumetopias_jubatus__Steller_sea_lion__HLeumJub1__GCA_004028035.1	Eumetopias_jubatus__Steller_sea_lion__HLeumJub1__GCA_004028035.1	HLeumJub1	GCA_004028035.1	Mammalia; Theria; Eutheria; Boreoeutheria; Laurasiatheria; Carnivora; Caniformia; Pinnipedia; Otariidae; Eumetopias	242372	14018600	14688	121	2	1.09861228866811	1	0.693147180559945	1	0.693147180559945	0	0	2	1	1	0	Carnivore	Animal_dominant	0	0	0	100	0	0	0	0	0	0	0	0	0	100	310000	5.49136169383427	Eumetopias jubatus	Steller sea lion	Phoca jubata,northern sea lion	34886	NCBI	ASM402803v1	Scaffold	2019-01-15	Canada's Genomic Enterprise	387	Eumetopias jubatus	Eumetopias jubatus	Carnivore	TRUE	0	100	0	0	0	1	0	0	100	PGA_CN_primary	1	0.693147180559945
Zalophus californianus	Zalophus_californianus	Zalophus_californianus__California_sea_lion__HLzalCal1__GCA_009762305.1	Zalophus_californianus__California_sea_lion__HLzalCal1__GCA_009762305.1	Zalophus_californianus__California_sea_lion__HLzalCal1__GCA_009762305.1	HLzalCal1	GCA_009762305.1	Mammalia; Theria; Eutheria; Boreoeutheria; Laurasiatheria; Carnivora; Caniformia; Pinnipedia; Otariidae; Zalophus	60554208	146931682	14139	11	2	1.09861228866811	1	0.693147180559945	1	0.693147180559945	0	0	2	1	1	0	Omnivore	Omnivore	40	0	0	60	0	0	0	0	0	0	0	0	0	100	80000	4.90308998699194	Zalophus californianus	California sea lion	California sealion	9704	NCBI	mZalCal1.pri	Chromosome	2019-12-18	Vertebrate Genomes Project	1046	Zalophus californianus	Zalophus californianus	Omnivore	TRUE	0	60	40	0	0	0.6	0.4	0	100	PGA_CN_primary	1	0.693147180559945
Arctocephalus gazella	Arctocephalus_gazella	Arctocephalus_gazella__Antarctic_fur_seal__HLarcGaze3A__GCA_040869175.1	Arctocephalus_gazella__Antarctic_fur_seal__HLarcGaze3A__GCA_040869175.1	Arctocephalus_gazella__Antarctic_fur_seal__HLarcGaze3A__GCA_040869175.1	HLarcGaze3A	GCA_040869175.1	Mammalia; Theria; Eutheria; Boreoeutheria; Laurasiatheria; Carnivora; Caniformia; Pinnipedia; Otariidae; Arctocephalus	55559406	141635559	15003	16	2	1.09861228866811	1	0.693147180559945	1	0.693147180559945	0	0	2	1	1	0	Insectivore	Animal_dominant	80	0	0	20	0	0	0	0	0	0	0	0	0	100	97500	4.98900461569854	Arctocephalus gazella	Antarctic fur seal		37190	NCBI	arcGaz4_h1	Scaffold	2024-07-25	Univeristy Bielefeld	177	Arctocephalus gazella	Arctocephalus gazella	Insectivore	TRUE	0	20	80	0	0	0.2	0.8	0	100	PGA_CN_primary	1	0.693147180559945
Mephitis mephitis	Mephitis_mephitis	Mephitis_mephitis__Striped_skunk__HLmepMeph1__GCA_055769545.1	Mephitis_mephitis__Striped_skunk__HLmepMeph1__GCA_055769545.1	Mephitis_mephitis__Striped_skunk__HLmepMeph1__GCA_055769545.1	HLmepMeph1	GCA_055769545.1	Mammalia; Theria; Eutheria; Boreoeutheria; Laurasiatheria; Carnivora; Caniformia; Musteloidea; Mephitidae; Mephitis	39934464	42172126	15041	8	2	1.09861228866811	1	0.693147180559945	1	0.693147180559945	0	0	2	1	1	0	Carnivore	Animal_dominant	20	30	0	0	0	0	20	0	10	20	50	0.5	0.2	50	2085.02	3.31911022518411	Mephitis mephitis	Striped skunk	Viverra mephitis	30548	NCBI	M.mephitis_ASK9808_v1.0	Scaffold	2026-03-10	The Hospital for Sick Children	147	Mephitis mephitis	Mephitis mephitis	Carnivore	TRUE	50	30	20	0	0.5	0.3	0.2	0	100	PGA_CN_primary	1	0.693147180559945
Meles meles	Meles_meles	Meles_meles__Eurasian_badger__HLmeeMel1__GCA_922984935.1	Meles_meles__Eurasian_badger__HLmeeMel1__GCA_922984935.1	Meles_meles__Eurasian_badger__HLmeeMel1__GCA_922984935.1	HLmeeMel1	GCA_922984935.1	Mammalia; Theria; Eutheria; Boreoeutheria; Laurasiatheria; Carnivora; Caniformia; Musteloidea; Mustelidae; Melinae; Meles	75210923	132955750	14988	5	2	1.09861228866811	1	0.693147180559945	1	0.693147180559945	0	0	2	1	1	0	Carnivore	Animal_dominant	20	20	20	0	0	0	20	0	10	10	40	0.4	0.1	60	13000	4.11394335230684	Meles meles	Eurasian badger		9662	NCBI	mMelMel3.1 paternal haplotype	Chromosome	2021-12-19	WELLCOME SANGER INSTITUTE	203	Meles meles	Meles meles	Carnivore	TRUE	40	40	20	0	0.4	0.4	0.2	0	100	PGA_CN_primary	1	0.693147180559945
Eira barbara	Eira_barbara	Eira_barbara__Tayra__HLeirBar1__GCA_020311275.1	Eira_barbara__Tayra__HLeirBar1__GCA_020311275.1	Eira_barbara__Tayra__HLeirBar1__GCA_020311275.1	HLeirBar1	GCA_020311275.1	Mammalia; Theria; Eutheria; Boreoeutheria; Laurasiatheria; Carnivora; Caniformia; Musteloidea; Mustelidae; Guloninae; Eira	285064	42537617	14772	44	2	1.09861228866811	1	0.693147180559945	1	0.693147180559945	0	0	2	1	1	0	Carnivore	Animal_dominant	0	90	0	0	0	0	10	0	0	0	10	0.1	0	90	3910.03	3.59218008956581	Eira barbara	Tayra	Mustela barbara	204263	NCBI	ASM2031127v1	Scaffold	2021-10-05	Leibniz Institute for Zoo and Wildlife Research (IZW)	380	Eira barbara	Eira barbara	Carnivore	TRUE	10	90	0	0	0.1	0.9	0	0	100	PGA_CN_primary	1	0.693147180559945
Martes flavigula	Martes_flavigula	Martes_flavigula__Yellow-throated_marten__HLmarFlav2__GCA_029410595.1	Martes_flavigula__Yellow-throated_marten__HLmarFlav2__GCA_029410595.1	Martes_flavigula__Yellow-throated_marten__HLmarFlav2__GCA_029410595.1	HLmarFlav2	GCA_029410595.1	Mammalia; Theria; Eutheria; Boreoeutheria; Laurasiatheria; Carnivora; Caniformia; Musteloidea; Mustelidae; Guloninae; Martes	68603938	143113826	15042	7	2	1.09861228866811	1	0.693147180559945	1	0.693147180559945	0	0	2	1	1	0	Carnivore	Animal_dominant	10	40	20	0	20	0	10	0	0	0	10	0.1	0	90	1842.5	3.26540749653109	Martes flavigula	Yellow-throated marten		74864	NCBI	ASM2941059v1	Chromosome	2023-03-27	Qufu Normal University	147	Martes flavigula	Martes flavigula	Carnivore	TRUE	10	80	10	0	0.1	0.8	0.1	0	100	PGA_CN_primary	1	0.693147180559945
Martes foina	Martes_foina	Martes_foina__Beach_marten__HLmarFoin2__GCA_964304585.1	Martes_foina__Beach_marten__HLmarFoin2__GCA_964304585.1	Martes_foina__Beach_marten__HLmarFoin2__GCA_964304585.1	HLmarFoin2	GCA_964304585.1	Mammalia; Theria; Eutheria; Boreoeutheria; Laurasiatheria; Carnivora; Caniformia; Musteloidea; Mustelidae; Guloninae; Martes	64160893	146036623	15033	8	2	1.09861228866811	1	0.693147180559945	1	0.693147180559945	0	0	2	1	1	0	Carnivore	Animal_dominant	0	50	0	0	20	0	20	0	0	10	30	0.3	0.1	70	1540.8	3.18774626978046	Martes foina	Beach marten	Mustela foina,beech marten	9659	NCBI	mMarFoi2.1	Chromosome	2024-11-06	Centro Nacional de Análisis Genómico	155	Martes foina	Martes foina	Carnivore	TRUE	30	70	0	0	0.3	0.7	0	0	100	PGA_CN_primary	1	0.693147180559945
Martes martes	Martes_martes	Martes_martes__European_pine_marten__HLmarMart2__GCA_963455335.1	Martes_martes__European_pine_marten__HLmarMart2__GCA_963455335.1	Martes_martes__European_pine_marten__HLmarMart2__GCA_963455335.1	HLmarMart2	GCA_963455335.1	Mammalia; Theria; Eutheria; Boreoeutheria; Laurasiatheria; Carnivora; Caniformia; Musteloidea; Mustelidae; Guloninae; Martes	1599794	146289188	14966	45	2	1.09861228866811	1	0.693147180559945	1	0.693147180559945	0	0	2	1	1	0	Omnivore	Omnivore	0	60	0	0	0	0	40	0	0	0	40	0.4	0	60	1300	3.11394335230684	Martes martes	European pine marten	Mustela martes	29065	NCBI	mMarMar1.1	Chromosome	2023-09-20	WELLCOME SANGER INSTITUTE	185	Martes martes	Martes martes	Omnivore	TRUE	40	60	0	0	0.4	0.6	0	0	100	PGA_CN_primary	1	0.693147180559945
Mustela erminea	Mustela_erminea	Mustela_erminea__ermine__HLmusErm1__GCA_009829155.1	Mustela_erminea__ermine__HLmusErm1__GCA_009829155.1	Mustela_erminea__ermine__HLmusErm1__GCA_009829155.1	HLmusErm1	GCA_009829155.1	Mammalia; Theria; Eutheria; Boreoeutheria; Laurasiatheria; Carnivora; Caniformia; Musteloidea; Mustelidae; Mustelinae; Mustela	36329944	130149454	14832	7	2	1.09861228866811	1	0.693147180559945	1	0.693147180559945	0	0	2	1	1	0	Carnivore	Animal_dominant	10	70	10	0	10	0	0	0	0	0	0	0	0	100	119.38	2.07693157455566	Mustela erminea	ermine	stoat,short-tailed weasel	36723	NCBI	mMusErm1.Pri	Chromosome	2020-01-03	Vertebrate Genomes Project	357	Mustela erminea	Mustela erminea	Carnivore	TRUE	0	90	10	0	0	0.9	0.1	0	100	PGA_CN_primary	1	0.693147180559945
Mustela nivalis	Mustela_nivalis	Mustela_nivalis__Least_weasel__HLmusNiva2A__GCA_964662115.1	Mustela_nivalis__Least_weasel__HLmusNiva2A__GCA_964662115.1	Mustela_nivalis__Least_weasel__HLmusNiva2A__GCA_964662115.1	HLmusNiva2A	GCA_964662115.1	Mammalia; Theria; Eutheria; Boreoeutheria; Laurasiatheria; Carnivora; Caniformia; Musteloidea; Mustelidae; Mustelinae; Mustela	1161649	115392379	14832	122	2	1.09861228866811	1	0.693147180559945	1	0.693147180559945	0	0	2	1	1	0	Carnivore	Animal_dominant	0	100	0	0	0	0	0	0	0	0	0	0	0	100	103.88	2.01653194095727	Mustela nivalis	Least weasel		36239	NCBI	mMusNiv2.hap1.1	Chromosome	2025-01-03	WELLCOME SANGER INSTITUTE	242	Mustela nivalis	Mustela nivalis	Carnivore	TRUE	0	100	0	0	0	1	0	0	100	PGA_CN_primary	1	0.693147180559945
Mustela lutreola	Mustela_lutreola	Mustela_lutreola__European_mink__HLmusLut1__GCF_030435805.1	Mustela_lutreola__European_mink__HLmusLut1__GCF_030435805.1	Mustela_lutreola__European_mink__HLmusLut1__GCF_030435805.1	HLmusLut1	GCF_030435805.1	Mammalia; Theria; Eutheria; Boreoeutheria; Laurasiatheria; Carnivora; Caniformia; Musteloidea; Mustelidae; Mustelinae; Mustela	83356672	154078643	15032	3	2	1.09861228866811	1	0.693147180559945	1	0.693147180559945	0	0	2	1	1	0	Carnivore	Animal_dominant	20	80	0	0	0	0	0	0	0	0	0	0	0	100	440	2.64345267648619	Mustela lutreola	European mink	mink	9666	NCBI	mMusLut2.pri	Chromosome	2023-07-13	Vertebrate Genomes Project	161	Mustela lutreola	Mustela lutreola	Carnivore	TRUE	0	80	20	0	0	0.8	0.2	0	100	PGA_CN_primary	1	0.693147180559945
Lontra canadensis	Lontra_canadensis	Lontra_canadensis__Northern_American_river_otter__HLlonCan1__GCA_010015895.1	Lontra_canadensis__Northern_American_river_otter__HLlonCan1__GCA_010015895.1	Lontra_canadensis__Northern_American_river_otter__HLlonCan1__GCA_010015895.1	HLlonCan1	GCA_010015895.1	Mammalia; Theria; Eutheria; Boreoeutheria; Laurasiatheria; Carnivora; Caniformia; Musteloidea; Mustelidae; Lutrinae; Lontra	691969	18460785	14742	72	2	1.09861228866811	1	0.693147180559945	1	0.693147180559945	0	0	2	1	1	0	Carnivore	Animal_dominant	0	0	10	90	0	0	0	0	0	0	0	0	0	100	8087.42	3.90780999769773	Lontra canadensis	Northern American river otter	Lutra canadensis,river otter	76717	NCBI	GSC_riverotter_1.0	Scaffold	2020-01-27	Canada's Genomic Enterprise	382	Lontra canadensis	Lontra canadensis	Carnivore	TRUE	0	100	0	0	0	1	0	0	100	PGA_CN_primary	1	0.693147180559945
Lutra lutra	Lutra_lutra	Lutra_lutra__Eurasian_river_otter__HLlutLut1__GCA_902655055.1	Lutra_lutra__Eurasian_river_otter__HLlutLut1__GCA_902655055.1	Lutra_lutra__Eurasian_river_otter__HLlutLut1__GCA_902655055.1	HLlutLut1	GCA_902655055.1	Mammalia; Theria; Eutheria; Boreoeutheria; Laurasiatheria; Carnivora; Caniformia; Musteloidea; Mustelidae; Lutrinae; Lutra	30403456	149004807	14533	10	2	1.09861228866811	1	0.693147180559945	1	0.693147180559945	0	0	2	1	1	0	Omnivore	Omnivore	30	10	30	30	0	0	0	0	0	0	0	0	0	100	8785.14	3.94374868680377	Lutra lutra	Eurasian river otter	European river otter,European otter	9657	NCBI	mLutLut1.1	Chromosome	2020-01-11	SC	653	Lutra lutra	Lutra lutra	Omnivore	TRUE	0	70	30	0	0	0.7	0.3	0	100	PGA_CN_primary	1	0.693147180559945
Ailuropoda melanoleuca	Ailuropoda_melanoleuca	Ailuropoda_melanoleuca__giant_panda__HLailMel3__GCA_029963865.1	Ailuropoda_melanoleuca__giant_panda__HLailMel3__GCA_029963865.1	Ailuropoda_melanoleuca__giant_panda__HLailMel3__GCA_029963865.1	HLailMel3	GCA_029963865.1	Mammalia; Theria; Eutheria; Boreoeutheria; Laurasiatheria; Carnivora; Caniformia; Ursidae; Ailuropoda	28556066	134169173	13652	16	2	1.09861228866811	1	0.693147180559945	1	0.693147180559945	0	0	2	1	1	0	Herbivore	Plant_dominant	0	10	0	0	0	0	0	0	0	90	90	0.9	0.9	10	108400	5.03502928220237	Ailuropoda melanoleuca	giant panda		9646	NCBI	CPB_AME_v1	Chromosome	2023-05-12	Sichuan Key Laboratory of Conservation Biology on Endangered Wildlife	1528	Ailuropoda melanoleuca	Ailuropoda melanoleuca	Plant_dominant	TRUE	90	10	0	0	0.9	0.1	0	0	100	PGA_CN_primary	1	0.693147180559945
Ursus maritimus	Ursus_maritimus	Ursus_maritimus__polar_bear__HLursMar2__GCF_017311325.1	Ursus_maritimus__polar_bear__HLursMar2__GCF_017311325.1	Ursus_maritimus__polar_bear__HLursMar2__GCF_017311325.1	HLursMar2	GCF_017311325.1	Mammalia; Theria; Eutheria; Boreoeutheria; Laurasiatheria; Carnivora; Caniformia; Ursidae; Ursus	206653	72237886	14658	27	2	1.09861228866811	1	0.693147180559945	1	0.693147180559945	0	0	2	1	1	0	Carnivore	Animal_dominant	0	90	0	10	0	0	0	0	0	0	0	0	0	100	388750.36	5.58967080421095	Ursus maritimus	polar bear	white bear,Thalarctos maritimus	29073	NCBI	ASM1731132v1	Scaffold	2021-03-09	University of California, Santa Cruz	511	Ursus maritimus	Ursus maritimus	Carnivore	TRUE	0	100	0	0	0	1	0	0	100	PGA_CN_primary	1	0.693147180559945
Ursus arctos	Ursus_arctos	Ursus_arctos__brown_bear__HLursArc2__GCF_023065955.1	Ursus_arctos__brown_bear__HLursArc2__GCF_023065955.1	Ursus_arctos__brown_bear__HLursArc2__GCF_023065955.1	HLursArc2	GCF_023065955.1	Mammalia; Theria; Eutheria; Boreoeutheria; Laurasiatheria; Carnivora; Caniformia; Ursidae; Ursus	43943000	70076652	15021	11	2	1.09861228866811	1	0.693147180559945	1	0.693147180559945	0	0	2	1	1	0	Herbivore	Plant_dominant	10	10	0	0	0	0	20	0	0	60	80	0.8	0.6	20	180520.42	5.25652633528169	Ursus arctos	brown bear	grizzly bear	9644	NCBI	UrsArc1.0	Scaffold	2022-04-20	Washington State University	164	Ursus arctos	Ursus arctos	Plant_dominant	TRUE	80	10	10	0	0.8	0.1	0.1	0	100	PGA_CN_primary	1	0.693147180559945
Ursus americanus	Ursus_americanus	Ursus_americanus__American_black_bear__HLursAme3__GCF_020975775.1	Ursus_americanus__American_black_bear__HLursAme3__GCF_020975775.1	Ursus_americanus__American_black_bear__HLursAme3__GCF_020975775.1	HLursAme3	GCF_020975775.1	Mammalia; Theria; Eutheria; Boreoeutheria; Laurasiatheria; Carnivora; Caniformia; Ursidae; Ursus	13882922	13882922	14537	44	2	1.09861228866811	1	0.693147180559945	1	0.693147180559945	0	0	2	1	1	0	Frugivore	Plant_dominant	0	10	0	10	0	0	50	0	0	30	80	0.8	0.3	20	99949.36	4.99978001757011	Ursus americanus	American black bear	Euarctos americanus	9643	NCBI	gsc_jax_bbear_1.0	Contig	2021-11-24	Jackson Laboratory	615	Ursus americanus	Ursus americanus	Plant_dominant	TRUE	80	20	0	0	0.8	0.2	0	0	100	PGA_CN_primary	1	0.693147180559945
Hyaena hyaena	Hyaena_hyaena	Hyaena_hyaena__striped_hyena__HLhyaHya1__GCA_003009895.1	Hyaena_hyaena__striped_hyena__HLhyaHya1__GCA_003009895.1	Hyaena_hyaena__striped_hyena__HLhyaHya1__GCA_003009895.1	HLhyaHya1	GCA_003009895.1	Mammalia; Theria; Eutheria; Boreoeutheria; Laurasiatheria; Carnivora; Feliformia; Hyaenidae; Hyaena	311202	2001327	14861	72	2	1.09861228866811	1	0.693147180559945	1	0.693147180559945	0	0	2	1	1	0	Carnivore	Animal_dominant	10	10	0	0	0	70	10	0	0	0	10	0.1	0	90	41705.11	4.62018927101305	Hyaena hyaena	striped hyena		95912	NCBI	ASM300989v1	Scaffold	2018-03-19	Potsdam University	263	Hyaena hyaena	Hyaena hyaena	Carnivore	TRUE	10	80	10	0	0.1	0.8	0.1	0	100	PGA_CN_primary	1	0.693147180559945
Paguma larvata	Paguma_larvata	Paguma_larvata__Masked_palm_civet__HLpagLar1__GCA_030068075.1	Paguma_larvata__Masked_palm_civet__HLpagLar1__GCA_030068075.1	Paguma_larvata__Masked_palm_civet__HLpagLar1__GCA_030068075.1	HLpagLar1	GCA_030068075.1	Mammalia; Theria; Eutheria; Boreoeutheria; Laurasiatheria; Carnivora; Feliformia; Viverridae; Paradoxurinae; Paguma	12856992	111806299	13905	21	2	1.09861228866811	1	0.693147180559945	1	0.693147180559945	0	0	2	1	1	0	Carnivore	Animal_dominant	20	60	0	0	0	0	20	0	0	0	20	0.2	0	80	4300	3.63346845557959	Paguma larvata	Masked palm civet	Gulo larvatus	9675	NCBI	ASM3006807v1	Chromosome	2023-06-05	Institute of Zoology, Guangdong Academy of Sciences	1270	Paguma larvata	Paguma larvata	Carnivore	TRUE	20	60	20	0	0.2	0.6	0.2	0	100	PGA_CN_primary	1	0.693147180559945
Panthera tigris	Panthera_tigris	Panthera_tigris__tiger__HLpanTig3__GCF_018350195.1	Panthera_tigris__tiger__HLpanTig3__GCF_018350195.1	Panthera_tigris__tiger__HLpanTig3__GCF_018350195.1	HLpanTig3	GCF_018350195.1	Mammalia; Theria; Eutheria; Boreoeutheria; Laurasiatheria; Carnivora; Feliformia; Felidae; Pantherinae; Panthera	74391967	146942463	14879	12	2	1.09861228866811	1	0.693147180559945	1	0.693147180559945	0	0	2	1	1	0	Carnivore	Animal_dominant	0	100	0	0	0	0	0	0	0	0	0	0	0	100	162564	5.21102437685232	Panthera tigris	tiger	Felis tigris	9694	NCBI	P.tigris_Pti1_mat1.1	Chromosome	2021-05-13	Texas A&M University	305	Panthera tigris	Panthera tigris	Carnivore	TRUE	0	100	0	0	0	1	0	0	100	PGA_CN_primary	1	0.693147180559945
Panthera onca	Panthera_onca	Panthera_onca__Jaguar__HLpanOnca3A__GCA_046562875.1	Panthera_onca__Jaguar__HLpanOnca3A__GCA_046562875.1	Panthera_onca__Jaguar__HLpanOnca3A__GCA_046562875.1	HLpanOnca3A	GCA_046562875.1	Mammalia; Theria; Eutheria; Boreoeutheria; Laurasiatheria; Carnivora; Feliformia; Felidae; Pantherinae; Panthera	42469011	148260853	15030	20	2	1.09861228866811	1	0.693147180559945	1	0.693147180559945	0	0	2	1	1	0	Carnivore	Animal_dominant	0	80	10	10	0	0	0	0	0	0	0	0	0	100	1e+05	5	Panthera onca	Jaguar		9690	NCBI	mPanOnc1 haplotype 2	Chromosome	2025-01-08	Genomics of Brazilian Biodiversity	146	Panthera onca	Panthera onca	Carnivore	TRUE	0	100	0	0	0	1	0	0	100	PGA_CN_primary	1	0.693147180559945
Panthera pardus	Panthera_pardus	Panthera_pardus__leopard__HLpanPar2__GCA_024362965.1	Panthera_pardus__leopard__HLpanPar2__GCA_024362965.1	Panthera_pardus__leopard__HLpanPar2__GCA_024362965.1	HLpanPar2	GCA_024362965.1	Mammalia; Theria; Eutheria; Boreoeutheria; Laurasiatheria; Carnivora; Feliformia; Felidae; Pantherinae; Panthera	22236240	126810544	14573	11	2	1.09861228866811	1	0.693147180559945	1	0.693147180559945	0	0	2	1	1	0	Carnivore	Animal_dominant	0	100	0	0	0	0	0	0	0	0	0	0	0	100	52038.22	4.71632243282808	Panthera pardus	leopard	Leo pardus	9691	NCBI	ASM2436296v1	Scaffold	2022-07-21	Stanford University	612	Panthera pardus	Panthera pardus	Carnivore	TRUE	0	100	0	0	0	1	0	0	100	PGA_CN_primary	1	0.693147180559945
Panthera leo	Panthera_leo	Panthera_leo__lion__HLpanLeo2__GCF_018350215.1	Panthera_leo__lion__HLpanLeo2__GCF_018350215.1	Panthera_leo__lion__HLpanLeo2__GCF_018350215.1	HLpanLeo2	GCF_018350215.1	Mammalia; Theria; Eutheria; Boreoeutheria; Laurasiatheria; Carnivora; Feliformia; Felidae; Pantherinae; Panthera	77781637	147402474	14371	477	2	1.09861228866811	1	0.693147180559945	1	0.693147180559945	0	0	2	1	1	0	Carnivore	Animal_dominant	0	90	0	0	0	10	0	0	0	0	0	0	0	100	161499.06	5.20816999887764	Panthera leo	lion	Leo leo	9689	NCBI	P.leo_Ple1_pat1.1	Chromosome	2021-05-13	Texas A&M University	348	Panthera leo	Panthera leo	Carnivore	TRUE	0	100	0	0	0	1	0	0	100	PGA_CN_primary	1	0.693147180559945
Neofelis nebulosa	Neofelis_nebulosa	Neofelis_nebulosa__Clouded_leopard__HLneoNeb2__GCF_028018385.1	Neofelis_nebulosa__Clouded_leopard__HLneoNeb2__GCF_028018385.1	Neofelis_nebulosa__Clouded_leopard__HLneoNeb2__GCF_028018385.1	HLneoNeb2	GCF_028018385.1	Mammalia; Theria; Eutheria; Boreoeutheria; Laurasiatheria; Carnivora; Feliformia; Felidae; Pantherinae; Neofelis	51579577	150204169	15004	14	2	1.09861228866811	1	0.693147180559945	1	0.693147180559945	0	0	2	1	1	0	Carnivore	Animal_dominant	0	100	0	0	0	0	0	0	0	0	0	0	0	100	19675.75	4.29393129577842	Neofelis nebulosa	Clouded leopard	Felis nebulosa	61452	NCBI	mNeoNeb1.pri	Chromosome	2023-01-31	Vertebrate Genomes Project	178	Neofelis nebulosa	Neofelis nebulosa	Carnivore	TRUE	0	100	0	0	0	1	0	0	100	PGA_CN_primary	1	0.693147180559945
Lynx rufus	Lynx_rufus	Lynx_rufus__bobcat__HLlynRuf1__GCA_022079265.1	Lynx_rufus__bobcat__HLlynRuf1__GCA_022079265.1	Lynx_rufus__bobcat__HLlynRuf1__GCA_022079265.1	HLlynRuf1	GCA_022079265.1	Mammalia; Theria; Eutheria; Boreoeutheria; Laurasiatheria; Carnivora; Feliformia; Felidae; Felinae; Lynx	66217191	142134035	14954	9	2	1.09861228866811	1	0.693147180559945	1	0.693147180559945	0	0	2	1	1	0	Carnivore	Animal_dominant	0	100	0	0	0	0	0	0	0	0	0	0	0	100	8904.1	3.9495900288204	Lynx rufus	bobcat	Felis rufus	61384	NCBI	mLynRuf1.p	Scaffold	2022-02-08	UCLA	233	Lynx rufus	Lynx rufus	Carnivore	TRUE	0	100	0	0	0	1	0	0	100	PGA_CN_primary	1	0.693147180559945
Lynx canadensis	Lynx_canadensis	Lynx_canadensis__Canada_lynx__HLlynCana2__GCF_007474595.2	Lynx_canadensis__Canada_lynx__HLlynCana2__GCF_007474595.2	Lynx_canadensis__Canada_lynx__HLlynCana2__GCF_007474595.2	HLlynCana2	GCF_007474595.2	Mammalia; Theria; Eutheria; Boreoeutheria; Laurasiatheria; Carnivora; Feliformia; Felidae; Felinae; Lynx	7503561	147275701	13860	86	2	1.09861228866811	1	0.693147180559945	1	0.693147180559945	0	0	2	1	1	0	Carnivore	Animal_dominant	0	80	0	20	0	0	0	0	0	0	0	0	0	100	9373.25	3.97189020052915	Lynx canadensis	Canada lynx	Felis canadensis	61383	NCBI	mLynCan4.pri.v2	Chromosome	2020-07-14	Vertebrate Genomes Project	1250	Lynx canadensis	Lynx canadensis	Carnivore	TRUE	0	100	0	0	0	1	0	0	100	PGA_CN_primary	1	0.693147180559945
Acinonyx jubatus	Acinonyx_jubatus	Acinonyx_jubatus__cheetah__HLaciJub3__GCF_027475565.1	Acinonyx_jubatus__cheetah__HLaciJub3__GCF_027475565.1	Acinonyx_jubatus__cheetah__HLaciJub3__GCF_027475565.1	HLaciJub3	GCF_027475565.1	Mammalia; Theria; Eutheria; Boreoeutheria; Laurasiatheria; Carnivora; Feliformia; Felidae; Felinae; Acinonyx	96827784	144444042	15038	10	2	1.09861228866811	1	0.693147180559945	1	0.693147180559945	0	0	2	1	1	0	Carnivore	Animal_dominant	0	100	0	0	0	0	0	0	0	0	0	0	0	100	46700	4.66931688056611	Acinonyx jubatus	cheetah	Felis jubata	32536	NCBI	VMU_Ajub_asm_v1.0	Chromosome	2022-12-28	University of Veterinary Medicine	148	Acinonyx jubatus	Acinonyx jubatus	Carnivore	TRUE	0	100	0	0	0	1	0	0	100	PGA_CN_primary	1	0.693147180559945
Puma concolor	Puma_concolor	Puma_concolor__Puma__HLpumConc2A__GCA_028749985.4	Puma_concolor__Puma__HLpumConc2A__GCA_028749985.4	Puma_concolor__Puma__HLpumConc2A__GCA_028749985.4	HLpumConc2A	GCA_028749985.4	Mammalia; Theria; Eutheria; Boreoeutheria; Laurasiatheria; Carnivora; Feliformia; Felidae; Felinae; Puma	42297498	149756039	14821	107	2	1.09861228866811	1	0.693147180559945	1	0.693147180559945	0	0	2	1	1	0	Carnivore	Animal_dominant	0	100	0	0	0	0	0	0	0	0	0	0	0	100	51600.04	4.71265003828947	Puma concolor	Puma	Panthera concolor,Felis concolor	9696	NCBI	mPumCon1.1.hap1	Chromosome	2023-08-04	UCLA	268	Puma concolor	Puma concolor	Carnivore	TRUE	0	100	0	0	0	1	0	0	100	PGA_CN_primary	1	0.693147180559945
Felis chaus	Felis_chaus	Felis_chaus__jungle_cat__HLfelCha1__GCA_019924945.1	Felis_chaus__jungle_cat__HLfelCha1__GCA_019924945.1	Felis_chaus__jungle_cat__HLfelCha1__GCA_019924945.1	HLfelCha1	GCA_019924945.1	Mammalia; Theria; Eutheria; Boreoeutheria; Laurasiatheria; Carnivora; Feliformia; Felidae; Felinae; Felis	91188488	148552997	15066	6	2	1.09861228866811	1	0.693147180559945	1	0.693147180559945	0	0	2	1	1	0	Carnivore	Animal_dominant	0	80	20	0	0	0	0	0	0	0	0	0	0	100	7392.98	3.86881953131569	Felis chaus	jungle cat		61376	NCBI	FelChav1.0	Chromosome	2021-09-14	Texas A&M University	124	Felis chaus	Felis chaus	Carnivore	TRUE	0	100	0	0	0	1	0	0	100	PGA_CN_primary	1	0.693147180559945
Felis catus	Felis_catus	Felis_catus__Domestic_cat__HLfelCatu10__GCA_051911835.1	Felis_catus__Domestic_cat__HLfelCatu10__GCA_051911835.1	Felis_catus__Domestic_cat__HLfelCatu10__GCA_051911835.1	HLfelCatu10	GCA_051911835.1	Mammalia; Theria; Eutheria; Boreoeutheria; Laurasiatheria; Carnivora; Feliformia; Felidae; Felinae; Felis	149421202	149421202	15065	8	2	1.09861228866811	1	0.693147180559945	1	0.693147180559945	0	0	2	1	1	0	Carnivore	Animal_dominant	0	100	0	0	0	0	0	0	0	0	0	0	0	100	2884.8	3.46011570937833	Felis catus	Domestic cat	cats,cat,Korat cats,Felis domesticus,Felis silvestris catus	9685	NCBI	F.catus_OcraZ1_1.0	Complete Genome	2025-08-11	Ocra Biotechnology Co., Limited	123	Felis catus	Felis catus	Carnivore	TRUE	0	100	0	0	0	1	0	0	100	PGA_CN_primary	1	0.693147180559945
Prionailurus viverrinus	Prionailurus_viverrinus	Prionailurus_viverrinus__fishing_cat__HLpriViv3__GCF_022837055.1	Prionailurus_viverrinus__fishing_cat__HLpriViv3__GCF_022837055.1	Prionailurus_viverrinus__fishing_cat__HLpriViv3__GCF_022837055.1	HLpriViv3	GCF_022837055.1	Mammalia; Theria; Eutheria; Boreoeutheria; Laurasiatheria; Carnivora; Feliformia; Felidae; Felinae; Prionailurus	68766634	144906162	15004	8	2	1.09861228866811	1	0.693147180559945	1	0.693147180559945	0	0	2	1	1	0	Carnivore	Animal_dominant	20	20	20	40	0	0	0	0	0	0	0	0	0	100	9140.33	3.96096187566729	Prionailurus viverrinus	fishing cat	Felis viverrina	61388	NCBI	UM_Priviv_1.0	Chromosome	2022-04-08	University of Missouri	184	Prionailurus viverrinus	Prionailurus viverrinus	Carnivore	TRUE	0	80	20	0	0	0.8	0.2	0	100	PGA_CN_primary	1	0.693147180559945
Prionailurus bengalensis	Prionailurus_bengalensis	Prionailurus_bengalensis__leopard_cat__HLpriBen2__GCF_016509475.1	Prionailurus_bengalensis__leopard_cat__HLpriBen2__GCF_016509475.1	Prionailurus_bengalensis__leopard_cat__HLpriBen2__GCF_016509475.1	HLpriBen2	GCF_016509475.1	Mammalia; Theria; Eutheria; Boreoeutheria; Laurasiatheria; Carnivora; Feliformia; Felidae; Felinae; Prionailurus	82622880	148587958	14730	12	2	1.09861228866811	1	0.693147180559945	1	0.693147180559945	0	0	2	1	1	0	Carnivore	Animal_dominant	0	70	20	10	0	0	0	0	0	0	0	0	0	100	3300	3.51851393987789	Prionailurus bengalensis	leopard cat	Felis bengalensis	37029	NCBI	Fcat_Pben_1.1_paternal_pri	Chromosome	2021-01-06	Texas A&M University	454	Prionailurus bengalensis	Prionailurus bengalensis	Carnivore	TRUE	0	100	0	0	0	1	0	0	100	PGA_CN_primary	1	0.693147180559945
Manis pentadactyla	Manis_pentadactyla	Manis_pentadactyla__Chinese_pangolin__HLmanPen4__GCF_030020395.1	Manis_pentadactyla__Chinese_pangolin__HLmanPen4__GCF_030020395.1	Manis_pentadactyla__Chinese_pangolin__HLmanPen4__GCF_030020395.1	HLmanPen4	GCF_030020395.1	Mammalia; Theria; Eutheria; Boreoeutheria; Laurasiatheria; Pholidota; Manidae; Manis	25547713	149551276	14708	39	2	1.09861228866811	1	0.693147180559945	1	0.693147180559945	0	0	2	1	1	0	Insectivore	Animal_dominant	100	0	0	0	0	0	0	0	0	0	0	0	0	100	4675	3.66978161520854	Manis pentadactyla	Chinese pangolin		143292	NCBI	mManPen7.hap1	Chromosome	2023-05-23	Vertebrate Genomes Project	449	Manis pentadactyla	Manis pentadactyla	Insectivore	TRUE	0	0	100	0	0	0	1	0	100	PGA_CN_primary	1	0.693147180559945
Manis javanica	Manis_javanica	Manis_javanica__Malayan_pangolin__HLmanJava4__GCF_040802235.1	Manis_javanica__Malayan_pangolin__HLmanJava4__GCF_040802235.1	Manis_javanica__Malayan_pangolin__HLmanJava4__GCF_040802235.1	HLmanJava4	GCF_040802235.1	Mammalia; Theria; Eutheria; Boreoeutheria; Laurasiatheria; Pholidota; Manidae; Manis	61244301	141798549	14728	8	2	1.09861228866811	1	0.693147180559945	1	0.693147180559945	0	0	2	1	1	0	Insectivore	Animal_dominant	100	0	0	0	0	0	0	0	0	0	0	0	0	100	5150	3.71180722904119	Manis javanica	Malayan pangolin	Sunda pangolin,Javan pangolin	9974	NCBI	MJ_LKY	Chromosome	2024-07-22	Northeast Forestry University	460	Manis javanica	Manis javanica	Insectivore	TRUE	0	0	100	0	0	0	1	0	100	PGA_CN_primary	1	0.693147180559945
Talpa europaea	Talpa_europaea	Talpa_europaea__European_mole__HLtalEur1B__GCA_964194205.1	Talpa_europaea__European_mole__HLtalEur1B__GCA_964194205.1	Talpa_europaea__European_mole__HLtalEur1B__GCA_964194205.1	HLtalEur1B	GCA_964194205.1	Mammalia; Theria; Eutheria; Boreoeutheria; Laurasiatheria; Eulipotyphla; Talpidae; Talpa	3507589	136515677	14844	73	2	1.09861228866811	1	0.693147180559945	1	0.693147180559945	0	0	2	1	1	0	Insectivore	Animal_dominant	100	0	0	0	0	0	0	0	0	0	0	0	0	100	77	1.88649072517248	Talpa europaea	European mole	Talpa sp. PPW-2003	9375	NCBI	mTalEur1.hap2.1	Scaffold	2024-06-27	WELLCOME SANGER INSTITUTE	279	Talpa europaea	Talpa europaea	Insectivore	TRUE	0	0	100	0	0	0	1	0	100	PGA_CN_primary	1	0.693147180559945
Talpa occidentalis	Talpa_occidentalis	Talpa_occidentalis__Iberian_mole__HLtalOcc1__GCA_014898055.1	Talpa_occidentalis__Iberian_mole__HLtalOcc1__GCA_014898055.1	Talpa_occidentalis__Iberian_mole__HLtalOcc1__GCA_014898055.1	HLtalOcc1	GCA_014898055.1	Mammalia; Theria; Eutheria; Boreoeutheria; Laurasiatheria; Eulipotyphla; Talpidae; Talpa	2611709	119847213	14267	69	2	1.09861228866811	1	0.693147180559945	1	0.693147180559945	0	0	2	1	1	0	Insectivore	Animal_dominant	100	0	0	0	0	0	0	0	0	0	0	0	0	100	53.5	1.72835378202123	Talpa occidentalis	Iberian mole		50954	NCBI	MPIMG_talOcc4	Scaffold	2020-10-19	Max Planck Institute for Molecular Genetics	860	Talpa occidentalis	Talpa occidentalis	Insectivore	TRUE	0	0	100	0	0	0	1	0	100	PGA_CN_primary	1	0.693147180559945
Scaptochirus moschatus	Scaptochirus_moschatus	Scaptochirus_moschatus__Short-faced_mole__HLscaMos1__GCA_042919465.1	Scaptochirus_moschatus__Short-faced_mole__HLscaMos1__GCA_042919465.1	Scaptochirus_moschatus__Short-faced_mole__HLscaMos1__GCA_042919465.1	HLscaMos1	GCA_042919465.1	Mammalia; Theria; Eutheria; Boreoeutheria; Laurasiatheria; Eulipotyphla; Talpidae; Scaptochirus	67659624	110510357	14877	42	2	1.09861228866811	1	0.693147180559945	1	0.693147180559945	0	0	2	1	1	0	Insectivore	Animal_dominant	100	0	0	0	0	0	0	0	0	0	0	0	0	100	90.51	1.95669656489465	Scaptochirus moschatus	Short-faced mole		446353	NCBI	ASM4291946v1	Chromosome	2024-10-15	Qufu Normal University	277	Scaptochirus moschatus	Scaptochirus moschatus	Insectivore	TRUE	0	0	100	0	0	0	1	0	100	PGA_CN_primary	1	0.693147180559945
Suncus murinus	Suncus_murinus	Suncus_murinus__House_shrew__HLsunMuri1__GCA_055769025.1	Suncus_murinus__House_shrew__HLsunMuri1__GCA_055769025.1	Suncus_murinus__House_shrew__HLsunMuri1__GCA_055769025.1	HLsunMuri1	GCA_055769025.1	Mammalia; Theria; Eutheria; Boreoeutheria; Laurasiatheria; Eulipotyphla; Soricidae; Crocidurinae; Suncus	108479493	128092613	14127	325	2	1.09861228866811	1	0.693147180559945	1	0.693147180559945	0	0	2	1	1	0	Insectivore	Animal_dominant	80	0	0	0	10	10	0	0	0	0	0	0	0	100	60.71	1.78326023287295	Suncus murinus	House shrew	Sorex murinus,Asian house shrew	9378	NCBI	Smur_1.0	Chromosome	2026-03-10	Guangzhou university	744	Suncus murinus	Suncus murinus	Insectivore	TRUE	0	20	80	0	0	0.2	0.8	0	100	PGA_CN_primary	1	0.693147180559945
Crocidura zimmermanni	Crocidura_zimmermanni	Crocidura_zimmermanni__Zimmermanns_shrew__HLcroZim1__GCA_965212715.1	Crocidura_zimmermanni__Zimmermanns_shrew__HLcroZim1__GCA_965212715.1	Crocidura_zimmermanni__Zimmermanns_shrew__HLcroZim1__GCA_965212715.1	HLcroZim1	GCA_965212715.1	Mammalia; Theria; Eutheria; Boreoeutheria; Laurasiatheria; Eulipotyphla; Soricidae; Crocidurinae; Crocidura	28351139	127229103	14223	308	2	1.09861228866811	1	0.693147180559945	1	0.693147180559945	0	0	2	1	1	0	Omnivore	Omnivore	50	0	10	0	0	40	0	0	0	0	0	0	0	100	10.35	1.01494034979294	Crocidura zimmermanni	Zimmermanns shrew		387912	NCBI	mCroZim1.1	Chromosome	2025-03-20	Genoscope CEA	665	Crocidura zimmermanni	Crocidura zimmermanni	Omnivore	TRUE	0	50	50	0	0	0.5	0.5	0	100	PGA_CN_primary	1	0.693147180559945
Suncus etruscus	Suncus_etruscus	Suncus_etruscus__white-toothed_pygmy_shrew__HLsunEtr1__GCF_024139225.1	Suncus_etruscus__white-toothed_pygmy_shrew__HLsunEtr1__GCF_024139225.1	Suncus_etruscus__white-toothed_pygmy_shrew__HLsunEtr1__GCF_024139225.1	HLsunEtr1	GCF_024139225.1	Mammalia; Theria; Eutheria; Boreoeutheria; Laurasiatheria; Eulipotyphla; Soricidae; Crocidurinae; Suncus	5042816	131952995	13463	347	2	1.09861228866811	1	0.693147180559945	1	0.693147180559945	0	0	2	1	1	0	Insectivore	Animal_dominant	80	0	0	0	10	10	0	0	0	0	0	0	0	100	2.13	0.328379603438738	Suncus etruscus	white-toothed pygmy shrew	Sorex etruscus	109475	NCBI	mSunEtr1.pri.cur	Chromosome	2022-07-06	Vertebrate Genomes Project	1386	Suncus etruscus	Suncus etruscus	Insectivore	TRUE	0	20	80	0	0	0.2	0.8	0	100	PGA_CN_primary	1	0.693147180559945
Scutisorex somereni	Scutisorex_somereni	Scutisorex_somereni__Hero_shrew__HLscuSome1__GCA_054737625.1	Scutisorex_somereni__Hero_shrew__HLscuSome1__GCA_054737625.1	Scutisorex_somereni__Hero_shrew__HLscuSome1__GCA_054737625.1	HLscuSome1	GCA_054737625.1	Mammalia; Theria; Eutheria; Boreoeutheria; Laurasiatheria; Eulipotyphla; Soricidae; Crocidurinae; Scutisorex	3169756	109823726	13920	440	2	1.09861228866811	1	0.693147180559945	1	0.693147180559945	0	0	2	1	1	0	Carnivore	Animal_dominant	0	0	0	0	100	0	0	0	0	0	0	0	0	100	91.5	1.96142109406645	Scutisorex somereni	Hero shrew		150088	NCBI	ScuSom1	Scaffold	2026-01-26	Louisiana State University	836	Scutisorex somereni	Scutisorex somereni	Carnivore	TRUE	0	100	0	0	0	1	0	0	100	PGA_CN_primary	1	0.693147180559945
Sorex ornatus	Sorex_ornatus	Sorex_ornatus__Ornate_shrew__HLsorOrn1B__GCA_041430635.1	Sorex_ornatus__Ornate_shrew__HLsorOrn1B__GCA_041430635.1	Sorex_ornatus__Ornate_shrew__HLsorOrn1B__GCA_041430635.1	HLsorOrn1B	GCA_041430635.1	Mammalia; Theria; Eutheria; Boreoeutheria; Laurasiatheria; Eulipotyphla; Soricidae; Soricinae; Sorex	19322863	113643214	14398	225	2	1.09861228866811	1	0.693147180559945	1	0.693147180559945	0	0	2	1	1	0	Omnivore	Omnivore	70	0	0	0	0	30	0	0	0	0	0	0	0	100	4.99	0.69810054562339	Sorex ornatus	Ornate shrew		126318	NCBI	mSorOrn1.0.a	Scaffold	2024-08-22	UCLA	573	Sorex ornatus	Sorex ornatus	Omnivore	TRUE	0	30	70	0	0	0.3	0.7	0	100	PGA_CN_primary	1	0.693147180559945
Sorex fumeus	Sorex_fumeus	Sorex_fumeus__smoky_shrew__HLsorFum1__GCF_029834395.1	Sorex_fumeus__smoky_shrew__HLsorFum1__GCF_029834395.1	Sorex_fumeus__smoky_shrew__HLsorFum1__GCF_029834395.1	HLsorFum1	GCF_029834395.1	Mammalia; Theria; Eutheria; Boreoeutheria; Laurasiatheria; Eulipotyphla; Soricidae; Soricinae; Sorex	42400022	42400022	14285	269	2	1.09861228866811	1	0.693147180559945	1	0.693147180559945	0	0	2	1	1	0	Omnivore	Omnivore	70	0	0	0	0	30	0	0	0	0	0	0	0	100	7.7	0.886490725172482	Sorex fumeus	smoky shrew		62283	NCBI	SorFum_2.1	Contig	2023-04-17	Trent University	642	Sorex fumeus	Sorex fumeus	Omnivore	TRUE	0	30	70	0	0	0.3	0.7	0	100	PGA_CN_primary	1	0.693147180559945
Oryctolagus cuniculus	Oryctolagus_cuniculus	Oryctolagus_cuniculus__Rabbit__HLoryCuni6__GCA_051225735.1	Oryctolagus_cuniculus__Rabbit__HLoryCuni6__GCA_051225735.1	Oryctolagus_cuniculus__Rabbit__HLoryCuni6__GCA_051225735.1	HLoryCuni6	GCA_051225735.1	Mammalia; Theria; Eutheria; Boreoeutheria; Euarchontoglires; Glires; Lagomorpha; Leporidae; Oryctolagus	138122305	148896876	14983	31	17	2.89037175789616	16	2.83321334405622	1	0.693147180559945	0	0	17	16	1	0	Herbivore	Plant_dominant	0	0	0	0	0	0	0	0	0	100	100	1	1	0	1832.22	3.26297761946809	Oryctolagus cuniculus	Rabbit	domestic rabbit,New Zealand rabbit,rabbits,Japanese white rabbit,Lepus cuniculus,European rabbit	9986	NCBI	ASM5122573v1	Chromosome	2025-07-07	Fujian University of Traditional Chinese Medicine	182	Oryctolagus cuniculus	Oryctolagus cuniculus	Plant_dominant	TRUE	100	0	0	0	1	0	0	0	100	PGA_CN_primary	16	2.83321334405622
Sylvilagus floridanus	Sylvilagus_floridanus	Sylvilagus_floridanus__eastern_cottontail__HLsylFlo1__GCA_949820135.1	Sylvilagus_floridanus__eastern_cottontail__HLsylFlo1__GCA_949820135.1	Sylvilagus_floridanus__eastern_cottontail__HLsylFlo1__GCA_949820135.1	HLsylFlo1	GCA_949820135.1	Mammalia; Theria; Eutheria; Boreoeutheria; Euarchontoglires; Glires; Lagomorpha; Leporidae; Sylvilagus	34907720	129271642	14807	50	18	2.94443897916644	17	2.89037175789616	1	0.693147180559945	0	0	18	17	1	0	Herbivore	Plant_dominant	0	0	0	0	0	0	0	0	0	100	100	1	1	0	1172.79	3.06922025422463	Sylvilagus floridanus	eastern cottontail	Lepus sylvaticus floridanus	9988	NCBI	mSylFlo1.10	Chromosome	2023-04-19	Wellcome Sanger Institute	339	Sylvilagus floridanus	Sylvilagus floridanus	Plant_dominant	TRUE	100	0	0	0	1	0	0	0	100	PGA_CN_primary	17	2.89037175789616
Lepus yarkandensis	Lepus_yarkandensis	Lepus_yarkandensis__Yarkand_hare__HLlepYar1__GCA_047496845.1	Lepus_yarkandensis__Yarkand_hare__HLlepYar1__GCA_047496845.1	Lepus_yarkandensis__Yarkand_hare__HLlepYar1__GCA_047496845.1	HLlepYar1	GCA_047496845.1	Mammalia; Theria; Eutheria; Boreoeutheria; Euarchontoglires; Glires; Lagomorpha; Leporidae; Lepus	126863262	126863262	14272	369	13	2.63905732961526	12	2.56494935746154	1	0.693147180559945	0	0	13	12	1	0	Herbivore	Plant_dominant	0	0	0	0	0	0	0	0	0	100	100	1	1	0	1460.41	3.16447479807251	Lepus yarkandensis	Yarkand hare		301146	NCBI	LepYark_1.0	Complete Genome	2025-02-06	xinjiang university	555	Lepus yarkandensis	Lepus yarkandensis	Plant_dominant	TRUE	100	0	0	0	1	0	0	0	100	PGA_CN_primary	12	2.56494935746154
Lepus europaeus	Lepus_europaeus	Lepus_europaeus__European_hare__HLlepEur1__GCF_033115175.1	Lepus_europaeus__European_hare__HLlepEur1__GCF_033115175.1	Lepus_europaeus__European_hare__HLlepEur1__GCF_033115175.1	HLlepEur1	GCF_033115175.1	Mammalia; Theria; Eutheria; Boreoeutheria; Euarchontoglires; Glires; Lagomorpha; Leporidae; Lepus	43409466	125776599	14759	59	11	2.484906649788	10	2.39789527279837	1	0.693147180559945	0	0	11	10	1	0	Herbivore	Plant_dominant	0	0	0	0	0	0	0	0	0	100	100	1	1	0	3740	3.57287160220048	Lepus europaeus	European hare	Lepus capensis europaeus	9983	NCBI	mLepTim1.pri	Chromosome	2023-10-31	University of Eastern Finland	378	Lepus europaeus	Lepus europaeus	Plant_dominant	TRUE	100	0	0	0	1	0	0	0	100	PGA_CN_primary	10	2.39789527279837
Lepus capensis	Lepus_capensis	Lepus_capensis__Brown_hare__HLlepCap1__GCA_042027585.1	Lepus_capensis__Brown_hare__HLlepCap1__GCA_042027585.1	Lepus_capensis__Brown_hare__HLlepCap1__GCA_042027585.1	HLlepCap1	GCA_042027585.1	Mammalia; Theria; Eutheria; Boreoeutheria; Euarchontoglires; Glires; Lagomorpha; Leporidae; Lepus	30546000	124437717	14948	59	9	2.30258509299405	8	2.19722457733622	1	0.693147180559945	0	0	9	8	1	0	Herbivore	Plant_dominant	0	0	0	0	0	0	0	0	0	100	100	1	1	0	3261.67	3.51344001911111	Lepus capensis	Brown hare	Cape hare	9981	NCBI	NW_LepCap_1.0	Chromosome	2024-09-19	Northwest A & F University	189	Lepus capensis	Lepus capensis	Plant_dominant	TRUE	100	0	0	0	1	0	0	0	100	PGA_CN_primary	8	2.19722457733622
Lepus tolai	Lepus_tolai	Lepus_tolai__Tolai_hare__HLlepTola1__GCA_051942805.1	Lepus_tolai__Tolai_hare__HLlepTola1__GCA_051942805.1	Lepus_tolai__Tolai_hare__HLlepTola1__GCA_051942805.1	HLlepTola1	GCA_051942805.1	Mammalia; Theria; Eutheria; Boreoeutheria; Euarchontoglires; Glires; Lagomorpha; Leporidae; Lepus	134987039	134987039	14957	33	9	2.30258509299405	8	2.19722457733622	1	0.693147180559945	0	0	9	8	1	0	Herbivore	Plant_dominant	0	0	0	0	0	0	0	0	0	100	100	1	1	0	1589	3.20112389720738	Lepus tolai	Tolai hare	Lepus capensis tolai	283924	NCBI	ASM5194280v1	Chromosome	2025-08-12	Institute of Zoology, Chinese Academy of Sciences	206	Lepus tolai	Lepus tolai	Plant_dominant	TRUE	100	0	0	0	1	0	0	0	100	PGA_CN_primary	8	2.19722457733622
Lepus castroviejoi	Lepus_castroviejoi	Lepus_castroviejoi__Broom_Hare__HLlepCast1__GCA_978442995.1	Lepus_castroviejoi__Broom_Hare__HLlepCast1__GCA_978442995.1	Lepus_castroviejoi__Broom_Hare__HLlepCast1__GCA_978442995.1	HLlepCast1	GCA_978442995.1	Mammalia; Theria; Eutheria; Boreoeutheria; Euarchontoglires; Glires; Lagomorpha; Leporidae; Lepus	58008274	137255412	14844	112	9	2.30258509299405	8	2.19722457733622	1	0.693147180559945	0	0	9	8	1	0	Herbivore	Plant_dominant	0	0	0	0	0	0	0	0	0	100	100	1	1	0	2822.41	3.45062010219079	Lepus castroviejoi	Broom Hare		187398	NCBI	mLepCas1.Hap1.1	Chromosome	2026-02-10	University of Florence	240	Lepus castroviejoi	Lepus castroviejoi	Plant_dominant	TRUE	100	0	0	0	1	0	0	0	100	PGA_CN_primary	8	2.19722457733622
Lepus timidus	Lepus_timidus	Lepus_timidus__Mountain_hare__HLlepTimi2__GCA_040893245.2	Lepus_timidus__Mountain_hare__HLlepTimi2__GCA_040893245.2	Lepus_timidus__Mountain_hare__HLlepTimi2__GCA_040893245.2	HLlepTimi2	GCA_040893245.2	Mammalia; Theria; Eutheria; Boreoeutheria; Euarchontoglires; Glires; Lagomorpha; Leporidae; Lepus	4885811	125755317	14341	133	12	2.56494935746154	11	2.484906649788	1	0.693147180559945	0	0	12	11	1	0	Herbivore	Plant_dominant	0	0	0	0	0	0	0	0	0	100	100	1	1	0	3048	3.48401496266756	Lepus timidus	Mountain hare	Lepus tanaiticus	62621	NCBI	mLepTim1.1_pri	Chromosome	2024-07-26	University of Eastern Finland	722	Lepus timidus	Lepus timidus	Plant_dominant	TRUE	100	0	0	0	1	0	0	0	100	PGA_CN_primary	11	2.484906649788
Lepus oiostolus	Lepus_oiostolus	Lepus_oiostolus__Woolly_hare__HLlepOio1__GCA_036325905.1	Lepus_oiostolus__Woolly_hare__HLlepOio1__GCA_036325905.1	Lepus_oiostolus__Woolly_hare__HLlepOio1__GCA_036325905.1	HLlepOio1	GCA_036325905.1	Mammalia; Theria; Eutheria; Boreoeutheria; Euarchontoglires; Glires; Lagomorpha; Leporidae; Lepus	58464897	137608147	14514	37	9	2.30258509299405	8	2.19722457733622	1	0.693147180559945	0	0	9	8	1	0	Herbivore	Plant_dominant	0	0	0	0	0	0	0	0	0	100	100	1	1	0	3000	3.47712125471966	Lepus oiostolus	Woolly hare		112018	NCBI	CXZ	Chromosome	2024-02-05	Qinghai University	645	Lepus oiostolus	Lepus oiostolus	Plant_dominant	TRUE	100	0	0	0	1	0	0	0	100	PGA_CN_primary	8	2.19722457733622
Ochotona argentata	Ochotona_argentata	Ochotona_argentata__Helan_Shan_pika__HLochArge1__GCA_051943095.1	Ochotona_argentata__Helan_Shan_pika__HLochArge1__GCA_051943095.1	Ochotona_argentata__Helan_Shan_pika__HLochArge1__GCA_051943095.1	HLochArge1	GCA_051943095.1	Mammalia; Theria; Eutheria; Boreoeutheria; Euarchontoglires; Glires; Lagomorpha; Ochotonidae; Ochotona	33442122	33442122	14810	65	16	2.83321334405622	15	2.77258872223978	1	0.693147180559945	0	0	16	15	1	0	Herbivore	Plant_dominant	0	0	0	0	0	0	0	0	0	100	100	1	1	0	142.15	2.15274686402646	Ochotona argentata	Helan Shan pika	Ochotona alpina argentata	1881634	NCBI	ASM5194309v1	Scaffold	2025-08-12	Inner Mongolia University	321	Ochotona argentata	Ochotona argentata	Plant_dominant	TRUE	100	0	0	0	1	0	0	0	100	PGA_CN_primary	15	2.77258872223978
Ochotona princeps	Ochotona_princeps	Ochotona_princeps__American_pika__HLochPri4__GCF_030435755.1	Ochotona_princeps__American_pika__HLochPri4__GCF_030435755.1	Ochotona_princeps__American_pika__HLochPri4__GCF_030435755.1	HLochPri4	GCF_030435755.1	Mammalia; Theria; Eutheria; Boreoeutheria; Euarchontoglires; Glires; Lagomorpha; Ochotonidae; Ochotona	12191025	73962893	14761	72	16	2.83321334405622	15	2.77258872223978	1	0.693147180559945	0	0	16	15	1	0	Herbivore	Plant_dominant	0	0	0	0	0	0	0	0	0	100	100	1	1	0	157.63	2.19763887555557	Ochotona princeps	American pika	Arvicola princeps,southern American pika	9978	NCBI	mOchPri1.hap1	Chromosome	2023-07-13	Vertebrate Genomes Project	363	Ochotona princeps	Ochotona princeps	Plant_dominant	TRUE	100	0	0	0	1	0	0	0	100	PGA_CN_primary	15	2.77258872223978
Eliomys quercinus	Eliomys_quercinus	Eliomys_quercinus__garden_dormouse__HLeliQue1A__GCA_051143605.1	Eliomys_quercinus__garden_dormouse__HLeliQue1A__GCA_051143605.1	Eliomys_quercinus__garden_dormouse__HLeliQue1A__GCA_051143605.1	HLeliQue1A	GCA_051143605.1	Mammalia; Theria; Eutheria; Boreoeutheria; Euarchontoglires; Glires; Rodentia; Sciuromorpha; Gliridae; Leithiinae; Eliomys	51740598	108114398	14917	37	1	0.693147180559945	0	0	1	0.693147180559945	0	0	1	0	1	0	Omnivore	Omnivore	30	30	0	0	0	0	20	0	20	0	40	0.4	0	60	115	2.06069784035361	Eliomys quercinus	garden dormouse	Mus quercinus	53277	NCBI			2023-10-26		242	Eliomys quercinus	Eliomys quercinus	Omnivore	TRUE	40	30	30	0	0.4	0.3	0.3	0	100	PGA_CN_primary	0	0
Sciurus carolinensis	Sciurus_carolinensis	Sciurus_carolinensis__gray_squirrel__HLsciCar1__GCA_902686445.1	Sciurus_carolinensis__gray_squirrel__HLsciCar1__GCA_902686445.1	Sciurus_carolinensis__gray_squirrel__HLsciCar1__GCA_902686445.1	HLsciCar1	GCA_902686445.1	Mammalia; Theria; Eutheria; Boreoeutheria; Euarchontoglires; Glires; Rodentia; Sciuromorpha; Sciuridae; Sciurinae; Sciurini; Sciurus	13975867	148229995	14157	10	1	0.693147180559945	0	0	1	0.693147180559945	0	0	1	0	1	0	Omnivore	Omnivore	0	0	0	0	0	0	20	0	50	30	100	1	0.3	0	506.5	2.7045794496963	Sciurus carolinensis	gray squirrel	eastern gray squirrel	30640	NCBI	mSciCar1.1	Chromosome	2019-11-26	SC	1029	Sciurus carolinensis	Sciurus carolinensis	Omnivore	TRUE	100	0	0	0	1	0	0	0	100	PGA_CN_primary	0	0
Sciurus vulgaris	Sciurus_vulgaris	Sciurus_vulgaris__Eurasian_red_squirrel__HLsciVul1__GCA_902686455.1	Sciurus_vulgaris__Eurasian_red_squirrel__HLsciVul1__GCA_902686455.1	Sciurus_vulgaris__Eurasian_red_squirrel__HLsciVul1__GCA_902686455.1	HLsciVul1	GCA_902686455.1	Mammalia; Theria; Eutheria; Boreoeutheria; Euarchontoglires; Glires; Rodentia; Sciuromorpha; Sciuridae; Sciurinae; Sciurini; Sciurus	16333633	153872958	14507	17	1	0.693147180559945	0	0	1	0.693147180559945	0	0	1	0	1	0	Omnivore	Omnivore	0	0	0	0	0	0	20	0	50	30	100	1	0.3	0	333	2.52244423350632	Sciurus vulgaris	Eurasian red squirrel	red squirrel	55149	NCBI	mSciVul1.1	Chromosome	2019-11-26	SC	672	Sciurus vulgaris	Sciurus vulgaris	Omnivore	TRUE	100	0	0	0	1	0	0	0	100	PGA_CN_primary	0	0
Pteromys volans	Pteromys_volans	Pteromys_volans__Siberian_flying_squirrel__HLpteVola1__GCA_051107445.1	Pteromys_volans__Siberian_flying_squirrel__HLpteVola1__GCA_051107445.1	Pteromys_volans__Siberian_flying_squirrel__HLpteVola1__GCA_051107445.1	HLpteVola1	GCA_051107445.1	Mammalia; Theria; Eutheria; Boreoeutheria; Euarchontoglires; Glires; Rodentia; Sciuromorpha; Sciuridae; Sciurinae; Pteromyini; Pteromys	60698384	157387023	15057	3	1	0.693147180559945	0	0	1	0.693147180559945	0	0	1	0	1	0	Omnivore	Omnivore	10	0	0	0	0	0	30	0	30	30	90	0.9	0.3	10	143.75	2.15760785336167	Pteromys volans	Siberian flying squirrel	Sciurus volans	55152	NCBI	Uoulu_pteVol_1.0	Chromosome	2025-06-26	University of Oulu	136	Pteromys volans	Pteromys volans	Omnivore	TRUE	90	0	10	0	0.9	0	0.1	0	100	PGA_CN_primary	0	0
Tamias sibiricus	Tamias_sibiricus	Tamias_sibiricus__Siberian_chipmunk__HLtamSib1__GCA_025594165.1	Tamias_sibiricus__Siberian_chipmunk__HLtamSib1__GCA_025594165.1	Tamias_sibiricus__Siberian_chipmunk__HLtamSib1__GCA_025594165.1	HLtamSib1	GCA_025594165.1	Mammalia; Theria; Eutheria; Boreoeutheria; Euarchontoglires; Glires; Rodentia; Sciuromorpha; Sciuridae; Xerinae; Marmotini; Tamias	9422552	172614981	11308	86	1	0.693147180559945	0	0	1	0.693147180559945	0	0	1	0	1	0	Granivore	Plant_dominant	10	0	0	0	0	0	10	0	60	20	90	0.9	0.2	10	85	1.92941892571429	Tamias sibiricus	Siberian chipmunk	Tamias asiaticus,Eutamias sibiricus	64680	NCBI	ASM2559416v1	Chromosome	2022-10-06	Qufu Normal University	3802	Tamias sibiricus	Tamias sibiricus	Plant_dominant	TRUE	90	0	10	0	0.9	0	0.1	0	100	PGA_CN_primary	0	0
Spermophilus citellus	Spermophilus_citellus	Spermophilus_citellus__European_suslik__HLspeCit1__GCA_964194105.1	Spermophilus_citellus__European_suslik__HLspeCit1__GCA_964194105.1	Spermophilus_citellus__European_suslik__HLspeCit1__GCA_964194105.1	HLspeCit1	GCA_964194105.1	Mammalia; Theria; Eutheria; Boreoeutheria; Euarchontoglires; Glires; Rodentia; Sciuromorpha; Sciuridae; Xerinae; Marmotini; Spermophilus	3445081	155990855	15006	18	1	0.693147180559945	0	0	1	0.693147180559945	0	0	1	0	1	0	Omnivore	Omnivore	20	0	0	0	0	0	0	0	40	40	80	0.8	0.4	20	290	2.46239799789896	Spermophilus citellus	European suslik	Mus citellus,European ground squirrel,Citellus citellus	9997	NCBI	mSpeCit3.1	Chromosome	2024-06-28	WELLCOME SANGER INSTITUTE	172	Spermophilus citellus	Spermophilus citellus	Omnivore	TRUE	80	0	20	0	0.8	0	0.2	0	100	PGA_CN_primary	0	0
Cynomys ludovicianus	Cynomys_ludovicianus	Cynomys_ludovicianus__Black-tailed_prairie_dog__HLcynLudo1__GCA_052576455.1	Cynomys_ludovicianus__Black-tailed_prairie_dog__HLcynLudo1__GCA_052576455.1	Cynomys_ludovicianus__Black-tailed_prairie_dog__HLcynLudo1__GCA_052576455.1	HLcynLudo1	GCA_052576455.1	Mammalia; Theria; Eutheria; Boreoeutheria; Euarchontoglires; Glires; Rodentia; Sciuromorpha; Sciuridae; Xerinae; Marmotini; Cynomys	567348	1032944	14237	497	2	1.09861228866811	0	0	2	1.09861228866811	0	0	2	0	2	0	Herbivore	Plant_dominant	0	0	0	0	0	0	0	0	0	100	100	1	1	0	1364	3.13481437032046	Cynomys ludovicianus	Black-tailed prairie dog	Arctomys ludoviciana	45480	NCBI	ASM5257645v1	Scaffold	2025-09-12	Smithsonian Institution	462	Cynomys ludovicianus	Cynomys ludovicianus	Plant_dominant	TRUE	100	0	0	0	1	0	0	0	100	PGA_CN_primary	0	0
Cynomys gunnisoni	Cynomys_gunnisoni	Cynomys_gunnisoni__Gunnisons_prairie_dog__HLcynGun1__GCA_011316645.1	Cynomys_gunnisoni__Gunnisons_prairie_dog__HLcynGun1__GCA_011316645.1	Cynomys_gunnisoni__Gunnisons_prairie_dog__HLcynGun1__GCA_011316645.1	HLcynGun1	GCA_011316645.1	Mammalia; Theria; Eutheria; Boreoeutheria; Euarchontoglires; Glires; Rodentia; Sciuromorpha; Sciuridae; Xerinae; Marmotini; Cynomys	687762	824613	14608	302	1	0.693147180559945	0	0	1	0.693147180559945	0	0	1	0	1	0	Herbivore	Plant_dominant	0	0	0	0	0	0	0	0	0	100	100	1	1	0	925	2.96614173273903	Cynomys gunnisoni	Gunnisons prairie dog		45479	NCBI	ASM1131664v1	Scaffold	2020-03-16	Smithsonian Herndon Data Center	286	Cynomys gunnisoni	Cynomys gunnisoni	Plant_dominant	TRUE	100	0	0	0	1	0	0	0	100	PGA_CN_primary	0	0
Marmota monax	Marmota_monax	Marmota_monax__woodchuck__HLmarMon3__GCA_021218885.1	Marmota_monax__woodchuck__HLmarMon3__GCA_021218885.1	Marmota_monax__woodchuck__HLmarMon3__GCA_021218885.1	HLmarMon3	GCA_021218885.1	Mammalia; Theria; Eutheria; Boreoeutheria; Euarchontoglires; Glires; Rodentia; Sciuromorpha; Sciuridae; Xerinae; Marmotini; Marmota	10671126	11523559	14994	39	1	0.693147180559945	0	0	1	0.693147180559945	0	0	1	0	1	0	Herbivore	Plant_dominant	0	0	0	0	0	0	30	0	30	40	100	1	0.4	0	3801.72	3.57998012753919	Marmota monax	woodchuck	woodchucks,groundhog	9995	NCBI	Marmota_monax_Labrador192_V1.0	Scaffold	2021-12-15	Hospital for Sick Children	163	Marmota monax	Marmota monax	Plant_dominant	TRUE	100	0	0	0	1	0	0	0	100	PGA_CN_primary	0	0
Marmota flaviventris	Marmota_flaviventris	Marmota_flaviventris__Yellow-bellied_marmot__HLmarFlav2A__GCF_047511675.1	Marmota_flaviventris__Yellow-bellied_marmot__HLmarFlav2A__GCF_047511675.1	Marmota_flaviventris__Yellow-bellied_marmot__HLmarFlav2A__GCF_047511675.1	HLmarFlav2A	GCF_047511675.1	Mammalia; Theria; Eutheria; Boreoeutheria; Euarchontoglires; Glires; Rodentia; Sciuromorpha; Sciuridae; Xerinae; Marmotini; Marmota	52587502	136846803	15002	9	1	0.693147180559945	0	0	1	0.693147180559945	0	0	1	0	1	0	Herbivore	Plant_dominant	0	0	0	0	0	0	30	0	30	40	100	1	0.4	0	3349.96	3.52503962140013	Marmota flaviventris	Yellow-bellied marmot	Arctomys flaviventer	93162	NCBI	mMarFla1.hap1	Chromosome	2025-02-10	Vertebrate Genomes Project	185	Marmota flaviventris	Marmota flaviventris	Plant_dominant	TRUE	100	0	0	0	1	0	0	0	100	PGA_CN_primary	0	0
Marmota himalayana	Marmota_himalayana	Marmota_himalayana__Himalayan_marmot__HLmarHim1__GCA_005280165.1	Marmota_himalayana__Himalayan_marmot__HLmarHim1__GCA_005280165.1	Marmota_himalayana__Himalayan_marmot__HLmarHim1__GCA_005280165.1	HLmarHim1	GCA_005280165.1	Mammalia; Theria; Eutheria; Boreoeutheria; Euarchontoglires; Glires; Rodentia; Sciuromorpha; Sciuridae; Xerinae; Marmotini; Marmota	102162	1497034	13817	725	1	0.693147180559945	0	0	1	0.693147180559945	0	0	1	0	1	0	Herbivore	Plant_dominant	0	0	0	0	0	0	30	0	30	40	100	1	0.4	0	5000	3.69897000433602	Marmota himalayana	Himalayan marmot		93163	NCBI	ASM528016v1	Scaffold	2019-05-10	Xian Jiaotong University Health Science Center	654	Marmota himalayana	Marmota himalayana	Plant_dominant	TRUE	100	0	0	0	1	0	0	0	100	PGA_CN_primary	0	0
Ctenodactylus gundi	Ctenodactylus_gundi	Ctenodactylus_gundi__Northern_gundi__HLcteGund2A__GCA_048771875.1	Ctenodactylus_gundi__Northern_gundi__HLcteGund2A__GCA_048771875.1	Ctenodactylus_gundi__Northern_gundi__HLcteGund2A__GCA_048771875.1	HLcteGund2A	GCA_048771875.1	Mammalia; Theria; Eutheria; Boreoeutheria; Euarchontoglires; Glires; Rodentia; Hystricomorpha; Ctenodactylidae; Ctenodactylus	38834406	108787391	14791	33	1	0.693147180559945	0	0	1	0.693147180559945	0	0	1	0	1	0	Herbivore	Plant_dominant	0	0	0	0	0	0	0	0	0	100	100	1	1	0	289	2.46089784275655	Ctenodactylus gundi	Northern gundi	gundi	10166	NCBI	mCteGun2.hap1	Chromosome	2025-03-21	Vertebrate Genomes Project	372	Ctenodactylus gundi	Ctenodactylus gundi	Plant_dominant	TRUE	100	0	0	0	1	0	0	0	100	PGA_CN_primary	0	0
Dipodomys merriami	Dipodomys_merriami	Dipodomys_merriami__Merriams_kangaroo_rat__HLdipMer1__GCA_024711535.1	Dipodomys_merriami__Merriams_kangaroo_rat__HLdipMer1__GCA_024711535.1	Dipodomys_merriami__Merriams_kangaroo_rat__HLdipMer1__GCA_024711535.1	HLdipMer1	GCA_024711535.1	Mammalia; Theria; Eutheria; Boreoeutheria; Euarchontoglires; Glires; Rodentia; Castorimorpha; Heteromyidae; Dipodomyinae; Dipodomys	7443915	13535215	14791	66	1	0.693147180559945	0	0	1	0.693147180559945	0	0	1	0	1	0	Omnivore	Omnivore	20	0	0	0	0	0	20	0	30	30	80	0.8	0.3	20	42	1.6232492903979	Dipodomys merriami	Merriams kangaroo rat		94247	NCBI	mDipMer1.0.p	Scaffold	2022-08-18	UCLA	339	Dipodomys merriami	Dipodomys merriami	Omnivore	TRUE	80	0	20	0	0.8	0	0.2	0	100	PGA_CN_primary	0	0
Dipodomys spectabilis	Dipodomys_spectabilis	Dipodomys_spectabilis__banner-tailed_kangaroo_rat__HLdipSpe1__GCF_019054845.1	Dipodomys_spectabilis__banner-tailed_kangaroo_rat__HLdipSpe1__GCF_019054845.1	Dipodomys_spectabilis__banner-tailed_kangaroo_rat__HLdipSpe1__GCF_019054845.1	HLdipSpe1	GCF_019054845.1	Mammalia; Theria; Eutheria; Boreoeutheria; Euarchontoglires; Glires; Rodentia; Castorimorpha; Heteromyidae; Dipodomyinae; Dipodomys	9612466	9612466	14593	99	1	0.693147180559945	0	0	1	0.693147180559945	0	0	1	0	1	0	Omnivore	Omnivore	20	0	0	0	0	0	20	0	30	30	80	0.8	0.3	20	135.88	2.13315553819799	Dipodomys spectabilis	banner-tailed kangaroo rat		105255	NCBI	ASM1905484v1	Contig	2021-06-29	Auburn University	504	Dipodomys spectabilis	Dipodomys spectabilis	Omnivore	TRUE	80	0	20	0	0.8	0	0.2	0	100	PGA_CN_primary	0	0
Thomomys bottae	Thomomys_bottae	Thomomys_bottae__Bottas_pocket_gopher__HLthoBot2B__GCA_031878665.1	Thomomys_bottae__Bottas_pocket_gopher__HLthoBot2B__GCA_031878665.1	Thomomys_bottae__Bottas_pocket_gopher__HLthoBot2B__GCA_031878665.1	HLthoBot2B	GCA_031878665.1	Mammalia; Theria; Eutheria; Boreoeutheria; Euarchontoglires; Glires; Rodentia; Castorimorpha; Geomyidae; Thomomys	6183328	61325068	14174	595	1	0.693147180559945	0	0	1	0.693147180559945	0	0	1	0	1	0	Herbivore	Plant_dominant	0	0	0	0	0	0	0	0	0	100	100	1	1	0	114.75	2.0597526942093	Thomomys bottae	Bottas pocket gopher		10013	NCBI	mThoBot2.hap2	Chromosome	2023-09-25	Vertebrate Genomes Project	427	Thomomys bottae	Thomomys bottae	Plant_dominant	TRUE	100	0	0	0	1	0	0	0	100	PGA_CN_primary	0	0
Geomys bursarius	Geomys_bursarius	Geomys_bursarius__Plains_pocket_gopher__HLgeoBur1__GCA_040207655.1	Geomys_bursarius__Plains_pocket_gopher__HLgeoBur1__GCA_040207655.1	Geomys_bursarius__Plains_pocket_gopher__HLgeoBur1__GCA_040207655.1	HLgeoBur1	GCA_040207655.1	Mammalia; Theria; Eutheria; Boreoeutheria; Euarchontoglires; Glires; Rodentia; Castorimorpha; Geomyidae; Geomys	11757861	13070852	14710	111	1	0.693147180559945	0	0	1	0.693147180559945	0	0	1	0	1	0	Herbivore	Plant_dominant	0	0	0	0	0	0	0	0	0	100	100	1	1	0	203.75	2.30909761741201	Geomys bursarius	Plains pocket gopher	Mus bursarius	27682	NCBI	GeBurs	Scaffold	2024-06-17	Texas Tech University	375	Geomys bursarius	Geomys bursarius	Plant_dominant	TRUE	100	0	0	0	1	0	0	0	100	PGA_CN_primary	0	0
Castor fiber	Castor_fiber	Castor_fiber__Eurasian_beaver__HLcasFibe1__GCA_977036005.1	Castor_fiber__Eurasian_beaver__HLcasFibe1__GCA_977036005.1	Castor_fiber__Eurasian_beaver__HLcasFibe1__GCA_977036005.1	HLcasFibe1	GCA_977036005.1	Mammalia; Theria; Eutheria; Boreoeutheria; Euarchontoglires; Glires; Rodentia; Castorimorpha; Castoridae; Castor	48519000	144294294	14912	36	1	0.693147180559945	0	0	1	0.693147180559945	0	0	1	0	1	0	Herbivore	Plant_dominant	0	0	0	0	0	0	0	0	0	100	100	1	1	0	19000	4.27875360095283	Castor fiber	Eurasian beaver		10185	NCBI	mCasFib1.1	Chromosome	2025-11-13	WELLCOME SANGER INSTITUTE	248	Castor fiber	Castor fiber	Plant_dominant	TRUE	100	0	0	0	1	0	0	0	100	PGA_CN_primary	0	0
Castor canadensis	Castor_canadensis	Castor_canadensis__American_beaver__HLcasCana5__GCA_001984765.2	Castor_canadensis__American_beaver__HLcasCana5__GCA_001984765.2	Castor_canadensis__American_beaver__HLcasCana5__GCA_001984765.2	HLcasCana5	GCA_001984765.2	Mammalia; Theria; Eutheria; Boreoeutheria; Euarchontoglires; Glires; Rodentia; Castorimorpha; Castoridae; Castor	144908913	158004004	15030	5	1	0.693147180559945	0	0	1	0.693147180559945	0	0	1	0	1	0	Herbivore	Plant_dominant	0	0	0	0	0	0	0	0	0	100	100	1	1	0	21820	4.33885474625232	Castor canadensis	American beaver		51338	NCBI	ASM198476v2	Chromosome	2026-01-29	Hospital for Sick Children	161	Castor canadensis	Castor canadensis	Plant_dominant	TRUE	100	0	0	0	1	0	0	0	100	PGA_CN_primary	0	0
Myospalax psilurus	Myospalax_psilurus	Myospalax_psilurus__Transbaikal_zokor__HLmyoPsil1__GCA_049190895.1	Myospalax_psilurus__Transbaikal_zokor__HLmyoPsil1__GCA_049190895.1	Myospalax_psilurus__Transbaikal_zokor__HLmyoPsil1__GCA_049190895.1	HLmyoPsil1	GCA_049190895.1	Mammalia; Theria; Eutheria; Boreoeutheria; Euarchontoglires; Glires; Rodentia; Myomorpha; Muroidea; Spalacidae; Myospalacinae; Myospalax	23106468	76917133	14849	49	1	0.693147180559945	0	0	1	0.693147180559945	0	0	1	0	1	0	Omnivore	Omnivore	0	0	0	0	0	0	0	0	50	50	100	1	0.5	0	259.21	2.4136517520637	Myospalax psilurus	Transbaikal zokor		146129	NCBI	ASM4919089v1	Chromosome	2025-03-31	Lanzhou University	298	Myospalax psilurus	Myospalax psilurus	Omnivore	TRUE	100	0	0	0	1	0	0	0	100	PGA_CN_primary	0	0
Eospalax fontanierii	Eospalax_fontanierii	Eospalax_fontanierii__Chinese_zokor__HLeosFon1__GCA_035773235.1	Eospalax_fontanierii__Chinese_zokor__HLeosFon1__GCA_035773235.1	Eospalax_fontanierii__Chinese_zokor__HLeosFon1__GCA_035773235.1	HLeosFon1	GCA_035773235.1	Mammalia; Theria; Eutheria; Boreoeutheria; Euarchontoglires; Glires; Rodentia; Myomorpha; Muroidea; Spalacidae; Myospalacinae; Eospalax	59200000	82041474	14947	32	1	0.693147180559945	0	0	1	0.693147180559945	0	0	1	0	1	0	Omnivore	Omnivore	0	0	0	0	0	0	0	0	50	50	100	1	0.5	0	256.76	2.40952736701224	Eospalax fontanierii	Chinese zokor	Myospalax fontanierii	146134	NCBI	ASM3577323v1	Chromosome	2024-01-24	Lanzhou University	217	Eospalax fontanierii	Eospalax fontanierii	Omnivore	TRUE	100	0	0	0	1	0	0	0	100	PGA_CN_primary	0	0
Acomys russatus	Acomys_russatus	Acomys_russatus__golden_spiny_mouse__HLacoRus1__GCA_903995435.1	Acomys_russatus__golden_spiny_mouse__HLacoRus1__GCA_903995435.1	Acomys_russatus__golden_spiny_mouse__HLacoRus1__GCA_903995435.1	HLacoRus1	GCA_903995435.1	Mammalia; Theria; Eutheria; Boreoeutheria; Euarchontoglires; Glires; Rodentia; Myomorpha; Muroidea; Muridae; Deomyinae; Acomys	4450755	66475698	14490	65	1	0.693147180559945	0	0	1	0.693147180559945	0	0	1	0	1	0	Omnivore	Omnivore	20	0	0	0	40	0	0	0	10	30	40	0.4	0.3	60	49.75	1.69679308508174	Acomys russatus	golden spiny mouse		60746	NCBI	mAcoRus1.1	Chromosome	2020-08-21	SC	641	Acomys russatus	Acomys russatus	Omnivore	TRUE	40	40	20	0	0.4	0.4	0.2	0	100	PGA_CN_primary	0	0
Acomys kempi	Acomys_kempi	Acomys_kempi__Kemps_spiny_mouse__HLacoKem1__GCA_907164505.1	Acomys_kempi__Kemps_spiny_mouse__HLacoKem1__GCA_907164505.1	Acomys_kempi__Kemps_spiny_mouse__HLacoKem1__GCA_907164505.1	HLacoKem1	GCA_907164505.1	Mammalia; Theria; Eutheria; Boreoeutheria; Euarchontoglires; Glires; Rodentia; Myomorpha; Muroidea; Muridae; Deomyinae; Acomys	33625	125230826	13999	541	1	0.693147180559945	0	0	1	0.693147180559945	0	0	1	0	1	0	Omnivore	Omnivore	0	0	0	0	30	0	0	0	0	70	70	0.7	0.7	30	22	1.34242268082221	Acomys kempi	Kemps spiny mouse		83762	NCBI	mAcoKem2_REL_1905	Chromosome	2021-07-06	WELLCOME TRUST SANGER INSTITUTE	656	Acomys kempi	Acomys kempi	Omnivore	TRUE	70	30	0	0	0.7	0.3	0	0	100	PGA_CN_primary	0	0
Acomys percivali	Acomys_percivali	Acomys_percivali__Percivals_spiny_mouse__HLacoPer1__GCA_907169655.1	Acomys_percivali__Percivals_spiny_mouse__HLacoPer1__GCA_907169655.1	Acomys_percivali__Percivals_spiny_mouse__HLacoPer1__GCA_907169655.1	HLacoPer1	GCA_907169655.1	Mammalia; Theria; Eutheria; Boreoeutheria; Euarchontoglires; Glires; Rodentia; Myomorpha; Muroidea; Muridae; Deomyinae; Acomys	26477	126270630	13905	625	1	0.693147180559945	0	0	1	0.693147180559945	0	0	1	0	1	0	Omnivore	Omnivore	0	0	0	0	30	0	0	0	0	70	70	0.7	0.7	30	22	1.34242268082221	Acomys percivali	Percivals spiny mouse		83527	NCBI	mAcoPer2_REL_1905	Chromosome	2021-07-06	WELLCOME TRUST SANGER INSTITUTE	666	Acomys percivali	Acomys percivali	Omnivore	TRUE	70	30	0	0	0.7	0.3	0	0	100	PGA_CN_primary	0	0
Acomys cahirinus	Acomys_cahirinus	Acomys_cahirinus__Egyptian_spiny_mouse__HLacoCah2	Acomys_cahirinus__Egyptian_spiny_mouse__HLacoCah2	Acomys_cahirinus__Egyptian_spiny_mouse__HLacoCah2	HLacoCah2	https://zenodo.org/record/7761277#.ZEKxiRVBwsw	Mammalia; Theria; Eutheria; Boreoeutheria; Euarchontoglires; Glires; Rodentia; Myomorpha; Muroidea; Muridae; Deomyinae; Acomys	57643754	127770522	14896	32	1	0.693147180559945	0	0	1	0.693147180559945	0	0	1	0	1	0	Omnivore	Omnivore	0	0	0	0	30	0	0	0	0	70	70	0.7	0.7	30	52.45	1.71974549252958	Acomys cahirinus	Egyptian spiny mouse	Cairo spiny mouse,Acomys airensis,Acomys albigena	10068	https://zenodo.org/record/7761277#.ZEKxiRVBwsw			2023-04-23		268	Acomys cahirinus	Acomys cahirinus	Omnivore	TRUE	70	30	0	0	0.7	0.3	0	0	100	PGA_CN_primary	0	0
Acomys dimidiatus	Acomys_dimidiatus	Acomys_dimidiatus__Eastern_spiny_mouse__HLacoDim1__GCA_907164435.1	Acomys_dimidiatus__Eastern_spiny_mouse__HLacoDim1__GCA_907164435.1	Acomys_dimidiatus__Eastern_spiny_mouse__HLacoDim1__GCA_907164435.1	HLacoDim1	GCA_907164435.1	Mammalia; Theria; Eutheria; Boreoeutheria; Euarchontoglires; Glires; Rodentia; Myomorpha; Muroidea; Muridae; Deomyinae; Acomys	33040	124365287	14220	450	1	0.693147180559945	0	0	1	0.693147180559945	0	0	1	0	1	0	Omnivore	Omnivore	10	0	0	0	30	0	0	0	10	50	60	0.6	0.5	40	28.81	1.45954325828041	Acomys dimidiatus	Eastern spiny mouse		60744	NCBI	mAcoDim1_REL_1905	Chromosome	2021-07-06	WELLCOME TRUST SANGER INSTITUTE	526	Acomys dimidiatus	Acomys dimidiatus	Omnivore	TRUE	60	30	10	0	0.6	0.3	0.1	0	100	PGA_CN_primary	0	0
Acomys minous	Acomys_minous	Acomys_minous__Crete_spiny_mouse__HLacoMin1__GCA_964271855.1	Acomys_minous__Crete_spiny_mouse__HLacoMin1__GCA_964271855.1	Acomys_minous__Crete_spiny_mouse__HLacoMin1__GCA_964271855.1	HLacoMin1	GCA_964271855.1	Mammalia; Theria; Eutheria; Boreoeutheria; Euarchontoglires; Glires; Rodentia; Myomorpha; Muroidea; Muridae; Deomyinae; Acomys	29281624	122851966	14840	42	1	0.693147180559945	0	0	1	0.693147180559945	0	0	1	0	1	0	Omnivore	Omnivore	0	0	0	0	30	0	0	0	0	70	70	0.7	0.7	30	62.5	1.79588001734408	Acomys minous	Crete spiny mouse		83528	NCBI	mAcoMin1	Chromosome	2024-10-03	Genoscope CEA	314	Acomys minous	Acomys minous	Omnivore	TRUE	70	30	0	0	0.7	0.3	0	0	100	PGA_CN_primary	0	0
Pachyuromys duprasi	Pachyuromys_duprasi	Pachyuromys_duprasi__fat-tailed_gerbil__HLpacDup1	Pachyuromys_duprasi__fat-tailed_gerbil__HLpacDup1	Pachyuromys_duprasi__fat-tailed_gerbil__HLpacDup1	HLpacDup1	DNA Zoo Consortium	Mammalia; Theria; Eutheria; Boreoeutheria; Euarchontoglires; Glires; Rodentia; Myomorpha; Muroidea; Muridae; Gerbillinae; Pachyuromys	47150	70283636	14084	563	1	0.693147180559945	0	0	1	0.693147180559945	0	0	1	0	1	0	Insectivore	Animal_dominant	100	0	0	0	0	0	0	0	0	0	0	0	0	100	47.5	1.67669360962487	Pachyuromys duprasi	fat-tailed gerbil		298894	DNA Zoo Consortium			2021-04-11		549	Pachyuromys duprasi	Pachyuromys duprasi	Insectivore	TRUE	0	0	100	0	0	0	1	0	100	PGA_CN_primary	0	0
Psammomys obesus	Psammomys_obesus	Psammomys_obesus__fat_sand_rat__HLpsaObe1__GCA_002215935.2	Psammomys_obesus__fat_sand_rat__HLpsaObe1__GCA_002215935.2	Psammomys_obesus__fat_sand_rat__HLpsaObe1__GCA_002215935.2	HLpsaObe1	GCA_002215935.2	Mammalia; Theria; Eutheria; Boreoeutheria; Euarchontoglires; Glires; Rodentia; Myomorpha; Muroidea; Muridae; Gerbillinae; Psammomys	76389	10472398	14511	137	1	0.693147180559945	0	0	1	0.693147180559945	0	0	1	0	1	0	Herbivore	Plant_dominant	0	0	0	0	0	0	0	0	0	100	100	1	1	0	149.58	2.17487352888742	Psammomys obesus	fat sand rat		48139	NCBI	ASM221593v2	Scaffold	2020-02-10	Department of Zoology, University of Oxford, UK	548	Psammomys obesus	Psammomys obesus	Plant_dominant	TRUE	100	0	0	0	1	0	0	0	100	PGA_CN_primary	0	0
Meriones unguiculatus	Meriones_unguiculatus	Meriones_unguiculatus__Mongolian_gerbil__HLmerUng2__GCF_030254825.1	Meriones_unguiculatus__Mongolian_gerbil__HLmerUng2__GCF_030254825.1	Meriones_unguiculatus__Mongolian_gerbil__HLmerUng2__GCF_030254825.1	HLmerUng2	GCF_030254825.1	Mammalia; Theria; Eutheria; Boreoeutheria; Euarchontoglires; Glires; Rodentia; Myomorpha; Muroidea; Muridae; Gerbillinae; Meriones	50173090	122584302	14763	41	1	0.693147180559945	0	0	1	0.693147180559945	0	0	1	0	1	0	Herbivore	Plant_dominant	20	0	0	0	0	0	10	0	20	50	80	0.8	0.5	20	53.3	1.72672720902657	Meriones unguiculatus	Mongolian gerbil	Mongolian jird	10047	NCBI	Bangor_MerUng_6.1	Chromosome	2023-06-12	Bangor University	392	Meriones unguiculatus	Meriones unguiculatus	Plant_dominant	TRUE	80	0	20	0	0.8	0	0.2	0	100	PGA_CN_primary	0	0
Apodemus speciosus	Apodemus_speciosus	Apodemus_speciosus__Large_Japanese_field_mouse__HLapoSpe1__GCA_045298715.1	Apodemus_speciosus__Large_Japanese_field_mouse__HLapoSpe1__GCA_045298715.1	Apodemus_speciosus__Large_Japanese_field_mouse__HLapoSpe1__GCA_045298715.1	HLapoSpe1	GCA_045298715.1	Mammalia; Theria; Eutheria; Boreoeutheria; Euarchontoglires; Glires; Rodentia; Myomorpha; Muroidea; Muridae; Murinae; Apodemus	2358870	119829018	13538	124	1	0.693147180559945	0	0	1	0.693147180559945	0	0	1	0	1	0	Herbivore	Plant_dominant	20	0	0	0	0	0	20	0	20	40	80	0.8	0.4	20	33.8	1.52891670027765	Apodemus speciosus	Large Japanese field mouse		105296	NCBI	Apodemus_speciosus_assembly02	Scaffold	2024-09-08	National Institute for Environmental Studies, Japan	1534	Apodemus speciosus	Apodemus speciosus	Plant_dominant	TRUE	80	0	20	0	0.8	0	0.2	0	100	PGA_CN_primary	0	0
Apodemus agrarius	Apodemus_agrarius	Apodemus_agrarius__Eurasian_field_mouse__HLapoAgr1__GCA_964023405.1	Apodemus_agrarius__Eurasian_field_mouse__HLapoAgr1__GCA_964023405.1	Apodemus_agrarius__Eurasian_field_mouse__HLapoAgr1__GCA_964023405.1	HLapoAgr1	GCA_964023405.1	Mammalia; Theria; Eutheria; Boreoeutheria; Euarchontoglires; Glires; Rodentia; Myomorpha; Muroidea; Muridae; Murinae; Apodemus	35188814	119125257	14891	39	1	0.693147180559945	0	0	1	0.693147180559945	0	0	1	0	1	0	Herbivore	Plant_dominant	20	0	0	0	0	0	20	0	20	40	80	0.8	0.4	20	23.3	1.36735592102602	Apodemus agrarius	Eurasian field mouse	Mus agrarius,striped field mouse,Apodemus pratensis,Old World field mouse	39030	NCBI	mApoAgr2.1	Chromosome	2024-04-12	Centro Nacional de Análisis Genómico	266	Apodemus agrarius	Apodemus agrarius	Plant_dominant	TRUE	80	0	20	0	0.8	0	0.2	0	100	PGA_CN_primary	0	0
Apodemus sylvaticus	Apodemus_sylvaticus	Apodemus_sylvaticus__European_woodmouse__HLapoSyl2__GCF_947179515.1	Apodemus_sylvaticus__European_woodmouse__HLapoSyl2__GCF_947179515.1	Apodemus_sylvaticus__European_woodmouse__HLapoSyl2__GCF_947179515.1	HLapoSyl2	GCF_947179515.1	Mammalia; Theria; Eutheria; Boreoeutheria; Euarchontoglires; Glires; Rodentia; Myomorpha; Muroidea; Muridae; Murinae; Apodemus; Sylvaemus group	4449850	120938251	14744	54	1	0.693147180559945	0	0	1	0.693147180559945	0	0	1	0	1	0	Herbivore	Plant_dominant	20	0	0	0	0	0	20	0	20	40	80	0.8	0.4	20	30.45	1.48358729696889	Apodemus sylvaticus	European woodmouse	Long-tailed field mouse,Mus sylvaticus,Sylvaemus sylvaticus	10129	NCBI	mApoSyl1.1	Chromosome	2022-10-28	WELLCOME SANGER INSTITUTE	398	Apodemus sylvaticus	Apodemus sylvaticus	Plant_dominant	TRUE	80	0	20	0	0.8	0	0.2	0	100	PGA_CN_primary	0	0
Tokudaia muenninki	Tokudaia_muenninki	Tokudaia_muenninki__Okinawa_island_spiny_rat__HLtokMue1__GCA_036184385.1	Tokudaia_muenninki__Okinawa_island_spiny_rat__HLtokMue1__GCA_036184385.1	Tokudaia_muenninki__Okinawa_island_spiny_rat__HLtokMue1__GCA_036184385.1	HLtokMue1	GCA_036184385.1	Mammalia; Theria; Eutheria; Boreoeutheria; Euarchontoglires; Glires; Rodentia; Myomorpha; Muroidea; Muridae; Murinae; Tokudaia	19740843	121843864	14857	49	1	0.693147180559945	0	0	1	0.693147180559945	0	0	1	0	1	0	Herbivore	Plant_dominant	10	0	0	0	0	0	10	0	20	60	90	0.9	0.6	10	177.4	2.24895361549571	Tokudaia muenninki	Okinawa island spiny rat	Tokudamys osimensis muenninki	742503	NCBI	Tmue1	Scaffold	2023-09-08	Hokkaido University, Graduate School of Life Science	290	Tokudaia muenninki	Tokudaia muenninki	Plant_dominant	TRUE	90	0	10	0	0.9	0	0.1	0	100	PGA_CN_primary	0	0
Mus spretus	Mus_spretus	Mus_spretus__Western_wild_mouse__HLmusSpr2__GCA_921997135.2	Mus_spretus__Western_wild_mouse__HLmusSpr2__GCA_921997135.2	Mus_spretus__Western_wild_mouse__HLmusSpr2__GCA_921997135.2	HLmusSpr2	GCA_921997135.2	Mammalia; Theria; Eutheria; Boreoeutheria; Euarchontoglires; Glires; Rodentia; Myomorpha; Muroidea; Muridae; Murinae; Mus; Mus	10023970	129120363	14885	59	1	0.693147180559945	0	0	1	0.693147180559945	0	0	1	0	1	0	Herbivore	Plant_dominant	20	0	0	0	0	0	0	0	20	60	80	0.8	0.6	20	12.8	1.10720996964787	Mus spretus	Western wild mouse	Mus musculus spretus,Algerian mouse	10096	NCBI	SPRET_EiJ_v3	Chromosome	2022-06-30	EMBL-EBI, WELLCOME TRUST GENOME CAMPUS, CAMBRIDGE	252	Mus spretus	Mus spretus	Plant_dominant	TRUE	80	0	20	0	0.8	0	0.2	0	100	PGA_CN_primary	0	0
Mus musculus	Mus_musculus	Mus_musculus__house_mouse__mm39__GCF_000001635.27	Mus_musculus__house_mouse__mm39__GCF_000001635.27	Mus_musculus__house_mouse__mm39__GCF_000001635.27	mm39	GCF_000001635.27	Mammalia; Theria; Eutheria; Boreoeutheria; Euarchontoglires; Glires; Rodentia; Myomorpha; Muroidea; Muridae; Murinae; Mus; Mus	59462871	106145001	14915	56	1	0.693147180559945	0	0	1	0.693147180559945	0	0	1	0	1	0	Herbivore	Plant_dominant	20	0	0	0	0	0	0	0	20	60	80	0.8	0.6	20	16.25	1.21085336531489	Mus musculus	house mouse	mouse,LK3 transgenic mice,transgenic mice,nude mice,Mus sp. 129SV	10090	NCBI	GRCm39	Chromosome	2020-06-24	Genome Reference Consortium	225	Mus musculus	Mus musculus	Plant_dominant	TRUE	80	0	20	0	0.8	0	0.2	0	100	PGA_CN_primary	0	0
Mus minutoides	Mus_minutoides	Mus_minutoides__Southern_African_pygmy_mouse__HLmusMin1__GCA_902729475.2	Mus_minutoides__Southern_African_pygmy_mouse__HLmusMin1__GCA_902729475.2	Mus_minutoides__Southern_African_pygmy_mouse__HLmusMin1__GCA_902729475.2	HLmusMin1	GCA_902729475.2	Mammalia; Theria; Eutheria; Boreoeutheria; Euarchontoglires; Glires; Rodentia; Myomorpha; Muroidea; Muridae; Murinae; Mus; Nannomys	74168	6564238	14580	233	1	0.693147180559945	0	0	1	0.693147180559945	0	0	1	0	1	0	Herbivore	Plant_dominant	20	0	0	0	0	0	0	0	20	60	80	0.8	0.6	20	7.01	0.845718017966659	Mus minutoides	Southern African pygmy mouse	Nannomys minutoides	10105	NCBI	Mus_minutoides_I6164_v1	Scaffold	2020-09-25	INSTITUT DES SCIENCES DE L'EVOLUTION DE MONTPELLIER, UNIVERSITE DE MONTPELLIER, CNRS-EPHE-IRD-UM	383	Mus minutoides	Mus minutoides	Plant_dominant	TRUE	80	0	20	0	0.8	0	0.2	0	100	PGA_CN_primary	0	0
Arvicanthis niloticus	Arvicanthis_niloticus	Arvicanthis_niloticus__Nile_rat__HLarvNilo2__GCF_011762505.2	Arvicanthis_niloticus__Nile_rat__HLarvNilo2__GCF_011762505.2	Arvicanthis_niloticus__Nile_rat__HLarvNilo2__GCF_011762505.2	HLarvNilo2	GCF_011762505.2	Mammalia; Theria; Eutheria; Boreoeutheria; Euarchontoglires; Glires; Rodentia; Myomorpha; Muroidea; Muridae; Murinae; Arvicanthis	11143170	82689117	14738	80	1	0.693147180559945	0	0	1	0.693147180559945	0	0	1	0	1	0	Omnivore	Omnivore	0	0	0	0	0	0	0	0	30	70	100	1	0.7	0	106.9	2.02897770520878	Arvicanthis niloticus	Nile rat	Mus niloticus,African grass rat	61156	NCBI	mArvNil1.pat.X	Chromosome	2025-01-29	Vertebrate Genomes Project	378	Arvicanthis niloticus	Arvicanthis niloticus	Omnivore	TRUE	100	0	0	0	1	0	0	0	100	PGA_CN_primary	0	0
Rhabdomys pumilio	Rhabdomys_pumilio	Rhabdomys_pumilio__Four-striped_grass_mouse__HLrhaPum1__GCA_030674055.1	Rhabdomys_pumilio__Four-striped_grass_mouse__HLrhaPum1__GCA_030674055.1	Rhabdomys_pumilio__Four-striped_grass_mouse__HLrhaPum1__GCA_030674055.1	HLrhaPum1	GCA_030674055.1	Mammalia; Theria; Eutheria; Boreoeutheria; Euarchontoglires; Glires; Rodentia; Myomorpha; Muroidea; Muridae; Murinae; Rhabdomys	45029	83564217	14436	349	1	0.693147180559945	0	0	1	0.693147180559945	0	0	1	0	1	0	Granivore	Plant_dominant	20	0	0	0	0	0	20	0	40	20	80	0.8	0.2	20	41.12	1.61405310598722	Rhabdomys pumilio	Four-striped grass mouse	Mus pumilio	121573	NCBI	PU_Rpum_1.0	Scaffold	2023-08-07	Princeton University	411	Rhabdomys pumilio	Rhabdomys pumilio	Plant_dominant	TRUE	80	0	20	0	0.8	0	0.2	0	100	PGA_CN_primary	0	0
Rhynchomys soricoides	Rhynchomys_soricoides	Rhynchomys_soricoides__Mount_Data_shrew_rat__HLrhySor1__GCA_019843965.1	Rhynchomys_soricoides__Mount_Data_shrew_rat__HLrhySor1__GCA_019843965.1	Rhynchomys_soricoides__Mount_Data_shrew_rat__HLrhySor1__GCA_019843965.1	HLrhySor1	GCA_019843965.1	Mammalia; Theria; Eutheria; Boreoeutheria; Euarchontoglires; Glires; Rodentia; Myomorpha; Muroidea; Muridae; Murinae; Rhynchomys	79773	7860034	13897	829	1	0.693147180559945	0	0	1	0.693147180559945	0	0	1	0	1	0	Insectivore	Animal_dominant	100	0	0	0	0	0	0	0	0	0	0	0	0	100	187	2.2718416065365	Rhynchomys soricoides	Mount Data shrew rat		1217597	NCBI	ASM1984396v1	Scaffold	2021-09-01	University of Pennsylvania	470	Rhynchomys soricoides	Rhynchomys soricoides	Insectivore	TRUE	0	0	100	0	0	0	1	0	100	PGA_CN_primary	0	0
Uromys caudimaculatus	Uromys_caudimaculatus	Uromys_caudimaculatus__giant_uromys__HLuroCau1	Uromys_caudimaculatus__giant_uromys__HLuroCau1	Uromys_caudimaculatus__giant_uromys__HLuroCau1	HLuroCau1	DNA Zoo Consortium	Mammalia; Theria; Eutheria; Boreoeutheria; Euarchontoglires; Glires; Rodentia; Myomorpha; Muroidea; Muridae; Murinae; Uromys	49189	99048585	14184	543	1	0.693147180559945	0	0	1	0.693147180559945	0	0	1	0	1	0	Omnivore	Omnivore	0	0	0	0	0	0	50	0	30	20	100	1	0.2	0	606.75	2.78300978500397	Uromys caudimaculatus	giant uromys	giant white-tailed rat	36800	DNA Zoo Consortium			2021-04-11		469	Uromys caudimaculatus	Uromys caudimaculatus	Omnivore	TRUE	100	0	0	0	1	0	0	0	100	PGA_CN_primary	0	0
Pseudomys desertor	Pseudomys_desertor	Pseudomys_desertor__brown_desert_mouse__HLpseDes1	Pseudomys_desertor__brown_desert_mouse__HLpseDes1	Pseudomys_desertor__brown_desert_mouse__HLpseDes1	HLpseDes1	DNA Zoo Consortium	Mammalia; Theria; Eutheria; Boreoeutheria; Euarchontoglires; Glires; Rodentia; Myomorpha; Muroidea; Muridae; Murinae; Pseudomys	536677	103158894	9058	273	1	0.693147180559945	0	0	1	0.693147180559945	0	0	1	0	1	0	Omnivore	Omnivore	20	0	0	0	0	0	0	0	30	50	80	0.8	0.5	20	25	1.39794000867204	Pseudomys desertor	brown desert mouse		221914	DNA Zoo Consortium			2021-04-11		5865	Pseudomys desertor	Pseudomys desertor	Omnivore	TRUE	80	0	20	0	0.8	0	0.2	0	100	PGA_CN_primary	0	0
Mastacomys fuscus	Mastacomys_fuscus	Mastacomys_fuscus__broad-toothed_rat__HLmasFus1	Mastacomys_fuscus__broad-toothed_rat__HLmasFus1	Mastacomys_fuscus__broad-toothed_rat__HLmasFus1	HLmasFus1	DNA Zoo Consortium	Mammalia; Theria; Eutheria; Boreoeutheria; Euarchontoglires; Glires; Rodentia; Myomorpha; Muroidea; Muridae; Murinae; Mastacomys	371229	104439433	9441	490	1	0.693147180559945	0	0	1	0.693147180559945	0	0	1	0	1	0	Omnivore	Omnivore	20	0	0	0	0	0	0	0	30	50	80	0.8	0.5	20	125.72	2.09940437234554	Mastacomys fuscus	broad-toothed rat	Pseudomys fuscus	337222	DNA Zoo Consortium			2021-02-02		5265	Mastacomys fuscus	Mastacomys fuscus	Omnivore	TRUE	80	0	20	0	0.8	0	0.2	0	100	PGA_CN_primary	0	0
Micromys minutus	Micromys_minutus	Micromys_minutus__European_harvest_mouse__HLmicMin1__GCA_963924665.1	Micromys_minutus__European_harvest_mouse__HLmicMin1__GCA_963924665.1	Micromys_minutus__European_harvest_mouse__HLmicMin1__GCA_963924665.1	HLmicMin1	GCA_963924665.1	Mammalia; Theria; Eutheria; Boreoeutheria; Euarchontoglires; Glires; Rodentia; Myomorpha; Muroidea; Muridae; Murinae; Micromys	1835000	59776753	14401	186	1	0.693147180559945	0	0	1	0.693147180559945	0	0	1	0	1	0	Omnivore	Omnivore	30	0	0	0	0	0	0	0	40	30	70	0.7	0.3	30	6	0.778151250383644	Micromys minutus	European harvest mouse	Micromyus pygmaeus, 1872,Mus pygmaeus Milne-Edwards,Mus minutus,Eurasian harvest mouse	13151	NCBI	mMicMin1.1	Chromosome	2024-01-29	WELLCOME SANGER INSTITUTE	609	Micromys minutus	Micromys minutus	Omnivore	TRUE	70	0	30	0	0.7	0	0.3	0	100	PGA_CN_primary	0	0
Rattus rattus	Rattus_rattus	Rattus_rattus__black_rat__HLratRat7__GCA_011064425.1	Rattus_rattus__black_rat__HLratRat7__GCA_011064425.1	Rattus_rattus__black_rat__HLratRat7__GCA_011064425.1	HLratRat7	GCA_011064425.1	Mammalia; Theria; Eutheria; Boreoeutheria; Euarchontoglires; Glires; Rodentia; Myomorpha; Muroidea; Muridae; Murinae; Rattus	1635336	158824752	13682	196	1	0.693147180559945	0	0	1	0.693147180559945	0	0	1	0	1	0	Omnivore	Omnivore	30	0	0	0	0	0	20	0	40	10	70	0.7	0.1	30	229.13	2.36008195510597	Rattus rattus	black rat	Rattus rattoides,roof rat,house rat,Rattus wroughtoni	10117	NCBI	Rrattus_CSIRO_v1	Chromosome	2020-03-04	CSIRO	1318	Rattus rattus	Rattus rattus	Omnivore	TRUE	70	0	30	0	0.7	0	0.3	0	100	PGA_CN_primary	0	0
Rattus norvegicus	Rattus_norvegicus	Rattus_norvegicus__Norway_rat__HLratNor8__GCF_036323735.1	Rattus_norvegicus__Norway_rat__HLratNor8__GCF_036323735.1	Rattus_norvegicus__Norway_rat__HLratNor8__GCF_036323735.1	HLratNor8	GCF_036323735.1	Mammalia; Theria; Eutheria; Boreoeutheria; Euarchontoglires; Glires; Rodentia; Myomorpha; Muroidea; Muridae; Murinae; Rattus	64250101	137014596	14874	56	1	0.693147180559945	0	0	1	0.693147180559945	0	0	1	0	1	0	Omnivore	Omnivore	30	0	0	0	0	0	20	0	40	10	70	0.7	0.1	30	338.33	2.52934050874512	Rattus norvegicus	Norway rat	rat,rats,Rattus sp. strain Wistar,brown rat,laboratory rat,Rattus PC12 clone IS,Mus norvegicus,Buffalo rat,Sprague-Dawley rat,zitter rats,Wistar rats	10116	NCBI	GRCr8	Chromosome	2024-01-31	Genome Reference Consortium	266	Rattus norvegicus	Rattus norvegicus	Omnivore	TRUE	70	0	30	0	0.7	0	0.3	0	100	PGA_CN_primary	0	0
Lemmus lemmus	Lemmus_lemmus	Lemmus_lemmus__Norway_lemming__HLlemLemm1__GCA_964027135.1	Lemmus_lemmus__Norway_lemming__HLlemLemm1__GCA_964027135.1	Lemmus_lemmus__Norway_lemming__HLlemLemm1__GCA_964027135.1	HLlemLemm1	GCA_964027135.1	Mammalia; Theria; Eutheria; Boreoeutheria; Euarchontoglires; Glires; Rodentia; Myomorpha; Muroidea; Cricetidae; Arvicolinae; Lemmus	51466831	104595323	14796	49	1	0.693147180559945	0	0	1	0.693147180559945	0	0	1	0	1	0	Herbivore	Plant_dominant	0	0	0	0	0	0	10	0	0	90	100	1	0.9	0	47.5	1.67669360962487	Lemmus lemmus	Norway lemming	Mus lemmus	79949	NCBI	Lemmus_lemmus_n_2024_04_v2	Scaffold	2025-11-22	NBIS (National Bioinformatics Infrastructure Sweden)	351	Lemmus lemmus	Lemmus lemmus	Plant_dominant	TRUE	100	0	0	0	1	0	0	0	100	PGA_CN_primary	0	0
Chionomys nivalis	Chionomys_nivalis	Chionomys_nivalis__European_snow_vole__HLchiNiv1__GCF_950005125.1	Chionomys_nivalis__European_snow_vole__HLchiNiv1__GCF_950005125.1	Chionomys_nivalis__European_snow_vole__HLchiNiv1__GCF_950005125.1	HLchiNiv1	GCF_950005125.1	Mammalia; Theria; Eutheria; Boreoeutheria; Euarchontoglires; Glires; Rodentia; Myomorpha; Muroidea; Cricetidae; Arvicolinae; Chionomys	30960136	88844950	14857	45	1	0.693147180559945	0	0	1	0.693147180559945	0	0	1	0	1	0	Omnivore	Omnivore	0	0	0	0	0	0	0	0	30	70	100	1	0.7	0	54	1.73239375982297	Chionomys nivalis	European snow vole	Arvicola nivalis,Microtus nivalis	269649	NCBI	mChiNiv1.1	Chromosome	2023-05-01	WELLCOME SANGER INSTITUTE	294	Chionomys nivalis	Chionomys nivalis	Omnivore	TRUE	100	0	0	0	1	0	0	0	100	PGA_CN_primary	0	0
Microtus pennsylvanicus	Microtus_pennsylvanicus	Microtus_pennsylvanicus__Meadow_vole__HLmicPen1B__GCA_037039175.1	Microtus_pennsylvanicus__Meadow_vole__HLmicPen1B__GCA_037039175.1	Microtus_pennsylvanicus__Meadow_vole__HLmicPen1B__GCA_037039175.1	HLmicPen1B	GCA_037039175.1	Mammalia; Theria; Eutheria; Boreoeutheria; Euarchontoglires; Glires; Rodentia; Myomorpha; Muroidea; Cricetidae; Arvicolinae; Microtus	63584353	118374433	14391	557	1	0.693147180559945	0	0	1	0.693147180559945	0	0	1	0	1	0	Herbivore	Plant_dominant	0	0	0	0	0	0	0	0	20	80	100	1	0.8	0	36.75	1.56525734342021	Microtus pennsylvanicus	Meadow vole	Mus pennsylvanicus	10058	NCBI	mMicPen1.hap2	Chromosome	2024-03-06	Vertebrate Genomes Project	248	Microtus pennsylvanicus	Microtus pennsylvanicus	Plant_dominant	TRUE	100	0	0	0	1	0	0	0	100	PGA_CN_primary	0	0
Microtus oregoni	Microtus_oregoni	Microtus_oregoni__creeping_vole__HLmicOre1__GCF_018167655.1	Microtus_oregoni__creeping_vole__HLmicOre1__GCF_018167655.1	Microtus_oregoni__creeping_vole__HLmicOre1__GCF_018167655.1	HLmicOre1	GCF_018167655.1	Mammalia; Theria; Eutheria; Boreoeutheria; Euarchontoglires; Glires; Rodentia; Myomorpha; Muroidea; Cricetidae; Arvicolinae; Microtus	34833828	34833828	14886	45	1	0.693147180559945	0	0	1	0.693147180559945	0	0	1	0	1	0	Herbivore	Plant_dominant	0	0	0	0	0	0	0	0	20	80	100	1	0.8	0	20.35	1.30856441356124	Microtus oregoni	creeping vole		111838	NCBI	Mior012	Contig	2021-04-26	Oklahoma State Universtiy	265	Microtus oregoni	Microtus oregoni	Plant_dominant	TRUE	100	0	0	0	1	0	0	0	100	PGA_CN_primary	0	0
Microtus californicus	Microtus_californicus	Microtus_californicus__California_vole__HLmicCal1A__GCA_028537955.1	Microtus_californicus__California_vole__HLmicCal1A__GCA_028537955.1	Microtus_californicus__California_vole__HLmicCal1A__GCA_028537955.1	HLmicCal1A	GCA_028537955.1	Mammalia; Theria; Eutheria; Boreoeutheria; Euarchontoglires; Glires; Rodentia; Myomorpha; Muroidea; Cricetidae; Arvicolinae; Microtus	49752295	83674487	14875	37	1	0.693147180559945	0	0	1	0.693147180559945	0	0	1	0	1	0	Herbivore	Plant_dominant	0	0	0	0	0	0	0	0	20	80	100	1	0.8	0	57.42	1.75906318816049	Microtus californicus	California vole	Arvicola californica	100895	NCBI	mMicCal1.0.hap1	Scaffold	2023-02-07	UCLA	284	Microtus californicus	Microtus californicus	Plant_dominant	TRUE	100	0	0	0	1	0	0	0	100	PGA_CN_primary	0	0
Microtus agrestis	Microtus_agrestis	Microtus_agrestis__short-tailed_field_vole__HLmicAgr2__GCA_902806775.1	Microtus_agrestis__short-tailed_field_vole__HLmicAgr2__GCA_902806775.1	Microtus_agrestis__short-tailed_field_vole__HLmicAgr2__GCA_902806775.1	HLmicAgr2	GCA_902806775.1	Mammalia; Theria; Eutheria; Boreoeutheria; Euarchontoglires; Glires; Rodentia; Myomorpha; Muroidea; Cricetidae; Arvicolinae; Microtus	2938971	2938971	14341	72	1	0.693147180559945	0	0	1	0.693147180559945	0	0	1	0	1	0	Herbivore	Plant_dominant	0	0	0	0	0	0	0	0	20	80	100	1	0.8	0	42.5	1.62838893005031	Microtus agrestis	short-tailed field vole	field vole	29092	NCBI	Field_vole_promethion_pilon	Contig	2020-02-28	LIV	783	Microtus agrestis	Microtus agrestis	Plant_dominant	TRUE	100	0	0	0	1	0	0	0	100	PGA_CN_primary	0	0
Lasiopodomys mandarinus	Lasiopodomys_mandarinus	Lasiopodomys_mandarinus__Mandarin_vole__HLlasMand1__GCA_052819315.1	Lasiopodomys_mandarinus__Mandarin_vole__HLlasMand1__GCA_052819315.1	Lasiopodomys_mandarinus__Mandarin_vole__HLlasMand1__GCA_052819315.1	HLlasMand1	GCA_052819315.1	Mammalia; Theria; Eutheria; Boreoeutheria; Euarchontoglires; Glires; Rodentia; Myomorpha; Muroidea; Cricetidae; Arvicolinae; Lasiopodomys	94995	6145773	13788	324	1	0.693147180559945	0	0	1	0.693147180559945	0	0	1	0	1	0	Herbivore	Plant_dominant	0	0	0	0	0	0	0	0	0	100	100	1	1	0	47.48	1.67651071028255	Lasiopodomys mandarinus	Mandarin vole	Arvicola mandarinus Milne-Edwards,Microtus mandarinus, 1871	399234	NCBI	ASM5281931v1	Scaffold	2025-09-24	Zhengzhou University	1084	Lasiopodomys mandarinus	Lasiopodomys mandarinus	Plant_dominant	TRUE	100	0	0	0	1	0	0	0	100	PGA_CN_primary	0	0
Lasiopodomys brandtii	Lasiopodomys_brandtii	Lasiopodomys_brandtii__Brandts_vole__HLlasBran1__GCA_052819205.1	Lasiopodomys_brandtii__Brandts_vole__HLlasBran1__GCA_052819205.1	Lasiopodomys_brandtii__Brandts_vole__HLlasBran1__GCA_052819205.1	HLlasBran1	GCA_052819205.1	Mammalia; Theria; Eutheria; Boreoeutheria; Euarchontoglires; Glires; Rodentia; Myomorpha; Muroidea; Cricetidae; Arvicolinae; Lasiopodomys	242526	672141	14195	270	1	0.693147180559945	0	0	1	0.693147180559945	0	0	1	0	1	0	Herbivore	Plant_dominant	0	0	0	0	0	0	0	0	0	100	100	1	1	0	93.82	1.97229542861114	Lasiopodomys brandtii	Brandts vole	Microtus (Lasiopodomys) brandtii,Lasiopodomys brandti,Microtus brandti	407171	NCBI	ASM5281920v1	Scaffold	2025-09-24	Zhengzhou University	731	Lasiopodomys brandtii	Lasiopodomys brandtii	Plant_dominant	TRUE	100	0	0	0	1	0	0	0	100	PGA_CN_primary	0	0
Arvicola amphibius	Arvicola_amphibius	Arvicola_amphibius__Eurasian_water_mole__HLarvAmp1__GCA_903992535.1	Arvicola_amphibius__Eurasian_water_mole__HLarvAmp1__GCA_903992535.1	Arvicola_amphibius__Eurasian_water_mole__HLarvAmp1__GCA_903992535.1	HLarvAmp1	GCA_903992535.1	Mammalia; Theria; Eutheria; Boreoeutheria; Euarchontoglires; Glires; Rodentia; Myomorpha; Muroidea; Cricetidae; Arvicolinae; Arvicola	5392280	138658583	14108	53	1	0.693147180559945	0	0	1	0.693147180559945	0	0	1	0	1	0	Herbivore	Plant_dominant	0	0	0	0	0	0	20	0	0	80	100	1	0.8	0	120	2.07918124604762	Arvicola amphibius	Eurasian water mole	 1758),Arvicola terrestris (Linnaeus,European water vole	1047088	NCBI	mArvAmp1.1	Chromosome	2020-08-06	SC	1035	Arvicola amphibius	Arvicola amphibius	Plant_dominant	TRUE	100	0	0	0	1	0	0	0	100	PGA_CN_primary	0	0
Ondatra zibethicus	Ondatra_zibethicus	Ondatra_zibethicus__muskrat__HLondZib1__GCA_004026605.1	Ondatra_zibethicus__muskrat__HLondZib1__GCA_004026605.1	Ondatra_zibethicus__muskrat__HLondZib1__GCA_004026605.1	HLondZib1	GCA_004026605.1	Mammalia; Theria; Eutheria; Boreoeutheria; Euarchontoglires; Glires; Rodentia; Myomorpha; Muroidea; Cricetidae; Arvicolinae; Ondatra	73746	89093	14149	625	1	0.693147180559945	0	0	1	0.693147180559945	0	0	1	0	1	0	Herbivore	Plant_dominant	10	0	0	0	0	0	0	0	0	90	90	0.9	0.9	10	1065.75	3.02765534131917	Ondatra zibethicus	muskrat	Castor zibethicus	10060	NCBI	OndZib_v1_BIUU	Scaffold	2019-01-16	Broad Institute	422	Ondatra zibethicus	Ondatra zibethicus	Plant_dominant	TRUE	90	0	10	0	0.9	0	0.1	0	100	PGA_CN_primary	0	0
Cricetus cricetus	Cricetus_cricetus	Cricetus_cricetus__Black-bellied_hamster__HLcriCri1__GCA_964304595.1	Cricetus_cricetus__Black-bellied_hamster__HLcriCri1__GCA_964304595.1	Cricetus_cricetus__Black-bellied_hamster__HLcriCri1__GCA_964304595.1	HLcriCri1	GCA_964304595.1	Mammalia; Theria; Eutheria; Boreoeutheria; Euarchontoglires; Glires; Rodentia; Myomorpha; Muroidea; Cricetidae; Cricetinae; Cricetus	47690202	305542590	14815	68	1	0.693147180559945	0	0	1	0.693147180559945	0	0	1	0	1	0	Herbivore	Plant_dominant	10	0	10	0	0	0	0	0	0	80	80	0.8	0.8	20	510	2.70757017609794	Cricetus cricetus	Black-bellied hamster	common hamster,Mus cricetus	10034	NCBI	mCriCri2.1	Chromosome	2024-11-06	Centro Nacional de Análisis Genómico	313	Cricetus cricetus	Cricetus cricetus	Plant_dominant	TRUE	80	10	10	0	0.8	0.1	0.1	0	100	PGA_CN_primary	0	0
Mesocricetus auratus	Mesocricetus_auratus	Mesocricetus_auratus__golden_hamster__HLmesAur3__GCF_017639785.1	Mesocricetus_auratus__golden_hamster__HLmesAur3__GCF_017639785.1	Mesocricetus_auratus__golden_hamster__HLmesAur3__GCF_017639785.1	HLmesAur3	GCF_017639785.1	Mammalia; Theria; Eutheria; Boreoeutheria; Euarchontoglires; Glires; Rodentia; Myomorpha; Muroidea; Cricetidae; Cricetinae; Mesocricetus	9471653	85184847	14498	40	1	0.693147180559945	0	0	1	0.693147180559945	0	0	1	0	1	0	Omnivore	Omnivore	0	10	0	0	0	0	30	0	30	30	90	0.9	0.3	10	105	2.02118929906994	Mesocricetus auratus	golden hamster	Syrian hamsters,Golden hamsters,Syrian golden hamster,Syrian hamster,Syrian golden hamsters	10036	NCBI	BCM_Maur_2.0	Scaffold	2021-03-30	Baylor College of Medicine Human Genome Sequencing Center	658	Mesocricetus auratus	Mesocricetus auratus	Omnivore	TRUE	90	10	0	0	0.9	0.1	0	0	100	PGA_CN_primary	0	0
Phodopus roborovskii	Phodopus_roborovskii	Phodopus_roborovskii__desert_hamster__HLphoRob1__GCA_943737965.1	Phodopus_roborovskii__desert_hamster__HLphoRob1__GCA_943737965.1	Phodopus_roborovskii__desert_hamster__HLphoRob1__GCA_943737965.1	HLphoRob1	GCA_943737965.1	Mammalia; Theria; Eutheria; Boreoeutheria; Euarchontoglires; Glires; Rodentia; Myomorpha; Muroidea; Cricetidae; Cricetinae; Phodopus	25775705	25775705	14778	92	1	0.693147180559945	0	0	1	0.693147180559945	0	0	1	0	1	0	Omnivore	Omnivore	0	0	0	0	0	0	0	0	70	30	100	1	0.3	0	18.75	1.27300127206374	Phodopus roborovskii	desert hamster		109678	NCBI	PHOROB	Contig	2022-07-01	FREIE UNIVERSITAET BERLIN	326	Phodopus roborovskii	Phodopus roborovskii	Omnivore	TRUE	100	0	0	0	1	0	0	0	100	PGA_CN_primary	0	0
Phodopus sungorus	Phodopus_sungorus	Phodopus_sungorus__winter_white_dwarf_hamster__HLphoSun2__GCA_030556225.1	Phodopus_sungorus__winter_white_dwarf_hamster__HLphoSun2__GCA_030556225.1	Phodopus_sungorus__winter_white_dwarf_hamster__HLphoSun2__GCA_030556225.1	HLphoSun2	GCA_030556225.1	Mammalia; Theria; Eutheria; Boreoeutheria; Euarchontoglires; Glires; Rodentia; Myomorpha; Muroidea; Cricetidae; Cricetinae; Phodopus	55879606	55879606	14656	47	1	0.693147180559945	0	0	1	0.693147180559945	0	0	1	0	1	0	Omnivore	Omnivore	0	0	0	0	0	0	0	0	70	30	100	1	0.3	0	33.75	1.52827377716704	Phodopus sungorus	winter white dwarf hamster		10044	NCBI	Psun-UiT-1	Scaffold	2023-07-31	UiT: The Arctic University of Norway	493	Phodopus sungorus	Phodopus sungorus	Omnivore	TRUE	100	0	0	0	1	0	0	0	100	PGA_CN_primary	0	0
Neotoma floridana	Neotoma_floridana	Neotoma_floridana__Eastern_woodrat__HLneoFlor1A__GCA_050000055.1	Neotoma_floridana__Eastern_woodrat__HLneoFlor1A__GCA_050000055.1	Neotoma_floridana__Eastern_woodrat__HLneoFlor1A__GCA_050000055.1	HLneoFlor1A	GCA_050000055.1	Mammalia; Theria; Eutheria; Boreoeutheria; Euarchontoglires; Glires; Rodentia; Myomorpha; Muroidea; Cricetidae; Neotominae; Neotoma	28556977	95007747	14901	34	1	0.693147180559945	0	0	1	0.693147180559945	0	0	1	0	1	0	Herbivore	Plant_dominant	10	0	0	0	0	0	0	0	20	70	90	0.9	0.7	10	244.75	2.38872270047518	Neotoma floridana	Eastern woodrat		42409	NCBI	mNeoFlo1.hap1	Chromosome	2025-04-29	Vertebrate Genomes Project	261	Neotoma floridana	Neotoma floridana	Plant_dominant	TRUE	90	0	10	0	0.9	0	0.1	0	100	PGA_CN_primary	0	0
Onychomys torridus	Onychomys_torridus	Onychomys_torridus__southern_grasshopper_mouse__HLonyTor1__GCA_903995425.1	Onychomys_torridus__southern_grasshopper_mouse__HLonyTor1__GCA_903995425.1	Onychomys_torridus__southern_grasshopper_mouse__HLonyTor1__GCA_903995425.1	HLonyTor1	GCA_903995425.1	Mammalia; Theria; Eutheria; Boreoeutheria; Euarchontoglires; Glires; Rodentia; Myomorpha; Muroidea; Cricetidae; Neotominae; Onychomys	2276141	112723509	14284	196	1	0.693147180559945	0	0	1	0.693147180559945	0	0	1	0	1	0	Insectivore	Animal_dominant	90	0	0	0	0	0	0	0	0	10	10	0.1	0.1	90	24.97	1.39741854235135	Onychomys torridus	southern grasshopper mouse		38674	NCBI	mOncTor1.1	Chromosome	2020-08-21	SC	716	Onychomys torridus	Onychomys torridus	Insectivore	TRUE	10	0	90	0	0.1	0	0.9	0	100	PGA_CN_primary	0	0
Onychomys leucogaster	Onychomys_leucogaster	Onychomys_leucogaster__Northern_grasshopper_mouse__HLonyLeu1__GCA_949786385.1	Onychomys_leucogaster__Northern_grasshopper_mouse__HLonyLeu1__GCA_949786385.1	Onychomys_leucogaster__Northern_grasshopper_mouse__HLonyLeu1__GCA_949786385.1	HLonyLeu1	GCA_949786385.1	Mammalia; Theria; Eutheria; Boreoeutheria; Euarchontoglires; Glires; Rodentia; Myomorpha; Muroidea; Cricetidae; Neotominae; Onychomys	19200283	94124810	14663	87	1	0.693147180559945	0	0	1	0.693147180559945	0	0	1	0	1	0	Insectivore	Animal_dominant	90	0	0	0	0	0	0	0	0	10	10	0.1	0.1	90	27.92	1.44591541395112	Onychomys leucogaster	Northern grasshopper mouse		38668	NCBI	OncLeu_H2_v1	Chromosome	2023-04-08	EMBL-EBI, WELLCOME TRUST GENOME CAMPUS, CAMBRIDGE	446	Onychomys leucogaster	Onychomys leucogaster	Insectivore	TRUE	10	0	90	0	0.1	0	0.9	0	100	PGA_CN_primary	0	0
Onychomys arenicola	Onychomys_arenicola	Onychomys_arenicola__Chihuahuan_grasshopper_mouse__HLonyAre1B__GCA_949786425.1	Onychomys_arenicola__Chihuahuan_grasshopper_mouse__HLonyAre1B__GCA_949786425.1	Onychomys_arenicola__Chihuahuan_grasshopper_mouse__HLonyAre1B__GCA_949786425.1	HLonyAre1B	GCA_949786425.1	Mammalia; Theria; Eutheria; Boreoeutheria; Euarchontoglires; Glires; Rodentia; Myomorpha; Muroidea; Cricetidae; Neotominae; Onychomys	29018958	102486503	14518	245	1	0.693147180559945	0	0	1	0.693147180559945	0	0	1	0	1	0	Insectivore	Animal_dominant	90	0	0	0	0	0	0	0	0	10	10	0.1	0.1	90	30	1.47712125471966	Onychomys arenicola	Chihuahuan grasshopper mouse	Onychomys torridus arenicola,Mearns's grasshopper mouse	38679	NCBI	OncAre_H2_v1	Chromosome	2023-04-08	EMBL-EBI, WELLCOME TRUST GENOME CAMPUS, CAMBRIDGE	433	Onychomys arenicola	Onychomys arenicola	Insectivore	TRUE	10	0	90	0	0.1	0	0.9	0	100	PGA_CN_primary	0	0
Peromyscus leucopus	Peromyscus_leucopus	Peromyscus_leucopus__white-footed_mouse__HLperLeu1__GCA_004664715.1	Peromyscus_leucopus__white-footed_mouse__HLperLeu1__GCA_004664715.1	Peromyscus_leucopus__white-footed_mouse__HLperLeu1__GCA_004664715.1	HLperLeu1	GCA_004664715.1	Mammalia; Theria; Eutheria; Boreoeutheria; Euarchontoglires; Glires; Rodentia; Myomorpha; Muroidea; Cricetidae; Neotominae; Peromyscus	4102727	4476954	13463	283	1	0.693147180559945	0	0	1	0.693147180559945	0	0	1	0	1	0	Insectivore	Animal_dominant	50	0	0	0	0	10	20	0	20	0	40	0.4	0	60	21.17	1.32572085801941	Peromyscus leucopus	white-footed mouse		10041	NCBI	Pero_0.1	Scaffold	2019-04-05	University of California Irvine	1450	Peromyscus leucopus	Peromyscus leucopus	Insectivore	TRUE	40	10	50	0	0.4	0.1	0.5	0	100	PGA_CN_primary	0	0
Peromyscus eremicus	Peromyscus_eremicus	Peromyscus_eremicus__Cactus_mouse__HLperErem2__GCF_949786415.1	Peromyscus_eremicus__Cactus_mouse__HLperErem2__GCF_949786415.1	Peromyscus_eremicus__Cactus_mouse__HLperErem2__GCF_949786415.1	HLperErem2	GCF_949786415.1	Mammalia; Theria; Eutheria; Boreoeutheria; Euarchontoglires; Glires; Rodentia; Myomorpha; Muroidea; Cricetidae; Neotominae; Peromyscus	1332236	97176920	14405	213	1	0.693147180559945	0	0	1	0.693147180559945	0	0	1	0	1	0	Insectivore	Animal_dominant	50	0	0	0	0	10	20	0	20	0	40	0.4	0	60	23.65	1.37383114507383	Peromyscus eremicus	Cactus mouse	Hesperomys eremicus	42410	NCBI	PerEre_H2_v1	Chromosome	2023-04-08	EMBL-EBI, WELLCOME TRUST GENOME CAMPUS, CAMBRIDGE	578	Peromyscus eremicus	Peromyscus eremicus	Insectivore	TRUE	40	10	50	0	0.4	0.1	0.5	0	100	PGA_CN_primary	0	0
Scotinomys teguina	Scotinomys_teguina	Scotinomys_teguina__Alstons_brown_mouse__HLscoTegu1__GCA_049901635.1	Scotinomys_teguina__Alstons_brown_mouse__HLscoTegu1__GCA_049901635.1	Scotinomys_teguina__Alstons_brown_mouse__HLscoTegu1__GCA_049901635.1	HLscoTegu1	GCA_049901635.1	Mammalia; Theria; Eutheria; Boreoeutheria; Euarchontoglires; Glires; Rodentia; Myomorpha; Muroidea; Cricetidae; Neotominae; Scotinomys	1427988	1427988	13344	429	1	0.693147180559945	0	0	1	0.693147180559945	0	0	1	0	1	0	Insectivore	Animal_dominant	100	0	0	0	0	0	0	0	0	0	0	0	0	100	11.25	1.05115252244738	Scotinomys teguina	Alstons brown mouse	Hesperomys teguina	56236	NCBI	ASM4990163v1	Contig	2025-04-24	NYU Langone Medical Center	1423	Scotinomys teguina	Scotinomys teguina	Insectivore	TRUE	0	0	100	0	0	0	1	0	100	PGA_CN_primary	0	0
Sigmodon hispidus	Sigmodon_hispidus	Sigmodon_hispidus__Hispid_cotton_rat__HLsigHisp3__GCA_047301775.1	Sigmodon_hispidus__Hispid_cotton_rat__HLsigHisp3__GCA_047301775.1	Sigmodon_hispidus__Hispid_cotton_rat__HLsigHisp3__GCA_047301775.1	HLsigHisp3	GCA_047301775.1	Mammalia; Theria; Eutheria; Boreoeutheria; Euarchontoglires; Glires; Rodentia; Myomorpha; Muroidea; Cricetidae; Sigmodontinae; Sigmodon	77390441	118707662	14807	68	1	0.693147180559945	0	0	1	0.693147180559945	0	0	1	0	1	0	Omnivore	Omnivore	50	0	0	0	0	0	0	0	0	50	50	0.5	0.5	50	92.38	1.96557795791053	Sigmodon hispidus	Hispid cotton rat	Sigmodon hispiedis	42415	NCBI	ASM4730177v1	Chromosome	2025-01-30	Institute of Microbiology, Chinese Academy of Sciences	321	Sigmodon hispidus	Sigmodon hispidus	Omnivore	TRUE	50	0	50	0	0.5	0	0.5	0	100	PGA_CN_primary	0	0
Typhlomys cinereus	Typhlomys_cinereus	Typhlomys_cinereus__Soft-furred_tree_mouse__HLtypCin1__GCA_023101885.1	Typhlomys_cinereus__Soft-furred_tree_mouse__HLtypCin1__GCA_023101885.1	Typhlomys_cinereus__Soft-furred_tree_mouse__HLtypCin1__GCA_023101885.1	HLtypCin1	GCA_023101885.1	Mammalia; Theria; Eutheria; Boreoeutheria; Euarchontoglires; Glires; Rodentia; Myomorpha; Muroidea; Platacanthomyidae; Typhlomys	1971523	4558085	13395	206	1	0.693147180559945	0	0	1	0.693147180559945	0	0	1	0	1	0	Omnivore	Omnivore	0	0	0	0	0	0	40	0	30	30	100	1	0.3	0	31.2	1.49415459401844	Typhlomys cinereus	Soft-furred tree mouse		687455	NCBI	KIZ_TCIN_v1.0	Scaffold	2022-04-25	Kunming Institute of Zoology	1595	Typhlomys cinereus	Typhlomys cinereus	Omnivore	TRUE	100	0	0	0	1	0	0	0	100	PGA_CN_primary	0	0
Salpingotus crassicauda	Salpingotus_crassicauda	Salpingotus_crassicauda__Thick-tailed_pygmy_jerboa__HLsalCra1__GCA_040869305.1	Salpingotus_crassicauda__Thick-tailed_pygmy_jerboa__HLsalCra1__GCA_040869305.1	Salpingotus_crassicauda__Thick-tailed_pygmy_jerboa__HLsalCra1__GCA_040869305.1	HLsalCra1	GCA_040869305.1	Mammalia; Theria; Eutheria; Boreoeutheria; Euarchontoglires; Glires; Rodentia; Myomorpha; Dipodoidea; Dipodidae; Cardiocraniinae; Salpingotus	13709620	13709620	13969	172	1	0.693147180559945	0	0	1	0.693147180559945	0	0	1	0	1	0	Omnivore	Omnivore	50	0	0	0	0	0	0	0	0	50	50	0.5	0.5	50	13.1	1.11727129565576	Salpingotus crassicauda	Thick-tailed pygmy jerboa		1385376	NCBI	SalCra_1.1	Contig	2024-07-25	INSTITUTE OF ZOOLOGY, CHINESE ACADEMY OF SCIENCES	1055	Salpingotus crassicauda	Salpingotus crassicauda	Omnivore	TRUE	50	0	50	0	0.5	0	0.5	0	100	PGA_CN_primary	0	0
Dipus sagitta	Dipus_sagitta	Dipus_sagitta__northern_three-toed_jerboa__HLdipSag1__GCA_036346955.1	Dipus_sagitta__northern_three-toed_jerboa__HLdipSag1__GCA_036346955.1	Dipus_sagitta__northern_three-toed_jerboa__HLdipSag1__GCA_036346955.1	HLdipSag1	GCA_036346955.1	Mammalia; Theria; Eutheria; Boreoeutheria; Euarchontoglires; Glires; Rodentia; Myomorpha; Dipodoidea; Dipodidae; Dipodinae; Dipus	28651707	147241050	13500	52	1	0.693147180559945	0	0	1	0.693147180559945	0	0	1	0	1	0	Herbivore	Plant_dominant	0	0	0	0	0	0	20	20	0	60	100	1	0.6	0	85.65	1.93272736730153	Dipus sagitta	northern three-toed jerboa	Mus sagitta	73863	NCBI	IOZCAS_Dsag_1.1	Chromosome	2024-02-05	INSTITUTE OF ZOOLOGY, CHINESE ACADEMY OF SCIENCES	1644	Dipus sagitta	Dipus sagitta	Plant_dominant	TRUE	80	0	0	20	0.8	0	0	0.2	100	PGA_CN_primary	0	0
Jaculus jaculus	Jaculus_jaculus	Jaculus_jaculus__lesser_Egyptian_jerboa__HLjacJac2__GCA_020740685.1	Jaculus_jaculus__lesser_Egyptian_jerboa__HLjacJac2__GCA_020740685.1	Jaculus_jaculus__lesser_Egyptian_jerboa__HLjacJac2__GCA_020740685.1	HLjacJac2	GCA_020740685.1	Mammalia; Theria; Eutheria; Boreoeutheria; Euarchontoglires; Glires; Rodentia; Myomorpha; Dipodoidea; Dipodidae; Dipodinae; Jaculus	22593140	158244790	14646	104	1	0.693147180559945	0	0	1	0.693147180559945	0	0	1	0	1	0	Omnivore	Omnivore	0	0	0	0	0	0	0	0	40	60	100	1	0.6	0	56.55	1.75243260926147	Jaculus jaculus	lesser Egyptian jerboa		51337	NCBI, VGP			2021-11-07		446	Jaculus jaculus	Jaculus jaculus	Omnivore	TRUE	100	0	0	0	1	0	0	0	100	PGA_CN_primary	0	0
Daubentonia madagascariensis	Daubentonia_madagascariensis	Daubentonia_madagascariensis__aye-aye__HLdauMad2__GCA_023783475.1	Daubentonia_madagascariensis__aye-aye__HLdauMad2__GCA_023783475.1	Daubentonia_madagascariensis__aye-aye__HLdauMad2__GCA_023783475.1	HLdauMad2	GCA_023783475.1	Mammalia; Theria; Eutheria; Boreoeutheria; Euarchontoglires; Primates; Strepsirrhini; Chiromyiformes; Daubentoniidae; Daubentonia	27954151	27954151	14439	38	2	1.09861228866811	1	0.693147180559945	1	0.693147180559945	0	0	2	1	1	0	Omnivore	Omnivore	40	0	0	0	0	0	0	20	40	0	60	0.6	0	40	2500	3.39794000867204	Daubentonia madagascariensis	aye-aye		31869	NCBI	ASM2378347v1	Contig	2022-06-17	BGI-Shenzhen	719	Daubentonia madagascariensis	Daubentonia madagascariensis	Omnivore	TRUE	40	0	40	20	0.4	0	0.4	0.2	100	PGA_CN_primary	1	0.693147180559945
Lemur catta	Lemur_catta	Lemur_catta__Ring-tailed_lemur__HLlemCat2__GCF_020740605.2	Lemur_catta__Ring-tailed_lemur__HLlemCat2__GCF_020740605.2	Lemur_catta__Ring-tailed_lemur__HLlemCat2__GCF_020740605.2	HLlemCat2	GCF_020740605.2	Mammalia; Theria; Eutheria; Boreoeutheria; Euarchontoglires; Primates; Strepsirrhini; Lemuriformes; Lemuridae; Lemur	32529614	102162704	14820	38	2	1.09861228866811	1	0.693147180559945	1	0.693147180559945	0	0	2	1	1	0	Frugivore	Plant_dominant	0	0	0	0	0	0	80	0	0	20	100	1	0.2	0	2900	3.46239799789896	Lemur catta	Ring-tailed lemur		9447	NCBI	mLemCat1.pri	Chromosome	2021-11-04	Vertebrate Genomes Project	338	Lemur catta	Lemur catta	Plant_dominant	TRUE	100	0	0	0	1	0	0	0	100	PGA_CN_primary	1	0.693147180559945
Microcebus murinus	Microcebus_murinus	Microcebus_murinus__Gray_mouse_lemur__HLmicMuri4A__GCF_040939455.1	Microcebus_murinus__Gray_mouse_lemur__HLmicMuri4A__GCF_040939455.1	Microcebus_murinus__Gray_mouse_lemur__HLmicMuri4A__GCF_040939455.1	HLmicMuri4A	GCF_040939455.1	Mammalia; Theria; Eutheria; Boreoeutheria; Euarchontoglires; Primates; Strepsirrhini; Lemuriformes; Cheirogaleidae; Microcebus	102817952	105226355	14950	80	2	1.09861228866811	1	0.693147180559945	1	0.693147180559945	0	0	2	1	1	0	Frugivore	Plant_dominant	20	0	20	0	0	0	30	10	0	20	60	0.6	0.2	40	69	1.83884909073726	Microcebus murinus	Gray mouse lemur	grey mouse lemur	30608	NCBI	M.murinus_Inina_mat1.0	Chromosome	2025-06-05	Stanford University	166	Microcebus murinus	Microcebus murinus	Plant_dominant	TRUE	50	20	20	10	0.5	0.2	0.2	0.1	100	PGA_CN_primary	1	0.693147180559945
Nycticebus coucang	Nycticebus_coucang	Nycticebus_coucang__slow_loris__HLnycCou2__GCF_027406575.1	Nycticebus_coucang__slow_loris__HLnycCou2__GCF_027406575.1	Nycticebus_coucang__slow_loris__HLnycCou2__GCF_027406575.1	HLnycCou2	GCF_027406575.1	Mammalia; Theria; Eutheria; Boreoeutheria; Euarchontoglires; Primates; Strepsirrhini; Lorisiformes; Lorisidae; Nycticebus	41197715	135917784	15024	9	2	1.09861228866811	1	0.693147180559945	1	0.693147180559945	0	0	2	1	1	0	Omnivore	Omnivore	40	30	10	0	0	0	20	0	0	0	20	0.2	0	80	803.5	2.90498588109936	Nycticebus coucang	slow loris	Tardigradus coucang	9470	NCBI	mNycCou1.pri	Chromosome	2022-12-28	Vertebrate Genomes Project	163	Nycticebus coucang	Nycticebus coucang	Omnivore	TRUE	20	40	40	0	0.2	0.4	0.4	0	100	PGA_CN_primary	1	0.693147180559945
Nycticebus bengalensis	Nycticebus_bengalensis	Nycticebus_bengalensis__Bengal_slow_loris__HLnycBen1__GCA_023898255.1	Nycticebus_bengalensis__Bengal_slow_loris__HLnycBen1__GCA_023898255.1	Nycticebus_bengalensis__Bengal_slow_loris__HLnycBen1__GCA_023898255.1	HLnycBen1	GCA_023898255.1	Mammalia; Theria; Eutheria; Boreoeutheria; Euarchontoglires; Primates; Strepsirrhini; Lorisiformes; Lorisidae; Nycticebus	19794679	128767214	11322	63	2	1.09861228866811	1	0.693147180559945	1	0.693147180559945	0	0	2	1	1	0	Omnivore	Omnivore	40	30	10	0	0	0	20	0	0	0	20	0.2	0	80	1137.36	3.05589795041101	Nycticebus bengalensis	Bengal slow loris		261741	NCBI	ASM2389825v1	Chromosome	2022-06-27	BGI-Shenzhen	3811	Nycticebus bengalensis	Nycticebus bengalensis	Omnivore	TRUE	20	40	40	0	0.2	0.4	0.4	0	100	PGA_CN_primary	1	0.693147180559945
Loris tardigradus	Loris_tardigradus	Loris_tardigradus__slender_loris__HLlorTar1__GCA_023783135.1	Loris_tardigradus__slender_loris__HLlorTar1__GCA_023783135.1	Loris_tardigradus__slender_loris__HLlorTar1__GCA_023783135.1	HLlorTar1	GCA_023783135.1	Mammalia; Theria; Eutheria; Boreoeutheria; Euarchontoglires; Primates; Strepsirrhini; Lorisiformes; Lorisidae; Loris	7727436	7727436	13826	69	2	1.09861228866811	1	0.693147180559945	1	0.693147180559945	0	0	2	1	1	0	Insectivore	Animal_dominant	70	0	0	0	10	0	10	0	0	10	20	0.2	0.1	80	227.67	2.3573058075461	Loris tardigradus	slender loris		9468	NCBI	ASM2378313v1	Contig	2022-06-17	BGI-Shenzhen	1301	Loris tardigradus	Loris tardigradus	Insectivore	TRUE	20	10	70	0	0.2	0.1	0.7	0	100	PGA_CN_primary	1	0.693147180559945
Symphalangus syndactylus	Symphalangus_syndactylus	Symphalangus_syndactylus__siamang__HLsymSyn4__GCA_028878055.3	Symphalangus_syndactylus__siamang__HLsymSyn4__GCA_028878055.3	Symphalangus_syndactylus__siamang__HLsymSyn4__GCA_028878055.3	HLsymSyn4	GCA_028878055.3	Mammalia; Theria; Eutheria; Boreoeutheria; Euarchontoglires; Primates; Haplorrhini; Simiiformes; Catarrhini; Hominoidea; Hylobatidae; Symphalangus	146713733	146713733	15086	7	4	1.6094379124341	3	1.38629436111989	1	0.693147180559945	0	0	4	3	1	0	Frugivore	Plant_dominant	10	0	0	0	0	0	80	0	0	10	90	0.9	0.1	10	10839	4.03498921628769	Symphalangus syndactylus	siamang	Hylobates syndactylus,Simia syndactyla	9590	NCBI			2024-01-12		103	Symphalangus syndactylus	Symphalangus syndactylus	Plant_dominant	TRUE	90	0	10	0	0.9	0	0.1	0	100	PGA_CN_primary	3	1.38629436111989
Hylobates pileatus	Hylobates_pileatus	Hylobates_pileatus__pileated_gibbon__HLhylPil1__GCA_021498465.1	Hylobates_pileatus__pileated_gibbon__HLhylPil1__GCA_021498465.1	Hylobates_pileatus__pileated_gibbon__HLhylPil1__GCA_021498465.1	HLhylPil1	GCA_021498465.1	Mammalia; Theria; Eutheria; Boreoeutheria; Euarchontoglires; Primates; Haplorrhini; Simiiformes; Catarrhini; Hominoidea; Hylobatidae; Hylobates	17385161	131825309	14640	159	3	1.38629436111989	2	1.09861228866811	1	0.693147180559945	0	0	3	2	1	0	Frugivore	Plant_dominant	10	0	0	0	0	0	70	0	0	20	90	0.9	0.2	10	5440	3.73559889969818	Hylobates pileatus	pileated gibbon		9589	NCBI	ASM2149846v1	Chromosome	2022-01-19	BGI-Shenzhen	397	Hylobates pileatus	Hylobates pileatus	Plant_dominant	TRUE	90	0	10	0	0.9	0	0.1	0	100	PGA_CN_primary	2	1.09861228866811
Nomascus leucogenys	Nomascus_leucogenys	Nomascus_leucogenys__Northern_white-cheeked_gibbon__HLnomLeuc5__GCA_040113115.1	Nomascus_leucogenys__Northern_white-cheeked_gibbon__HLnomLeuc5__GCA_040113115.1	Nomascus_leucogenys__Northern_white-cheeked_gibbon__HLnomLeuc5__GCA_040113115.1	HLnomLeuc5	GCA_040113115.1	Mammalia; Theria; Eutheria; Boreoeutheria; Euarchontoglires; Primates; Haplorrhini; Simiiformes; Catarrhini; Hominoidea; Hylobatidae; Nomascus	102188915	124246014	15109	12	4	1.6094379124341	3	1.38629436111989	1	0.693147180559945	0	0	4	3	1	0	Frugivore	Plant_dominant	10	0	0	0	0	0	80	0	0	10	90	0.9	0.1	10	7320	3.86451108105839	Nomascus leucogenys	Northern white-cheeked gibbon	Hylobates concolor leucogenys,Nomascus leucogenys leucogenys,Nomascus leukogenys,Hylobates leucogenys,Hylobates concolor leucogyneus,Hylobates leucogenys leucogenys,White-cheeked Gibbon	61853	NCBI	ASM4011311v1	Chromosome	2024-06-12	Shandong University of Technology	75	Nomascus leucogenys	Nomascus leucogenys	Plant_dominant	TRUE	90	0	10	0	0.9	0	0.1	0	100	PGA_CN_primary	3	1.38629436111989
Pongo pygmaeus	Pongo_pygmaeus	Pongo_pygmaeus__Bornean_orangutan__HLponPyg2__GCA_028885625.2	Pongo_pygmaeus__Bornean_orangutan__HLponPyg2__GCA_028885625.2	Pongo_pygmaeus__Bornean_orangutan__HLponPyg2__GCA_028885625.2	HLponPyg2	GCA_028885625.2	Mammalia; Theria; Eutheria; Boreoeutheria; Euarchontoglires; Primates; Haplorrhini; Simiiformes; Catarrhini; Hominoidea; Hominidae; Ponginae; Pongo	140592248	143261986	15157	5	5	1.79175946922805	5	1.79175946922805	0	0	0	0	5	5	0	0	Frugivore	Plant_dominant	10	0	0	0	10	0	80	0	0	0	80	0.8	0	20	37000	4.56820172406699	Pongo pygmaeus	Bornean orangutan	orang utan,Simia pygmaeus,Orangutan,Orang-utan	9600	NCBI			2024-01-12		34	Pongo pygmaeus	Pongo pygmaeus	Plant_dominant	TRUE	80	10	10	0	0.8	0.1	0.1	0	100	PGA_CN_primary	5	1.79175946922805
Pongo abelii	Pongo_abelii	Pongo_abelii__Sumatran_orangutan__HLponAbe4__GCA_028885655.2	Pongo_abelii__Sumatran_orangutan__HLponAbe4__GCA_028885655.2	Pongo_abelii__Sumatran_orangutan__HLponAbe4__GCA_028885655.2	HLponAbe4	GCA_028885655.2	Mammalia; Theria; Eutheria; Boreoeutheria; Euarchontoglires; Primates; Haplorrhini; Simiiformes; Catarrhini; Hominoidea; Hominidae; Ponginae; Pongo	146197178	146197178	15156	4	8	2.19722457733622	8	2.19722457733622	0	0	0	0	8	8	0	0	Frugivore	Plant_dominant	10	0	0	0	10	0	80	0	0	0	80	0.8	0	20	39696.12	4.59874805978734	Pongo abelii	Sumatran orangutan	Orangutan,Pongo pygmaeus abelii,orang utan,Pongo pygmaeus abeli,Orang-utan	9601	NCBI			2023-12-09		36	Pongo abelii	Pongo abelii	Plant_dominant	TRUE	80	10	10	0	0.8	0.1	0.1	0	100	PGA_CN_primary	8	2.19722457733622
Pan troglodytes	Pan_troglodytes	Pan_troglodytes__chimpanzee__HLpanTro7__GCA_028858775.2	Pan_troglodytes__chimpanzee__HLpanTro7__GCA_028858775.2	Pan_troglodytes__chimpanzee__HLpanTro7__GCA_028858775.2	HLpanTro7	GCA_028858775.2	Mammalia; Theria; Eutheria; Boreoeutheria; Euarchontoglires; Primates; Haplorrhini; Simiiformes; Catarrhini; Hominoidea; Hominidae; Homininae; Pan	146288486	146288486	15151	0	3	1.38629436111989	3	1.38629436111989	0	0	0	0	3	3	0	0	Frugivore	Plant_dominant	10	0	0	0	0	0	60	0	0	30	90	0.9	0.3	10	42500	4.62838893005031	Pan troglodytes	chimpanzee	Simia troglodytes	9598	NCBI			2023-12-09		45	Pan troglodytes	Pan troglodytes	Plant_dominant	TRUE	90	0	10	0	0.9	0	0.1	0	100	PGA_CN_primary	3	1.38629436111989
Pan paniscus	Pan_paniscus	Pan_paniscus__pygmy_chimpanzee__HLpanPan4__GCA_029289425.3	Pan_paniscus__pygmy_chimpanzee__HLpanPan4__GCA_029289425.3	Pan_paniscus__pygmy_chimpanzee__HLpanPan4__GCA_029289425.3	HLpanPan4	GCA_029289425.3	Mammalia; Theria; Eutheria; Boreoeutheria; Euarchontoglires; Primates; Haplorrhini; Simiiformes; Catarrhini; Hominoidea; Hominidae; Homininae; Pan	147028407	147028407	15159	0	3	1.38629436111989	3	1.38629436111989	0	0	0	0	3	3	0	0	Frugivore	Plant_dominant	10	0	0	0	0	0	60	0	10	20	90	0.9	0.2	10	34000.08	4.53147993891042	Pan paniscus	pygmy chimpanzee	bonobo	9597	NCBI			2023-12-09		37	Pan paniscus	Pan paniscus	Plant_dominant	TRUE	90	0	10	0	0.9	0	0.1	0	100	PGA_CN_primary	3	1.38629436111989
Gorilla gorilla	Gorilla_gorilla	Gorilla_gorilla__western_gorilla__HLgorGor7__GCA_029281585.3	Gorilla_gorilla__western_gorilla__HLgorGor7__GCA_029281585.3	Gorilla_gorilla__western_gorilla__HLgorGor7__GCA_029281585.3	HLgorGor7	GCA_029281585.3	Mammalia; Theria; Eutheria; Boreoeutheria; Euarchontoglires; Primates; Haplorrhini; Simiiformes; Catarrhini; Hominoidea; Hominidae; Homininae; Gorilla	150804130	150804130	15126	4	4	1.6094379124341	4	1.6094379124341	0	0	0	0	4	4	0	0	Herbivore	Plant_dominant	0	0	0	0	0	0	10	0	0	90	100	1	0.9	0	131625.52	5.11934009992144	Gorilla gorilla	western gorilla	Troglodytes gorilla,gorilla	9593	NCBI			2023-12-09		66	Gorilla gorilla	Gorilla gorilla	Plant_dominant	TRUE	100	0	0	0	1	0	0	0	100	PGA_CN_primary	4	1.6094379124341
Trachypithecus germaini	Trachypithecus_germaini	Trachypithecus_germaini__Indochinese_lutung__HLtraGer1__GCA_047047975.1	Trachypithecus_germaini__Indochinese_lutung__HLtraGer1__GCA_047047975.1	Trachypithecus_germaini__Indochinese_lutung__HLtraGer1__GCA_047047975.1	HLtraGer1	GCA_047047975.1	Mammalia; Theria; Eutheria; Boreoeutheria; Euarchontoglires; Primates; Haplorrhini; Simiiformes; Catarrhini; Cercopithecoidea; Cercopithecidae; Colobinae; Trachypithecus	55907425	55907425	15070	10	4	1.6094379124341	4	1.6094379124341	0	0	0	0	4	4	0	0	Herbivore	Plant_dominant	0	0	0	0	0	0	30	0	0	70	100	1	0.7	0	8516.46	3.93025911097041	Trachypithecus germaini	Indochinese lutung	Trachypithecus margarita	271260	NCBI	ASM4704797v1	Contig	2025-01-23	Northwest University	116	Trachypithecus germaini	Trachypithecus germaini	Plant_dominant	TRUE	100	0	0	0	1	0	0	0	100	PGA_CN_primary	4	1.6094379124341
Trachypithecus francoisi	Trachypithecus_francoisi	Trachypithecus_francoisi__Francoiss_langur__HLtraFra1__GCA_009764315.1	Trachypithecus_francoisi__Francoiss_langur__HLtraFra1__GCA_009764315.1	Trachypithecus_francoisi__Francoiss_langur__HLtraFra1__GCA_009764315.1	HLtraFra1	GCA_009764315.1	Mammalia; Theria; Eutheria; Boreoeutheria; Euarchontoglires; Primates; Haplorrhini; Simiiformes; Catarrhini; Cercopithecoidea; Cercopithecidae; Colobinae; Trachypithecus	16182741	130977661	14411	45	3	1.38629436111989	2	1.09861228866811	1	0.693147180559945	0	0	3	2	1	0	Herbivore	Plant_dominant	0	0	0	0	0	0	30	0	0	70	100	1	0.7	0	7325	3.86480762902615	Trachypithecus francoisi	Francoiss langur	Francois's leaf monkey,Indochinese langur,Presbytis francoisi	54180	NCBI	Tfra_2.0	Scaffold	2019-12-18	INSTITUTE OF ZOOLOGY, CHINESE ACADEMY OF SCIENCES	740	Trachypithecus francoisi	Trachypithecus francoisi	Plant_dominant	TRUE	100	0	0	0	1	0	0	0	100	PGA_CN_primary	2	1.09861228866811
Trachypithecus shortridgei	Trachypithecus_shortridgei	Trachypithecus_shortridgei__Shortridges_langur__HLtraShor1__GCA_054345695.1	Trachypithecus_shortridgei__Shortridges_langur__HLtraShor1__GCA_054345695.1	Trachypithecus_shortridgei__Shortridges_langur__HLtraShor1__GCA_054345695.1	HLtraShor1	GCA_054345695.1	Mammalia; Theria; Eutheria; Boreoeutheria; Euarchontoglires; Primates; Haplorrhini; Simiiformes; Catarrhini; Cercopithecoidea; Cercopithecidae; Colobinae; Trachypithecus	50335884	134094747	15088	9	4	1.6094379124341	4	1.6094379124341	0	0	0	0	4	4	0	0	Herbivore	Plant_dominant	0	0	0	0	0	0	30	0	0	70	100	1	0.7	0	8516.46	3.93025911097041	Trachypithecus shortridgei	Shortridges langur		1042121	NCBI	ASM5434569v1	Scaffold	2026-01-05	Northwest University	99	Trachypithecus shortridgei	Trachypithecus shortridgei	Plant_dominant	TRUE	100	0	0	0	1	0	0	0	100	PGA_CN_primary	4	1.6094379124341
Rhinopithecus bieti	Rhinopithecus_bieti	Rhinopithecus_bieti__Black-and-white_snub-nosed_monkey__HLrhiBiet3	Rhinopithecus_bieti__Black-and-white_snub-nosed_monkey__HLrhiBiet3	Rhinopithecus_bieti__Black-and-white_snub-nosed_monkey__HLrhiBiet3	HLrhiBiet3	https://ngdc.cncb.ac.cn/gwh/Assembly/24510/show	Mammalia; Theria; Eutheria; Boreoeutheria; Euarchontoglires; Primates; Haplorrhini; Simiiformes; Catarrhini; Cercopithecoidea; Cercopithecidae; Colobinae; Rhinopithecus	5779005	145697888	14387	130	2	1.09861228866811	1	0.693147180559945	1	0.693147180559945	0	0	2	1	1	0	Herbivore	Plant_dominant	0	0	0	0	0	0	0	0	0	100	100	1	1	0	11000.54	4.04141400454587	Rhinopithecus bieti	Black-and-white snub-nosed monkey	Pygathrix bieti,Yunnan snub-nosed monkey	61621	https://ngdc.cncb.ac.cn/gwh/Assembly/24510/show			2025-04-09		679	Rhinopithecus bieti	Rhinopithecus bieti	Plant_dominant	TRUE	100	0	0	0	1	0	0	0	100	PGA_CN_primary	1	0.693147180559945
Rhinopithecus roxellana	Rhinopithecus_roxellana	Rhinopithecus_roxellana__golden_snub-nosed_monkey__HLrhiRox2__GCA_007565055.1	Rhinopithecus_roxellana__golden_snub-nosed_monkey__HLrhiRox2__GCA_007565055.1	Rhinopithecus_roxellana__golden_snub-nosed_monkey__HLrhiRox2__GCA_007565055.1	HLrhiRox2	GCA_007565055.1	Mammalia; Theria; Eutheria; Boreoeutheria; Euarchontoglires; Primates; Haplorrhini; Simiiformes; Catarrhini; Cercopithecoidea; Cercopithecidae; Colobinae; Rhinopithecus	5723610	144559847	14729	54	3	1.38629436111989	3	1.38629436111989	0	0	0	0	3	3	0	0	Herbivore	Plant_dominant	0	0	0	0	0	0	10	0	10	80	100	1	0.8	0	13456.8	4.1289417978101	Rhinopithecus roxellana	golden snub-nosed monkey	Pygathrix roxellana	61622	NCBI	ASM756505v1	Chromosome	2019-07-29	Northwest University	413	Rhinopithecus roxellana	Rhinopithecus roxellana	Plant_dominant	TRUE	100	0	0	0	1	0	0	0	100	PGA_CN_primary	3	1.38629436111989
Colobus guereza	Colobus_guereza	Colobus_guereza__Mantled_guereza__HLcolGuer2__GCA_030247045.1	Colobus_guereza__Mantled_guereza__HLcolGuer2__GCA_030247045.1	Colobus_guereza__Mantled_guereza__HLcolGuer2__GCA_030247045.1	HLcolGuer2	GCA_030247045.1	Mammalia; Theria; Eutheria; Boreoeutheria; Euarchontoglires; Primates; Haplorrhini; Simiiformes; Catarrhini; Cercopithecoidea; Cercopithecidae; Colobinae; Colobus	15612012	149281349	13335	122	4	1.6094379124341	3	1.38629436111989	1	0.693147180559945	0	0	4	3	1	0	Herbivore	Plant_dominant	0	0	0	0	0	0	30	0	0	70	100	1	0.7	0	10600	4.02530586526477	Colobus guereza	Mantled guereza	Colobus abyssinicus,guereza,eastern black-and -white colobus	33548	NCBI	ASM3024704v1	Chromosome	2023-06-12	BGI-Shenzhen	1739	Colobus guereza	Colobus guereza	Plant_dominant	TRUE	100	0	0	0	1	0	0	0	100	PGA_CN_primary	3	1.38629436111989
Macaca fascicularis	Macaca_fascicularis	Macaca_fascicularis__Crab-eating_macaque__HLmacFas8__GCF_037993035.1	Macaca_fascicularis__Crab-eating_macaque__HLmacFas8__GCF_037993035.1	Macaca_fascicularis__Crab-eating_macaque__HLmacFas8__GCF_037993035.1	HLmacFas8	GCF_037993035.1	Mammalia; Theria; Eutheria; Boreoeutheria; Euarchontoglires; Primates; Haplorrhini; Simiiformes; Catarrhini; Cercopithecoidea; Cercopithecidae; Cercopithecinae; Macaca	162126771	162126771	15135	8	14	2.70805020110221	13	2.63905732961526	1	0.693147180559945	0	0	14	13	1	0	Omnivore	Omnivore	50	0	0	0	0	0	40	0	0	10	50	0.5	0.1	50	3991.5	3.60113613360707	Macaca fascicularis	Crab-eating macaque	long-tailed macaque,Macaca cynomolgus,Cynomolgus,Simia fascicularis,cynomolgus monkeys,CYNOMOLGUS,cynomolgus macaque,Macaca irus,crab eating macaque,cynomolgus monkey	9541	NCBI	T2T-MFA8v1.0	Complete Genome	2024-04-05	Shanghai Jiao Tong University	53	Macaca fascicularis	Macaca fascicularis	Omnivore	TRUE	50	0	50	0	0.5	0	0.5	0	100	PGA_CN_primary	13	2.63905732961526
Macaca mulatta	Macaca_mulatta	Macaca_mulatta__Rhesus_monkey__HLmacMula11__GCF_049350105.2	Macaca_mulatta__Rhesus_monkey__HLmacMula11__GCF_049350105.2	Macaca_mulatta__Rhesus_monkey__HLmacMula11__GCF_049350105.2	HLmacMula11	GCF_049350105.2	Mammalia; Theria; Eutheria; Boreoeutheria; Euarchontoglires; Primates; Haplorrhini; Simiiformes; Catarrhini; Cercopithecoidea; Cercopithecidae; Cercopithecinae; Macaca	162285572	162285572	15147	5	5	1.79175946922805	4	1.6094379124341	1	0.693147180559945	0	0	5	4	1	0	Herbivore	Plant_dominant	10	0	0	0	0	0	30	0	20	40	90	0.9	0.4	10	3713	3.56972494922616	Macaca mulatta	Rhesus monkey	Cercopithecus mulatta,rhesus macaque,rhesus monkeys,rhesus macaques	9544	NCBI	T2T-MMU8v2.0	Complete Genome	2025-07-24	Shanghai Jiao Tong University	44	Macaca mulatta	Macaca mulatta	Plant_dominant	TRUE	90	0	10	0	0.9	0	0.1	0	100	PGA_CN_primary	4	1.6094379124341
Macaca nigra	Macaca_nigra	Macaca_nigra__Celebes_crested_macaque__HLmacNir1__GCA_928851695.1	Macaca_nigra__Celebes_crested_macaque__HLmacNir1__GCA_928851695.1	Macaca_nigra__Celebes_crested_macaque__HLmacNir1__GCA_928851695.1	HLmacNir1	GCA_928851695.1	Mammalia; Theria; Eutheria; Boreoeutheria; Euarchontoglires; Primates; Haplorrhini; Simiiformes; Catarrhini; Cercopithecoidea; Cercopithecidae; Cercopithecinae; Macaca	60712129	60712129	12066	9	5	1.79175946922805	4	1.6094379124341	1	0.693147180559945	0	0	5	4	1	0	Frugivore	Plant_dominant	10	0	0	0	0	0	70	0	10	10	90	0.9	0.1	10	6400	3.80617997398389	Macaca nigra	Celebes crested macaque		54600	NCBI	mMacNir1.1	Scaffold	2022-02-09	IBE (Institut de Biologia Evolutiva)	3121	Macaca nigra	Macaca nigra	Plant_dominant	TRUE	90	0	10	0	0.9	0	0.1	0	100	PGA_CN_primary	4	1.6094379124341
Macaca cyclopis	Macaca_cyclopis	Macaca_cyclopis__Taiwan_macaque__HLmacCyc1__GCA_026956025.1	Macaca_cyclopis__Taiwan_macaque__HLmacCyc1__GCA_026956025.1	Macaca_cyclopis__Taiwan_macaque__HLmacCyc1__GCA_026956025.1	HLmacCyc1	GCA_026956025.1	Mammalia; Theria; Eutheria; Boreoeutheria; Euarchontoglires; Primates; Haplorrhini; Simiiformes; Catarrhini; Cercopithecoidea; Cercopithecidae; Cercopithecinae; Macaca	7139826	152979943	15074	20	4	1.6094379124341	3	1.38629436111989	1	0.693147180559945	0	0	4	3	1	0	Herbivore	Plant_dominant	10	0	0	0	0	0	30	0	20	40	90	0.9	0.4	10	6000	3.77815125038364	Macaca cyclopis	Taiwan macaque		78449	NCBI	MCyc01	Chromosome	2022-12-19	Academia Sinica	102	Macaca cyclopis	Macaca cyclopis	Plant_dominant	TRUE	90	0	10	0	0.9	0	0.1	0	100	PGA_CN_primary	3	1.38629436111989
Macaca assamensis	Macaca_assamensis	Macaca_assamensis__Assam_macaque__HLmacAss1__GCA_023783095.1	Macaca_assamensis__Assam_macaque__HLmacAss1__GCA_023783095.1	Macaca_assamensis__Assam_macaque__HLmacAss1__GCA_023783095.1	HLmacAss1	GCA_023783095.1	Mammalia; Theria; Eutheria; Boreoeutheria; Euarchontoglires; Primates; Haplorrhini; Simiiformes; Catarrhini; Cercopithecoidea; Cercopithecidae; Cercopithecinae; Macaca	27348716	27348716	13479	83	6	1.94591014905531	5	1.79175946922805	1	0.693147180559945	0	0	6	5	1	0	Herbivore	Plant_dominant	10	0	0	0	0	0	30	0	20	40	90	0.9	0.4	10	12000	4.07918124604763	Macaca assamensis	Assam macaque	Macaca assamenses	9551	NCBI	ASM2378309v1	Contig	2022-06-17	BGI-Shenzhen	1634	Macaca assamensis	Macaca assamensis	Plant_dominant	TRUE	90	0	10	0	0.9	0	0.1	0	100	PGA_CN_primary	5	1.79175946922805
Macaca nemestrina	Macaca_nemestrina	Macaca_nemestrina__Pig-tailed_macaque__HLmacNeme2A__GCF_043159975.1	Macaca_nemestrina__Pig-tailed_macaque__HLmacNeme2A__GCF_043159975.1	Macaca_nemestrina__Pig-tailed_macaque__HLmacNeme2A__GCF_043159975.1	HLmacNeme2A	GCF_043159975.1	Mammalia; Theria; Eutheria; Boreoeutheria; Euarchontoglires; Primates; Haplorrhini; Simiiformes; Catarrhini; Cercopithecoidea; Cercopithecidae; Cercopithecinae; Macaca	40835442	154799650	14867	21	5	1.79175946922805	4	1.6094379124341	1	0.693147180559945	0	0	5	4	1	0	Frugivore	Plant_dominant	10	0	0	0	0	0	70	0	10	10	90	0.9	0.1	10	6296.5	3.79909920769583	Macaca nemestrina	Pig-tailed macaque	Simia nemestrina,pigtail macaque,pigtail monkey	9545	NCBI	mMacNem.hap1	Chromosome	2024-10-15	Vertebrate Genomes Project	308	Macaca nemestrina	Macaca nemestrina	Plant_dominant	TRUE	90	0	10	0	0.9	0	0.1	0	100	PGA_CN_primary	4	1.6094379124341
Macaca silenus	Macaca_silenus	Macaca_silenus__liontail_macaque__HLmacSil1__GCA_023807365.1	Macaca_silenus__liontail_macaque__HLmacSil1__GCA_023807365.1	Macaca_silenus__liontail_macaque__HLmacSil1__GCA_023807365.1	HLmacSil1	GCA_023807365.1	Mammalia; Theria; Eutheria; Boreoeutheria; Euarchontoglires; Primates; Haplorrhini; Simiiformes; Catarrhini; Cercopithecoidea; Cercopithecidae; Cercopithecinae; Macaca	25691658	25691658	14872	134	3	1.38629436111989	2	1.09861228866811	1	0.693147180559945	0	0	3	2	1	0	Herbivore	Plant_dominant	10	0	0	0	0	0	30	0	20	40	90	0.9	0.4	10	4750	3.67669360962487	Macaca silenus	liontail macaque		54601	NCBI	ASM2380736v1	Contig	2022-06-20	BGI-Shenzhen	190	Macaca silenus	Macaca silenus	Plant_dominant	TRUE	90	0	10	0	0.9	0	0.1	0	100	PGA_CN_primary	2	1.09861228866811
Papio anubis	Papio_anubis	Papio_anubis__olive_baboon__HLpapAnu6__GCA_008728515.2	Papio_anubis__olive_baboon__HLpapAnu6__GCA_008728515.2	Papio_anubis__olive_baboon__HLpapAnu6__GCA_008728515.2	HLpapAnu6	GCA_008728515.2	Mammalia; Theria; Eutheria; Boreoeutheria; Euarchontoglires; Primates; Haplorrhini; Simiiformes; Catarrhini; Cercopithecoidea; Cercopithecidae; Cercopithecinae; Papio	1465768	140185856	14298	149	2	1.09861228866811	2	1.09861228866811	0	0	0	0	2	2	0	0	Omnivore	Omnivore	10	40	0	0	0	0	20	0	0	30	50	0.5	0.3	50	17728.56	4.24867346152017	Papio anubis	olive baboon	Papio hamadryas doguera,Doguera baboon,baboon,Kenya baboon,Anubis baboon,Papio doguera,Papio cynocephalus anubis,Papio hamadryas anubis	9555	NCBI	Panubis1.1	Chromosome	2022-04-27	University of California, San Francisco	749	Papio anubis	Papio anubis	Omnivore	TRUE	50	40	10	0	0.5	0.4	0.1	0	100	PGA_CN_primary	2	1.09861228866811
Papio hamadryas	Papio_hamadryas	Papio_hamadryas__hamadryas_baboon__HLpapHam2__GCA_023781915.1	Papio_hamadryas__hamadryas_baboon__HLpapHam2__GCA_023781915.1	Papio_hamadryas__hamadryas_baboon__HLpapHam2__GCA_023781915.1	HLpapHam2	GCA_023781915.1	Mammalia; Theria; Eutheria; Boreoeutheria; Euarchontoglires; Primates; Haplorrhini; Simiiformes; Catarrhini; Cercopithecoidea; Cercopithecidae; Cercopithecinae; Papio	24989958	24989958	13585	152	4	1.6094379124341	3	1.38629436111989	1	0.693147180559945	0	0	4	3	1	0	Herbivore	Plant_dominant	10	0	0	0	10	0	0	0	0	80	80	0.8	0.8	20	21250.05	4.3273599562545	Papio hamadryas	hamadryas baboon	red baboon,sacred baboon,western baboon,baboon	9557	NCBI	ASM2378191v1	Contig	2022-06-17	BGI-Shenzhen	1459	Papio hamadryas	Papio hamadryas	Plant_dominant	TRUE	80	10	10	0	0.8	0.1	0.1	0	100	PGA_CN_primary	3	1.38629436111989
Erythrocebus patas	Erythrocebus_patas	Erythrocebus_patas__red_guenon__HLeryPat3__GCA_023783455.1	Erythrocebus_patas__red_guenon__HLeryPat3__GCA_023783455.1	Erythrocebus_patas__red_guenon__HLeryPat3__GCA_023783455.1	HLeryPat3	GCA_023783455.1	Mammalia; Theria; Eutheria; Boreoeutheria; Euarchontoglires; Primates; Haplorrhini; Simiiformes; Catarrhini; Cercopithecoidea; Cercopithecidae; Cercopithecinae; Erythrocebus	18747272	18747272	13442	214	4	1.6094379124341	4	1.6094379124341	0	0	0	0	4	4	0	0	Frugivore	Plant_dominant	0	0	0	0	0	0	40	0	20	40	100	1	0.4	0	8090	3.90794852161227	Erythrocebus patas	red guenon	patas monkey,hussar,Cercopithecus patas	9538	NCBI	ASM2378345v1	Contig	2022-06-17	BGI-Shenzhen	1540	Erythrocebus patas	Erythrocebus patas	Plant_dominant	TRUE	100	0	0	0	1	0	0	0	100	PGA_CN_primary	4	1.6094379124341
Chlorocebus sabaeus	Chlorocebus_sabaeus	Chlorocebus_sabaeus__green_monkey__HLchlSab3__GCF_015252025.1	Chlorocebus_sabaeus__green_monkey__HLchlSab3__GCF_015252025.1	Chlorocebus_sabaeus__green_monkey__HLchlSab3__GCF_015252025.1	HLchlSab3	GCF_015252025.1	Mammalia; Theria; Eutheria; Boreoeutheria; Euarchontoglires; Primates; Haplorrhini; Simiiformes; Catarrhini; Cercopithecoidea; Cercopithecidae; Cercopithecinae; Chlorocebus	839654	81790585	14731	56	3	1.38629436111989	3	1.38629436111989	0	0	0	0	3	3	0	0	Frugivore	Plant_dominant	20	0	0	0	20	0	40	0	0	20	60	0.6	0.2	40	4993	3.69836156605511	Chlorocebus sabaeus	green monkey	Cercopithecus sabeus,Cercopithecus sabaeus,Cercopithecus aethiops sabaeus,Chlorocebus sabeus,Simia sabaea,Chlorocebus aethiops sabeus,Chlorocebus aethiops sabaeus	60711	NCBI	Vero_WHO_p1.0	Scaffold	2020-11-06	Viral Vectors and Vaccines Bioprocessing Group, McGill University	409	Chlorocebus sabaeus	Chlorocebus sabaeus	Plant_dominant	TRUE	60	20	20	0	0.6	0.2	0.2	0	100	PGA_CN_primary	3	1.38629436111989
Callithrix jacchus	Callithrix_jacchus	Callithrix_jacchus__White-tufted-ear_marmoset__HLcalJacc6__GCA_049354715.1	Callithrix_jacchus__White-tufted-ear_marmoset__HLcalJacc6__GCA_049354715.1	Callithrix_jacchus__White-tufted-ear_marmoset__HLcalJacc6__GCA_049354715.1	HLcalJacc6	GCA_049354715.1	Mammalia; Theria; Eutheria; Boreoeutheria; Euarchontoglires; Primates; Haplorrhini; Simiiformes; Platyrrhini; Cebidae; Callitrichinae; Callithrix; Callithrix	137132494	141933726	15062	8	2	1.09861228866811	1	0.693147180559945	1	0.693147180559945	0	0	2	1	1	0	Omnivore	Omnivore	20	0	0	0	10	0	30	40	0	0	70	0.7	0	30	292	2.46538285144842	Callithrix jacchus	White-tufted-ear marmoset	white ear-tufted marmoset,Simia jacchus,common marmoset,Callithrix jacchus jacchus	9483	NCBI	calJac240_pri	Chromosome	2025-04-08	University of California Santa Cruz	126	Callithrix jacchus	Callithrix jacchus	Omnivore	TRUE	30	10	20	40	0.3	0.1	0.2	0.4	100	PGA_CN_primary	1	0.693147180559945
Leontopithecus rosalia	Leontopithecus_rosalia	Leontopithecus_rosalia__Golden_lion_tamarin__HLleoRosa2A__GCA_054824895.1	Leontopithecus_rosalia__Golden_lion_tamarin__HLleoRosa2A__GCA_054824895.1	Leontopithecus_rosalia__Golden_lion_tamarin__HLleoRosa2A__GCA_054824895.1	HLleoRosa2A	GCA_054824895.1	Mammalia; Theria; Eutheria; Boreoeutheria; Euarchontoglires; Primates; Haplorrhini; Simiiformes; Platyrrhini; Cebidae; Callitrichinae; Leontopithecus	54097536	144012852	14102	191	2	1.09861228866811	1	0.693147180559945	1	0.693147180559945	0	0	2	1	1	0	Omnivore	Omnivore	50	0	0	0	0	0	50	0	0	0	50	0.5	0	50	535.5	2.72875947516787	Leontopithecus rosalia	Golden lion tamarin	Leontopithecus rosalia rosalia	30588	NCBI	mLeoRos1.hap1	Chromosome	2026-01-29	Vertebrate Genomes Project	903	Leontopithecus rosalia	Leontopithecus rosalia	Omnivore	TRUE	50	0	50	0	0.5	0	0.5	0	100	PGA_CN_primary	1	0.693147180559945
Saguinus midas	Saguinus_midas	Saguinus_midas__Midas_tamarin__HLsagMid1__GCA_021498475.1	Saguinus_midas__Midas_tamarin__HLsagMid1__GCA_021498475.1	Saguinus_midas__Midas_tamarin__HLsagMid1__GCA_021498475.1	HLsagMid1	GCA_021498475.1	Mammalia; Theria; Eutheria; Boreoeutheria; Euarchontoglires; Primates; Haplorrhini; Simiiformes; Platyrrhini; Cebidae; Callitrichinae; Saguinus	10987047	143273090	13605	110	2	1.09861228866811	1	0.693147180559945	1	0.693147180559945	0	0	2	1	1	0	Omnivore	Omnivore	40	0	0	0	0	0	30	30	0	0	60	0.6	0	40	540	2.73239375982297	Saguinus midas	Midas tamarin		30586	NCBI	ASM2149847v1	Chromosome	2022-01-19	BGI-Shenzhen	1481	Saguinus midas	Saguinus midas	Omnivore	TRUE	30	0	40	30	0.3	0	0.4	0.3	100	PGA_CN_primary	1	0.693147180559945
Saguinus oedipus	Saguinus_oedipus	Saguinus_oedipus__Cotton-top_tamarin__HLsagOed1__GCA_031835075.1	Saguinus_oedipus__Cotton-top_tamarin__HLsagOed1__GCA_031835075.1	Saguinus_oedipus__Cotton-top_tamarin__HLsagOed1__GCA_031835075.1	HLsagOed1	GCA_031835075.1	Mammalia; Theria; Eutheria; Boreoeutheria; Euarchontoglires; Primates; Haplorrhini; Simiiformes; Platyrrhini; Cebidae; Callitrichinae; Saguinus	91852676	148490209	15014	46	2	1.09861228866811	1	0.693147180559945	1	0.693147180559945	0	0	2	1	1	0	Omnivore	Omnivore	40	0	0	0	0	0	30	30	0	0	60	0.6	0	40	430	2.63346845557959	Saguinus oedipus	Cotton-top tamarin		9490	NCBI	ASM3183507v1	Chromosome	2023-09-25	The Ohio State University	136	Saguinus oedipus	Saguinus oedipus	Omnivore	TRUE	30	0	40	30	0.3	0	0.4	0.3	100	PGA_CN_primary	1	0.693147180559945
Saimiri boliviensis	Saimiri_boliviensis	Saimiri_boliviensis__Bolivian_squirrel_monkey__HLsaiBoli4__GCA_048565385.1	Saimiri_boliviensis__Bolivian_squirrel_monkey__HLsaiBoli4__GCA_048565385.1	Saimiri_boliviensis__Bolivian_squirrel_monkey__HLsaiBoli4__GCA_048565385.1	HLsaiBoli4	GCA_048565385.1	Mammalia; Theria; Eutheria; Boreoeutheria; Euarchontoglires; Primates; Haplorrhini; Simiiformes; Platyrrhini; Cebidae; Saimiriinae; Saimiri	69222429	129414808	15082	18	2	1.09861228866811	1	0.693147180559945	1	0.693147180559945	0	0	2	1	1	0	Insectivore	Animal_dominant	20	0	0	0	20	0	20	0	20	20	60	0.6	0.2	40	615.01	2.7888821774169	Saimiri boliviensis	Bolivian squirrel monkey		27679	NCBI	mSaiBol1.pri	Chromosome	2025-03-12	Vertebrate Genomes Project	96	Saimiri boliviensis	Saimiri boliviensis	Insectivore	TRUE	60	20	20	0	0.6	0.2	0.2	0	100	PGA_CN_primary	1	0.693147180559945
Cebus albifrons	Cebus_albifrons	Cebus_albifrons__white-fronted_capuchin__HLcebAlb2__GCA_023783575.1	Cebus_albifrons__white-fronted_capuchin__HLcebAlb2__GCA_023783575.1	Cebus_albifrons__white-fronted_capuchin__HLcebAlb2__GCA_023783575.1	HLcebAlb2	GCA_023783575.1	Mammalia; Theria; Eutheria; Boreoeutheria; Euarchontoglires; Primates; Haplorrhini; Simiiformes; Platyrrhini; Cebidae; Cebinae; Cebus	18502463	18502463	13593	148	2	1.09861228866811	1	0.693147180559945	1	0.693147180559945	0	0	2	1	1	0	Insectivore	Animal_dominant	20	0	0	0	10	0	20	10	20	20	70	0.7	0.2	30	2629	3.41979058610636	Cebus albifrons	white-fronted capuchin	brown pale-fronted capuchin,pale-fronted capuchin	9514	NCBI	ASM2378357v1	Contig	2022-06-17	BGI-Shenzhen	1455	Cebus albifrons	Cebus albifrons	Insectivore	TRUE	60	10	20	10	0.6	0.1	0.2	0.1	100	PGA_CN_primary	1	0.693147180559945
Ateles geoffroyi	Ateles_geoffroyi	Ateles_geoffroyi__black-handed_spider_monkey__HLateGeo2__GCA_023783555.1	Ateles_geoffroyi__black-handed_spider_monkey__HLateGeo2__GCA_023783555.1	Ateles_geoffroyi__black-handed_spider_monkey__HLateGeo2__GCA_023783555.1	HLateGeo2	GCA_023783555.1	Mammalia; Theria; Eutheria; Boreoeutheria; Euarchontoglires; Primates; Haplorrhini; Simiiformes; Platyrrhini; Atelidae; Atelinae; Ateles	29212752	29212752	13331	44	1	0.693147180559945	1	0.693147180559945	0	0	0	0	1	1	0	0	Frugivore	Plant_dominant	10	0	0	0	10	0	60	0	10	10	80	0.8	0.1	20	5284.94	3.72304006111992	Ateles geoffroyi	black-handed spider monkey	Central American spider monkey	9509	NCBI	ASM2378355v1	Contig	2022-06-17	BGI-Shenzhen	1821	Ateles geoffroyi	Ateles geoffroyi	Plant_dominant	TRUE	80	10	10	0	0.8	0.1	0.1	0	100	PGA_CN_primary	1	0.693147180559945
Ateles fusciceps	Ateles_fusciceps	Ateles_fusciceps__Brown-headed_spider_monkey__HLateFus1__GCA_036589455.2	Ateles_fusciceps__Brown-headed_spider_monkey__HLateFus1__GCA_036589455.2	Ateles_fusciceps__Brown-headed_spider_monkey__HLateFus1__GCA_036589455.2	HLateFus1	GCA_036589455.2	Mammalia; Theria; Eutheria; Boreoeutheria; Euarchontoglires; Primates; Haplorrhini; Simiiformes; Platyrrhini; Atelidae; Atelinae; Ateles	7542955	7560531	4262	29	1	0.693147180559945	1	0.693147180559945	0	0	0	0	1	1	0	0	Frugivore	Plant_dominant	10	0	0	0	10	0	60	0	10	10	80	0.8	0.1	20	9100	3.95904139232109	Ateles fusciceps	Brown-headed spider monkey	Ateles geoffroyi fusciceps	9508	NCBI	USFQ_Afusci_2	Scaffold	2024-12-17	Universidad San Francisco de Quito	10905	Ateles fusciceps	Ateles fusciceps	Plant_dominant	TRUE	80	10	10	0	0.8	0.1	0.1	0	100	PGA_CN_primary	1	0.693147180559945
Ateles hybridus	Ateles_hybridus	Ateles_hybridus__brown_spider_monkey__HLateHyb1__GCA_916098195.1	Ateles_hybridus__brown_spider_monkey__HLateHyb1__GCA_916098195.1	Ateles_hybridus__brown_spider_monkey__HLateHyb1__GCA_916098195.1	HLateHyb1	GCA_916098195.1	Mammalia; Theria; Eutheria; Boreoeutheria; Euarchontoglires; Primates; Haplorrhini; Simiiformes; Platyrrhini; Atelidae; Atelinae; Ateles	50515269	50515269	3875	26	1	0.693147180559945	1	0.693147180559945	0	0	0	0	1	1	0	0	Frugivore	Plant_dominant	10	0	0	0	10	0	60	0	10	10	80	0.8	0.1	20	6394.85	3.8058303619599	Ateles hybridus	brown spider monkey	Ateles belzebuth hybridus	129801	NCBI	ORGONE_01	Scaffold	2021-09-22	IBE (Institut de Biologia Evolutiva))	11295	Ateles hybridus	Ateles hybridus	Plant_dominant	TRUE	80	10	10	0	0.8	0.1	0.1	0	100	PGA_CN_primary	1	0.693147180559945
Brachyteles arachnoides	Brachyteles_arachnoides	Brachyteles_arachnoides__Woolly_spider_monkey__HLbraAra1__GCA_047496155.1	Brachyteles_arachnoides__Woolly_spider_monkey__HLbraAra1__GCA_047496155.1	Brachyteles_arachnoides__Woolly_spider_monkey__HLbraAra1__GCA_047496155.1	HLbraAra1	GCA_047496155.1	Mammalia; Theria; Eutheria; Boreoeutheria; Euarchontoglires; Primates; Haplorrhini; Simiiformes; Platyrrhini; Atelidae; Atelinae; Brachyteles	58885235	58885235	14159	12	2	1.09861228866811	1	0.693147180559945	1	0.693147180559945	0	0	2	1	1	0	Herbivore	Plant_dominant	0	0	0	0	0	0	20	10	20	50	100	1	0.5	0	13499.88	4.13032990808245	Brachyteles arachnoides	Woolly spider monkey	Simia arachnoides,muriqui	30594	NCBI	ASM4749615v1	Contig	2025-02-07	Kent State University	1025	Brachyteles arachnoides	Brachyteles arachnoides	Plant_dominant	TRUE	90	0	0	10	0.9	0	0	0.1	100	PGA_CN_primary	1	0.693147180559945
Cynocephalus volans	Cynocephalus_volans	Cynocephalus_volans__Philippine_flying_lemur__HLcynVol1__GCA_027409185.1	Cynocephalus_volans__Philippine_flying_lemur__HLcynVol1__GCA_027409185.1	Cynocephalus_volans__Philippine_flying_lemur__HLcynVol1__GCA_027409185.1	HLcynVol1	GCA_027409185.1	Mammalia; Theria; Eutheria; Boreoeutheria; Euarchontoglires; Dermoptera; Cynocephalidae; Cynocephalus	69195939	165781880	15013	9	1	0.693147180559945	1	0.693147180559945	0	0	0	0	1	1	0	0	Herbivore	Plant_dominant	0	0	0	0	0	0	0	0	0	100	100	1	1	0	1250	3.09691001300806	Cynocephalus volans	Philippine flying lemur	Lemur volans	110931	NCBI	mCynVol1.pri	Chromosome	2022-12-28	Vertebrate Genomes Project	174	Cynocephalus volans	Cynocephalus volans	Plant_dominant	TRUE	100	0	0	0	1	0	0	0	100	PGA_CN_primary	1	0.693147180559945
Tupaia tana	Tupaia_tana	Tupaia_tana__large_tree_shrew__HLtupTan1__GCA_026018925.1	Tupaia_tana__large_tree_shrew__HLtupTan1__GCA_026018925.1	Tupaia_tana__large_tree_shrew__HLtupTan1__GCA_026018925.1	HLtupTan1	GCA_026018925.1	Mammalia; Theria; Eutheria; Boreoeutheria; Euarchontoglires; Scandentia; Tupaiidae; Tupaia	7425133	112954644	14473	62	2	1.09861228866811	1	0.693147180559945	1	0.693147180559945	0	0	2	1	1	0	Insectivore	Animal_dominant	90	0	0	0	0	0	0	0	0	10	10	0.1	0.1	90	197.83	2.29629215099486	Tupaia tana	large tree shrew		70687	NCBI, JoanaDamas			2021-06-15		661	Tupaia tana	Tupaia tana	Insectivore	TRUE	10	0	90	0	0.1	0	0.9	0	100	PGA_CN_primary	1	0.693147180559945
Choloepus didactylus	Choloepus_didactylus	Choloepus_didactylus__southern_two-toed_sloth__HLchoDid2__GCF_015220235.1	Choloepus_didactylus__southern_two-toed_sloth__HLchoDid2__GCF_015220235.1	Choloepus_didactylus__southern_two-toed_sloth__HLchoDid2__GCF_015220235.1	HLchoDid2	GCF_015220235.1	Mammalia; Theria; Eutheria; Xenarthra; Pilosa; Folivora; Megalonychidae; Choloepus	20994632	146178362	14654	21	2	1.09861228866811	1	0.693147180559945	1	0.693147180559945	0	0	2	1	1	0	Herbivore	Plant_dominant	0	0	0	0	0	0	30	0	0	70	100	1	0.7	0	5160	3.71264970162721	Choloepus didactylus	southern two-toed sloth	Choloepus brasiliensis Fitzinger 1871,Choloepus brasiliensis	27675	NCBI	mChoDid1.pri	Chromosome	2020-11-03	Vertebrate Genomes Project	521	Choloepus didactylus	Choloepus didactylus	Plant_dominant	TRUE	100	0	0	0	1	0	0	0	100	PGA_CN_primary	1	0.693147180559945
Bradypus torquatus	Bradypus_torquatus	Bradypus_torquatus__Maned_three-toed_sloth__HLbraTor4__GCA_963992745.1	Bradypus_torquatus__Maned_three-toed_sloth__HLbraTor4__GCA_963992745.1	Bradypus_torquatus__Maned_three-toed_sloth__HLbraTor4__GCA_963992745.1	HLbraTor4	GCA_963992745.1	Mammalia; Theria; Eutheria; Xenarthra; Pilosa; Folivora; Bradypodidae; Bradypus	4748776	156600181	14783	85	2	1.09861228866811	1	0.693147180559945	1	0.693147180559945	0	0	2	1	1	0	Herbivore	Plant_dominant	0	0	0	0	0	0	0	0	0	100	100	1	1	0	3899.96	3.59106015270128	Bradypus torquatus	Maned three-toed sloth		227087	NCBI, CollOmic			2023-11-26		328	Bradypus torquatus	Bradypus torquatus	Plant_dominant	TRUE	100	0	0	0	1	0	0	0	100	PGA_CN_primary	1	0.693147180559945
Myrmecophaga tridactyla	Myrmecophaga_tridactyla	Myrmecophaga_tridactyla__giant_anteater__HLmyrTri2	Myrmecophaga_tridactyla__giant_anteater__HLmyrTri2	Myrmecophaga_tridactyla__giant_anteater__HLmyrTri2	HLmyrTri2	DNA Zoo Consortium	Mammalia; Theria; Eutheria; Xenarthra; Pilosa; Vermilingua; Myrmecophagidae; Myrmecophaga	1101534	111305850	15016	51	1	0.693147180559945	1	0.693147180559945	0	0	0	0	1	1	0	0	Insectivore	Animal_dominant	100	0	0	0	0	0	0	0	0	0	0	0	0	100	22333.15	4.34894998286258	Myrmecophaga tridactyla	giant anteater		71006	DNA Zoo Consortium			2022-07-13		129	Myrmecophaga tridactyla	Myrmecophaga tridactyla	Insectivore	TRUE	0	0	100	0	0	0	1	0	100	PGA_CN_primary	1	0.693147180559945
Tamandua tetradactyla	Tamandua_tetradactyla	Tamandua_tetradactyla__southern_tamandua__HLtamTet2__GCA_023851605.1	Tamandua_tetradactyla__southern_tamandua__HLtamTet2__GCA_023851605.1	Tamandua_tetradactyla__southern_tamandua__HLtamTet2__GCA_023851605.1	HLtamTet2	GCA_023851605.1	Mammalia; Theria; Eutheria; Xenarthra; Pilosa; Vermilingua; Myrmecophagidae; Tamandua	9869167	174634624	15081	4	2	1.09861228866811	1	0.693147180559945	1	0.693147180559945	0	0	2	1	1	0	Insectivore	Animal_dominant	100	0	0	0	0	0	0	0	0	0	0	0	0	100	5515.06	3.74155024162248	Tamandua tetradactyla	southern tamandua		48850	NCBI	mTamTet1.pri	Chromosome	2022-06-22	Vertebrate Genomes Project	111	Tamandua tetradactyla	Tamandua tetradactyla	Insectivore	TRUE	0	0	100	0	0	0	1	0	100	PGA_CN_primary	1	0.693147180559945
Dasypus novemcinctus	Dasypus_novemcinctus	Dasypus_novemcinctus__nine-banded_armadillo__HLdasNov4__GCF_030445035.1	Dasypus_novemcinctus__nine-banded_armadillo__HLdasNov4__GCF_030445035.1	Dasypus_novemcinctus__nine-banded_armadillo__HLdasNov4__GCF_030445035.1	HLdasNov4	GCF_030445035.1	Mammalia; Theria; Eutheria; Xenarthra; Cingulata; Dasypodidae; Dasypus	14295626	130056132	14742	49	8	2.19722457733622	1	0.693147180559945	7	2.07944154167984	0	0	8	1	7	0	Insectivore	Animal_dominant	100	0	0	0	0	0	0	0	0	0	0	0	0	100	4203.78	3.62363997964781	Dasypus novemcinctus	nine-banded armadillo		9361	NCBI	mDasNov1.hap2	Chromosome	2023-07-13	Vertebrate Genomes Project	405	Dasypus novemcinctus	Dasypus novemcinctus	Insectivore	TRUE	0	0	100	0	0	0	1	0	100	PGA_CN_primary	1	0.693147180559945
