Scientific	BodyMass-Value
Tachyglossus aculeatus	3025
Zaglossus attenboroughi	8532.39
Zaglossus bartoni	7180
Zaglossus bruijni	10139.5
Ornithorhynchus anatinus	1484.25
Caluromys philander	229.25
Caluromys derbianus	297
Caluromys lanatus	325
Caluromysiops irrupta	250
Glironia venusta	114
Chironectes minimus	946
Didelphis aurita	1163.99
Didelphis imperfecta	1260.04
Didelphis marsupialis	1091.16
Didelphis pernigra	1260.04
Didelphis virginiana	2195.48
Didelphis albiventris	904
Gracilinanus formosus	18.9
Gracilinanus emiliae	7.6
Gracilinanus microtarsus	31
Gracilinanus marica	23.8
Gracilinanus dryas	18
Gracilinanus aceramarcae	20.5
Gracilinanus agricolai	18.9
Gracilinanus agilis	22
Gracilinanus ignitus	18.9
Hyladelphys kalinowskii	16.75
Lestodelphys halli	76
Lutreolina crassicaudata	537.3
Marmosa murina	26
Marmosa xerophila	46.2
Marmosa tyleriana	32.4
Marmosa rubra	63
Marmosa quichua	38.23
Marmosa mexicana	49.45
Marmosa lepida	14
Marmosa andersoni	47.4
Marmosa robinsoni	56.67
Marmosops handleyi	30.7
Marmosops juninensis	31.57
Marmosops pinheiroi	31.57
Marmosops paulensis	38.89
Marmosops parvidens	15
Marmosops noctivagus	21
Marmosops neblina	31.57
Marmosops bishopi	19.5
Marmosops impavidus	40.5
Marmosops incanus	62.3
Marmosops fuscatus	60
Marmosops dorothea	37.5
Marmosops cracens	25.5
Marmosops invictus	29.2
Metachirus nudicaudatus	375
Micoureus demerarae	75.75
Micoureus regina	118.6
Micoureus paraguayanus	112.43
Micoureus constantiae	90
Micoureus alstoni	132.3
Micoureus phaeus	103.76
Monodelphis emiliae	40
Monodelphis osgoodi	112
Monodelphis umbristriata	61.54
Monodelphis theresa	112
Monodelphis sorex	48
Monodelphis scalops	741
Monodelphis rubida	45.5
Monodelphis palliolata	61.54
Monodelphis unistriata	55.3
Monodelphis kunsi	11.3
Monodelphis glirina	61.54
Monodelphis domestica	71.4
Monodelphis dimidiata	58
Monodelphis brevicaudata	69.63
Monodelphis americana	19.5
Monodelphis adusta	35
Monodelphis maraxina	61.57
Monodelphis iheringi	112
Philander andersoni	325
Philander opossum	585.5
Philander mcilhennyi	325
Philander frenatus	395.45
Thylamys pusillus	28.21
Thylamys venustus	24.41
Thylamys tatei	24.41
Thylamys sponsorius	24.41
Thylamys velutinus	20.7
Thylamys macrurus	34.43
Thylamys karimii	24.41
Thylamys cinderella	24.41
Thylamys elegans	28.9
Thylamys pallidior	14.9
Tlacuatzin canescens	47.73
Caenolestes caniventer	40
Caenolestes condorensis	47.81
Caenolestes convelatus	40
Caenolestes fuliginosus	27.8
Lestoros inca	21.1
Rhyncholestes raphanurus	21
Dromiciops gliroides	22.3
Notoryctes caurinus	34
Notoryctes typhlops	55
Myrmecobius fasciatus	471.5
Dasycercus cristicauda	100
Dasykaluta rosamondae	28.75
Dasyuroides byrnei	109.47
Dasyurus spartacus	885.67
Dasyurus albopunctatus	637
Dasyurus viverrinus	1090
Dasyurus geoffroii	1100
Dasyurus maculatus	5500
Dasyurus hallucatus	525
Myoictis melas	200
Myoictis wallacii	200
Neophascogale lorentzi	212
Parantechinus apicalis	68.75
Phascolosorex doriae	168.31
Phascolosorex dorsalis	138.5
Pseudantechinus bilarni	23.05
Pseudantechinus woolleyae	40
Pseudantechinus roryi	25.06
Pseudantechinus ningbing	20
Pseudantechinus macdonnellensis	32.5
Pseudantechinus mimulus	16.5
Sarcophilus harrisii	10000
Antechinus leo	74
Antechinus subtropicus	59.5
Antechinus stuartii	27.5
Antechinus minimus	53.5
Antechinus flavipes	45
Antechinus bellus	44.5
Antechinus agilis	22.13
Antechinus adustus	36
Antechinus swainsonii	53
Antechinus godmani	76.5
Micromurexia habbema	46.97
Murexechinus melanurus	38.02
Murexia longicaudata	335.83
Paramurexia rothschildi	53.77
Phascomurexia naso	52.62
Phascogale calura	51.5
Phascogale tapoatafa	193.5
Antechinomys laniger	25.57
Ningaui yvonnae	7
Ningaui ridei	8.5
Ningaui timealeyi	5.7
Sminthopsis griseoventer	17.5
Sminthopsis virginiae	35.25
Sminthopsis psammophila	33.5
Sminthopsis ooldea	11
Sminthopsis murina	17
Sminthopsis macroura	20
Sminthopsis longicaudata	18
Sminthopsis leucopus	26
Sminthopsis douglasi	55
Sminthopsis hirtipes	15
Sminthopsis youngsoni	10.1
Sminthopsis fuliginosus	19.89
Sminthopsis dolichura	13.6
Sminthopsis crassicaudata	15
Sminthopsis butleri	25
Sminthopsis boullangerensis	19.89
Sminthopsis bindi	17.5
Sminthopsis archeri	16
Sminthopsis aitkeni	22.5
Sminthopsis granulipes	25
Sminthopsis gilberti	19.5
Planigale gilesi	9.2
Planigale tenuirostris	6.05
Planigale novaeguineae	14.9
Planigale ingrami	4.25
Planigale maculata	11
Macrotis lagotis	1350
Macrotis leucura	354
Isoodon auratus	425
Isoodon macrourus	1600
Isoodon obesulus	775
Perameles nasuta	975
Perameles gunnii	870
Perameles eremiana	500
Perameles bougainville	226
Peroryctes raffrayana	838.5
Peroryctes broadbenti	4800
Echymipera clara	1236.5
Echymipera davidi	950
Echymipera echinista	1000
Echymipera kalubu	782.17
Echymipera rufescens	1100
Microperoryctes longicauda	538
Microperoryctes murina	817.52
Microperoryctes papuensis	158
Rhynchomeles prattorum	817.52
Phascolarctos cinereus	10250
Lasiorhinus krefftii	2900
Lasiorhinus latifrons	25500
Vombatus ursinus	26000
Burramys parvus	41.5
Cercartetus nanus	24
Cercartetus caudatus	25
Cercartetus concinnus	13
Cercartetus lepidus	7
Ailurops melanotis	10000
Ailurops ursinus	10000
Phalanger lullulae	1632.5
Phalanger vestitus	1850
Phalanger sericeus	2003
Phalanger rothschildi	1365
Phalanger ornatus	1787.5
Phalanger orientalis	2168.75
Phalanger mimicus	1846.67
Phalanger matabiru	1846.67
Phalanger intercastellanus	1747.5
Phalanger gymnotis	2597.89
Phalanger carmelitae	2047.5
Phalanger alexandrae	1846.67
Phalanger matanim	1550
Spilocuscus rufoniger	6000
Spilocuscus kraemeri	5535.39
Spilocuscus maculatus	5106.75
Spilocuscus papuensis	5535.39
Strigocuscus celebensis	500
Strigocuscus pelengensis	500
Trichosurus arnhemensis	1300
Trichosurus caninus	3500
Trichosurus cunninghami	2293.08
Trichosurus johnstonii	2293.08
Trichosurus vulpecula	2650
Wyulda squamicaudata	1675
Hemibelideus lemuroides	952.5
Petauroides volans	1300
Petropseudes dahli	1640
Pseudocheirus peregrinus	900
Pseudochirulus caroli	456.02
Pseudochirulus schlegeli	255.44
Pseudochirulus mayeri	151.75
Pseudochirulus larvatus	448.3
Pseudochirulus herbertensis	1098.34
Pseudochirulus forbesi	639.16
Pseudochirulus cinereus	977.48
Pseudochirulus canescens	300
Pseudochirops albertisii	784.85
Pseudochirops archeri	1091.5
Pseudochirops corinnae	1123
Pseudochirops coronatus	1500
Pseudochirops cupreus	1724.5
Dactylopsila tatei	252
Dactylopsila trivirgata	413.53
Dactylopsila palpator	398
Dactylopsila megalura	277.74
Gymnobelideus leadbeateri	127
Petaurus abidi	278
Petaurus breviceps	106.28
Petaurus norfolcensis	230
Petaurus australis	575
Petaurus gracilis	353
Petaurus biacensis	90.98
Tarsipes rostratus	9
Acrobates pygmaeus	12
Distoechurus pennatus	44.1
Lagorchestes leporides	3000
Lagorchestes hirsutus	1265
Lagorchestes conspicillatus	3050
Lagorchestes asomatus	1500
Macropus fuliginosus	22000
Macropus giganteus	25875
Macropus parryi	13500
Macropus dorsalis	11250
Macropus eugenii	6500
Macropus greyi	10000
Macropus parma	4500
Macropus agilis	15000
Macropus rufogriseus	16850
Macropus irma	8000
Macropus antilopinus	27250
Macropus robustus	21262.5
Macropus bernardus	17000
Macropus rufus	46250
Dendrolagus inustus	13031.25
Dendrolagus lumholtzi	6750
Dendrolagus matschiei	6960
Dendrolagus mbaiso	9395.06
Dendrolagus pulcherrimus	9511.11
Dendrolagus scottae	10375
Dendrolagus spadix	9100
Dendrolagus stellarum	9511.11
Dendrolagus ursinus	13250
Dendrolagus bennettianus	10950
Dendrolagus dorianus	9581
Dendrolagus goodfellowi	8025
Dorcopsis luctuosa	6352
Dorcopsis muelleri	5500
Dorcopsis hageni	5500
Dorcopsis atrata	5916.5
Dorcopsulus vanheurni	1785.75
Dorcopsulus macleayi	2988
Onychogalea unguifera	6650
Onychogalea lunata	3500
Onychogalea fraenata	5500
Petrogale purpureicollis	5850
Petrogale coenensis	4123.14
Petrogale burbidgei	1258
Petrogale brachyotis	4050
Petrogale assimilis	4500
Petrogale godmani	4750
Petrogale xanthopus	8500
Petrogale sharmani	4123.14
Petrogale herberti	4123.14
Petrogale inornata	4600
Petrogale lateralis	4625
Petrogale mareeba	4123.14
Petrogale concinna	1400
Petrogale persephone	6200
Petrogale rothschildi	3400
Petrogale penicillata	7100
Setonix brachyurus	3250
Thylogale calabyi	4326.13
Thylogale browni	5478
Thylogale thetis	5400
Thylogale stigmatica	4600
Thylogale lanatus	4758.79
Thylogale brunii	3620
Thylogale billardierii	5450
Wallabia bicolor	15000
Lagostrophus fasciatus	1700
Hypsiprymnodon moschatus	520
Aepyprymnus rufescens	3250
Bettongia lesueur	1500
Bettongia penicillata	1300
Bettongia tropica	1256.58
Bettongia gaimardi	1660
Caloprymnus campestris	900
Potorous platyops	500
Potorous gilbertii	1569.46
Potorous longipes	1900
Potorous tridactylus	1100
Geogale aurita	7
Limnogale mergulus	78.6
Microgale longicaudata	7.3
Microgale thomasi	22.9
Microgale talazaci	48
Microgale taiva	12.4
Microgale soricoides	18.7
Microgale pusilla	3.4
Microgale principula	10.2
Microgale parvula	3.4
Microgale monticola	13.9
Microgale gymnorhyncha	18.2
Microgale gracilis	23.3
Microgale fotsifotsy	7.7
Microgale dryas	40
Microgale drouhardi	10.5
Microgale dobsoni	38
Microgale cowani	13.8
Microgale brevicaudata	11.3
Microgale nasoloi	13.83
Oryzorictes hova	36.5
Oryzorictes tetradactylus	36
Micropotamogale lamottei	69.6
Micropotamogale ruwenzorii	98.5
Potamogale velox	659.99
Echinops telfairi	180
Hemicentetes semispinosus	137.8
Hemicentetes nigriceps	102.99
Setifer setosus	294
Tenrec ecaudatus	868
Carpitalpa arendsi	52.34
Chlorotalpa duthieae	49.7
Chlorotalpa sclateri	41
Chrysochloris asiatica	49
Chrysochloris visagiei	30
Chrysochloris stuhlmanni	39.8
Chrysospalax trevelyani	426.5
Chrysospalax villosus	119.88
Cryptochloris zyli	25
Cryptochloris wintoni	25
Eremitalpa granti	26.1
Amblysomus corriae	52.6
Amblysomus hottentotus	52.6
Amblysomus marleyi	52.6
Amblysomus robustus	52.6
Amblysomus septentrionalis	52.6
Calcochloris obtusirostris	24.05
Calcochloris leucorhinus	49.7
Calcochloris tytonis	49.7
Neamblysomus julianae	21.99
Neamblysomus gunningi	35.84
Elephantulus rupestris	66.4
Elephantulus brachyrhynchus	47.5
Elephantulus edwardii	48
Elephantulus fuscipes	57
Elephantulus fuscus	52.56
Elephantulus intufi	49.5
Elephantulus myurus	52.4
Elephantulus revoili	32.5
Elephantulus rozeti	48
Elephantulus rufescens	37.5
Macroscelides proboscideus	38.2
Petrodromus tetradactylus	187.5
Rhynchocyon chrysopygus	540
Rhynchocyon cirnei	490
Rhynchocyon petersi	424
Orycteropus afer	52350.4
Dendrohyrax arboreus	2949.99
Dendrohyrax dorsalis	3175
Heterohyrax brucei	2625
Procavia capensis	3029.98
Elephas maximus	2915040
Loxodonta africana	3940034.28
Loxodonta cyclotis	4750000.01
Dugong dugon	310000
Trichechus inunguis	480000
Trichechus manatus	433333
Trichechus senegalensis	454000
Dasypus septemcinctus	1526.65
Dasypus yepesi	2785.87
Dasypus sabanicola	1150.01
Dasypus pilosus	4444.98
Dasypus novemcinctus	4203.78
Dasypus kappleri	9500
Dasypus hybridus	1500
Calyptophractus retusus	129.99
Chaetophractus nationi	2150.01
Chaetophractus vellerosus	1030.01
Chaetophractus villosus	4540.04
Chlamyphorus truncatus	44.3
Euphractus sexcinctus	4782.89
Zaedyus pichiy	1380
Cabassous unicinctus	4799.99
Cabassous centralis	3809.96
Cabassous chacoensis	1490.01
Cabassous tatouay	5349.95
Priodontes maximus	45359.68
Tolypeutes matacus	1200
Tolypeutes tricinctus	1487
Bradypus pygmaeus	4022.57
Bradypus torquatus	3899.96
Bradypus tridactylus	3849.99
Bradypus variegatus	4335.01
Choloepus didactylus	5160
Choloepus hoffmanni	4750.01
Cyclopes didactylus	329.5
Myrmecophaga tridactyla	22333.15
Tamandua mexicana	4209.98
Tamandua tetradactyla	5515.06
Anathana ellioti	160
Dendrogale melanura	60
Dendrogale murina	50
Tupaia moellendorffi	150.45
Tupaia gracilis	74.58
Tupaia tana	197.83
Tupaia splendidula	160
Tupaia picta	147.5
Tupaia palawanensis	168.05
Tupaia nicobarica	170.25
Tupaia montana	199
Tupaia belangeri	200
Tupaia javanica	105
Tupaia minor	64.28
Tupaia glis	169.83
Tupaia dorsalis	265
Tupaia chrysogaster	131.08
Tupaia longipes	168.05
Urogale everetti	350
Ptilocercus lowii	41.88
Cynocephalus volans	1250
Galeopterus variegates	1112.2
Allocebus trichotis	77.5
Cheirogaleus crossleyi	285.39
Cheirogaleus major	450
Cheirogaleus medius	181
Cheirogaleus minusculus	285.39
Cheirogaleus ravus	285.39
Cheirogaleus sibreei	285.39
Cheirogaleus adipicaudatus	285.39
Microcebus murinus	69
Microcebus tavaratra	68.01
Microcebus sambiranensis	49.06
Microcebus rufus	42.5
Microcebus griseorufus	70.24
Microcebus berthae	33.45
Microcebus myoxinus	30
Microcebus ravelobensis	55
Mirza coquereli	308
Phaner electromontis	425
Phaner furcifer	400
Phaner pallescens	425
Phaner parienti	425
Eulemur albocollaris	2397.37
Eulemur sanfordi	2394.03
Eulemur rufus	2394.62
Eulemur rubriventer	1400
Eulemur mongoz	1600
Eulemur macaco	2040
Eulemur fulvus	3150
Eulemur coronatus	1650
Eulemur cinereiceps	2114.06
Eulemur albifrons	2300
Eulemur collaris	2375
Hapalemur alaotrensis	1616.83
Hapalemur occidentalis	750
Hapalemur griseus	1400
Hapalemur aureus	1575
Lemur catta	2900
Prolemur simus	2030.41
Varecia rubra	3872.6
Varecia variegata	3850
Lepilemur leucopus	650
Lepilemur septentrionalis	750
Lepilemur ruficaudatus	700
Lepilemur microdon	900
Lepilemur edwardsi	700
Lepilemur dorsalis	500
Lepilemur ankaranensis	700.89
Lepilemur mustelinus	773
Avahi laniger	900
Avahi occidentalis	800
Avahi unicolor	848.53
Indri indri	8000
Propithecus edwardsi	6573.27
Propithecus verreauxi	3480
Propithecus perrieri	5250
Propithecus deckenii	4000
Propithecus coquereli	4189.27
Propithecus tattersalli	3500
Propithecus diadema	7500
Daubentonia madagascariensis	2500
Arctocebus aureus	235
Arctocebus calabarensis	210
Loris lydekkerianus	254.06
Loris tardigradus	227.67
Nycticebus coucang	803.5
Nycticebus pygmaeus	900
Nycticebus bengalensis	1137.36
Perodicticus potto	1099.99
Pseudopotto martini	474.8
Euoticus elegantulus	300
Euoticus pallidus	230
Galago gabonensis	165.68
Galago thomasi	117.35
Galago senegalensis	227.67
Galago rondoensis	165.68
Galago nyasae	165.68
Galago orinus	165.68
Galago zanzibaricus	147.35
Galago matschiei	210
Galago granti	165.68
Galago alleni	260
Galago cameronensis	165.68
Galago gallarum	250
Galago moholi	160
Galago demidoff	66.04
Otolemur monteiri	1577.16
Otolemur garnettii	760
Otolemur crassicaudatus	1500
Saguinus niger	462.13
Saguinus midas	540
Saguinus mystax	618
Saguinus pileatus	462.13
Saguinus nigricollis	462
Saguinus bicolor	465
Saguinus fuscicollis	387
Saguinus leucopus	440
Saguinus tripartitus	393.5
Saguinus geoffroyi	486.5
Saguinus oedipus	430
Saguinus martinsi	462.13
Saguinus labiatus	575
Saguinus inustus	410.5
Saguinus imperator	400
Saguinus graellsi	462.13
Saguinus melanoleucus	462.13
Callimico goeldii	480
Callithrix flaviceps	342
Callithrix kuhlii	342
Callithrix geoffroyi	342
Callithrix aurita	342
Callithrix penicillata	342
Callithrix jacchus	292
Callithrix nigriceps	401.12
Callithrix intermedia	335.61
Callithrix leucippe	335.61
Callithrix manicorensis	335.61
Callithrix marcai	335.61
Callithrix melanura	335.61
Callithrix humeralifera	374.99
Callithrix saterei	441.25
Callithrix mauesi	443.79
Callithrix emiliae	309.58
Callithrix chrysoleuca	335.61
Callithrix argentata	440
Callithrix acariensis	335.61
Callithrix pygmaea	125
Callithrix humilis	335.61
Leontopithecus rosalia	535.5
Leontopithecus chrysopygus	700
Leontopithecus chrysomelas	572.8
Leontopithecus caissara	572
Cebus apella	2500
Cebus capucinus	2733.32
Cebus kaapori	3000
Cebus nigritus	2687.21
Cebus olivaceus	2599.98
Cebus xanthosternos	2687.21
Cebus albifrons	2629
Cebus libidinosus	2687.21
Saimiri boliviensis	615.01
Saimiri oerstedii	278.5
Saimiri sciureus	743.24
Saimiri ustus	1000
Saimiri vanzolinii	769.61
Ateles paniscus	7900.05
Ateles geoffroyi	5284.94
Ateles hybridus	6394.85
Ateles fusciceps	9100
Ateles marginatus	5999.98
Ateles chamek	5999.98
Ateles belzebuth	5000
Brachyteles hypoxanthus	13499.88
Brachyteles arachnoides	13499.88
Lagothrix lagotricha	6299.99
Lagothrix lugens	6
Lagothrix poeppigii	62.31
Lagothrix cana	6.4
Oreonax flavicauda	8229.12
Alouatta seniculus	6145.54
Alouatta guariba	5188.33
Alouatta belzebul	6400
Alouatta caraya	5862.46
Alouatta coibensis	6320.06
Alouatta macconnelli	6320.06
Alouatta nigerrima	6320.06
Alouatta palliata	7274.95
Alouatta sara	6611.04
Alouatta pigra	7000.03
Aotus nigriceps	1060.01
Aotus miconax	800
Aotus azarae	929.57
Aotus vociferans	872.99
Aotus lemurinus	872.99
Aotus nancymaae	788.01
Aotus trivirgatus	899.99
Aotus hershkovitzi	800
Callicebus ornatus	1170.5
Callicebus caligatus	992.41
Callicebus baptista	1011.32
Callicebus brunneus	992.41
Callicebus bernhardi	950
Callicebus coimbrai	1011.32
Callicebus barbarabrownae	1011.32
Callicebus stephennashi	690
Callicebus cinerascens	992.41
Callicebus pallescens	800
Callicebus olallae	992.41
Callicebus oenanthe	992.41
Callicebus nigrifrons	1011.32
Callicebus dubius	992.41
Callicebus hoffmannsi	992.41
Callicebus personatus	1349.99
Callicebus donacophilus	795.01
Callicebus discolor	1005
Callicebus melanochir	1370
Callicebus modestus	992.41
Callicebus cupreus	915
Callicebus moloch	854.73
Callicebus regulus	1011.32
Callicebus torquatus	1050
Callicebus purinus	1011.32
Callicebus lugens	1011.32
Callicebus lucifer	1500
Callicebus medemi	1205
Cacajao calvus	5796.02
Cacajao melanocephalus	3100
Chiropotes chiropotes	2949.58
Chiropotes albinasus	2900.01
Chiropotes utahickae	2949.58
Chiropotes israelita	2949.58
Chiropotes satanas	2999.99
Pithecia pithecia	1375.5
Pithecia irrorata	2240.99
Pithecia albicans	2800.01
Pithecia aequatorialis	2249.99
Pithecia monachus	1537.52
Allenopithecus nigroviridis	4749.96
Macaca leonina	5786.96
Macaca maura	7300
Macaca mulatta	3713
Macaca nemestrina	6296.5
Macaca nigra	6400
Macaca nigrescens	5786.96
Macaca ochreata	2600
Macaca radiata	3690
Macaca arctoides	5000
Macaca hecki	5786.96
Macaca pagensis	4534.66
Macaca fascicularis	3991.5
Macaca cyclopis	6000
Macaca assamensis	12000
Macaca siberu	5786.96
Macaca silenus	4750
Macaca tonkeana	9000
Macaca thibetana	12000
Macaca sylvanus	7000.03
Macaca sinica	3590
Macaca fuscata	10400
Cercocebus galeritus	7835.02
Cercocebus sanjei	8000
Cercocebus atys	6941.24
Cercocebus agilis	8000
Cercocebus chrysogaster	12000
Cercocebus torquatus	7749.97
Cercopithecus sclateri	3375
Cercopithecus mona	4208.33
Cercopithecus neglectus	5479.99
Cercopithecus nictitans	5803.34
Cercopithecus petaurista	2774.98
Cercopithecus pogonias	3764.96
Cercopithecus roloway	5500
Cercopithecus solatus	6500
Cercopithecus wolfi	4000
Cercopithecus mitis	5000
Cercopithecus kandti	4291.5
Cercopithecus preussi	5250
Cercopithecus doggetti	4291.5
Cercopithecus albogularis	4291.5
Cercopithecus ascanius	3550
Cercopithecus campbelli	4099.96
Cercopithecus cephus	3484.98
Cercopithecus diana	4175.03
Cercopithecus dryas	3075
Cercopithecus erythrogaster	2500
Cercopithecus erythrotis	3918.33
Cercopithecus hamlyni	6875
Cercopithecus lhoesti	5375.02
Cercopithecus lowei	4400
Cercopithecus denti	4500
Chlorocebus cynosuros	4993
Chlorocebus sabaeus	4993
Chlorocebus tantalus	4993
Chlorocebus djamdjamensis	6000
Chlorocebus aethiops	4155
Chlorocebus pygerythrus	4993
Erythrocebus patas	8090
Lophocebus albigena	7690.06
Lophocebus aterrimus	6510.37
Lophocebus opdenboschi	7075.67
Mandrillus leucophaeus	14999.96
Mandrillus sphinx	18249.88
Miopithecus talapoin	1250
Miopithecus ogouensis	1250
Papio cynocephalus	15822.15
Papio ursinus	17729.44
Papio hamadryas	21250.05
Papio anubis	17728.56
Papio papio	18026.05
Theropithecus gelada	17049.83
Colobus angolensis	9850
Colobus guereza	10600
Colobus polykomos	9917.45
Colobus satanas	4319.96
Colobus vellerosus	7700.18
Nasalis larvatus	9000
Piliocolobus preussi	8865.71
Piliocolobus tholloni	8591.69
Piliocolobus rufomitratus	8030.75
Piliocolobus pennantii	10896
Piliocolobus kirkii	7158.29
Piliocolobus gordonorum	8591.69
Piliocolobus foai	8591.69
Piliocolobus tephrosceles	8591.69
Piliocolobus badius	8430.4
Presbytis frontata	6050
Presbytis thomasi	6690
Presbytis siamensis	5895.06
Presbytis rubicunda	6300
Presbytis potenziani	6450
Presbytis natunae	6374.15
Presbytis hosei	6500
Presbytis femoralis	7000
Presbytis chrysomelas	6374.15
Presbytis comata	6250
Presbytis melalophos	6300
Procolobus verus	4000
Pygathrix nigripes	10333.32
Pygathrix nemaeus	8310
Pygathrix cinerea	9266.6
Rhinopithecus brelichi	12267.15
Rhinopithecus bieti	11000.54
Rhinopithecus avunculus	9086.19
Rhinopithecus roxellana	13456.8
Semnopithecus priam	10752
Semnopithecus ajax	10752
Semnopithecus hypoleucos	10026.65
Semnopithecus hector	10752
Semnopithecus entellus	11529.83
Semnopithecus schistaceus	10752
Semnopithecus dussumieri	10752
Simias concolor	7393.9
Trachypithecus geei	8350
Trachypithecus shortridgei	8516.46
Trachypithecus poliocephalus	8516.46
Trachypithecus pileatus	11450
Trachypithecus phayrei	8400
Trachypithecus obscurus	6420
Trachypithecus laotum	8516.46
Trachypithecus germaini	8516.46
Trachypithecus francoisi	7325
Trachypithecus ebenus	8516.46
Trachypithecus delacouri	8516.46
Trachypithecus cristatus	8350
Trachypithecus barbei	8516.46
Trachypithecus auratus	7100
Trachypithecus hatinhensis	8516.46
Trachypithecus vetulus	8830
Trachypithecus johnii	11921
Bunopithecus hoolock	6699
Hylobates albibarbis	5692.08
Hylobates klossii	5800
Hylobates agilis	5650
Hylobates muelleri	6000
Hylobates moloch	6500
Hylobates lar	4892
Hylobates pileatus	5440
Nomascus concolor	6410.47
Nomascus siki	6850.16
Nomascus gabriellae	6850.16
Nomascus leucogenys	7320
Nomascus hainanus	6850.16
Symphalangus syndactylus	10839
Gorilla gorilla	131625.52
Gorilla beringei	149325.19
Homo sapiens	58540.63
Pan paniscus	34000.08
Pan troglodytes	42500
Pongo abelii	39696.12
Pongo pygmaeus	37000
Tarsius pelengensis	165
Tarsius pumilus	27.5
Tarsius sangirensis	165
Tarsius syrichta	113.5
Tarsius bancanus	94.25
Tarsius dentatus	110.42
Tarsius tarsier	168.04
Aplodontia rufa	1003.99
Ratufa affinis	1156.25
Ratufa bicolor	2050
Ratufa indica	1060
Ratufa macroura	1327.08
Sciurillus pusillus	39
Microsciurus alfari	87.5
Microsciurus santanderensis	99.8
Microsciurus mimulus	120
Microsciurus flaviventer	92
Rheithrosciurus macrotis	1225
Sciurus carolinensis	506.5
Sciurus nayaritensis	697
Sciurus niger	761.9
Sciurus oculatus	649.99
Sciurus variegatoides	485
Sciurus vulgaris	333
Sciurus colliaei	498
Sciurus aureogaster	595
Sciurus arizonensis	646.99
Sciurus yucatanensis	225
Sciurus alleni	434.5
Sciurus lis	264.3
Sciurus deppei	190
Sciurus aberti	623.99
Sciurus stramineus	433.3
Sciurus richmondi	205
Sciurus pucheranii	803.01
Sciurus sanborni	136
Sciurus gilvigularis	803.01
Sciurus granatensis	250
Sciurus ignitus	190
Sciurus aestuans	185
Sciurus anomalus	256
Sciurus flammifer	4292.99
Sciurus pyrrhinus	482
Sciurus griseus	731
Sciurus spadiceus	403.33
Sciurus igniventris	700
Syntheosciurus brochus	132.84
Tamiasciurus hudsonicus	201.17
Tamiasciurus mearnsi	231.58
Tamiasciurus douglasii	225
Aeretes melanopterus	753.23
Aeromys thomasi	1435
Aeromys tephromelas	1075
Belomys pearsonii	217
Biswamoyopterus biswasi	1613.3
Eoglaucomys fimbriatus	510
Eupetaurus cinereus	2500
Glaucomys volans	63.87
Glaucomys sabrinus	166
Hylopetes winstoni	170.82
Hylopetes spadiceus	84.25
Hylopetes sipora	89.2
Hylopetes platyurus	56.98
Hylopetes phayrei	227
Hylopetes nigripes	534
Hylopetes lepidus	50
Hylopetes alboniger	255.38
Hylopetes bartelsi	146.63
Iomys horsfieldii	155.5
Iomys sipora	154.67
Petaurillus hosei	21.1
Petaurillus kinlochii	40
Petaurillus emiliae	13.5
Petaurista leucogenys	1150
Petaurista alborufus	4290
Petaurista elegans	997
Petaurista magnificus	1475.5
Petaurista petaurista	1660.13
Petaurista philippensis	1676
Petaurista xanthotis	1900
Petaurista nobilis	2710
Petinomys crinitus	113
Petinomys vordermanni	40.39
Petinomys setosus	38.44
Petinomys sagitta	50
Petinomys mindanensis	137.64
Petinomys lugens	433
Petinomys hageni	388
Petinomys fuscocapillus	794.5
Petinomys genibarbis	110
Pteromys momonga	297.41
Pteromys volans	143.75
Pteromyscus pulverulentus	334.25
Trogopterus xanthipes	744.94
Callosciurus albescens	220.89
Callosciurus caniceps	257
Callosciurus baluensis	356
Callosciurus erythraeus	280
Callosciurus phayrei	269
Callosciurus prevostii	361.46
Callosciurus pygerythrus	252
Callosciurus quinquestriatus	207.77
Callosciurus notatus	197.5
Callosciurus orestes	278
Callosciurus nigrovittatus	202
Callosciurus adamsi	134.5
Callosciurus melanogaster	278
Callosciurus inornatus	325
Callosciurus finlaysonii	278
Sundasciurus hippurus	406.25
Sundasciurus mindanensis	164.46
Sundasciurus moellendorffi	252
Sundasciurus rabori	163
Sundasciurus juvencus	159.09
Sundasciurus hoogstraali	159.18
Sundasciurus davensis	165.02
Sundasciurus philippinensis	244
Sundasciurus steerii	252
Sundasciurus samarensis	225
Sundasciurus jentinki	76
Sundasciurus brookei	115.5
Sundasciurus tenuis	73.75
Sundasciurus lowii	87.5
Sundasciurus fraterculus	155.51
Dremomys pyrrhomerus	167.73
Dremomys rufigenis	200
Dremomys pernyi	198.63
Dremomys lokriah	227
Dremomys gularis	190.97
Dremomys everetti	147.5
Exilisciurus whiteheadi	20
Exilisciurus exilis	19
Exilisciurus concinnus	30.85
Funambulus sublineatus	70.94
Funambulus palmarum	136.4
Funambulus layardi	113.79
Funambulus tristriatus	139
Funambulus pennantii	200
Glyphotes simus	50
Hyosciurus ileile	315
Hyosciurus heinrichi	296
Lariscus insignis	200
Lariscus niobe	190.2
Lariscus obscurus	241.19
Lariscus hosei	180
Menetes berdmorei	190
Nannosciurus melanotis	50
Prosciurillus weberi	106.26
Prosciurillus rosenbergii	90.41
Prosciurillus abstrusus	79.2
Prosciurillus murinus	72.9
Prosciurillus leucomus	128
Rhinosciurus laticaudatus	228.25
Rubrisciurus rubriventer	129.52
Tamiops rodolphii	64.95
Tamiops swinhoei	85
Tamiops mcclellandii	45.84
Tamiops maritimus	70.33
Atlantoxerus getulus	251
Spermophilopsis leptodactylus	600
Xerus rutilus	317.5
Xerus erythropus	502.4
Xerus inauris	529
Xerus princeps	636
Epixerus ebii	592
Funisciurus substriatus	186
Funisciurus pyrropus	297
Funisciurus leucogenys	250
Funisciurus lemniscatus	141
Funisciurus carruthersi	286
Funisciurus congicus	112
Funisciurus anerythrus	218
Funisciurus isabella	109
Funisciurus bayonii	135
Heliosciurus undulatus	347.33
Heliosciurus ruwenzorii	291
Heliosciurus mutabilis	390
Heliosciurus gambianus	295
Heliosciurus punctatus	174
Heliosciurus rufobrachium	371.5
Myosciurus pumilio	165
Paraxerus ochraceus	104.3
Paraxerus cooperi	250
Paraxerus vexillarius	675
Paraxerus vincenti	190.19
Paraxerus lucifer	700
Paraxerus flavovittis	160
Paraxerus palliatus	309.31
Paraxerus boehmi	70
Paraxerus alexandri	52
Paraxerus poensis	124.5
Paraxerus cepapi	180
Protoxerus stangeri	621.5
Protoxerus aubinnii	350
Sciurotamias davidianus	433.51
Sciurotamias forresti	433.51
Spermophilus pygmaeus	136
Spermophilus mollis	165.4
Spermophilus canus	272.85
Spermophilus citellus	290
Spermophilus beldingi	280.5
Spermophilus dauricus	161.3
Spermophilus armatus	313
Spermophilus elegans	453.6
Spermophilus brunneus	300
Spermophilus musicus	284.72
Spermophilus pallidicauda	284.72
Spermophilus ralli	284.72
Spermophilus relictus	600
Spermophilus richardsonii	406
Spermophilus suslicus	252
Spermophilus alashanicus	267.76
Spermophilus washingtoni	207.5
Spermophilus xanthoprymnus	289.67
Spermophilus townsendii	213
Spermophilus variegatus	691.64
Spermophilus beecheyi	578.5
Spermophilus atricapillus	551
Spermophilus mexicanus	189.64
Spermophilus perotensis	140
Spermophilus tridecemlineatus	131.67
Spermophilus spilosoma	89
Spermophilus tereticaudus	156.5
Spermophilus mohavensis	190
Spermophilus franklinii	363
Spermophilus saturatus	220
Spermophilus lateralis	191
Spermophilus madrensis	275
Spermophilus columbianus	493
Spermophilus undulatus	840
Spermophilus adocetus	125
Spermophilus brevicauda	284.72
Spermophilus fulvus	596
Spermophilus parryii	759.99
Spermophilus annulatus	500
Spermophilus major	269.07
Spermophilus erythrogenys	254.81
Ammospermophilus interpres	110.3
Ammospermophilus insularis	122.31
Ammospermophilus harrisii	122
Ammospermophilus nelsoni	160.4
Ammospermophilus leucurus	103.67
Cynomys ludovicianus	1364
Cynomys mexicanus	899.99
Cynomys leucurus	908.49
Cynomys gunnisoni	925
Cynomys parvidens	899.99
Marmota monax	3801.72
Marmota himalayana	5000
Marmota marmota	2010
Marmota camtschatica	3500
Marmota sibirica	8000
Marmota caudata	4350
Marmota broweri	3405
Marmota bobak	5500
Marmota baibacina	7500
Marmota menzbieri	3250
Marmota olympus	6299.99
Marmota vancouverensis	6299.99
Marmota flaviventris	3349.96
Marmota caligata	7230.03
Tamias striatus	111.91
Tamias sibiricus	85
Tamias quadrimaculatus	85.25
Tamias quadrivittatus	62.2
Tamias ruficaudus	68
Tamias rufus	53.6
Tamias senex	89.35
Tamias sonomae	75
Tamias umbrinus	63
Tamias siskiyou	75
Tamias panamintinus	52.3
Tamias townsendii	74.78
Tamias cinereicollis	61.7
Tamias amoenus	50.5
Tamias bulleri	100
Tamias palmeri	69.4
Tamias speciosus	62
Tamias alpinus	36.55
Tamias dorsalis	71.1
Tamias durangae	85
Tamias merriami	74.8
Tamias minimus	135.27
Tamias obscurus	73
Tamias ochrogenys	91.7
Tamias canipes	70.4
Graphiurus lorraineus	27
Graphiurus surdus	20.01
Graphiurus rupicola	24.53
Graphiurus platyops	46.1
Graphiurus ocularis	30.3
Graphiurus murinus	19.08
Graphiurus kelleni	10.5
Graphiurus johnstoni	23.96
Graphiurus christyi	23.83
Graphiurus angolensis	23.96
Graphiurus microtis	25.18
Graphiurus monardi	25.05
Graphiurus nagtglasii	30
Graphiurus crassicaudatus	38.22
Chaetocauda sichuanensis	31.51
Dryomys nitedula	33.6
Dryomys laniger	20
Dryomys niethammeri	25.92
Eliomys melanurus	98.7
Eliomys munbyanus	106.54
Eliomys quercinus	115
Muscardinus avellanarius	27.5
Myomimus setzeri	37.74
Myomimus personatus	37.48
Myomimus roachi	36.99
Selevinia betpakdalaensis	28
Glirulus japonicus	62.99
Glis glis	128.09
Cratogeomys neglectus	302.48
Cratogeomys tylorhinus	403.42
Cratogeomys merriami	419.99
Cratogeomys gymnurus	599.99
Cratogeomys fumosus	150
Cratogeomys goldmani	71.51
Cratogeomys castanops	266.83
Cratogeomys zinseri	150
Geomys arenarius	206
Geomys knoxjonesi	172.49
Geomys texensis	189.76
Geomys tropicalis	350
Geomys personatus	397
Geomys bursarius	203.75
Geomys pinetis	85
Geomys breviceps	136.47
Geomys attwateri	144.06
Orthogeomys grandis	500
Orthogeomys cuniculus	500
Orthogeomys hispidus	500
Orthogeomys lanius	500
Orthogeomys cherriei	225
Orthogeomys dariensis	438
Orthogeomys heterodus	615
Orthogeomys matagalpae	293
Orthogeomys thaeleri	440.75
Orthogeomys underwoodi	250
Orthogeomys cavator	650
Pappogeomys alcorni	150
Pappogeomys bulleri	150
Thomomys clusius	58
Thomomys idahoensis	67
Thomomys mazama	75
Thomomys monticola	80
Thomomys talpoides	130.08
Thomomys bulbivorus	359.9
Thomomys umbrinus	166
Thomomys townsendii	263.35
Thomomys bottae	114.75
Zygogeomys trichopus	500
Castor canadensis	21820
Castor fiber	19000
Dipodomys nitratoides	43.9
Dipodomys ordii	60.4
Dipodomys panamintinus	74.7
Dipodomys phillipsii	41
Dipodomys simulans	70.36
Dipodomys nelsoni	88.6
Dipodomys stephensi	69.75
Dipodomys gravipes	83.97
Dipodomys venustus	72
Dipodomys spectabilis	135.88
Dipodomys microps	54.6
Dipodomys merriami	42
Dipodomys heermanni	72
Dipodomys elator	77.5
Dipodomys deserti	104.5
Dipodomys compactus	49.25
Dipodomys californicus	84.96
Dipodomys agilis	57.85
Dipodomys ingens	133.85
Microdipodops megacephalus	10.45
Microdipodops pallidus	12.5
Perognathus flavus	7.73
Perognathus alticolus	23.99
Perognathus amplus	11.7
Perognathus fasciatus	11.55
Perognathus inornatus	10.88
Perognathus longimembris	7.6
Perognathus merriami	6.85
Perognathus parvus	21.78
Perognathus flavescens	8.8
Chaetodipus goldmani	23
Chaetodipus pernix	17
Chaetodipus formosus	19.45
Chaetodipus penicillatus	16.89
Chaetodipus fallax	18.7
Chaetodipus eremicus	20.31
Chaetodipus dalquesti	20.31
Chaetodipus californicus	22
Chaetodipus baileyi	26.35
Chaetodipus artus	21.74
Chaetodipus arenarius	23
Chaetodipus intermedius	16.5
Chaetodipus lineatus	23
Chaetodipus hispidus	32
Chaetodipus rudinoris	20.31
Chaetodipus spinatus	16.35
Chaetodipus nelsoni	15.75
Heteromys oresterus	74.8
Heteromys teleus	83.95
Heteromys oasicus	83.95
Heteromys gaumeri	63.6
Heteromys desmarestianus	72.5
Heteromys australis	267.5
Heteromys anomalus	70
Heteromys nelsoni	54.2
Liomys adspersus	65
Liomys irroratus	50
Liomys spectabilis	65
Liomys salvini	42
Liomys pictus	40
Allactaga elater	59
Allactaga major	350
Allactaga vinogradovi	90.51
Allactaga severtzovi	159
Allactaga firouzi	92.39
Allactaga hotsoni	76.5
Allactaga sibirica	97.5
Allactaga balikunica	93.08
Allactaga bullata	89.35
Allactaga euphratica	232
Allactaga williamsi	116.74
Allactaga tetradactyla	52
Allactodipus bobrinskii	65.3
Pygeretmus shitkovi	58.3
Pygeretmus platyurus	40.14
Pygeretmus pumilio	52
Cardiocranius paradoxus	8.6
Salpingotulus michaelis	29.05
Salpingotus kozlovi	10.73
Salpingotus crassicauda	13.1
Salpingotus thomasi	10.45
Salpingotus heptneri	8.9
Salpingotus pallidus	9.8
Dipus sagitta	85.65
Eremodipus lichtensteini	51
Jaculus blanfordi	54.7
Jaculus jaculus	56.55
Jaculus orientalis	138
Paradipus ctenodactylus	109.01
Stylodipus sungorus	61.96
Stylodipus telum	55
Stylodipus andrewsi	61.97
Euchoreutes naso	24.14
Sicista concolor	13.1
Sicista subtilis	11.75
Sicista strandi	10.3
Sicista severtzovi	11.77
Sicista pseudonapaea	12.2
Sicista tianshanica	10.3
Sicista napaea	10
Sicista caudata	11.2
Sicista caucasica	10
Sicista betulina	8
Sicista armenica	6.53
Sicista kluchorica	7.2
Sicista kazbegica	6.43
Eozapus setchuanus	32.58
Napaeozapus insignis	22.3
Zapus hudsonius	17.12
Zapus princeps	29
Zapus trinotatus	27.5
Monticolomys koopmani	25
Nesomys lambertoni	155
Nesomys rufus	162.5
Nesomys audeberti	212.5
Voalavo gymnocaudus	50.88
Eliurus antsingy	77.7
Eliurus petteri	75
Eliurus penicillatus	100
Eliurus myoxinus	70
Eliurus minor	37.5
Eliurus webbi	75
Eliurus majori	100
Eliurus tanala	90
Eliurus grandidieri	77.7
Eliurus ellermani	100
Gymnuromys roberti	97.5
Hypogeomys antimena	1250
Macrotarsomys bastardi	25
Macrotarsomys ingens	55
Brachytarsomys albicauda	200
Brachytarsomys villosa	220
Brachyuromys betsileoensis	92.5
Brachyuromys ramirohitra	90
Petromyscus barbouri	21.49
Petromyscus collinus	20
Petromyscus monticularis	20.73
Petromyscus shortridgei	46.5
Beamys hindei	75.8
Beamys major	75.8
Cricetomys kivuensis	1285.41
Cricetomys ansorgei	1285.41
Cricetomys emini	1299.99
Cricetomys gambianus	1271
Saccostomus campestris	51.23
Saccostomus mearnsi	45.5
Delanymys brooksi	5
Dendromus nyikae	15
Dendromus kahuziensis	11
Dendromus oreas	12.76
Dendromus nyasae	13.72
Dendromus mystacalis	7.72
Dendromus messorius	12.81
Dendromus mesomelas	11.12
Dendromus melanotis	9.06
Dendromus leucostomus	10.79
Dendromus vernayi	12.76
Dendromus insignis	11.05
Dendromus lovati	12
Dendroprionomys rousseloti	67.18
Malacothrix typica	13.4
Megadendromus nikolausi	52
Prionomys batesi	12.5
Steatomys parvus	8.85
Steatomys pratensis	48
Steatomys opimus	40
Steatomys caurinus	44.75
Steatomys bocagei	27.5
Steatomys krebsii	20.67
Steatomys jacksoni	28.4
Steatomys cuppedius	28.39
Mystromys albicaudatus	86.85
Alticola barakshin	33.6
Alticola argentatus	37.7
Alticola albicaudus	34.53
Alticola semicanus	33.39
Alticola stoliczkanus	27.47
Alticola tuvinicus	33.32
Alticola montosa	34.53
Alticola roylei	37
Alticola olchonensis	36.96
Alticola lemminus	33.56
Alticola macrotis	36
Alticola strelzowi	50
Microtus gregalis	47.5
Microtus umbrosus	42
Microtus californicus	57.42
Microtus chrotorrhinus	39
Microtus longicaudus	46.71
Microtus richardsoni	85
Microtus miurus	41
Microtus mexicanus	35
Microtus abbreviatus	62
Microtus guatemalensis	42
Microtus xanthognathus	125.75
Microtus schidlovskii	37.99
Microtus socialis	48
Microtus paradoxus	37.99
Microtus anatolicus	37.99
Microtus tatricus	40
Microtus dogramacii	37.99
Microtus cabrerae	52.5
Microtus arvalis	28
Microtus agrestis	42.5
Microtus qazvinensis	37.99
Microtus levis	35.49
Microtus guentheri	50
Microtus irani	45.36
Microtus ilaeus	36.67
Microtus transcaspicus	35.17
Microtus maximowiczii	41.49
Microtus limnophilus	40.59
Microtus montebelli	39.85
Microtus mujanensis	41.55
Microtus fortis	63
Microtus clarkei	48.14
Microtus middendorffii	36.49
Microtus oeconomus	34.38
Microtus evoronensis	41.42
Microtus kikuchii	46.3
Microtus mongolicus	27.5
Microtus sachalinensis	36.33
Microtus duodecimcostatus	23
Microtus majori	18.2
Microtus thomasi	25.67
Microtus felteni	24.34
Microtus bavaricus	23.94
Microtus gerbei	24.89
Microtus liechtensteini	37.99
Microtus daghestanicus	12.99
Microtus lusitanicus	24.82
Microtus brachycercus	37.99
Microtus savii	20
Microtus schelkovnikovi	26.4
Microtus subterraneus	19.5
Microtus multiplex	23.17
Microtus montanus	36.33
Microtus townsendii	64.75
Microtus canicaudus	28.45
Microtus breweri	54
Microtus pennsylvanicus	36.75
Microtus oregoni	20.35
Microtus oaxacensis	39.2
Microtus quasiater	40
Microtus pinetorum	26.28
Microtus ochrogaster	38.01
Arborimus albipes	23
Arborimus pomo	32.5
Arborimus longicaudus	21.8
Arvicola amphibius	120
Arvicola scherman	162.48
Arvicola sapidus	220
Blanfordimys afghanus	56.99
Blanfordimys bucharensis	57.08
Caryomys eva	47.71
Caryomys inez	47.71
Chionomys roberti	93.5
Chionomys gud	93.5
Chionomys nivalis	54
Dicrostonyx hudsonius	57
Dicrostonyx nelsoni	60.85
Dicrostonyx nunatakensis	60.82
Dicrostonyx richardsoni	55
Dicrostonyx torquatus	85
Dicrostonyx unalascensis	60.84
Dicrostonyx vinogradovi	60.78
Dicrostonyx groenlandicus	54.4
Dinaromys bogdanovi	56
Ellobius alaicus	67.61
Ellobius talpinus	40
Ellobius tancrei	67.92
Ellobius lutescens	117.31
Ellobius fuscocapillus	80
Eolagurus przewalskii	28.03
Eolagurus luteus	26
Eothenomys custos	30.8
Eothenomys chinensis	45.3
Eothenomys cachinus	34.83
Eothenomys miletus	50.7
Eothenomys olitor	22
Eothenomys wardi	34.83
Eothenomys proditor	42.5
Eothenomys melanogaster	27
Hyperacrius wynnei	52.6
Hyperacrius fertilis	22.25
Lagurus lagurus	20.3
Lasiopodomys mandarinus	47.48
Lasiopodomys fuscus	42.5
Lasiopodomys brandtii	93.82
Lemmiscus curtatus	28.27
Lemmus amurensis	42.81
Lemmus lemmus	47.5
Lemmus portenkoi	55.76
Lemmus trimucronatus	69.82
Lemmus sibiricus	52.27
Myodes rutilus	19.94
Myodes rufocanus	36.43
Myodes andersoni	24
Myodes californicus	18.3
Myodes centralis	24
Myodes gapperi	19.83
Myodes glareolus	20.73
Myodes imaizumii	24
Myodes smithii	34.94
Myodes rex	24
Myodes shanseius	29.22
Myodes regulus	29.84
Myopus schisticolor	25
Neodon sikimensis	40.51
Neodon forresti	47.71
Neodon irene	41.87
Neodon juldaschi	47.71
Neofiber alleni	266
Ondatra zibethicus	1065.75
Phaiomys leucurus	41.87
Phenacomys ungava	32.5
Phenacomys intermedius	25.2
Proedromys bedfordi	55.86
Prometheomys schaposchnikowi	75
Synaptomys cooperi	31.92
Synaptomys borealis	21.3
Volemys musseri	42.5
Volemys millicens	49.02
Lophiomys imhausi	755.01
Baiomys musculus	9
Baiomys taylori	8
Habromys simulatus	40
Habromys chinanteco	40
Habromys lepturus	85
Habromys lophurus	40
Habromys ixtlani	48.29
Habromys delicatulus	48.29
Reithrodontomys zacatecae	14.49
Reithrodontomys megalotis	9.37
Reithrodontomys hirsutus	20
Reithrodontomys fulvescens	11.4
Reithrodontomys chrysopsis	19
Reithrodontomys burti	20
Reithrodontomys humulis	8.31
Reithrodontomys montanus	10.9
Reithrodontomys sumichrasti	19
Reithrodontomys raviventris	11.05
Reithrodontomys creper	22.8
Reithrodontomys rodriguezi	19.29
Reithrodontomys tenuirostris	20
Reithrodontomys paradoxus	16.22
Reithrodontomys mexicanus	16
Reithrodontomys brevirostris	12.9
Reithrodontomys spectabilis	20.2
Reithrodontomys gracilis	12.27
Reithrodontomys microdon	20
Reithrodontomys darienensis	13
Hodomys alleni	367.6
Isthmomys flavidus	233.68
Isthmomys pirrensis	138
Megadontomys cryophilus	76.56
Megadontomys thomasi	111
Megadontomys nelsoni	76.55
Nelsonia goldmani	88.08
Nelsonia neotomodon	80
Neotoma stephensi	152.5
Neotoma mexicana	203
Neotoma fuscipes	229.83
Neotoma albigula	206.03
Neotoma angustapalata	198
Neotoma anthonyi	195.4
Neotoma bryanti	182
Neotoma bunkeri	375
Neotoma chrysomelas	169.5
Neotoma nelsoni	198
Neotoma floridana	244.75
Neotoma goldmani	198
Neotoma lepida	163.75
Neotoma leucodon	220.57
Neotoma macrotis	225.74
Neotoma magister	447
Neotoma martinensis	246
Neotoma micropus	237.5
Neotoma palatina	198
Neotoma devia	200
Neotoma cinerea	299.15
Neotoma phenax	227.5
Neotomodon alstoni	40
Ochrotomys nuttalli	22.37
Onychomys arenicola	30
Onychomys leucogaster	27.92
Onychomys torridus	24.97
Osgoodomys banderanus	50
Peromyscus stephani	32.17
Peromyscus gossypinus	29.39
Peromyscus gratus	27.35
Peromyscus zarhynchus	40
Peromyscus yucatanicus	26.3
Peromyscus winkelmanni	53.75
Peromyscus fraterculus	33
Peromyscus stirtoni	29.2
Peromyscus dickeyi	28.6
Peromyscus spicilegus	36
Peromyscus slevini	32.87
Peromyscus truei	27.35
Peromyscus eva	22
Peromyscus simulus	40
Peromyscus difficilis	28
Peromyscus grandis	71
Peromyscus crinitus	17.98
Peromyscus caniceps	33.16
Peromyscus californicus	43.53
Peromyscus bullatus	40
Peromyscus boylii	21.35
Peromyscus beatae	33
Peromyscus aztecus	40
Peromyscus attwateri	27.9
Peromyscus eremicus	23.65
Peromyscus keeni	28.25
Peromyscus mekisturus	60
Peromyscus megalops	66.2
Peromyscus mayensis	32
Peromyscus maniculatus	21.28
Peromyscus sejugis	21.5
Peromyscus melanocarpus	59
Peromyscus furvus	33
Peromyscus madrensis	32.2
Peromyscus interparietalis	28
Peromyscus hylocetes	33
Peromyscus hooperi	36
Peromyscus gymnotis	40
Peromyscus guatemalensis	40
Peromyscus guardia	32.13
Peromyscus levipes	23
Peromyscus pseudocrinitus	33.03
Peromyscus leucopus	21.17
Peromyscus sagax	33
Peromyscus melanophrys	40
Peromyscus polius	40
Peromyscus polionotus	12.95
Peromyscus perfulvus	40
Peromyscus pembertoni	33
Peromyscus pectoralis	39
Peromyscus ochraventer	40
Peromyscus nasutus	28
Peromyscus mexicanus	32.6
Peromyscus merriami	40
Peromyscus melanurus	40
Peromyscus melanotis	39.6
Podomys floridanus	30.8
Scotinomys xerampelinus	15
Scotinomys teguina	11.25
Xenomys nelsoni	130
Juscelinomys guaporensis	97.3
Juscelinomys candango	97.3
Juscelinomys huanchacae	97.3
Kunsia tomentosus	115.6
Kunsia fronto	168
Lenoxus apicalis	53.6
Loxodontomys micropus	70.76
Loxodontomys pikumche	70.76
Lundomys molitor	238.49
Megalomys desmarestii	47.71
Megalomys luciae	47.71
Megaoryzomys curioi	47.71
Melanomys zunigae	53.5
Melanomys caliginosus	41
Melanomys robustulus	53.5
Microakodontomys transitorius	47.71
Abrawayaomys ruschii	63
Abrothrix andinus	24.91
Abrothrix olivaceus	24.52
Abrothrix markhami	29.03
Abrothrix longipilis	38.86
Abrothrix lanosus	27.83
Abrothrix jelskii	34.5
Abrothrix illuteus	47.79
Abrothrix hershkovitzi	32.42
Abrothrix sanborni	24.7
Aepeomys lugens	37
Aepeomys reigi	37
Akodon aerosus	60
Akodon bogotensis	13
Akodon iniscatus	28.7
Akodon orophilus	39
Akodon molinae	33
Akodon neocenus	42.4
Akodon mystax	18.5
Akodon montensis	31.32
Akodon mollis	30.4
Akodon lindberghi	26.4
Akodon leucolimnaeus	31.32
Akodon sanctipaulensis	27.1
Akodon juninensis	39
Akodon paranaensis	31.32
Akodon fumeus	22.7
Akodon dolores	50.5
Akodon dayi	32.5
Akodon cursor	39.85
Akodon lutescens	20.69
Akodon boliviensis	27.5
Akodon azarae	25
Akodon aliquantulus	31.32
Akodon albiventer	21.8
Akodon kofordi	29.5
Akodon subfuscus	30.4
Akodon torques	39
Akodon oenos	31.32
Akodon sylvanus	39
Akodon pervalens	31.32
Akodon toba	51.2
Akodon surdus	39
Akodon varius	40
Akodon spegazzinii	28.6
Akodon simulator	42.5
Akodon reigi	31.32
Akodon serrensis	28.3
Akodon affinis	24.9
Akodon budini	26.9
Akodon siberiae	34.6
Akodon latebricola	39
Akodon mimus	24
Amphinectomys savamis	47.71
Andalgalomys pearsoni	25.4
Andalgalomys roigi	28.91
Andalgalomys olrogi	32.9
Andinomys edax	69.75
Anotomys leander	66.4
Auliscomys boliviensis	65.7
Auliscomys pictus	54.7
Auliscomys sublimis	38
Bibimys labiosus	29
Bibimys torresi	28
Bibimys chacoensis	28
Blarinomys breviceps	36.8
Brucepattersonius griserufescens	23.7
Brucepattersonius soricinus	30.87
Brucepattersonius paradisus	30.87
Brucepattersonius misionensis	43
Brucepattersonius iheringi	43
Brucepattersonius guarani	30.87
Brucepattersonius albinasus	20
Brucepattersonius igniventris	32
Calomys tener	13.8
Calomys boliviae	27
Calomys callidus	27
Calomys callosus	44.95
Calomys expulsus	39.86
Calomys hummelincki	27
Calomys laucha	14
Calomys lepidus	26.6
Calomys musculinus	20.1
Calomys sorellus	20
Calomys tocantinsi	25.3
Calomys venustus	49.33
Chelemys megalonyx	50.8
Chelemys delfini	61.02
Chelemys macronyx	73.3
Chibchanomys trichotis	50
Chibchanomys orcesi	50
Chilomys instans	19
Chinchillula sahamae	169.75
Delomys collinus	77.94
Delomys dorsalis	67.5
Delomys sublineatus	90
Deltamys kempi	26.4
Eligmodontia typus	17.3
Eligmodontia puerulus	28.5
Eligmodontia moreni	18
Eligmodontia morgani	16.5
Euneomys chinchilloides	87.63
Euneomys fossor	83
Euneomys mordax	82
Euneomys petersoni	83
Galenomys garleppi	59.3
Geoxus valdivianus	31.5
Graomys centralis	65.28
Graomys edithae	40.4
Graomys griseoflavus	67.5
Graomys domorum	102
Handleyomys fuscatus	49.5
Handleyomys intectus	60.5
Holochilus brasiliensis	155
Holochilus chacarius	204
Holochilus sciureus	170.96
Ichthyomys pittieri	69.1
Ichthyomys stolzmanni	84.7
Ichthyomys hydrobates	66.4
Ichthyomys tweedii	118.5
Irenomys tarsalis	43.15
Juliomys pictipes	22.9
Juliomys rimofrons	19.8
Microryzomys altissimus	13.5
Microryzomys minutus	13.5
Neacomys paracou	17.31
Neacomys musseri	17.31
Neacomys dubosti	17.31
Neacomys guianae	14.2
Neacomys pictus	17.5
Neacomys spinosus	19
Neacomys tenuipes	19
Neacomys minutus	17.31
Necromys amoenus	27.09
Necromys benefactus	38
Necromys lactens	32.9
Necromys lenguarum	38
Necromys obscurus	40.69
Necromys punctulatus	37.3
Necromys temchuki	47.2
Necromys lasiurus	39.93
Necromys urichi	44.84
Nectomys squamipes	190.75
Nectomys apicalis	217.85
Nectomys magdalenae	217.85
Nectomys palmipes	156.08
Nectomys rattus	248.8
Neotomys ebriosus	64.5
Nesoryzomys darwini	55.26
Nesoryzomys fernandinae	32.5
Nesoryzomys indefessus	55.26
Nesoryzomys swarthi	93.95
Neusticomys peruviensis	40
Neusticomys mussoi	40
Neusticomys oyapocki	4.7
Neusticomys venezuelae	47.1
Neusticomys monticolus	39.5
Noronhomys vespuccii	47.71
Notiomys edwardsii	21.3
Oecomys catherinae	67.41
Oecomys rutilus	73.4
Oecomys rex	73.4
Oecomys phaeotis	73.4
Oecomys paricola	73.4
Oecomys mamorae	62.5
Oecomys flavicans	73.4
Oecomys speciosus	73.4
Oecomys cleberi	73.4
Oecomys roberti	73.4
Oecomys bicolor	34
Oecomys auyantepui	67.41
Oecomys concolor	61.55
Oecomys trinitatis	73.4
Oecomys superans	73.4
Oligoryzomys vegetus	15
Oligoryzomys flavescens	21.3
Oligoryzomys fulvescens	25
Oligoryzomys griseolus	25.2
Oligoryzomys longicaudatus	27
Oligoryzomys magellanicus	25.2
Oligoryzomys microtis	22.5
Oligoryzomys fornesi	23.96
Oligoryzomys stramineus	23.96
Oligoryzomys arenalis	25.2
Oligoryzomys eliurus	30
Oligoryzomys destructor	25.2
Oligoryzomys delticola	29.4
Oligoryzomys chacoensis	23
Oligoryzomys brendae	23.96
Oligoryzomys victus	23.96
Oligoryzomys nigripes	20.5
Oligoryzomys andinus	25.2
Oryzomys subflavus	50
Oryzomys talamancae	55
Oryzomys tatei	57.93
Oryzomys xanthaeolus	79.79
Oryzomys perenensis	57.93
Oryzomys seuanezi	57.93
Oryzomys yunganus	60.5
Oryzomys chapmani	50
Oryzomys hammondi	60.5
Oryzomys gorgasi	60.5
Oryzomys galapagoensis	63.51
Oryzomys emmonsae	57.93
Oryzomys dimidiatus	46
Oryzomys devius	57.93
Oryzomys rhabdops	54.88
Oryzomys couesi	69.3
Oryzomys laticeps	49.11
Oryzomys caracolus	57.93
Oryzomys bolivaris	60.5
Oryzomys balneator	60.5
Oryzomys auriventer	60.5
Oryzomys angouya	120.17
Oryzomys alfaroi	33.3
Oryzomys albigularis	60.5
Oryzomys curasoae	57.93
Oryzomys melanotis	50
Oryzomys saturatior	54.82
Oryzomys russatus	60.5
Oryzomys rostratus	43.5
Oryzomys polius	60.5
Oryzomys palustris	53.88
Oryzomys nitidus	55.2
Oryzomys keaysi	58.3
Oryzomys meridensis	57.93
Oryzomys lamia	60.5
Oryzomys megacephalus	57
Oryzomys marinhus	57.93
Oryzomys maracajuensis	57.93
Oryzomys macconnelli	58
Oryzomys levipes	60.5
Oryzomys legatus	61.5
Oryzomys scotti	57.93
Oryzomys nelsoni	57.93
Oxymycterus caparoae	60.57
Oxymycterus rufus	75.4
Oxymycterus akodontius	68
Oxymycterus amazonicus	60.57
Oxymycterus angularis	68
Oxymycterus dasytrichus	60.57
Oxymycterus hiska	68
Oxymycterus hispidus	36.75
Oxymycterus hucucha	68
Oxymycterus inca	35
Oxymycterus josei	60.57
Oxymycterus nasutus	68
Oxymycterus paramensis	42
Oxymycterus quaestor	60.57
Oxymycterus delator	81.5
Oxymycterus roberti	83.4
Paralomys gerbillus	17.4
Pearsonomys annectens	38.74
Phaenomys ferrugineus	93.8
Phyllotis darwini	50.83
Phyllotis xanthopygus	56.3
Phyllotis osilae	49
Phyllotis osgoodi	45.1
Phyllotis magister	68.5
Phyllotis limatus	48.29
Phyllotis definitus	89
Phyllotis wolffsohni	42.5
Phyllotis caprinus	50.8
Phyllotis bonariensis	42.5
Phyllotis andium	53
Phyllotis amicus	20.2
Phyllotis haggardi	42.5
Podoxymys roraimae	33.8
Pseudoryzomys simplex	51.25
Punomys lemminus	84.8
Punomys kofordi	84.8
Reithrodon auritus	70.85
Reithrodon typicus	70.85
Rhagomys longilingua	21.2
Rhagomys rufescens	21.2
Rheomys raptor	38
Rheomys thomasi	40
Rheomys mexicanus	40
Rheomys underwoodi	41.85
Rhipidomys caucensis	89
Rhipidomys leucodactylus	80
Rhipidomys ochrogaster	89
Rhipidomys modicus	79.72
Rhipidomys mastacalis	77.5
Rhipidomys macrurus	79.72
Rhipidomys macconnelli	41.6
Rhipidomys latimanus	57.5
Rhipidomys gardneri	79.72
Rhipidomys fulviventer	89
Rhipidomys venustus	89
Rhipidomys couesi	89
Rhipidomys venezuelae	90
Rhipidomys austrinus	89
Rhipidomys emiliae	79.72
Rhipidomys nitela	89
Rhipidomys wetzeli	89
Salinomys delicatus	12.3
Scapteromys aquaticus	146
Scapteromys tumidus	146
Scolomys melanops	26.5
Scolomys ucayalensis	26.5
Sigmodon mascotensis	120
Sigmodon alleni	179
Sigmodon arizonae	198
Sigmodon fulviventer	214
Sigmodon hirsutus	130.37
Sigmodon hispidus	92.38
Sigmodon leucotis	135.5
Sigmodon peruanus	127.32
Sigmodon planifrons	130.37
Sigmodon toltecus	130.37
Sigmodon zanjonensis	130.37
Sigmodon ochrognathus	122
Sigmodon inopinatus	140.5
Sigmodon alstoni	55.7
Sigmodontomys alfari	50
Sigmodontomys aphrastus	71
Tapecomys primus	62.33
Thalpomys lasiotis	24
Thalpomys cerradensis	24
Thaptomys nigrita	19.9
Thomasomys ucucha	76.23
Thomasomys ischyrus	77
Thomasomys vulcani	76.23
Thomasomys vestitus	76.5
Thomasomys hudsoni	76.23
Thomasomys pyrrhonotus	77
Thomasomys praetor	76.23
Thomasomys popayanus	76.23
Thomasomys paramorum	77
Thomasomys oreas	77
Thomasomys onkiro	76.23
Thomasomys notatus	77
Thomasomys niveipes	77
Thomasomys monochromos	77
Thomasomys macrotis	76.23
Thomasomys laniger	35.5
Thomasomys taczanowskii	77
Thomasomys rhoadsi	77
Thomasomys ladewi	77
Thomasomys kalinowskii	77
Thomasomys gracilis	77
Thomasomys erro	76.23
Thomasomys eleusis	77
Thomasomys daphne	77
Thomasomys cinnameus	76.23
Thomasomys cinereus	77
Thomasomys cinereiventer	77
Thomasomys caudivarius	76.23
Thomasomys bombycinus	114.5
Thomasomys baeops	77
Thomasomys aureus	88
Thomasomys apeco	76.23
Thomasomys incanus	77
Thomasomys hylophilus	77
Thomasomys rosalinda	77
Thomasomys silvestris	77
Wiedomys pyrrhorhinos	46.7
Wilfredomys oenax	46.8
Zygodontomys brunneus	75.6
Zygodontomys brevicauda	52.23
Allocricetulus curtatus	47.83
Allocricetulus eversmanni	115.56
Cansumys canus	76.02
Cricetulus alticola	37.67
Cricetulus barabensis	22.85
Cricetulus kamensis	37.65
Cricetulus longicaudatus	22.1
Cricetulus migratorius	38.5
Cricetulus sokolovi	37.67
Cricetus cricetus	510
Mesocricetus auratus	105
Mesocricetus raddei	111.73
Mesocricetus newtoni	97.5
Mesocricetus brandti	198
Phodopus campbelli	23.4
Phodopus roborovskii	18.75
Phodopus sungorus	33.75
Tscherskia triton	380.19
Nyctomys sumichrasti	49.44
Otonyctomys hatti	36.2
Ototylomys phyllotis	120
Tylomys bullaris	280
Tylomys fulviventer	170.53
Tylomys mirae	183.6
Tylomys nudicaudus	100
Tylomys panamensis	200
Tylomys tumbalensis	280
Tylomys watsoni	240
Acomys minous	62.5
Acomys airensis	28.81
Acomys nesiotes	28.67
Acomys percivali	22
Acomys spinosissimus	26.5
Acomys wilsoni	18.5
Acomys russatus	49.75
Acomys seurati	28.81
Acomys kempi	22
Acomys mullah	28.74
Acomys johannis	28.81
Acomys ignitus	24
Acomys dimidiatus	28.81
Acomys cineraceus	30.59
Acomys cilicicus	28.61
Acomys chudeaui	28.81
Acomys cahirinus	52.45
Acomys louisae	20.2
Acomys subspinosus	21
Deomys ferrugineus	62
Lophuromys zena	36.5
Lophuromys sikapusi	74.07
Lophuromys verhageni	36.5
Lophuromys melanonyx	10.2
Lophuromys huttereri	36.5
Lophuromys aquilus	36.5
Lophuromys angolensis	36.5
Lophuromys ansorgei	36.5
Lophuromys brevicaudus	36.5
Lophuromys brunneus	36.5
Lophuromys chrysopus	36.5
Lophuromys dieterleni	36.5
Lophuromys dudui	36.5
Lophuromys eisentrauti	54.21
Lophuromys flavopunctatus	60
Lophuromys roseveari	36.5
Lophuromys rahmi	38
Lophuromys nudicaudus	32.59
Lophuromys luteogaster	36.52
Lophuromys woosnami	42.15
Lophuromys medicaudatus	36.38
Uranomys ruddi	40.43
Psammomys obesus	149.58
Psammomys vexillaris	114.79
Rhombomys opimus	144
Sekeetamys calurus	55.25
Tatera indica	166.31
Taterillus tranieri	51.4
Taterillus arenarius	47
Taterillus congicus	45.12
Taterillus emini	52
Taterillus pygargus	60.2
Taterillus gracilis	48
Taterillus harringtoni	51.4
Taterillus lacustris	47.24
Taterillus petteri	50.8
Ammodillus imbellis	50
Brachiones przewalskii	61.11
Desmodilliscus braueri	10
Desmodillus auricularis	53.3
Dipodillus simoni	17.4
Dipodillus maghrebi	23.63
Dipodillus zakariai	35.95
Dipodillus jamesi	23.63
Dipodillus lowei	34.71
Dipodillus mackilligini	34.37
Dipodillus rupicola	23.63
Dipodillus stigmonyx	35.91
Dipodillus dasyurus	27.5
Dipodillus campestris	27.58
Dipodillus bottai	35.1
Dipodillus harwoodi	23.63
Dipodillus somalicus	36.01
Gerbilliscus boehmi	49.36
Gerbilliscus phillipsi	127.07
Gerbilliscus afra	92.13
Gerbilliscus validus	121
Gerbilliscus robustus	95.99
Gerbilliscus nigricaudus	123
Gerbilliscus leucogaster	73.75
Gerbilliscus kempi	100.83
Gerbilliscus inclusus	118.5
Gerbilliscus guineae	102.5
Gerbilliscus brantsii	89.41
Gerbillurus vallinus	35.25
Gerbillurus setzeri	38.3
Gerbillurus tytonis	31
Gerbillurus paeba	23.3
Gerbillus mauritaniae	23.26
Gerbillus burtoni	23.26
Gerbillus cheesmani	28
Gerbillus nancillus	35.94
Gerbillus hoogstraali	35.83
Gerbillus gleadowi	24
Gerbillus floweri	34.47
Gerbillus gerbillus	25.04
Gerbillus dongolanus	23.26
Gerbillus latastei	39.55
Gerbillus aquilus	36.02
Gerbillus andersoni	26.87
Gerbillus agag	23.26
Gerbillus acticola	33.9
Gerbillus dunni	34.33
Gerbillus pulvinatus	35.92
Gerbillus occiduus	36.05
Gerbillus tarabuli	34.81
Gerbillus nigeriae	29.7
Gerbillus rosalinda	33.89
Gerbillus pyramidum	46.29
Gerbillus hesperinus	36.04
Gerbillus perpallidus	36.3
Gerbillus watersi	10.4
Gerbillus garamantis	23.26
Gerbillus amoenus	13.2
Gerbillus henleyi	8
Gerbillus vivax	23.26
Gerbillus poecilops	31.5
Gerbillus mesopotamiae	20
Gerbillus brockmani	33.43
Gerbillus pusillus	12.6
Gerbillus famulus	37
Gerbillus grobbeni	35.3
Gerbillus syrticus	23.26
Gerbillus principulus	36.05
Gerbillus muriculus	33.42
Gerbillus nanus	25.5
Meriones tamariscinus	120
Meriones libycus	91.33
Meriones meridianus	62.1
Meriones arimalius	89.57
Meriones shawi	90.6
Meriones crassus	79.97
Meriones tristrami	105
Meriones grandis	96.13
Meriones unguiculatus	53.3
Meriones zarudnyi	82.44
Meriones dahli	90.15
Meriones vinogradovi	150
Meriones chengi	88.96
Meriones sacramenti	200
Meriones hurrianae	70
Meriones rex	125.25
Meriones persicus	100
Microdillus peeli	35.26
Pachyuromys duprasi	47.5
Myomyscus angolensis	52.89
Myomyscus yemeni	52.7
Myomyscus verreauxii	41
Myomyscus brockmani	41
Nesokia bunnii	154.48
Nesokia indica	178.08
Nesoromys ceramicus	67.38
Praomys misonnei	41.91
Praomys degraaffi	36.25
Praomys minor	41.84
Praomys verschureni	36.25
Praomys obscurus	36.25
Praomys lukolelae	42.2
Praomys morio	30
Praomys daltoni	34.99
Praomys jacksoni	42
Praomys petteri	36.25
Praomys hartwigi	38.86
Praomys derooi	32
Praomys delectorum	36
Praomys rostratus	41.83
Praomys tullbergi	35.83
Praomys mutoni	41.71
Protochromys fellowsi	78.99
Abditomys latidens	269
Abeomelomys sevia	54.88
Aethomys silindensis	82.76
Aethomys stannarius	82.9
Aethomys nyikae	77.01
Aethomys kaiseri	90
Aethomys ineptus	133.16
Aethomys hindei	103.5
Aethomys chrysophilus	74.85
Aethomys bocagei	79.89
Aethomys thomasi	84.69
Anisomys imitator	510.5
Anonymomys mindorensis	76.5
Apodemus epimelas	28.07
Apodemus mystacinus	45.6
Apodemus agrarius	23.3
Apodemus alpicola	28.06
Apodemus argenteus	21
Apodemus chevrieri	32.9
Apodemus draco	22.25
Apodemus flavicollis	26.7
Apodemus gurkha	39.9
Apodemus latronum	35.2
Apodemus witherbyi	20.66
Apodemus pallipes	25.68
Apodemus peninsulae	32.9
Apodemus ponticus	25.76
Apodemus rusiges	25.67
Apodemus semotus	25.77
Apodemus speciosus	33.8
Apodemus sylvaticus	30.45
Apodemus uralensis	17.1
Apodemus hyrcanicus	25.76
Apomys datae	106
Apomys abrae	56.6
Apomys gracilirostris	43.08
Apomys insignis	29.9
Apomys littoralis	30.95
Apomys microdon	35.1
Apomys musculus	21.2
Apomys sacobianus	82.4
Apomys hylocetes	34.88
Archboldomys luzonensis	35.4
Archboldomys musseri	35.4
Arvicanthis niloticus	106.9
Arvicanthis abyssinicus	77.1
Arvicanthis ansorgei	102.35
Arvicanthis blicki	128
Arvicanthis neumanni	98.36
Arvicanthis rufinus	102.35
Arvicanthis nairobae	104
Bandicota bengalensis	188.5
Bandicota indica	719.96
Bandicota savilei	199
Batomys russatus	186.79
Batomys salomonseni	187
Batomys granti	177.8
Batomys dentatus	196
Berylmys bowersi	300
Berylmys mackenziei	256
Berylmys manipulus	116
Berylmys berdmorei	235
Bullimus luzonicus	445
Bullimus bagobus	432.5
Bullimus gamay	367.8
Bunomys penitus	170
Bunomys andrewsi	125
Bunomys chrysocomus	116
Bunomys coelestis	120
Bunomys fratrorum	135
Bunomys prolatus	131
Carpomys phaeurus	215.15
Carpomys melanurus	219.06
Chiromyscus chiropus	77.8
Chiropodomys calamianensis	40.5
Chiropodomys pusillus	28.9
Chiropodomys muroides	16.4
Chiropodomys major	42
Chiropodomys gliroides	21.5
Chiropodomys karlkoopmani	29.1
Chiruromys forbesi	105.15
Chiruromys lamia	47.2
Chiruromys vates	45.55
Chrotomys silaceus	85.13
Chrotomys whiteheadi	140.67
Chrotomys gonzalesi	140.2
Chrotomys mindorensis	151.98
Coccymys albidens	40.4
Coccymys ruemmleri	29.7
Colomys goslingi	62.5
Conilurus albipes	200
Conilurus penicillatus	153.5
Coryphomys buehleri	71.33
Crateromys schadenbergi	1050
Crateromys paulus	401
Crateromys australis	445
Crateromys heaneyi	572.22
Cremnomys cutchicus	59.8
Cremnomys elvira	77.1
Crossomys moncktoni	165
Crunomys fallax	37.5
Crunomys melanius	42.5
Crunomys suncoides	44.42
Crunomys celebensis	55
Dacnomys millardi	73.99
Dasymys rwandae	102.35
Dasymys sua	102.35
Dasymys rufulus	82.99
Dasymys nudipes	100.18
Dasymys incomtus	138.3
Dasymys foxi	116.59
Dasymys alleni	102.35
Dasymys cabrali	102.35
Dasymys montanus	82
Dephomys eburneae	52.5
Dephomys defua	43.05
Desmomys yaldeni	90
Desmomys harringtoni	90
Diomys crumpi	73.85
Diplothrix legata	76.52
Echiothrix centrosa	71.33
Echiothrix leucura	63.68
Eropeplus canus	73.96
Golunda ellioti	60.88
Grammomys aridulus	46.77
Grammomys kuru	46.67
Grammomys buntingi	46.76
Grammomys caniceps	46.77
Grammomys cometes	48.5
Grammomys dolichurus	41.18
Grammomys dryas	47.48
Grammomys ibeanus	41.2
Grammomys macmillani	36
Grammomys minnae	36
Grammomys poensis	50.03
Grammomys gigas	47.05
Hadromys humei	59
Hadromys yunnanensis	59
Haeromys minahassae	14.7
Haeromys pusillus	10.4
Haeromys margarettae	12.7
Hapalomys delacouri	64.3
Hapalomys longicaudatus	70
Heimyscus fumosus	14.25
Hybomys lunaris	54.1
Hybomys badius	51.22
Hybomys basilii	54.18
Hybomys univittatus	47.6
Hybomys trivirgatus	56.9
Hybomys planifrons	49.6
Hydromys neobritannicus	135.43
Hydromys hussoni	141.87
Hydromys habbema	136.19
Hydromys chrysogaster	479.75
Hydromys shawmayeri	141.42
Hylomyscus parvus	14.5
Hylomyscus stella	20.05
Hylomyscus grandis	21.09
Hylomyscus denniae	36
Hylomyscus baeri	21.09
Hylomyscus alleni	19.95
Hylomyscus aeta	20
Hylomyscus carillus	21.56
Hyomys goliath	817.5
Hyomys dammermani	932.5
Kadarsanomys sodyi	79.09
Komodomys rintjanus	73.85
Lamottemys okuensis	75.89
Leggadina lakedownensis	17.5
Leggadina forresti	20
Lemniscomys linulus	44.45
Lemniscomys mittendorfi	41.85
Lemniscomys rosalia	59.3
Lemniscomys roseveari	44.73
Lemniscomys zebra	41.16
Lemniscomys hoogstraali	44.92
Lemniscomys griselda	58
Lemniscomys striatus	38.13
Lemniscomys barbarus	33.43
Lemniscomys macculus	26.5
Lemniscomys bellieri	46.47
Lenomys meyeri	74.17
Lenothrix canus	135
Leopoldamys milleti	336.38
Leopoldamys edwardsi	300
Leopoldamys sabanus	338.33
Leopoldamys siporanus	576
Leopoldamys ciliatus	336.38
Leopoldamys neilli	219
Leporillus apicalis	150
Leporillus conditor	350
Leptomys ernstmayri	42.85
Leptomys signatus	52.04
Leptomys elegans	84.75
Limnomys sibuanus	60
Limnomys bryophilus	64.1
Lorentzimys nouhuysi	14.2
Macruromys elegans	277.9
Macruromys major	350
Madromys blanfordi	71.33
Malacomys cansdalei	68.39
Malacomys edwardsi	64.95
Malacomys longipes	95.6
Mallomys rothschildi	1157.5
Mallomys gunung	2000
Mallomys istapantap	1950
Mallomys aroaensis	1664
Malpaisomys insularis	71.33
Mammelomys lanosus	117.1
Mammelomys rattoides	209.49
Margaretamys beccarii	70.35
Margaretamys elegans	121
Margaretamys parvus	32.1
Mastacomys fuscus	125.72
Mastomys shortridgei	46.5
Mastomys pernanus	52.33
Mastomys natalensis	54.54
Mastomys kollmannspergeri	55.39
Mastomys huberti	49.89
Mastomys erythroleucus	56.15
Mastomys awashensis	49.89
Mastomys coucha	43.5
Maxomys wattsi	147
Maxomys moi	147
Maxomys alticola	90
Maxomys baeodon	69.8
Maxomys bartelsii	102
Maxomys dollmani	120
Maxomys hellwaldii	203
Maxomys hylomyoides	56.6
Maxomys inflatus	152
Maxomys whiteheadi	56.01
Maxomys musschenbroekii	84.8
Maxomys ochraceiventer	97
Maxomys pagensis	196
Maxomys panglima	189
Maxomys rajah	150.25
Maxomys surifer	150.37
Maxomys inas	90
Melasmothrix naso	47.45
Melomys fulgens	97.3
Melomys lutillus	86.68
Melomys aerosus	97.3
Melomys arcium	86.68
Melomys bannisteri	86.68
Melomys bougainville	86
Melomys burtoni	68.5
Melomys capensis	70
Melomys caurinus	136
Melomys cervinipes	78
Melomys cooperae	86.68
Melomys dollmani	91.27
Melomys fraterculus	47.8
Melomys leucogaster	108.5
Melomys howi	86.68
Melomys talaudium	86.68
Melomys matambuai	145
Melomys obiensis	71
Melomys paveli	86.68
Melomys rubicola	100
Melomys rufescens	70.55
Melomys spechti	86.68
Melomys frigicola	86.68
Mesembriomys gouldii	716.5
Mesembriomys macrurus	267
Micaelamys granti	40
Micaelamys namaquensis	57.1
Microhydromys musseri	17.32
Microhydromys richardsoni	10.25
Micromys minutus	6
Millardia kathleenae	93
Millardia gleadowi	30.8
Millardia kondana	147
Millardia meltada	70
Muriculus imberbis	18.5
Mus cervicolor	17.7
Mus musculus	16.25
Mus spicilegus	14
Mus fragilicauda	13.76
Mus cookii	20.47
Mus macedonicus	15
Mus caroli	11.25
Mus spretus	12.8
Mus booduga	11.55
Mus terricolor	9
Mus famulus	22.88
Mus orangiae	9.5
Mus tenellus	9.48
Mus sorella	9.5
Mus setzeri	6.65
Mus setulosus	9.4
Mus oubanguii	9.16
Mus neavei	9.53
Mus musculoides	6
Mus mattheyi	9.52
Mus triton	13.55
Mus indutus	6.15
Mus haussa	9.18
Mus goundae	8.96
Mus callewaerti	9.12
Mus bufo	9.2
Mus baoulei	9.12
Mus mahomet	10
Mus minutoides	7.01
Mus mayori	20.78
Mus vulcani	20.2
Mus crociduroides	28.7
Mus pahari	25.73
Mus shortridgei	34.6
Mus saxicola	21.4
Mus platythrix	25.2
Mus phillipsi	12.3
Mus fernandoni	21.82
Mylomys rex	114.4
Mylomys dybowskii	114.4
Nilopegamys plumbeus	84
Niviventer andersoni	147
Niviventer confucianus	65
Niviventer brahma	97.3
Niviventer rapit	86.75
Niviventer hinpoon	61
Niviventer niviventer	100
Niviventer lepturus	84.8
Niviventer langbianis	69.8
Niviventer fulvescens	82.55
Niviventer excelsior	102
Niviventer eha	53.6
Niviventer culturatus	81.17
Niviventer cremoriventer	69.71
Niviventer coninga	80.65
Niviventer tenaster	103
Niviventer fraternus	83.06
Niviventer cameroni	83.06
Notomys fuscus	35
Notomys mordax	90
Notomys mitchellii	52
Notomys macrotis	90
Notomys longicaudatus	100
Notomys cervinus	35
Notomys aquilo	39
Notomys amplus	90
Notomys alexis	35
Oenomys hypoxanthus	90
Oenomys ornatus	85.5
Palawanomys furvus	73.91
Papagomys theodorverhoeveni	71.33
Papagomys armandvillei	73.8
Parahydromys asper	540
Paraleptomys wilhelmina	33
Paraleptomys rufilatus	55
Paramelomys mollis	90.05
Paramelomys moncktoni	80.56
Paramelomys naso	84.49
Paramelomys levipes	82.81
Paramelomys platyops	85.6
Paramelomys rubex	47.16
Paramelomys steini	84.49
Paramelomys lorentzii	150
Paramelomys gressitti	84.49
Paruromys dominator	325.31
Paulamys naso	122
Pelomys campanae	77.01
Pelomys fallax	130
Pelomys hopkinsi	76.94
Pelomys isseli	60
Pelomys minor	50
Phloeomys cumingi	1946.33
Phloeomys pallidus	1744.14
Pithecheir parvus	106
Pithecheir melanurus	108
Pithecheirops otion	71.33
Pogonomelomys mayeri	109.7
Pogonomelomys bruijni	82.01
Pogonomys sylvestris	43.35
Pogonomys fergussoniensis	57.88
Pogonomys loriae	95.13
Pogonomys macrourus	53.95
Pogonomys championi	50.45
Pseudohydromys ellermani	21.4
Pseudohydromys fuscus	18.74
Pseudohydromys murinus	16.8
Pseudohydromys occidentalis	21.9
Pseudomys desertor	25
Pseudomys oralis	95
Pseudomys occidentalis	34
Pseudomys nanus	34
Pseudomys johnsoni	12
Pseudomys higginsi	67
Pseudomys hermannsburgensis	12
Pseudomys gracilicaudatus	74.75
Pseudomys gouldii	50
Pseudomys glaucus	27.5
Pseudomys patrius	15
Pseudomys fieldi	45
Pseudomys novaehollandiae	20
Pseudomys delicatulus	11
Pseudomys chapmani	12
Pseudomys calabyi	19.5
Pseudomys bolami	15.5
Pseudomys australis	65
Pseudomys apodemoides	20
Pseudomys albocinereus	30.5
Pseudomys fumeus	70
Pseudomys shortridgei	70
Pseudomys pilligaensis	11
Pseudomys laborifex	12
Rattus novaeguineae	133
Rattus lutreolus	106
Rattus sanila	149.96
Rattus salocco	149.96
Rattus richardsoni	64.29
Rattus praetor	204.13
Rattus palmarum	491
Rattus omichlodes	70.02
Rattus simalurensis	153.12
Rattus norvegicus	338.33
Rattus nitidus	133.5
Rattus pyctoris	149.96
Rattus niobe	45.07
Rattus ranjiniae	120
Rattus nativitatis	149.96
Rattus morotaiensis	148.25
Rattus osgoodi	93
Rattus tiomanicus	129.96
Rattus xanthurus	303
Rattus villosissimus	134
Rattus rattus	229.13
Rattus verecundus	97.02
Rattus vandeuseni	67.24
Rattus pelurus	170.27
Rattus satarae	149.96
Rattus pococki	149.96
Rattus mordax	230
Rattus timorensis	160.32
Rattus tawitawiensis	180
Rattus tanezumi	134
Rattus stoicus	323
Rattus steini	155
Rattus sordidus	157.5
Rattus tunneyi	124
Rattus montanus	136
Rattus exulans	47.31
Rattus everetti	255.03
Rattus enganus	305
Rattus elaphinus	131.35
Rattus colletti	61
Rattus feliceus	306
Rattus blangorum	149.96
Rattus bontanus	239
Rattus arrogans	149.96
Rattus argentiventer	133.13
Rattus arfakiensis	149.96
Rattus annandalei	216.1
Rattus andamanensis	149.96
Rattus adustus	158
Rattus burrus	152.3
Rattus jobiensis	380
Rattus mindorensis	136
Rattus macleari	149.96
Rattus lugens	224
Rattus losea	77
Rattus leucopus	171.73
Rattus korinchi	131
Rattus fuscipes	133
Rattus koopmani	151.4
Rattus mollicomulus	151.76
Rattus marmosurus	217
Rattus baluensis	108.75
Rattus hoogerwerfi	165
Rattus hoffmanni	147
Rattus hainaldi	155.52
Rattus giluwensis	169.88
Rhabdomys dilectus	41.12
Rhabdomys pumilio	41.12
Rhagamys orthodon	71.33
Rhynchomys isarogensis	122.5
Rhynchomys soricoides	187
Solomys salebrosus	397
Solomys sapientis	402.48
Solomys salamonis	408.8
Solomys ponceleti	1000
Solomys spriggsarum	630.08
Sommeromys macrorhinos	71.33
Spelaeomys florensis	71.33
Srilankamys ohiensis	79.25
Stenocephalemys ruppi	48.99
Stenocephalemys albipes	52.81
Stenocephalemys albocaudata	144
Stenocephalemys griseicauda	85.75
Stochomys longicaudatus	70.95
Sundamys maxi	361
Sundamys muelleri	275.67
Sundamys infraluteus	418.5
Taeromys punicans	138
Taeromys callitrichus	271
Taeromys taerae	247
Taeromys microbullatus	225.86
Taeromys hamatus	196
Taeromys arcuatus	227
Taeromys celebensis	323
Tarsomys echinatus	96.2
Tarsomys apoensis	75
Tateomys macrocercus	42.7
Tateomys rhinogradoides	82.8
Thallomys loringi	66.45
Thallomys shortridgei	67.17
Thallomys nigricauda	124.7
Thallomys paedulcus	80.5
Thamnomys kempi	75
Thamnomys major	68.12
Thamnomys venustus	61.88
Tokudaia muenninki	177.4
Tokudaia osimensis	129.6
Tryphomys adustus	136.47
Uromys siebersi	521.53
Uromys boeadii	521.53
Uromys anak	664.5
Uromys hadrourus	194
Uromys emmae	521.53
Uromys neobritannicus	612.49
Uromys caudimaculatus	606.75
Uromys porculus	521.53
Uromys rex	420
Uromys imperator	1000
Vandeleuria nilagirica	23.79
Vandeleuria nolthenii	56.6
Vandeleuria oleracea	10
Vernaya fulva	24.85
Xenuromys barbatus	1000
Xeromys myoides	41
Zelotomys hildegardeae	60
Zelotomys woosnami	54.1
Zyzomys argurus	36
Zyzomys maini	94
Zyzomys palatilis	123
Zyzomys pedunculatus	100
Zyzomys woodwardi	136
Leimacomys buttneri	55
Myotomys sloggetti	106.25
Myotomys unisulcatus	102.5
Otomys irroratus	118.02
Otomys typus	115.44
Otomys tropicalis	108.83
Otomys saundersiae	103
Otomys orestes	127.2
Otomys occidentalis	115.77
Otomys maximus	192
Otomys laminatus	145
Otomys angoniensis	121.9
Otomys jacksoni	127.2
Otomys uzungwensis	127.2
Otomys dollmani	127.2
Otomys denti	120
Otomys dartmouthi	127.2
Otomys cuanzensis	127.2
Otomys burtoni	127.2
Otomys barbouri	127.2
Otomys anchietae	115.9
Otomys lacustris	127.2
Parotomys littledalei	127
Parotomys brantsii	129.5
Platacanthomys lasiurus	75
Typhlomys cinereus	31.2
Eospalax fontanierii	256.76
Eospalax rothschildi	256.76
Eospalax smithii	256.76
Myospalax psilurus	259.21
Myospalax aspalax	237.75
Myospalax myospalax	225
Cannomys badius	650
Rhizomys sinensis	865
Rhizomys sumatrensis	1625
Rhizomys pruinosus	2450
Spalax graecus	316.04
Spalax nehringi	295.05
Spalax uralensis	295.05
Spalax microphthalmus	470
Spalax leucodon	188.67
Spalax judaei	295.05
Spalax giganteus	301.96
Spalax galili	295.05
Spalax ehrenbergi	164.35
Spalax arenarius	520
Spalax carmeli	295.05
Spalax zemni	316.28
Spalax golani	295.05
Tachyoryctes ibeanus	309.95
Tachyoryctes storeyi	309.95
Tachyoryctes splendens	212.25
Tachyoryctes spalacinus	309.95
Tachyoryctes ruddi	309.95
Tachyoryctes ruandae	309.95
Tachyoryctes rex	309.95
Tachyoryctes macrocephalus	596.99
Tachyoryctes daemon	309.95
Tachyoryctes audax	235
Tachyoryctes annectens	309.95
Tachyoryctes ankoliae	309.95
Tachyoryctes naivashae	309.95
Calomyscus grandis	18.62
Calomyscus tsolovi	21.43
Calomyscus urartensis	21.22
Calomyscus hotsoni	21.42
Calomyscus baluchi	21.39
Calomyscus bailwardi	20.4
Calomyscus mystax	17
Calomyscus elburzensis	18.62
Anomalurus beecrofti	389
Anomalurus derbianus	649.99
Anomalurus pelii	1769.99
Anomalurus pusillus	250
Idiurus macrotis	30
Idiurus zenkeri	100
Zenkerella insignis	200
Pedetes capensis	3155
Pedetes surdaster	3155
Ctenodactylus vali	175
Ctenodactylus gundi	289
Felovia vae	205
Massoutiera mzabi	194
Pectinator spekei	160
Bathyergus janetta	332
Bathyergus suillus	625
Cryptomys hottentotus	101.95
Cryptomys zechi	223.06
Cryptomys ochraceocinereus	200
Cryptomys mechowi	272
Cryptomys kafuensis	125.41
Cryptomys darlingi	65.58
Cryptomys damarensis	153.25
Cryptomys bocagei	94
Cryptomys foxi	183.14
Cryptomys amatus	76.74
Cryptomys anselli	85.59
Georychus capensis	232.67
Heliophobius argenteocinereus	181
Heterocephalus glaber	55
Atherurus macrourus	2000
Atherurus africanus	1934
Hystrix africaeaustralis	14936.02
Hystrix cristata	16250
Hystrix indica	12435.83
Hystrix brachyura	8450
Hystrix javanica	23014.42
Hystrix pumila	2740
Hystrix crassispinis	5445.03
Hystrix sumatrae	3260
Trichys fasciculata	1655
Petromus typicus	224
Ctenomys juris	259.74
Ctenomys fodax	259.74
Ctenomys frater	172.9
Ctenomys fulvus	262
Ctenomys leucodon	243.6
Ctenomys goodfellowi	259.74
Ctenomys johannis	259.74
Ctenomys boliviensis	535
Ctenomys knighti	316
Ctenomys lami	259.74
Ctenomys latro	192
Ctenomys fochi	259.74
Ctenomys haigi	164
Ctenomys flamarioni	259.74
Ctenomys famosus	259.74
Ctenomys emilianus	285.3
Ctenomys dorsalis	165.6
Ctenomys dorbignyi	259.74
Ctenomys coyhaiquensis	259.74
Ctenomys conoveri	860
Ctenomys coludo	259.74
Ctenomys lewisi	117.2
Ctenomys bonettoi	202.3
Ctenomys pundti	259.74
Ctenomys bergi	259.74
Ctenomys azarae	400
Ctenomys australis	361.5
Ctenomys budini	259.74
Ctenomys scagliai	259.74
Ctenomys argentinus	221.3
Ctenomys brasiliensis	400
Ctenomys yolandae	259.74
Ctenomys viperinus	259.74
Ctenomys validus	232.6
Ctenomys tulduco	259.74
Ctenomys tucumanus	217
Ctenomys tuconax	249
Ctenomys torquatus	209.5
Ctenomys talarum	132.33
Ctenomys sylvanus	259.74
Ctenomys steinbachi	385
Ctenomys pontifex	400
Ctenomys sericeus	400
Ctenomys mendocinus	163.05
Ctenomys saltarius	230
Ctenomys roigi	259.74
Ctenomys rionegrensis	259.74
Ctenomys porteousi	192.4
Ctenomys pilarensis	259.74
Ctenomys peruanus	490
Ctenomys perrensi	400
Ctenomys pearsoni	212
Ctenomys osvaldoreigi	259.74
Ctenomys opimus	361.5
Ctenomys occultus	150
Ctenomys minutus	92
Ctenomys sociabilis	400
Ctenomys colburni	400
Ctenomys magellanicus	272
Ctenomys maulinus	215
Phyllomys medius	298.33
Phyllomys mantiqueirensis	298.33
Phyllomys lundi	298.33
Phyllomys unicolor	439
Phyllomys nigrispinus	224.3
Phyllomys thomasi	502.14
Phyllomys blainvillii	243.3
Phyllomys brasiliensis	312.49
Phyllomys dasythrix	260
Phyllomys kerri	298.33
Phyllomys lamarum	215.19
Phyllomys pattoni	298.33
Callistomys pictus	518.99
Diplomys rufodorsalis	144.8
Diplomys labilis	227.5
Diplomys caniceps	394.5
Echimys chrysurus	652.5
Echimys semivillosus	200
Echimys saturnus	626.9
Isothrix sinnamariensis	291.73
Isothrix pagurus	210
Isothrix negrensis	300.97
Isothrix bistriata	445
Makalata grandis	584
Makalata rhipidura	315
Makalata occasius	322.29
Makalata macrura	439
Makalata didelphoides	398.66
Makalata obscura	108
Carterodon sulcidens	113.8
Clyomys bishopi	30
Clyomys laticeps	201
Euryzygomatomys spinosus	187.5
Hoplomys gymnurus	240
Lonchothrix emiliae	138.2
Mesomys stimulax	108
Mesomys hispidus	175
Mesomys occultus	126.85
Mesomys leniceps	108
Proechimys pattoni	292.04
Proechimys oconnelli	285
Proechimys trinitatus	296.15
Proechimys urichi	285
Proechimys steerei	285
Proechimys guairae	400
Proechimys simonsi	285
Proechimys semispinosus	360.5
Proechimys roberti	284.99
Proechimys poliopus	285
Proechimys decumanus	285
Proechimys goeldii	285
Proechimys quadruplicatus	285
Proechimys echinothrix	292.04
Proechimys mincae	285
Proechimys cuvieri	330
Proechimys chrysaeolus	285
Proechimys canicollis	285
Proechimys guyannensis	314.03
Proechimys hoplomyoides	285
Proechimys kulinae	292.04
Proechimys longicaudatus	205
Proechimys gardneri	292.04
Proechimys magdalenae	285
Proechimys brevicauda	285
Thrichomys inermis	339
Thrichomys pachyurus	339
Thrichomys apereoides	339
Trinomys paratus	235.59
Trinomys dimidiatus	167.6
Trinomys gratiosus	235.59
Trinomys iheringi	220.39
Trinomys mirapitanga	235.59
Trinomys moojeni	235.59
Trinomys myosuros	284.99
Trinomys eliasi	200
Trinomys yonenagae	235.59
Trinomys albispinus	284.99
Trinomys setosus	284.99
Dactylomys peruanus	382
Dactylomys dactylinus	649.99
Dactylomys boliviensis	728.8
Kannabateomys amblyonyx	600
Olallamys edax	206.4
Olallamys albicauda	273.5
Boromys offella	272.28
Boromys torrei	272.28
Brotomys contractus	272.28
Brotomys voratus	272.28
Heteropsomys insulans	272.28
Heteropsomys antillensis	272.28
Thryonomys gregorianus	2707.14
Thryonomys swinderianus	3180.02
Chaetomys subspinosus	1299.99
Coendou rothschildi	2000
Coendou prehensilis	4399.97
Coendou nycthemera	2999.98
Coendou bicolor	4050.05
Echinoprocta rufescens	831.8
Erethizon dorsatum	7085.33
Sphiggurus insidiosus	1000
Sphiggurus villosus	1750.01
Sphiggurus vestitus	736
Sphiggurus melanurus	1900
Sphiggurus roosmalenorum	1242.24
Sphiggurus mexicanus	2000
Sphiggurus pruinosus	1242.24
Sphiggurus ichillus	1242.24
Sphiggurus spinosus	750.79
Chinchilla chinchilla	499.99
Chinchilla lanigera	417
Lagidium wolffsohni	2682.01
Lagidium peruanum	1220
Lagidium viscacia	1540
Lagostomus crassus	4647.51
Lagostomus maximus	4647.51
Dinomys branickii	12500
Cavia intermedia	578.88
Cavia aperea	549
Cavia fulgida	282.5
Cavia porcellus	728
Cavia tschudii	1000
Cavia magna	460
Galea musteloides	480
Galea spixii	326.2
Galea flavidens	450
Microcavia australis	286.1
Microcavia niata	255.2
Microcavia shiptoni	185
Dolichotis salinicola	1600
Dolichotis patagonum	8000
Hydrochoerus hydrochaeris	48144.91
Hydrochoerus isthmius	21267.32
Kerodon rupestris	800
Kerodon acrobata	800
Dasyprocta azarae	2309.99
Dasyprocta guamara	2650.03
Dasyprocta ruatanica	2857.13
Dasyprocta fuliginosa	3500.02
Dasyprocta kalinowskii	2650.03
Dasyprocta cristata	2650.03
Dasyprocta leporina	3020.02
Dasyprocta mexicana	5000
Dasyprocta prymnolopha	2900.01
Dasyprocta punctata	2674.98
Dasyprocta coibae	2660.13
Myoprocta pratti	966.73
Myoprocta acouchy	600
Cuniculus taczanowskii	8999.95
Cuniculus paca	8172.55
Aconaemys sagei	96.5
Aconaemys fuscus	133.5
Aconaemys porteri	113.5
Octodon pacificus	194.34
Octodon bridgesi	150
Octodon degus	210
Octodon lunatus	233
Octodontomys gliroides	150
Octomys mimax	131
Pipanacoctomys aureus	136.62
Salinoctomys loschalchalerosorum	136.62
Spalacopus cyanus	127.5
Tympanoctomys barrerae	70
Abrocoma boliviensis	158
Abrocoma budini	214.69
Abrocoma cinerea	250
Abrocoma famatina	214.69
Abrocoma shistacea	214.69
Abrocoma uspallata	214.69
Abrocoma vaccarum	214.69
Abrocoma bennettii	250.5
Cuscomys ashaninka	910
Cuscomys oblativa	910
Myocastor coypus	6937.45
Capromys pilorides	5650
Capromys gundlachianus	5650
Geocapromys brownii	1500
Geocapromys ingrahami	800
Geocapromys thoracatus	1500
Mesocapromys nanus	583.33
Mesocapromys sanfelipensis	554.44
Mesocapromys melanurus	883.14
Mesocapromys auritus	585.55
Mesocapromys angelcabrerai	470
Mysateles meridionalis	884.61
Mysateles prehensilis	926.71
Mysateles garridoi	929.09
Hexolobodon phenax	1350.1
Isolobodon montanus	1350.1
Isolobodon portoricensis	1350.1
Plagiodontia araeum	1267
Plagiodontia ipnaeum	1267
Plagiodontia aedium	1267
Rhizoplagiodontia lemkei	1350.1
Ochotona cansus	68.75
Ochotona nubrica	116.21
Ochotona pusilla	142.5
Ochotona rufescens	250
Ochotona dauurica	109
Ochotona thibetana	83.1
Ochotona thomasi	111.63
Ochotona huangensis	105.33
Ochotona curzoniae	131.48
Ochotona turuchanensis	142.15
Ochotona princeps	157.63
Ochotona pallasi	149.62
Ochotona hyperborea	120
Ochotona alpina	150
Ochotona argentata	142.15
Ochotona hoffmanni	142.15
Ochotona collaris	129
Ochotona roylei	260
Ochotona erythrotis	181
Ochotona forresti	111.65
Ochotona gaoligongensis	111.61
Ochotona ladacensis	182.19
Ochotona rutila	182.02
Ochotona koslowi	182.03
Ochotona gloveri	181.97
Ochotona macrotis	260
Ochotona muliensis	182
Ochotona nigritia	142.15
Ochotona himalayana	189.31
Ochotona iliensis	209.75
Brachylagus idahoensis	421.34
Bunolagus monticularis	1750.01
Caprolagus hispidus	2497
Lepus arcticus	4405.04
Lepus othus	4805.96
Lepus timidus	3048
Lepus alleni	3685.02
Lepus americanus	1710.02
Lepus tolai	1589
Lepus tibetanus	2451.03
Lepus insularis	2658.02
Lepus starcki	2750
Lepus castroviejoi	2822.41
Lepus comus	1460
Lepus coreanus	2017.79
Lepus europaeus	3740
Lepus mandshuricus	1800
Lepus microtis	1763.61
Lepus fagani	2048.51
Lepus peguensis	2267.5
Lepus hainanus	2000
Lepus nigricollis	2298.5
Lepus sinensis	1510
Lepus habessinicus	2015.56
Lepus brachyurus	2519.45
Lepus saxatilis	2363.33
Lepus townsendii	1555
Lepus callotis	2500
Lepus californicus	2422.48
Lepus oiostolus	3000
Lepus flavigularis	2999.99
Lepus capensis	3261.67
Lepus granatensis	4010
Lepus corsicanus	3000
Lepus yarkandensis	1460.41
Sylvilagus insonus	2999.99
Sylvilagus obscurus	1218.45
Sylvilagus cognatus	1218.45
Sylvilagus transitionalis	656.7
Sylvilagus nuttallii	755.09
Sylvilagus graysoni	964.01
Sylvilagus floridanus	1172.79
Sylvilagus cunicularius	2999.99
Sylvilagus robustus	1218.45
Sylvilagus audubonii	889.63
Sylvilagus varynaensis	1218.45
Sylvilagus brasiliensis	949.99
Sylvilagus aquaticus	2135.8
Sylvilagus palustris	1500
Sylvilagus bachmani	643.25
Sylvilagus dicei	1343.35
Sylvilagus mansuetus	811.92
Nesolagus timminsi	1500
Nesolagus netscheri	1500
Oryctolagus cuniculus	1832.22
Pentalagus furnessi	2396.25
Poelagus marjorita	2500
Pronolagus crassicaudatus	2089
Pronolagus randensis	2335.02
Pronolagus rupestris	1754
Romerolagus diazi	476.65
Atelerix albiventris	600
Atelerix algirus	1250
Atelerix frontalis	309.5
Atelerix sclateri	539.15
Erinaceus amurensis	571.88
Erinaceus roumanicus	744.55
Erinaceus concolor	719
Erinaceus europaeus	771
Hemiechinus auritus	342
Hemiechinus collaris	141
Mesechinus dauuricus	342
Mesechinus hughi	315.81
Paraechinus aethiopicus	352.4
Paraechinus hypomelas	213
Paraechinus micropus	171
Paraechinus nudiventris	234.14
Echinosorex gymnura	957
Hylomys suillus	65.83
Hylomys megalotis	65.83
Hylomys parvus	65.83
Neohylomys hainanensis	52.21
Neotetracus sinensis	290.15
Podogymnura truei	114
Podogymnura aureospinula	247
Solenodon paradoxus	900
Solenodon marcanoi	764.85
Solenodon cubanus	650
Solenodon arredondoi	764.85
Crocidura phaeura	10.35
Crocidura orii	14.4
Crocidura nigricans	20
Crocidura nigrofusca	11.75
Crocidura nimbae	15.5
Crocidura niobe	16
Crocidura obscurior	10.35
Crocidura olivieri	57.95
Crocidura orientalis	15.8
Crocidura nigripes	13.2
Crocidura palawanensis	10.35
Crocidura paradoxura	8.23
Crocidura parvipes	10.35
Crocidura nigeriae	23
Crocidura pergrisea	10.1
Crocidura nana	10.35
Crocidura picea	10.35
Crocidura pitmani	10.35
Crocidura planiceps	2.5
Crocidura poensis	16.57
Crocidura pasha	6.5
Crocidura miya	10.2
Crocidura macarthuri	10.35
Crocidura zimmermanni	10.35
Crocidura macmillani	10.35
Crocidura macowi	10.35
Crocidura malayana	12.7
Crocidura manengubae	10.35
Crocidura maquassiensis	6
Crocidura mariquensis	11.25
Crocidura maurisca	14
Crocidura negligens	10.42
Crocidura mindorus	18
Crocidura nicobarica	28.9
Crocidura monax	16
Crocidura monticola	6.6
Crocidura montis	14.5
Crocidura muricauda	10.35
Crocidura musseri	10.42
Crocidura mutesae	23.91
Crocidura religiosa	7
Crocidura nanilla	6.5
Crocidura polia	10.35
Crocidura negrina	11.33
Crocidura maxi	7.53
Crocidura vosmaeri	10.42
Crocidura rapax	10.42
Crocidura theresae	17.6
Crocidura thomensis	10.35
Crocidura trichura	10.42
Crocidura turba	14.5
Crocidura ultima	16
Crocidura usambarae	9.7
Crocidura viaria	17
Crocidura virgata	10.42
Crocidura tenuis	9.43
Crocidura vorax	10.42
Crocidura telfordi	10.35
Crocidura watasei	10.42
Crocidura whitakeri	5.5
Crocidura wimmeri	23.5
Crocidura wuchihensis	4.3
Crocidura xantippe	10.35
Crocidura yankariensis	5
Crocidura zaphiri	10.35
Crocidura zarudnyi	6.71
Crocidura lucina	10.35
Crocidura voi	10.35
Crocidura silacea	8
Crocidura raineyi	14.5
Crocidura ramona	10.42
Crocidura zimmeri	14.5
Crocidura rhoditis	14
Crocidura roosevelti	10.35
Crocidura russula	8.2
Crocidura selina	10.35
Crocidura serezkyensis	10.35
Crocidura shantungensis	10.42
Crocidura thalia	10.35
Crocidura sicula	6.9
Crocidura pullata	10.35
Crocidura smithii	10.35
Crocidura somalica	11.5
Crocidura stenocephala	21
Crocidura suaveolens	5.19
Crocidura susiana	10.35
Crocidura tanakae	10.42
Crocidura tansaniana	10.35
Crocidura tarella	10.35
Crocidura tarfayensis	6.5
Crocidura sibirica	10.35
Crocidura eisentrauti	10.35
Crocidura floweri	10.35
Crocidura crossei	6.9
Crocidura cyanea	9.35
Crocidura denti	7
Crocidura desperata	10.35
Crocidura dhofarensis	5.8
Crocidura dolichura	5.7
Crocidura congobelgica	10.35
Crocidura dsinezumi	10.21
Crocidura cinderella	10.35
Crocidura elgonius	6.5
Crocidura allex	10.35
Crocidura aleksandrisi	10.35
Crocidura luna	14.5
Crocidura lusitania	2
Crocidura elongata	17.8
Crocidura andamanensis	10.35
Crocidura fischeri	10.35
Crocidura douceti	4.3
Crocidura beatus	10.55
Crocidura ansellorum	10.35
Crocidura arabica	5.86
Crocidura arispa	10.42
Crocidura armenica	10.35
Crocidura attenuata	14.27
Crocidura attila	10.35
Crocidura baileyi	10.35
Crocidura crenata	6.52
Crocidura batesi	15.5
Crocidura flavescens	28.49
Crocidura beccarii	10.35
Crocidura bottegi	3.5
Crocidura bottegoides	3.07
Crocidura brunnea	10.42
Crocidura buettikoferi	10.35
Crocidura caliginea	10.35
Crocidura canariensis	7.5
Crocidura caspica	10.42
Crocidura baluensis	16.9
Crocidura lanosa	22.6
Crocidura hispida	10.35
Crocidura horsfieldii	5
Crocidura hutanis	10.42
Crocidura ichnusae	10.35
Crocidura indochinensis	10.42
Crocidura jacksoni	7
Crocidura jenkinsi	12.6
Crocidura jouvenetae	9.79
Crocidura katinka	10.42
Crocidura erica	10.35
Crocidura lamottei	20.5
Crocidura hildegardeae	9.5
Crocidura latona	10.35
Crocidura lea	6.6
Crocidura lepidura	10.42
Crocidura leucodon	9.82
Crocidura levicula	1.77
Crocidura littoralis	16
Crocidura longipes	19.3
Crocidura ludia	5.15
Crocidura kivuana	9
Crocidura gmelini	10.42
Crocidura foxi	19
Crocidura fuliginosa	12
Crocidura fulvastra	12.67
Crocidura fumosa	14.5
Crocidura fuscomurina	3.92
Crocidura hirta	15.8
Crocidura glassi	10.35
Crocidura hilliana	10.42
Crocidura goliath	54.84
Crocidura gracilipes	6.7
Crocidura grandiceps	23
Crocidura grandis	10.35
Crocidura grassei	13.5
Crocidura grayi	10.3
Crocidura greenwoodi	10.35
Crocidura harenna	8.5
Crocidura foetida	10.42
Solisorex pearsoni	10.3
Suncus lixus	4.9
Suncus hosei	7.64
Suncus fellowesgordoni	7.64
Suncus varilla	5
Suncus malayanus	5
Suncus megalura	5.38
Suncus mertensi	7.95
Suncus montanus	18
Suncus murinus	60.71
Suncus etruscus	2.13
Suncus stoliczkanus	9.43
Suncus infinitesimus	3
Suncus zeylanicus	29.8
Suncus remyi	1.75
Suncus aequatorius	7.15
Suncus dayi	9.43
Suncus ater	11.1
Suncus madagascariensis	3.5
Diplomesodon pulchellum	11
Feroculus feroculus	36
Paracrocidura graueri	11.68
Paracrocidura maxima	11.68
Paracrocidura schoutedeni	13
Ruwenzorisorex suncoides	18.2
Scutisorex somereni	91.5
Sylvisorex konganensis	5.15
Sylvisorex isabellae	9.99
Sylvisorex pluvialis	5.83
Sylvisorex oriundus	9.99
Sylvisorex ollula	13.2
Sylvisorex lunaris	18.5
Sylvisorex johnstoni	3.17
Sylvisorex vulcanorum	3.5
Sylvisorex granti	3.8
Sylvisorex camerunensis	5.83
Sylvisorex howelli	4.32
Sylvisorex morio	9.99
Sorex caecutiens	5.38
Sorex raddei	10
Sorex alpinus	7.8
Sorex minutus	4.5
Sorex maritimensis	6.05
Sorex kozlovi	6.05
Sorex isodon	9.35
Sorex hosonoi	3.25
Sorex granarius	6.28
Sorex gracillimus	5.06
Sorex daphaenodon	6.79
Sorex cylindricauda	6.05
Sorex cansulus	6.05
Sorex buchariensis	4.61
Sorex bedfordiae	6.6
Sorex antinorii	6.05
Sorex araneus	10
Sorex arcticus	8.15
Sorex arunchi	6.05
Sorex asper	7.95
Sorex averini	6.05
Sorex roboratus	9.12
Sorex coronatus	9.6
Sorex satunini	7.47
Sorex sinalis	9.43
Sorex tundrensis	7.73
Sorex shinto	6
Sorex unguiculatus	9.9
Sorex volnuchini	4.61
Sorex yukonicus	6.05
Sorex samniticus	8.25
Sorex excelsus	6.79
Sorex lyelli	5
Sorex jacksoni	3.5
Sorex hoyi	2.58
Sorex tenellus	3.75
Sorex haydeni	3.5
Sorex dispar	5
Sorex macrodon	7
Sorex leucogaster	4.83
Sorex cinereus	4.66
Sorex longirostris	3.58
Sorex vagrans	5.9
Sorex camtschatica	6.05
Sorex bendirii	16.1
Sorex veraepacis	7.5
Sorex bairdi	8.33
Sorex gaspensis	2.89
Sorex fumeus	7.7
Sorex alaskanus	14
Sorex ugyunak	3.6
Sorex palustris	13.45
Sorex pribilofensis	6.05
Sorex preblei	3.1
Sorex sonomae	8.3
Sorex portenkoi	4.83
Sorex pacificus	6.71
Sorex ornatus	4.99
Sorex orizabae	6.05
Sorex oreopolus	7
Sorex milleri	7
Sorex nanus	2.4
Sorex monticolus	5.25
Sorex neomexicanus	6.05
Sorex mirabilis	15
Sorex arizonae	2.4
Sorex saussurei	4.65
Sorex sclateri	7
Sorex ventralis	7
Sorex merriami	5.9
Sorex stizodon	7
Sorex emarginatus	7
Sorex trowbridgii	3.8
Sorex veraecrucis	6.05
Sorex minutissimus	2.51
Sorex planiceps	6.05
Sorex thibetanus	6.05
Anourosorex yamashinai	20
Anourosorex assamensis	20
Anourosorex schmidi	20
Anourosorex squamipes	20
Blarinella quadraticauda	12.5
Blarinella wardi	11.26
Blarinella griselda	12.5
Blarina brevicauda	28
Blarina hylophaga	14.5
Blarina carolinensis	13.5
Blarina peninsulae	17.63
Cryptotis peregrina	7.72
Cryptotis mexicana	7
Cryptotis montivaga	11.3
Cryptotis nelsoni	7.72
Cryptotis nigrescens	7.65
Cryptotis obscura	7.72
Cryptotis merriami	7.72
Cryptotis parva	4.98
Cryptotis medellinia	7.72
Cryptotis peruviensis	7.72
Cryptotis phillipsii	7.72
Cryptotis squamipes	11
Cryptotis tamensis	7.72
Cryptotis orophila	7.72
Cryptotis thomasi	12.6
Cryptotis mera	7.72
Cryptotis mayensis	5
Cryptotis magna	7
Cryptotis hondurensis	5
Cryptotis griseoventris	7.72
Cryptotis gracilis	7
Cryptotis goodwini	7
Cryptotis goldmani	8
Cryptotis equatoris	7.72
Cryptotis endersi	8
Cryptotis colombiana	7.72
Cryptotis brachyonyx	7.72
Cryptotis meridensis	11.57
Cryptotis alticola	7.72
Cryptotis tropicalis	7.72
Chimarrogale hantu	55
Chimarrogale himalayica	34.75
Chimarrogale phaeura	31
Chimarrogale platycephalus	36.32
Chimarrogale styani	25.8
Chimarrogale sumatrana	27.89
Chodsigoa parca	5.49
Chodsigoa sodalis	5.49
Chodsigoa smithii	5.49
Chodsigoa parva	5.49
Chodsigoa lamula	5.49
Chodsigoa hypsibia	5.49
Chodsigoa caovansunga	5.49
Chodsigoa salenskii	5.49
Episoriculus caudatus	6.95
Episoriculus fumidus	6.95
Episoriculus leucops	6.95
Episoriculus macrurus	6.95
Nectogale elegans	32.5
Neomys teres	15.13
Neomys fodiens	14.3
Neomys anomalus	16
Nesiotites hidalgo	9.05
Nesiotites similis	9.05
Soriculus nigrescens	14
Megasorex gigas	20
Notiosorex cockrumi	4.82
Notiosorex evotis	5.28
Notiosorex crawfordi	4.39
Notiosorex villai	4.82
Congosorex polli	10.3
Congosorex verheyeni	9.05
Myosorex longicaudatus	12.98
Myosorex kihaulei	12.1
Myosorex eisentrauti	10.35
Myosorex cafer	13.4
Myosorex blarina	10.35
Myosorex okuensis	10.35
Myosorex babaulti	10.35
Myosorex schalleri	10.35
Myosorex sclateri	10.35
Myosorex tenuis	10.35
Myosorex varius	13.2
Myosorex zinki	12.1
Myosorex geata	9.35
Myosorex rumpii	10.35
Surdisorex norae	9
Surdisorex polulus	9
Condylura cristata	84
Parascalops breweri	51
Scalopus aquaticus	91.26
Scapanulus oweni	36.64
Scapanus latimanus	55
Scapanus orarius	61.2
Scapanus townsendii	141.7
Desmana moschata	383
Galemys pyrenaicus	60.17
Neurotrichus gibbsii	8.9
Scaptonyx fusicaudus	19.41
Euroscaptor longirostris	59.57
Euroscaptor parvidens	59.57
Euroscaptor micrura	60.47
Euroscaptor grandis	59.57
Euroscaptor klossi	59.57
Euroscaptor mizura	35.47
Mogera imaizumii	65.53
Mogera insularis	83.03
Mogera tokudae	129.5
Mogera uchidai	75.85
Mogera wogura	111.5
Parascaptor leucura	45.6
Scaptochirus moschatus	90.51
Talpa altaica	85
Talpa stankovici	71.12
Talpa romana	92.5
Talpa occidentalis	53.5
Talpa levantis	90
Talpa davidiana	80.28
Talpa europaea	77
Talpa caeca	92.5
Talpa caucasica	90
Dymecodon pilirostris	15.46
Urotrichus talpoides	45
Uropsilus investigator	25.53
Uropsilus soricipes	16
Uropsilus andersoni	25.53
Uropsilus gracilis	25.53
Acerodon celebensis	390
Acerodon humilis	462.47
Acerodon jubatus	1075
Acerodon leucotis	462.47
Acerodon mackloti	470.33
Aethalops aequalis	15
Aethalops alecto	15
Alionycteris paucidentata	16.15
Aproteles bulmerae	600
Balionycteris maculata	13.36
Casinycteris argynnis	29.85
Chironax melanocephalus	16.67
Cynopterus nusatenggara	36.44
Cynopterus sphinx	43.66
Cynopterus titthaecheilus	58.33
Cynopterus luzoniensis	40.3
Cynopterus brachyotis	31.15
Cynopterus horsfieldii	56.01
Cynopterus minutus	26.45
Dobsonia magna	465
Dobsonia viridis	238
Dobsonia praedatrix	188.68
Dobsonia peronii	226.51
Dobsonia pannietensis	267.7
Dobsonia anderseni	233.99
Dobsonia minor	78.23
Dobsonia inermis	149.5
Dobsonia exoleta	249
Dobsonia emersa	195.5
Dobsonia crenulata	218.21
Dobsonia chapmani	216.03
Dobsonia beauforti	159.01
Dobsonia moluccensis	381.44
Dyacopterus brooksi	78
Dyacopterus spadiceus	78
Eidolon dupreanum	283.75
Eidolon helvum	253.31
Eonycteris spelaea	58.1
Eonycteris robusta	78.36
Eonycteris major	72.75
Epomophorus angolensis	68.15
Epomophorus crypturus	95.04
Epomophorus gambianus	128.87
Epomophorus grandis	48.58
Epomophorus labiatus	62.95
Epomophorus minimus	68.15
Epomophorus minor	44.76
Epomophorus wahlbergi	91.58
Epomops dobsonii	122.08
Epomops franqueti	118.93
Epomops buettikoferi	133.84
Pteropus keyensis	361.25
Pteropus gilliardorum	406.94
Pteropus griseus	269
Pteropus howensis	232.93
Pteropus hypomelanus	428.14
Pteropus cognatus	361.25
Pteropus intermedius	361.25
Pteropus faunulus	344.76
Pteropus leucopterus	340
Pteropus livingstonii	734.27
Pteropus lombocensis	250.3
Pteropus loochoensis	361.25
Pteropus lylei	316.67
Pteropus macrotis	357
Pteropus insularis	282.86
Pteropus fundatus	205.65
Pteropus alecto	643.57
Pteropus dasymallus	435
Pteropus conspicillatus	775.7
Pteropus mahaganus	251.4
Pteropus temminckii	361.25
Pteropus chrysoproctus	710
Pteropus capistratus	247.5
Pteropus aldabrensis	305
Pteropus caniceps	505
Pteropus brunneus	200
Pteropus banakrisi	225
Pteropus aruensis	361.25
Pteropus anetianus	426
Pteropus giganteus	804.17
Pteropus pselaphon	282.86
Pteropus ualanus	361.25
Pteropus tuberculatus	282.86
Pteropus tonganus	418.33
Pteropus tokudae	152
Pteropus voeltzkowi	527.5
Pteropus admiralitatum	299.9
Pteropus subniger	361.25
Pteropus seychellensis	457
Pteropus scapulatus	405.96
Pteropus samoensis	310
Pteropus rufus	361
Pteropus rodricensis	253.83
Pteropus rennelli	361.25
Pteropus speciosus	344.76
Pteropus ornatus	330
Pteropus melanopogon	860
Pteropus melanotus	344.76
Pteropus molossinus	284.21
Pteropus neohibernicus	966.79
Pteropus niger	456.25
Pteropus rayneri	724.5
Pteropus ocularis	220
Pteropus pumilus	183.35
Pteropus pelewensis	361.25
Pteropus personatus	127.5
Pteropus pilosus	361.25
Pteropus pohlei	343
Pteropus poliocephalus	749.91
Pteropus mariannus	453.5
Pteropus nitendiensis	265
Pteropus woodfordi	119.33
Pteropus vampyrus	935.88
Pteropus vetulus	148
Pteropus yapensis	361.25
Rousettus spinalatus	90.75
Rousettus obliviosus	44.1
Rousettus linduensis	77.74
Rousettus leschenaultii	84.88
Rousettus celebensis	56.3
Rousettus amplexicaudatus	82.47
Rousettus aegyptiacus	132.24
Rousettus bidens	62.39
Rousettus lanosus	103
Rousettus madagascariensis	62.1
Haplonycteris fischeri	17.96
Harpyionycteris celebensis	104
Harpyionycteris whiteheadi	110.5
Hypsignathus monstrosus	335.08
Latidens salimalii	44
Lissonycteris angolensis	68.31
Macroglossus minimus	16.37
Macroglossus sobrinus	22.13
Megaerops kusnotoi	35.94
Megaerops niphanae	32.6
Megaerops wetmorei	18.5
Megaerops ecaudatus	24.67
Megaloglossus woermanni	15.66
Melonycteris melanops	49.04
Melonycteris woodfordi	36.88
Melonycteris fardoulisi	42.53
Micropteropus pusillus	26.57
Micropteropus intermedius	59.17
Myonycteris relicta	52
Myonycteris torquata	42.23
Myonycteris brachycephala	53.39
Nanonycteris veldkampii	21.89
Neopteryx frosti	153.86
Notopteris neocaledonica	65.14
Notopteris macdonaldi	65.14
Nyctimene malaitensis	75.39
Nyctimene masalai	52.3
Nyctimene minutus	45.56
Nyctimene rabori	67.5
Nyctimene sanctacrucis	51.64
Nyctimene draconilla	29
Nyctimene vizcaccia	40
Nyctimene robinsoni	49.48
Nyctimene keasti	51.64
Nyctimene cyclotis	48
Nyctimene certans	42.1
Nyctimene cephalotes	44.47
Nyctimene albiventer	29.88
Nyctimene aello	84.26
Nyctimene major	104.15
Otopteropus cartilagonodus	16.75
Paranyctimene raptor	24.31
Paranyctimene tenax	24.31
Penthetor lucasi	38.17
Plerotes anchietae	120.64
Ptenochirus jagori	77.25
Ptenochirus minor	36.25
Pteralopex taki	369.06
Pteralopex acrodonta	250.5
Pteralopex anceps	560.36
Pteralopex atrata	472
Pteralopex pulchra	280
Scotonycteris ophiodon	67.5
Scotonycteris zenkeri	20.83
Sphaerias blanfordi	28.18
Styloctenium wallacei	173
Syconycteris carolinae	39
Syconycteris hobbit	18.29
Syconycteris australis	17.1
Thoopterus nigrescens	60.4
Rhinolophus mitratus	10.4
Rhinolophus pusillus	5.15
Rhinolophus philippinensis	10.33
Rhinolophus pearsonii	11.55
Rhinolophus paradoxolophus	8.24
Rhinolophus landeri	8.86
Rhinolophus osgoodi	10.62
Rhinolophus nereis	9.62
Rhinolophus monoceros	10.62
Rhinolophus maendeleo	10.62
Rhinolophus mehelyi	12.33
Rhinolophus megaphyllus	10.06
Rhinolophus marshalli	5.02
Rhinolophus malayanus	6.7
Rhinolophus rex	10.4
Rhinolophus ziama	10.62
Rhinolophus siamensis	10.62
Rhinolophus madurensis	10.62
Rhinolophus montanus	10.62
Rhinolophus simulator	8.1
Rhinolophus virgo	6
Rhinolophus yunanensis	19.7
Rhinolophus trifoliatus	14.53
Rhinolophus thomasi	8.3
Rhinolophus swinnyi	7.13
Rhinolophus subrufus	10.4
Rhinolophus subbadius	10.49
Rhinolophus shameli	9.61
Rhinolophus sinicus	10.62
Rhinolophus robinsoni	8.5
Rhinolophus silvestris	10.4
Rhinolophus imaizumii	10.62
Rhinolophus shortridgei	10.62
Rhinolophus sedulus	8.75
Rhinolophus sakejiensis	22
Rhinolophus ruwenzorii	10.62
Rhinolophus rufus	30
Rhinolophus rouxii	12.25
Rhinolophus stheno	7.9
Rhinolophus affinis	13.63
Rhinolophus clivosus	15.66
Rhinolophus capensis	12.8
Rhinolophus inops	13.5
Rhinolophus borneensis	7.9
Rhinolophus bocharicus	15.05
Rhinolophus blasii	9.7
Rhinolophus beddomei	10.62
Rhinolophus coelophyllus	7.1
Rhinolophus alcyone	18.75
Rhinolophus celebensis	10.4
Rhinolophus adami	10.4
Rhinolophus acuminatus	12.13
Rhinolophus macrotis	6.15
Rhinolophus maclaudi	13.08
Rhinolophus luctus	33.45
Rhinolophus lepidus	5.7
Rhinolophus keyensis	6.26
Rhinolophus arcuatus	8.75
Rhinolophus ferrumequinum	21.06
Rhinolophus hipposideros	4.71
Rhinolophus hillorum	10.62
Rhinolophus hilli	13.6
Rhinolophus hildebrandtii	25.99
Rhinolophus guineensis	9.9
Rhinolophus canuti	10.75
Rhinolophus formosae	10.62
Rhinolophus cognatus	10.49
Rhinolophus euryotis	14.3
Rhinolophus euryale	8.15
Rhinolophus eloquens	19.05
Rhinolophus denti	6.15
Rhinolophus deckenii	10.4
Rhinolophus darlingi	9.45
Rhinolophus creaghi	12
Rhinolophus cornutus	7.2
Rhinolophus convexus	10.62
Rhinolophus fumigatus	12.94
Anthops ornatus	8
Asellia patrizii	14.1
Asellia tridens	11.93
Aselliscus stoliczkanus	4.9
Aselliscus tricuspidatus	4.1
Cloeotis percivali	4.05
Coelops robinsoni	6.5
Coelops frithii	7.52
Hipposideros lankadiva	52.4
Hipposideros muscinus	14.41
Hipposideros megalotis	9.31
Hipposideros marisae	9.31
Hipposideros maggietaylorae	18.5
Hipposideros madurae	13.94
Hipposideros macrobullatus	9.31
Hipposideros lylei	40
Hipposideros larvatus	19.85
Hipposideros orbiculus	13.94
Hipposideros lamottei	9.78
Hipposideros jonesi	5.5
Hipposideros inornatus	25.9
Hipposideros inexpectatus	21.41
Hipposideros hypophyllus	13.94
Hipposideros halophyllus	4
Hipposideros grandis	13.94
Hipposideros gigas	115.42
Hipposideros galeritus	8.18
Hipposideros lekaguli	31.1
Hipposideros semoni	14
Hipposideros fulvus	8.5
Hipposideros dyacorum	6.05
Hipposideros wollastoni	6.75
Hipposideros vittatus	13.94
Hipposideros turpis	33.35
Hipposideros thomensis	13.94
Hipposideros sumbae	13.94
Hipposideros stenotis	12
Hipposideros nequam	9.31
Hipposideros sorenseni	13.94
Hipposideros obscurus	9.5
Hipposideros scutinares	13.94
Hipposideros ruber	10.11
Hipposideros rotalis	13.94
Hipposideros ridleyi	8.83
Hipposideros pygmaeus	3.5
Hipposideros pratti	31.8
Hipposideros pomona	6.2
Hipposideros pelingensis	13.94
Hipposideros papua	9.31
Hipposideros speoris	10.43
Hipposideros breviceps	9.31
Hipposideros cyclops	33.5
Hipposideros demissus	13.94
Hipposideros diadema	43.76
Hipposideros crumeniferus	9.18
Hipposideros coxi	9.25
Hipposideros corynophyllus	14.5
Hipposideros coronatus	10.59
Hipposideros commersoni	99.09
Hipposideros cineraceus	4.72
Hipposideros cervinus	9.3
Hipposideros camerunensis	23.28
Hipposideros curtus	9.31
Hipposideros caffer	9.45
Hipposideros bicolor	7.64
Hipposideros beatus	6.65
Hipposideros ater	5.79
Hipposideros armiger	53
Hipposideros fuliginosus	9.31
Hipposideros dinops	74.5
Hipposideros doriae	4.24
Hipposideros durgadasi	13.94
Hipposideros abae	9.31
Hipposideros edwardshilli	13.94
Hipposideros calcaratus	11.35
Paracoelops megalotis	5.67
Rhinonicteris aurantia	8.77
Triaenops auritus	8.6
Triaenops rufus	9.1
Triaenops persicus	12.58
Triaenops furculus	5.56
Megaderma spasma	25.38
Megaderma lyra	45.54
Cardioderma cor	27.84
Lavia frons	23.93
Macroderma gigas	126.43
Rhinopoma microphyllum	27.87
Rhinopoma hardwickii	13.1
Rhinopoma macinnesi	14.94
Rhinopoma muscatellum	9.14
Lophostoma schulzi	18.02
Lophostoma evotis	20.58
Lophostoma carrikeri	22.35
Lophostoma brasiliense	9.76
Lophostoma silvicolum	32.29
Macrophyllum macrophyllum	8.1
Macrotus californicus	11.63
Macrotus waterhousii	12.75
Micronycteris brosseti	4.85
Micronycteris sanborni	6.3
Micronycteris minuta	6.5
Micronycteris hirsuta	12.01
Micronycteris homezi	6.8
Micronycteris matses	6.85
Micronycteris megalotis	6.11
Micronycteris microtis	6.5
Micronycteris schmidtorum	7.53
Chrotopterus auritus	77.86
Glyphonycteris behnii	11.32
Glyphonycteris daviesi	18.61
Glyphonycteris sylvestris	8.91
Lampronycteris brachyotis	10.39
Lonchorhina orinocensis	8.8
Lonchorhina inusitata	13.29
Lonchorhina aurita	15.7
Lonchorhina marinkellei	17
Lonchorhina fernandezi	14.32
Mimon bennettii	25.2
Mimon cozumelae	18.61
Mimon crenulatum	13.75
Mimon koepckeae	18.61
Neonycteris pusilla	12.35
Phylloderma stenops	53.68
Phyllostomus elongatus	40.43
Phyllostomus hastatus	87.21
Phyllostomus latifolius	134
Phyllostomus discolor	34.13
Tonatia bidens	27.21
Tonatia saurophila	30
Trachops cirrhosus	37.67
Trinycteris nicefori	8.25
Vampyrum spectrum	167.65
Artibeus phaeotis	11.59
Artibeus cinereus	12.63
Artibeus glaucus	11.06
Artibeus gnomus	10.06
Artibeus incomitatus	26.52
Artibeus aztecus	20.38
Artibeus toltecus	15.4
Artibeus watsoni	11.2
Artibeus anderseni	138
Artibeus fimbriatus	63.9
Artibeus fraterculus	36
Artibeus hirsutus	38.73
Artibeus amplus	60
Artibeus inopinatus	29.3
Artibeus jamaicensis	42.17
Artibeus obscurus	35.2
Artibeus lituratus	60.54
Artibeus concolor	19.35
Centurio senex	21.22
Ametrida centurio	10.33
Ardops nichollsi	17.16
Ariteus flavescens	11.9
Chiroderma trinitatum	13.68
Chiroderma villosum	23.12
Chiroderma salvini	25.52
Chiroderma improvisum	35
Chiroderma doriae	19.9
Ectophylla alba	5.76
Enchisthenes hartii	16.99
Mesophylla macconnelli	6.92
Phyllops falcatus	20.91
Platyrrhinus recifinus	22
Platyrrhinus dorsalis	26
Platyrrhinus umbratus	24.5
Platyrrhinus helleri	13.5
Platyrrhinus infuscus	50.2
Platyrrhinus chocoensis	22
Platyrrhinus brachycephalus	14.1
Platyrrhinus aurarius	34.15
Platyrrhinus lineatus	24.36
Platyrrhinus vittatus	41.4
Pygoderma bilabiatum	18.5
Sphaeronycteris toxophyllum	16.18
Stenoderma rufum	20.65
Uroderma bilobatum	16.69
Uroderma magnirostrum	16.85
Vampyressa pusilla	8.63
Vampyressa thyone	7.17
Vampyressa melissa	16.3
Vampyressa brocki	10
Vampyressa nymphaea	11.8
Vampyressa bidens	11.6
Vampyrodes caraccioli	34.7
Sturnira tildae	24.04
Sturnira oporaphilum	21.99
Sturnira thomasi	21.66
Sturnira mordax	25.08
Sturnira magna	21.66
Sturnira luisi	21
Sturnira ludovici	21.02
Sturnira lilium	19.1
Sturnira erythromos	15.1
Sturnira bogotensis	20.8
Sturnira aratathomasi	48.63
Sturnira mistratensis	22.27
Sturnira nana	18.47
Sturnira bidens	17.55
Desmodus rotundus	31.21
Diaemus youngi	36.31
Diphylla ecaudata	29.3
Brachyphylla cavernarum	46.17
Brachyphylla nana	35.83
Erophylla sezekorni	15.8
Erophylla bombifrons	16.28
Phyllonycteris poeyi	15.36
Phyllonycteris major	14.15
Phyllonycteris aphylla	14.15
Anoura cultrata	16.85
Anoura geoffroyi	14.62
Anoura latidens	14.65
Anoura luismanueli	14.05
Anoura caudifer	10.81
Choeroniscus godmani	7.9
Choeroniscus minor	8.73
Choeroniscus periosus	11.57
Choeronycteris mexicana	16.6
Glossophaga longirostris	11.92
Glossophaga leachii	10.1
Glossophaga morenoi	8.4
Glossophaga soricina	9.43
Glossophaga commissarisi	8.9
Hylonycteris underwoodi	6.65
Leptonycteris yerbabuenae	22.24
Leptonycteris nivalis	25.64
Leptonycteris curasoae	23.42
Lichonycteris obscura	5.6
Monophyllus redmani	8.7
Monophyllus plethodon	14.81
Musonycteris harrisoni	13.37
Scleronycteris ega	49
Lionycteris spurrelli	8.38
Lonchophylla mordax	10.7
Lonchophylla bokermanni	11.8
Lonchophylla dekeyseri	11.8
Lonchophylla handleyi	18.5
Lonchophylla hesperia	11.8
Lonchophylla thomasi	6.85
Lonchophylla robusta	13
Platalina genovensium	16.25
Carollia brevicauda	14.4
Carollia castanea	13.27
Carollia colombiana	15.47
Carollia perspicillata	18
Carollia subrufa	15.59
Carollia sowelli	16.5
Rhinophylla alethina	13.57
Rhinophylla fischerae	9.6
Rhinophylla pumilio	9.55
Craseonycteris thonglongyai	2.15
Saccolaimus flaviventris	42.13
Saccolaimus mixtus	23.03
Saccolaimus peli	100
Saccolaimus saccolaimus	41.8
Taphozous perforatus	27.33
Taphozous melanopogon	25.94
Taphozous achates	26.96
Taphozous australis	22.9
Taphozous georgianus	27.66
Taphozous hildegardeae	29.6
Taphozous hilli	22
Taphozous kapalgensis	26
Taphozous longimanus	26.92
Taphozous theobaldi	39.8
Taphozous mauritianus	27.35
Taphozous troughtoni	26.96
Taphozous hamiltoni	22
Taphozous nudiventris	30.07
Balantiopteryx infusca	4.38
Balantiopteryx io	4.3
Balantiopteryx plicata	6.39
Centronycteris centralis	5
Centronycteris maximiliani	5
Coleura afra	10.67
Coleura seychellensis	10.57
Cormura brevirostris	9.18
Cyttarops alecto	5.3
Diclidurus albus	15.6
Diclidurus ingens	123
Diclidurus scutatus	13.25
Diclidurus isabellus	14
Emballonura serii	5.75
Emballonura alecto	5.25
Emballonura atrata	4.55
Emballonura beccarii	4.2
Emballonura dianae	7.97
Emballonura furax	11.15
Emballonura monticola	5.68
Emballonura semicaudata	6.3
Emballonura raffrayana	5.6
Mosia nigrescens	3.25
Peropteryx kappleri	9.42
Peropteryx macrotis	5.42
Peropteryx trinitatis	4.19
Peropteryx leucoptera	6
Rhynchonycteris naso	3.83
Saccopteryx leptura	4.72
Saccopteryx antioquensis	4.72
Saccopteryx bilineata	7.8
Saccopteryx canescens	3.38
Saccopteryx gymnura	4
Nycteris aurita	11.86
Nycteris madagascariensis	17.69
Nycteris grandis	30.16
Nycteris arge	11.95
Nycteris gambiensis	6.95
Nycteris hispida	8.63
Nycteris intermedia	10.65
Nycteris macrotis	14.46
Nycteris major	11.21
Nycteris nana	6.95
Nycteris parisii	11.86
Nycteris thebaica	9.81
Nycteris tragata	14.4
Nycteris vinsoni	11.86
Nycteris woodi	7.55
Nycteris javanica	17.7
Myzopoda aurita	9.1
Mystacina robusta	27.25
Mystacina tuberculata	12.6
Mops trevori	18.65
Mops mops	30.95
Mops sarasinorum	24.17
Mops niveiventer	21.7
Mops niangarae	18.65
Mops demonstrator	18.65
Mops congicus	42.95
Mops leucostigma	26.79
Mops midas	45.22
Mops condylurus	28.37
Mops petersoni	18.65
Mops spurrelli	8.08
Mops thersites	22
Mops nanulus	18.65
Mops brachypterus	16
Chaerephon bemmeleni	19
Chaerephon solomonis	14.53
Chaerephon ansorgei	16.14
Chaerephon jobensis	16.89
Chaerephon bivittatus	15.42
Chaerephon bregullae	14.53
Chaerephon chapini	10
Chaerephon gallagheri	18.65
Chaerephon leucogaster	12.5
Chaerephon nigeriae	19.8
Chaerephon plicatus	21.83
Chaerephon pumilus	10.98
Chaerephon shortridgei	14.53
Chaerephon tomensis	7.48
Chaerephon aloysiisabaudiae	14.53
Chaerephon johorensis	18.65
Chaerephon russatus	16.98
Chaerephon major	14.75
Cheiromeles torquatus	163.5
Cheiromeles parvidens	163.5
Cynomops abrasus	35.39
Cynomops greenhalli	15.87
Cynomops mexicanus	17.21
Cynomops paranus	12.16
Cynomops planirostris	12.84
Eumops dabbenei	104.35
Eumops bonariensis	11.9
Eumops trumbulli	34.01
Eumops glaucinus	35.38
Eumops hansae	15.05
Eumops maurus	29.38
Eumops patagonicus	34.01
Eumops perotis	51.13
Eumops underwoodi	54.7
Eumops auripendulus	28.45
Molossops temminckii	5.9
Molossops neglectus	11
Molossops aequatorianus	14.51
Molossops mattogrossensis	6.83
Molossus currentium	17.79
Molossus sinaloae	22.58
Molossus rufus	25
Molossus molossus	13.58
Molossus coibensis	18.73
Molossus barnesi	14.8
Molossus aztecus	14.86
Molossus pretiosus	27
Mormopterus jugularis	11.5
Mormopterus phrudus	13.44
Mormopterus norfolkensis	8
Mormopterus minutus	13.44
Mormopterus loriae	7
Mormopterus kalinowskii	13.44
Mormopterus acetabulosus	11
Mormopterus beccarii	14.85
Mormopterus doriae	12.5
Mormopterus planiceps	8.8
Myopterus daubentonii	23.62
Myopterus whitleyi	11.5
Nyctinomops macrotis	18.4
Nyctinomops aurispinosus	17.95
Nyctinomops femorosaccus	14.63
Nyctinomops laticaudatus	12.22
Otomops formosus	21.4
Otomops wroughtoni	21.4
Otomops papuensis	16.5
Otomops martiensseni	34.3
Otomops secundus	21.4
Otomops johnstonei	24.19
Otomops madagascariensis	25
Platymops setiger	13
Promops centralis	26.37
Promops nasutus	15.2
Sauromys petrophilus	14.25
Tadarida teniotis	27.04
Tadarida ventralis	23.62
Tadarida latouchei	23.55
Tadarida lobata	23.62
Tadarida kuboriensis	26.8
Tadarida aegyptiaca	16.78
Tadarida australis	31.8
Tadarida brasiliensis	12.49
Tadarida fulminans	35.28
Tadarida insignis	23.55
Tomopeas ravus	2.54
Eptesicus furinalis	7.74
Eptesicus dimissus	13.03
Eptesicus fuscus	16.46
Eptesicus diminutus	6
Eptesicus chiriquinus	11.25
Eptesicus brasiliensis	9.47
Eptesicus bottae	14.23
Eptesicus matroka	6.57
Eptesicus andinus	10.96
Eptesicus tatei	11.42
Eptesicus japonensis	10.96
Eptesicus nasutus	7.91
Eptesicus nilssonii	10.72
Eptesicus pachyotis	8.28
Eptesicus platyops	11.42
Eptesicus serotinus	22.86
Eptesicus bobrinskoi	7.55
Eptesicus gobiensis	10.96
Eptesicus innoxius	8.86
Eptesicus guadeloupensis	11.42
Eptesicus hottentotus	30
Eptesicus kobayashii	10.96
Eptesicus floweri	10.17
Arielulus aureocollaris	10.4
Arielulus torquatus	10.4
Arielulus societatis	8.03
Arielulus circumdatus	10.4
Arielulus cuprosus	10.4
Hesperoptenus doriae	9.56
Hesperoptenus gaskelli	13.07
Hesperoptenus tomesi	31
Hesperoptenus tickelli	16.3
Hesperoptenus blanfordi	6.53
Scotophilus dinganii	25.13
Scotophilus robustus	26.03
Scotophilus borbonicus	18
Scotophilus heathii	36.13
Scotophilus collinus	28.26
Scotophilus kuhlii	20.73
Scotophilus nux	30
Scotophilus nucella	28.26
Scotophilus viridis	19.6
Scotophilus nigrita	101
Scotophilus leucogaster	20.23
Scotophilus celebensis	26.77
Scotorepens balstoni	11.92
Scotorepens greyii	10
Scotorepens sanborni	8.13
Scotorepens orion	11.83
Nycticeinops schlieffeni	5.05
Nycticeius aenobarbus	8.99
Nycticeius humeralis	8.99
Nycticeius cubanus	8.99
Rhogeessa gracilis	4.88
Rhogeessa tumida	4.58
Rhogeessa parvula	4.37
Rhogeessa mira	4.91
Rhogeessa minutilla	3.75
Rhogeessa hussoni	4.22
Rhogeessa genowaysi	4.64
Rhogeessa aeneus	4.22
Rhogeessa io	4.22
Rhogeessa alleni	5.47
Scoteanax rueppellii	26.41
Scotoecus albofuscus	4.5
Scotoecus hindei	10.41
Scotoecus hirundo	9.34
Scotoecus pallidus	7.43
Scotoecus albigula	10.08
Scotomanes ornatus	21.8
Nyctophilus bifax	9.89
Nyctophilus howensis	7.78
Nyctophilus microdon	7.63
Nyctophilus walkeri	4.34
Nyctophilus heran	7.63
Nyctophilus geoffroyi	7.28
Nyctophilus gouldi	10
Nyctophilus timoriensis	11.73
Nyctophilus nebulosus	7.78
Nyctophilus microtis	7.1
Nyctophilus arnhemensis	6.65
Pharotis imogene	8.34
Lasiurus ebenus	14
Lasiurus borealis	10.74
Lasiurus blossevillii	9.5
Lasiurus castaneus	13.63
Lasiurus cinereus	25.28
Lasiurus degelidus	14.57
Lasiurus egregius	20
Lasiurus varius	14.57
Lasiurus minor	14.57
Lasiurus pfeifferi	14.57
Lasiurus salinae	14.57
Lasiurus seminolus	9.89
Lasiurus atratus	14.57
Lasiurus insularis	14.57
Lasiurus xanthinus	14.57
Lasiurus ega	13.2
Lasiurus intermedius	23.03
Pipistrellus nathusii	7.31
Pipistrellus nanulus	2.5
Pipistrellus maderensis	6.2
Pipistrellus pipistrellus	5.69
Pipistrellus kuhlii	5.93
Pipistrellus minahassae	7.45
Pipistrellus papuanus	5.28
Pipistrellus permixtus	6.36
Pipistrellus javanicus	5.29
Pipistrellus angulatus	3.35
Pipistrellus pygmaeus	5.28
Pipistrellus paterculus	5.6
Pipistrellus inexspectatus	6.2
Pipistrellus hesperus	3.7
Pipistrellus hesperidus	5.28
Pipistrellus endoi	5.6
Pipistrellus deserti	6.2
Pipistrellus coromandra	4.6
Pipistrellus ceylonicus	8.39
Pipistrellus aero	6.2
Pipistrellus adamsi	4.2
Pipistrellus abramus	5.87
Pipistrellus rusticus	4.55
Pipistrellus collinus	6.75
Pipistrellus sturdeei	5.28
Pipistrellus rueppellii	7.07
Pipistrellus stenopterus	15.2
Pipistrellus westralis	3
Pipistrellus wattsi	5.28
Pipistrellus tenuis	4.7
Pipistrellus subflavus	5.76
Scotozous dormeri	6.79
Glischropus javanus	5.91
Glischropus tylopus	4.39
Nyctalus lasiopterus	49.73
Nyctalus plancyi	26.44
Nyctalus noctula	28
Nyctalus aviator	21.85
Nyctalus leisleri	13.28
Nyctalus furvus	26.44
Nyctalus azoreum	21.85
Nyctalus montanus	21.85
Barbastella barbastellus	8.03
Barbastella leucomelas	15.05
Corynorhinus townsendii	10.3
Corynorhinus rafinesquii	9.15
Corynorhinus mexicanus	9.71
Euderma maculatum	15.66
Idionycteris phyllotis	12.03
Otonycteris hemprichii	21.98
Plecotus teneriffae	8.33
Plecotus austriacus	7.3
Plecotus balensis	7.56
Plecotus auritus	7.83
Plecotus kolombatovici	7.56
Plecotus sardus	7.56
Plecotus taivanus	8.54
Plecotus alpinus	7.56
Neoromicia somalicus	3.53
Neoromicia tenuipinnis	5.35
Neoromicia capensis	5.96
Neoromicia flavescens	10.5
Neoromicia guineensis	5.07
Neoromicia helios	3.56
Neoromicia melckorum	5.07
Neoromicia nanus	3.88
Neoromicia brunneus	9.56
Neoromicia zuluensis	4.14
Neoromicia rendalli	6.42
Chalinolobus dwyeri	9.03
Chalinolobus picatus	5.1
Chalinolobus tuberculatus	8.5
Chalinolobus nigrogriseus	8.8
Chalinolobus neocaledonicus	8.71
Chalinolobus morio	8.77
Chalinolobus gouldii	14.47
Eudiscopus denticulus	9.56
Falsistrellus petersi	22.77
Falsistrellus mordax	10.23
Falsistrellus tasmaniensis	22.54
Falsistrellus affinis	10.23
Falsistrellus mackenziei	23
Glauconycteris humeralis	5.49
Glauconycteris alboguttata	8.42
Glauconycteris argentata	9.3
Glauconycteris beatrix	7.5
Glauconycteris curryae	8.11
Glauconycteris gleni	10.81
Glauconycteris kenyacola	7.17
Glauconycteris machadoi	8.11
Glauconycteris poensis	6.91
Glauconycteris superba	8.42
Glauconycteris variegata	11.25
Glauconycteris egeria	8.42
Histiotus velatus	11.2
Histiotus alienus	10.42
Histiotus humboldti	11.1
Histiotus laephotis	11.1
Histiotus magellanicus	11.1
Histiotus macrotus	11
Histiotus montanus	10.42
Hypsugo kitcheneri	9.56
Hypsugo bodenheimeri	2.73
Hypsugo vordermanni	5.12
Hypsugo savii	6.3
Hypsugo pulveratus	5.53
Hypsugo musciculus	5.12
Hypsugo alaschanicus	5.12
Hypsugo lophurus	9.56
Hypsugo joffrei	5.12
Hypsugo imbricatus	6.29
Hypsugo eisentrauti	6.11
Hypsugo cadornae	6.69
Hypsugo ariel	5.12
Hypsugo arabicus	3.17
Hypsugo anthonyi	12.15
Hypsugo anchietae	9.56
Hypsugo macrotis	9.56
Hypsugo crassulus	6.09
Ia io	49.2
Laephotis angolensis	7.48
Laephotis botswanae	7.2
Laephotis namibensis	7.48
Laephotis wintoni	6
Mimetillus moloneyi	8.8
Philetor brachypterus	10.93
Tylonycteris robustula	7.62
Tylonycteris pachypus	3.58
Vespadelus caurinus	3.1
Vespadelus darlingtoni	6.06
Vespadelus douglasorum	4.99
Vespadelus finlaysoni	4.64
Vespadelus pumilus	5.4
Vespadelus regulus	5.05
Vespadelus troughtoni	4.64
Vespadelus vulturnus	3.77
Vespadelus baverstocki	4.8
Vespertilio murinus	18.7
Vespertilio sinensis	24.3
Antrozous pallidus	20.8
Bauerus dubiaquercus	22.22
Cistugo seabrae	8.35
Cistugo lesueuri	7.26
Lasionycteris noctivagans	10.46
Myotis nigricans	4.24
Myotis nesopolus	3.5
Myotis nattereri	7.14
Myotis mystacinus	4.99
Myotis macropus	7.74
Myotis nipalensis	7.74
Myotis occultus	8.79
Myotis myotis	24.79
Myotis muricola	4.09
Myotis morrisi	9.01
Myotis montivagus	8.3
Myotis moluccarum	7.74
Myotis melanorhinus	7.74
Myotis keenii	6.27
Myotis grisescens	10.54
Myotis hajastanicus	7.74
Myotis hasseltii	8.75
Myotis hermani	7.74
Myotis horsfieldii	6.26
Myotis hosonoi	7.74
Myotis ikonnikovi	5.62
Myotis martiniquensis	5.9
Myotis keaysi	5.3
Myotis macrotarsus	12.5
Myotis laniger	7.74
Myotis leibii	5.13
Myotis levis	5.5
Myotis longipes	7.25
Myotis lucifugus	7.65
Myotis macrodactylus	7.2
Myotis ozensis	7.74
Myotis insularum	6.52
Myotis ridleyi	4.5
Myotis oxygnathus	21.23
Myotis sodalis	6.91
Myotis simus	8.2
Myotis siligorensis	2.7
Myotis pruinosus	7.25
Myotis thysanodes	8.13
Myotis ricketti	7.74
Myotis tricolor	13.94
Myotis riparius	5.55
Myotis sicarius	17.43
Myotis septentrionalis	7.74
Myotis scotti	6.86
Myotis schaubi	9.46
Myotis ruber	5
Myotis punicus	7.74
Myotis dominicensis	5.9
Myotis oxyotus	5.5
Myotis rosseti	3.29
Myotis peninsularis	7.26
Myotis pequinius	9.52
Myotis planiceps	5.36
Myotis stalkeri	9.05
Myotis yumanensis	5.39
Myotis oreias	8.31
Myotis yesoensis	7.74
Myotis yanbarensis	7.74
Myotis welwitschii	15.5
Myotis volans	8.46
Myotis vivesi	25
Myotis velifer	10.1
Myotis goudoti	5.56
Myotis annectans	9.8
Myotis bombinus	9.46
Myotis bocagii	7.93
Myotis blythii	22.47
Myotis bechsteinii	9.47
Myotis austroriparius	6.84
Myotis australis	5.62
Myotis auriculus	36.99
Myotis brandtii	5.3
Myotis atacamensis	6.77
Myotis albescens	5.3
Myotis annamiticus	7.74
Myotis anjouanensis	7.74
Myotis altarium	11
Myotis alcathoe	7.74
Myotis gomantongensis	7.74
Myotis aelleni	7.26
Myotis emarginatus	7.66
Myotis abei	7.74
Myotis ater	7.74
Myotis evotis	6.7
Myotis bucharensis	7.74
Myotis frater	7.55
Myotis fortidens	4.35
Myotis formosus	7
Myotis findleyi	5.9
Myotis adversus	10.55
Myotis fimbriatus	7.74
Myotis elegans	4.05
Myotis davidii	7.74
Myotis chiloensis	6.75
Myotis californicus	4.6
Myotis capaccinii	7.44
Myotis daubentonii	7.63
Myotis chinensis	42
Myotis ciliolabrum	4.89
Myotis cobanensis	7.26
Myotis csorbai	7.74
Myotis dasycneme	14.13
Miniopterus shortridgei	9.76
Miniopterus majori	9
Miniopterus inflatus	14.2
Miniopterus gleni	9
Miniopterus fuscus	10.73
Miniopterus fraterculus	7.3
Miniopterus australis	6.15
Miniopterus manavi	7
Miniopterus africanus	9.76
Miniopterus magnater	14.07
Miniopterus medius	11.4
Miniopterus minor	7.01
Miniopterus natalensis	10.43
Miniopterus paululus	9.76
Miniopterus pusillus	8.61
Miniopterus robustior	12.06
Miniopterus schreibersii	11.46
Miniopterus tristis	15.75
Minopterus macrocneme	9.83
Harpiocephalus harpia	16.31
Harpiocephalus mordax	16.31
Murina tenebrosa	5.74
Murina aenea	7.38
Murina tubinaris	5.45
Murina suilla	3.63
Murina silvatica	5.92
Murina ryukyuana	5.92
Murina rozendaali	4.55
Murina puta	6.73
Murina leucogaster	7.55
Murina huttoni	7.6
Murina hilgendorfi	5.92
Murina fusca	6.23
Murina florium	4.25
Murina aurata	5.74
Murina ussuriensis	5.74
Murina cyclotis	9.28
Murina grisea	6.58
Kerivoula lenis	4.9
Kerivoula agnella	5.03
Kerivoula argentata	10
Kerivoula cuprosa	5.03
Kerivoula eriophora	5.03
Kerivoula flora	5.95
Kerivoula hardwickii	4.55
Kerivoula africana	4.9
Kerivoula lanosa	6.5
Kerivoula smithii	5.03
Kerivoula minuta	2.07
Kerivoula muscina	5.15
Kerivoula myrella	6.5
Kerivoula papillosa	9.8
Kerivoula pellucida	4.13
Kerivoula phalaena	3
Kerivoula picta	4.5
Kerivoula whiteheadi	3.95
Kerivoula intermedia	3.55
Phoniscus papuensis	6.32
Phoniscus jagorii	4.7
Phoniscus atrox	4.81
Phoniscus aerosa	5.23
Mormoops blainvillei	8.69
Mormoops megalophylla	15.81
Mormoops magna	11.72
Pteronotus davyi	9.21
Pteronotus gymnonotus	14.43
Pteronotus quadridens	5.16
Pteronotus macleayii	5.35
Pteronotus parnellii	19.67
Pteronotus pristinus	9.25
Pteronotus personatus	8.71
Noctilio leporinus	58.32
Noctilio albiventris	30.85
Amorphochilus schnablii	3.3
Furipterus horrens	3.18
Thyroptera discifera	3.1
Thyroptera lavali	3.67
Thyroptera tricolor	4.36
Chilonatalus micropus	2.5
Chilonatalus tumidifrons	3.62
Natalus jamaicensis	5.76
Natalus major	5.76
Natalus primus	5.76
Natalus tumidirostris	6.05
Natalus stramineus	5.48
Nyctiellus lepidus	4.48
Manis crassicaudata	8457.33
Manis pentadactyla	4675
Manis culionensis	5982.25
Manis javanica	5150
Manis temminckii	7179.93
Manis gigantea	32999.7
Manis tetradactyla	2749.98
Manis tricuspis	2066.67
Acinonyx jubatus	46700
Caracal caracal	13749.91
Catopuma badia	2500
Catopuma temminckii	11500
Felis catus	2884.8
Felis silvestris	5099.99
Felis nigripes	1299.99
Felis margarita	2524.99
Felis chaus	7392.98
Felis bieti	5500
Felis manul	3050
Leopardus guigna	5157.94
Leopardus tigrinus	2250
Leopardus pardalis	11900.08
Leopardus wiedii	3249.97
Leopardus geoffroyi	5157.94
Leopardus colocolo	5157.94
Leopardus braccatus	5157.94
Leopardus pajeros	5157.94
Leopardus jacobitus	8133.78
Leptailurus serval	11999.97
Lynx pardinus	9400
Lynx rufus	8904.1
Lynx lynx	17950
Lynx canadensis	9373.25
Pardofelis marmorata	2854.25
Prionailurus bengalensis	3300
Prionailurus iriomotensis	3700
Prionailurus planiceps	6750
Prionailurus rubiginosus	1384.38
Prionailurus viverrinus	9140.33
Profelis aurata	10650.01
Puma yagouaroundi	6875
Puma concolor	51600.04
Neofelis nebulosa	19675.75
Panthera leo	161499.06
Panthera tigris	162564
Panthera onca	100000
Panthera pardus	52038.22
Uncia uncia	44167
Prionodon linsang	700
Prionodon pardicolor	512
Civettictis civetta	11999.97
Genetta tigrina	2225
Genetta abyssinica	1649.99
Genetta angolensis	1649.99
Genetta bourloni	1821.97
Genetta cristata	1863.23
Genetta genetta	1800
Genetta johnstoni	2225
Genetta pardina	1821.97
Genetta poensis	1821.97
Genetta thierryi	1400.01
Genetta victoriae	2999.99
Genetta servalina	1054.99
Genetta piscivora	1648.05
Genetta maculata	2225
Poiana richardsonii	500
Poiana leightoni	500
Viverra civettina	12793.81
Viverra zibetha	9500
Viverra tangalunga	6885
Viverra megaspila	9250
Viverricula indica	2908.43
Arctictis binturong	9875
Arctogalidia trivirgata	2250
Macrogalidia musschenbroekii	4000
Paguma larvata	4300
Paradoxurus zeylonensis	2780.75
Paradoxurus jerdoni	2780.75
Paradoxurus hermaphroditus	3156.66
Chrotogale owstoni	3250
Cynogale bennettii	4500
Diplogale hosei	3124.89
Hemigalus derbyanus	2322.5
Cryptoprocta ferox	9500
Eupleres goudotii	3000
Fossa fossana	1500
Galidia elegans	800
Galidictis grandidieri	1400
Galidictis fasciata	550
Mungotictis decemlineata	650
Salanoia concolor	650
Nandinia binotata	2000
Atilax paludinosus	3299.97
Bdeogale crassicauda	1549.99
Bdeogale jacksoni	2500
Bdeogale nigripes	2500
Crossarchus platycephalus	1250
Crossarchus obscurus	1250
Crossarchus ansorgei	700
Crossarchus alexandri	1500
Cynictis penicillata	836.01
Dologale dybowskii	350
Galerella sanguinea	550
Galerella pulverulenta	797
Galerella flavescens	750
Galerella ochracea	690.18
Helogale hirtula	289
Helogale parvula	300
Herpestes brachyurus	1853.52
Herpestes vitticollis	2575.59
Herpestes urva	1863.2
Herpestes smithii	1781.95
Herpestes semitorquatus	1916.01
Herpestes naso	2999.99
Herpestes javanicus	750
Herpestes ichneumon	5174.98
Herpestes edwardsi	1304.67
Herpestes fuscus	1984.74
Ichneumia albicauda	3500.02
Liberiictis kuhni	2150.01
Mungos mungo	1925
Mungos gambianus	1500
Paracynictis selousi	1639.99
Rhynchogale melleri	2500
Suricata suricatta	725.5
Crocuta crocuta	66492.06
Hyaena hyaena	41705.11
Hyaena brunnea	42977.93
Proteles cristata	8139.39
Vulpes vulpes	5476.17
Vulpes cana	936.85
Vulpes chama	2955.02
Vulpes corsac	2400
Vulpes ferrilata	5000
Vulpes rueppellii	3249.97
Vulpes zerda	1100
Vulpes bengalensis	2726
Vulpes velox	2197.51
Vulpes lagopus	3584.37
Vulpes macrotis	4499.97
Vulpes pallida	2800.01
Atelocynus microtis	7749.97
Canis aureus	10345.23
Canis latrans	13406.33
Canis lupus	32183.33
Canis mesomelas	8500.02
Canis simensis	10000
Canis adustus	10249.91
Cerdocyon thous	5239.98
Chrysocyon brachyurus	23249.84
Cuon alpinus	14173.33
Dusicyon australis	50003.45
Lycalopex fulvipes	5146.58
Lycalopex vetulus	4233.47
Lycalopex sechurae	4234
Lycalopex griseus	5146.58
Lycalopex culpaeus	8616.24
Lycalopex gymnocercus	4542.67
Lycaon pictus	22050.07
Nyctereutes procyonoides	4040
Otocyon megalotis	4150.02
Speothos venaticus	5999.98
Urocyon cinereoargenteus	3833.72
Urocyon littoralis	1896
Odobenus rosmarus	825000
Cystophora cristata	288333.5
Erignathus barbatus	280000
Halichoerus grypus	157667
Histriophoca fasciata	90000
Hydrurga leptonyx	360000
Leptonychotes weddellii	400000
Lobodon carcinophaga	224999.99
Mirounga angustirostris	750000
Mirounga leonina	1600000
Monachus tropicalis	200000
Monachus schauinslandi	223000
Monachus monachus	292500
Ommatophoca rossii	250000
Pagophilus groenlandicus	132250
Phoca vitulina	100000
Phoca largha	150000
Pusa caspica	62326.2
Pusa sibirica	89499.99
Pusa hispida	70963.6
Mustela sibirica	405
Mustela itatsi	57
Mustela eversmanii	1684.21
Mustela erminea	119.38
Mustela subpalmata	350.52
Mustela strigidorsa	1500
Mustela putorius	915.37
Mustela nivalis	103.88
Mustela nigripes	850
Mustela lutreolina	706.6
Mustela nudipes	500
Mustela kathiah	208.08
Mustela frenata	147
Mustela felipei	211.3
Mustela altaica	171
Mustela africana	536.99
Mustela lutreola	440
Arctonyx collaris	6356
Eira barbara	3910.03
Galictis cuja	1000
Galictis vittata	3200
Gulo gulo	17012.56
Ictonyx striatus	1299.99
Ictonyx libyca	2062.5
Lyncodon patagonicus	225
Martes flavigula	1842.5
Martes foina	1540.8
Martes gwatkinsii	2043
Martes martes	1300
Martes melampus	1000
Martes pennanti	4000
Martes zibellina	1130
Martes americana	1250
Meles meles	13000
Meles leucurus	13000
Meles anakuma	13000
Mellivora capensis	8500
Melogale everetti	1500
Melogale moschata	805.25
Melogale orientalis	2000
Melogale personata	1702.5
Neovison vison	1150
Neovison macrodon	1150
Poecilogale albinucha	340
Taxidea taxus	7107.55
Vormela peregusna	450.38
Aonyx capensis	18999.84
Aonyx cinerea	3527.59
Enhydra lutris	23500
Hydrictis maculicollis	4180.53
Lontra provocax	7499.98
Lontra canadensis	8087.42
Lontra felina	30600
Lontra longicaudis	6554.96
Lutra nippon	6951.14
Lutra sumatrana	5500
Lutra lutra	8785.14
Lutrogale perspicillata	9483.33
Pteronura brasiliensis	23999.93
Ailuropoda melanoleuca	108400
Helarctos malayanus	46500
Melursus ursinus	93130
Tremarctos ornatus	140000.63
Ursus americanus	99949.36
Ursus arctos	180520.42
Ursus maritimus	388750.36
Ursus thibetanus	77500
Arctocephalus philippii	95000
Arctocephalus australis	45000
Arctocephalus gazella	97500
Arctocephalus pusillus	178500
Arctocephalus townsendi	105000
Arctocephalus tropicalis	84000
Arctocephalus galapagoensis	27000
Arctocephalus forsteri	101250
Callorhinus ursinus	45133
Eumetopias jubatus	310000
Neophoca cinerea	190000
Otaria flavescens	193670.53
Phocarctos hookeri	112300
Zalophus californianus	80000
Zalophus japonicus	80000
Zalophus wollebaeki	80000
Conepatus chinga	1917.52
Conepatus humboldtii	328
Conepatus leuconotus	3500.02
Conepatus semistriatus	1200
Mephitis macroura	801.25
Mephitis mephitis	2085.02
Mydaus javanensis	2500
Mydaus marchei	1414.2
Spilogale angustifrons	334.37
Spilogale gracilis	466.5
Spilogale putorius	341
Spilogale pygmaea	235
Spilogale aquaticus	283.08
Bassaricyon alleni	1235.01
Bassaricyon beddardi	1235.01
Bassaricyon gabbii	1250
Bassaricyon lasius	1200
Bassaricyon pauli	1200
Bassariscus astutus	1129.51
Bassariscus sumichrasti	899.99
Nasua nasua	3793.85
Nasua narica	4030.05
Nasuella olivacea	1339.99
Potos flavus	3000
Procyon cancrivorus	6949.92
Procyon lotor	5524.97
Procyon pygmaeus	2500
Ailurus fulgens	4900
Equus burchellii	276000
Equus quagga	400000
Equus zebra	286998.75
Equus kiang	275000
Equus caballus	250000
Equus asinus	244999.25
Equus grevyi	407999.85
Equus hemionus	240000
Tapirus bairdii	299999.13
Tapirus indicus	296250
Tapirus pinchaque	148949.83
Tapirus terrestris	207500.91
Ceratotherium simum	2949986.31
Dicerorhinus sumatrensis	1266667
Diceros bicornis	1180510.9
Rhinoceros sondaicus	1750000
Rhinoceros unicornis	1602333
Sus celebensis	55000
Sus ahoenobarbus	73569.74
Sus verrucosus	81250
Sus scrofa	96118.09
Sus salvanius	7718
Sus oliveri	73569.74
Sus cebifrons	190792.3
Sus bucculentus	81648.19
Sus barbatus	96666.67
Sus philippensis	190792.3
Babyrousa babyrussa	100000
Babyrousa togeanensis	100000
Babyrousa celebensis	100000
Babyrousa bolabatuensis	100000
Phacochoerus africanus	82500
Phacochoerus aethiopicus	71000.27
Hylochoerus meinertzhageni	188500
Potamochoerus larvatus	48781.25
Potamochoerus porcus	70000.32
Catagonus wagneri	35566.41
Pecari tajacu	21266.69
Tayassu pecari	32233.69
Hexaprotodon liberiensis	235001.16
Hippopotamus amphibius	1417489.99
Camelus bactrianus	690000
Camelus dromedarius	601000
Lama glama	142500
Vicugna vicugna	47499.61
Neotragus moschatus	6499.95
Neotragus pygmaeus	4000
Neotragus batesi	2999.99
Oreotragus oreotragus	12999.9
Ammodorcas clarkei	28049.81
Antidorcas marsupialis	31500
Antilope cervicapra	37500
Dorcatragus megalotis	10249.91
Eudorcas rufina	40000
Eudorcas thomsonii	22907.43
Eudorcas rufifrons	26999.77
Gazella subgutturosa	28500
Gazella spekei	20000
Gazella erlangeri	20360.12
Gazella gazella	22749.93
Gazella dorcas	23000.11
Gazella arabica	12000
Gazella cuvieri	25000
Gazella saudiya	16000
Gazella leptoceros	22200
Gazella bennettii	18916.67
Litocranius walleri	37999.69
Madoqua kirkii	5300.05
Madoqua saltiana	3249.97
Madoqua piacentinii	2500
Madoqua guentheri	7499.98
Nanger granti	55464.46
Nanger soemmerringii	41582.93
Nanger dama	71424.81
Ourebia ourebi	17250.04
Procapra gutturosa	27750
Procapra przewalskii	27500
Procapra picticaudata	20000
Raphicerus melanotis	10249.91
Raphicerus sharpei	9499.92
Raphicerus campestris	10500.02
Saiga borealis	29000
Saiga tatarica	29000
Taurotragus oryx	569993.63
Taurotragus derbianus	680000
Tetracerus quadricornis	19000
Tragelaphus eurycerus	329003.11
Tragelaphus scriptus	43250.39
Tragelaphus strepsiceros	213501.04
Tragelaphus angasii	86600.42
Tragelaphus imberbis	81575.55
Tragelaphus buxtoni	215000.76
Tragelaphus spekii	77999.17
Bison bonasus	500000
Bison bison	579255.28
Bos frontalis	800000
Bos grunniens	416500
Bos taurus	900000
Bos sauveli	800000
Bos javanicus	625000
Boselaphus tragocamelus	169000
Bubalus bubalis	431250
Bubalus quarlesi	150000
Bubalus mindorensis	233333.33
Bubalus depressicornis	300000
Pseudoryx nghetinhensis	97842.2
Syncerus caffer	580002.68
Kobus kob	78500.06
Kobus leche	110749.05
Kobus megaceros	87500.39
Kobus vardonii	71500.65
Kobus ellipsiprymnus	210000.34
Pelea capreolus	20000
Redunca arundinum	58000.27
Redunca fulvorufula	29499.86
Redunca redunca	44050.41
Aepyceros melampus	52500.08
Alcelaphus caama	176115.97
Alcelaphus lichtensteinii	168695.66
Alcelaphus buselaphus	171001.53
Beatragus hunteri	79132.17
Connochaetes taurinus	179998.96
Connochaetes gnou	179998.96
Damaliscus pygargus	102000
Damaliscus superstes	120837.92
Damaliscus lunatus	136000.34
Damaliscus korrigum	127194.87
Ammotragus lervia	48000
Budorcas taxicolor	302000
Capra hircus	54250
Capra falconeri	41000
Capra ibex	85166.51
Capra caucasica	55000
Capra nubiana	62624.84
Capra pyrenaica	50000
Capra sibirica	130000
Capra walie	100000
Capricornis swinhoei	69093.52
Capricornis milneedwardsii	69093.52
Capricornis sumatraensis	110942.22
Capricornis rubidus	69093.52
Capricornis crispus	43030.64
Capricornis thar	69093.52
Hemitragus jayakari	23000
Hemitragus hylocrius	75000
Hemitragus jemlahicus	35200
Naemorhedus caudatus	27000
Naemorhedus goral	28500
Naemorhedus griseus	27655.49
Naemorhedus baileyi	27487.5
Oreamnos americanus	72500.33
Ovibos moschatus	340501.06
Ovis canadensis	74644.88
Ovis nivicola	90000
Ovis dalli	55650.62
Ovis aries	50000
Ovis ammon	180000
Pantholops hodgsonii	27500
Pseudois schaeferi	29250
Pseudois nayaur	45000
Rupicapra pyrenaica	30000
Rupicapra rupicapra	26100
Cephalophus rufilatus	11999.97
Cephalophus zebra	17500.08
Cephalophus weynsi	17000
Cephalophus silvicultor	72500.33
Cephalophus ogilbyi	20000
Cephalophus nigrifrons	13899.85
Cephalophus natalensis	11999.97
Cephalophus leucogaster	12699.89
Cephalophus adersi	9249.96
Cephalophus jentinki	70000.32
Cephalophus brookei	20863.36
Cephalophus dorsalis	20000
Cephalophus callipygus	18249.88
Cephalophus niger	20399.99
Cephalophus spadix	56000.25
Philantomba maxwellii	8557.69
Philantomba monticola	4896.05
Sylvicapra grimmia	19499.79
Addax nasomaculatus	70000.32
Hippotragus equinus	269997.66
Hippotragus leucophaeus	150000
Hippotragus niger	227499.27
Oryx leucoryx	87700
Oryx beisa	200576.52
Oryx dammah	200000
Oryx gazella	169001.28
Hyemoschus aquaticus	10850.01
Moschiola meminna	2938.14
Tragulus versicolor	3706.24
Tragulus williamsoni	3706.24
Tragulus nigricans	3706.24
Tragulus napu	4950
Tragulus kanchil	3706.24
Tragulus javanicus	2775
Moschus cupreus	2145.93
Moschus chrysogaster	14500
Moschus anhuiensis	2145.93
Moschus moschiferus	13000
Moschus leucogaster	2145.93
Moschus fuscus	12.5
Moschus berezovskii	9000
Alces americanus	541460.44
Alces alces	356998.16
Blastocerus dichotomus	86666.25
Capreolus pygargus	43752.21
Capreolus capreolus	22500
Hippocamelus bisulcus	70000.32
Hippocamelus antisensis	68599.35
Mazama rufina	25999.8
Mazama americana	22799.75
Mazama bororo	18809.87
Mazama bricenii	16499.85
Mazama chunyi	16499.85
Mazama gouazoubira	16633.17
Mazama pandora	18809.87
Mazama temama	18809.87
Mazama nana	16499.85
Odocoileus hemionus	54212.57
Odocoileus virginianus	55508.56
Ozotoceros bezoarticus	40000
Pudu mephistophiles	9599.97
Pudu puda	9749.9
Rangifer tarandus	86033.98
Axis kuhlii	55000
Axis calamianensis	40500
Axis porcinus	34418.5
Axis axis	67281.85
Cervus elaphus	165015.85
Cervus nippon	53000
Dama dama	52375
Elaphodus cephalophus	33500
Elaphurus davidianus	149000
Muntiacus feae	22000
Muntiacus crinifrons	36140.99
Muntiacus gongshanensis	19906.73
Muntiacus muntjak	15925.79
Muntiacus vuquangensis	36690.82
Muntiacus putaoensis	19506.63
Muntiacus atherodes	15600
Muntiacus reevesi	13500
Muntiacus rooseveltorum	10762.64
Muntiacus truongsonensis	19506.63
Muntiacus puhoatensis	19506.63
Przewalskium albirostris	161681.9
Rucervus schomburgki	107626.42
Rucervus eldii	95471.61
Rucervus duvaucelii	171223.86
Rusa unicolor	177522.9
Rusa alfredi	46475.04
Rusa marianna	49457.61
Rusa timorensis	66375.5
Hydropotes inermis	14000
Antilocapra americana	46082.92
Giraffa camelopardalis	899994.8
Okapia johnstoni	230001.15
Balaena mysticetus	100000000
Eubalaena australis	23000000
Eubalaena glacialis	23000000
Eubalaena japonica	23000000
Balaenoptera physalus	70000000
Balaenoptera acutorostrata	10000000
Balaenoptera bonaerensis	35089915.83
Balaenoptera borealis	20000000
Balaenoptera edeni	20000000
Balaenoptera musculus	190000000
Megaptera novaeangliae	30000000
Eschrichtius robustus	28500000
Caperea marginata	32000000
Cephalorhynchus commersonii	72400
Cephalorhynchus eutropia 	45000
Cephalorhynchus heavisidii	40000
Cephalorhynchus hectori	50000
Delphinus capensis	80000
Delphinus delphis	80000
Feresa attenuata	170000
Globicephala macrorhynchus	726000
Globicephala melas	800000
Grampus griseus	387500
Lagenodelphis hosei	164000
Lagenorhynchus albirostris	180000
Lagenorhynchus australis	120000
Lagenorhynchus cruciger	110000
Lagenorhynchus obliquidens	120000
Lagenorhynchus obscurus	127500
Lagenorhynchus acutus	182000
Lissodelphis borealis	113000
Lissodelphis peronii	116000
Orcaella brevirostris	190000
Orcinus orca	4300000
Peponocephala electra	206000
Pseudorca crassidens	1360000
Sotalia fluviatilis	60000
Sousa chinensis	280000
Sousa teuszii	100000
Stenella attenuata	57400
Stenella longirostris	50500
Stenella frontalis	110000
Stenella coeruleoalba	135900
Stenella clymene	68000
Tursiops aduncus	175000
Tursiops truncatus	175000
Steno bredanensis	130000
Delphinapterus leucas	1360000
Monodon monoceros	900000
Neophocaena phocaenoides	32500
Phocoena dioptrica	65000
Phocoena phocoena	52500
Phocoena sinus	42500
Phocoena spinipinnis	60000
Phocoenoides dalli	102500
Tasmacetus shepherdi	2500000
Ziphius cavirostris	4775000
Berardius bairdii	11380000
Berardius arnuxii	7000000
Hyperoodon ampullatus	5800000
Hyperoodon planifrons	3000000
Indopacetus pacificus	2200000
Mesoplodon carlhubbsi	3400000
Mesoplodon stejnegeri	4800000
Mesoplodon peruvianus	2514984.32
Mesoplodon perrini	2514984.32
Mesoplodon mirus	2100000
Mesoplodon layardii	1500000
Mesoplodon hectori	1000000
Mesoplodon grayi	2900000
Mesoplodon ginkgodens	1500000
Mesoplodon bidens	3400000
Mesoplodon densirostris	2300000
Mesoplodon bowdoini	2600000
Mesoplodon traversii	2514984.32
Mesoplodon europaeus	5600000
Kogia breviceps	431500
Kogia sima	183066.66
Physeter catodon	14025000
Platanista gangetica	115000
Platanista minor	83914.59
Inia geoffrensis	129250
Lipotes vexillifer	83500
Pontoporia blainvillei	40500
Crocidura lasiura	14.8
	
	
	
Tenrec ecaudatus	868
Amblysomus hottentotus	52.6
Rhynchocyon petersi	424
Orycteropus afer	52350.4
Heterohyrax brucei	2625
Loxodonta africana	3940034.28
Dugong dugon	310000
Trichechus inunguis	480000
Dasypus novemcinctus	4203.78
Bradypus torquatus	3899.96
Choloepus didactylus	5160
Myrmecophaga tridactyla	22333.15
Tamandua tetradactyla	5515.06
Tupaia tana	197.83
Cynocephalus volans	1250
Microcebus murinus	69
Lemur catta	2900
Daubentonia madagascariensis	2500
Loris tardigradus	227.67
Nycticebus coucang	803.5
Nycticebus bengalensis	1137.36
Saguinus midas	540
Saguinus oedipus	430
Callithrix jacchus	292
Leontopithecus rosalia	535.5
Cebus albifrons	2629
Saimiri boliviensis	615.01
Ateles geoffroyi	5284.94
Ateles hybridus	6394.85
Ateles fusciceps	9100
Brachyteles arachnoides	13499.88
Macaca mulatta	3713
Macaca nemestrina	6296.5
Macaca nigra	6400
Macaca fascicularis	3991.5
Macaca cyclopis	6000
Macaca assamensis	12000
Macaca silenus	4750
Chlorocebus sabaeus	4993
Erythrocebus patas	8090
Papio hamadryas	21250.05
Papio anubis	17728.56
Colobus guereza	10600
Rhinopithecus bieti	11000.54
Rhinopithecus roxellana	13456.8
Trachypithecus shortridgei	8516.46
Trachypithecus germaini	8516.46
Trachypithecus francoisi	7325
Hylobates pileatus	5440
Nomascus leucogenys	7320
Symphalangus syndactylus	10839
Gorilla gorilla	131625.52
Pan paniscus	34000.08
Pan troglodytes	42500
Pongo abelii	39696.12
Pongo pygmaeus	37000
Sciurus carolinensis	506.5
Sciurus vulgaris	333
Pteromys volans	143.75
Spermophilus citellus	290
Cynomys ludovicianus	1364
Cynomys gunnisoni	925
Marmota monax	3801.72
Marmota himalayana	5000
Marmota flaviventris	3349.96
Tamias sibiricus	85
Eliomys quercinus	115
Geomys bursarius	203.75
Thomomys bottae	114.75
Castor canadensis	21820
Castor fiber	19000
Dipodomys spectabilis	135.88
Dipodomys merriami	42
Salpingotus crassicauda	13.1
Dipus sagitta	85.65
Jaculus jaculus	56.55
Microtus californicus	57.42
Microtus agrestis	42.5
Microtus pennsylvanicus	36.75
Microtus oregoni	20.35
Arvicola amphibius	120
Chionomys nivalis	54
Lasiopodomys mandarinus	47.48
Lasiopodomys brandtii	93.82
Lemmus lemmus	47.5
Ondatra zibethicus	1065.75
Neotoma floridana	244.75
Onychomys arenicola	30
Onychomys leucogaster	27.92
Onychomys torridus	24.97
Peromyscus eremicus	23.65
Peromyscus leucopus	21.17
Scotinomys teguina	11.25
Sigmodon hispidus	92.38
Cricetus cricetus	510
Mesocricetus auratus	105
Phodopus roborovskii	18.75
Phodopus sungorus	33.75
Acomys minous	62.5
Acomys percivali	22
Acomys russatus	49.75
Acomys kempi	22
Acomys dimidiatus	28.81
Acomys cahirinus	52.45
Psammomys obesus	149.58
Meriones unguiculatus	53.3
Pachyuromys duprasi	47.5
Apodemus agrarius	23.3
Apodemus speciosus	33.8
Apodemus sylvaticus	30.45
Arvicanthis niloticus	106.9
Mastacomys fuscus	125.72
Micromys minutus	6
Mus musculus	16.25
Mus spretus	12.8
Mus minutoides	7.01
Pseudomys desertor	25
Rattus norvegicus	338.33
Rattus rattus	229.13
Rhabdomys pumilio	41.12
Rhynchomys soricoides	187
Tokudaia muenninki	177.4
Uromys caudimaculatus	606.75
Typhlomys cinereus	31.2
Eospalax fontanierii	256.76
Myospalax psilurus	259.21
Ctenodactylus gundi	289
Ochotona princeps	157.63
Ochotona argentata	142.15
Lepus timidus	3048
Lepus tolai	1589
Lepus castroviejoi	2822.41
Lepus europaeus	3740
Lepus oiostolus	3000
Lepus capensis	3261.67
Lepus yarkandensis	1460.41
Sylvilagus floridanus	1172.79
Oryctolagus cuniculus	1832.22
Crocidura zimmermanni	10.35
Suncus murinus	60.71
Suncus etruscus	2.13
Scutisorex somereni	91.5
Sorex fumeus	7.7
Sorex ornatus	4.99
Scaptochirus moschatus	90.51
Talpa occidentalis	53.5
Talpa europaea	77
Cynopterus sphinx	43.66
Pteropus alecto	643.57
Pteropus pselaphon	282.86
Rousettus leschenaultii	84.88
Rousettus aegyptiacus	132.24
Rhinolophus rex	10.4
Rhinolophus trifoliatus	14.53
Rhinolophus sinicus	10.62
Rhinolophus affinis	13.63
Rhinolophus clivosus	15.66
Rhinolophus ferrumequinum	21.06
Rhinolophus hipposideros	4.71
Aselliscus stoliczkanus	4.9
Hipposideros larvatus	19.85
Megaderma spasma	25.38
Macroderma gigas	126.43
Rhinopoma microphyllum	27.87
Macrotus californicus	11.63
Micronycteris microtis	6.5
Phyllostomus hastatus	87.21
Phyllostomus discolor	34.13
Artibeus jamaicensis	42.17
Artibeus lituratus	60.54
Platyrrhinus helleri	13.5
Desmodus rotundus	31.21
Anoura caudifer	10.81
Rhynchonycteris naso	3.83
Saccopteryx leptura	4.72
Saccopteryx bilineata	7.8
Mops condylurus	28.37
Molossus molossus	13.58
Tadarida teniotis	27.04
Tadarida brasiliensis	12.49
Eptesicus fuscus	16.46
Pipistrellus nathusii	7.31
Pipistrellus pipistrellus	5.69
Pipistrellus pygmaeus	5.28
Pipistrellus abramus	5.87
Nyctalus aviator	21.85
Nyctalus leisleri	13.28
Corynorhinus townsendii	10.3
Plecotus auritus	7.83
Ia io	49.2
Vespertilio murinus	18.7
Antrozous pallidus	20.8
Myotis nesopolus	3.5
Myotis nattereri	7.14
Myotis mystacinus	4.99
Myotis yumanensis	5.39
Myotis emarginatus	7.66
Myotis daubentonii	7.63
Miniopterus schreibersii	11.46
Manis pentadactyla	4675
Manis javanica	5150
Acinonyx jubatus	46700
Felis catus	2884.8
Felis chaus	7392.98
Lynx rufus	8904.1
Lynx canadensis	9373.25
Prionailurus bengalensis	3300
Prionailurus viverrinus	9140.33
Puma concolor	51600.04
Neofelis nebulosa	19675.75
Panthera leo	161499.06
Panthera tigris	162564
Panthera onca	100000
Panthera pardus	52038.22
Paguma larvata	4300
Hyaena hyaena	41705.11
Vulpes vulpes	5476.17
Vulpes corsac	2400
Vulpes ferrilata	5000
Vulpes lagopus	3584.37
Canis aureus	10345.23
Canis latrans	13406.33
Canis lupus	32183.33
Lycaon pictus	22050.07
Nyctereutes procyonoides	4040
Otocyon megalotis	4150.02
Urocyon cinereoargenteus	3833.72
Hydrurga leptonyx	360000
Mirounga leonina	1600000
Monachus monachus	292500
Phoca vitulina	100000
Mustela erminea	119.38
Mustela nivalis	103.88
Mustela lutreola	440
Eira barbara	3910.03
Martes flavigula	1842.5
Martes foina	1540.8
Martes martes	1300
Meles meles	13000
Lontra canadensis	8087.42
Lutra lutra	8785.14
Ailuropoda melanoleuca	108400
Ursus americanus	99949.36
Ursus arctos	180520.42
Ursus maritimus	388750.36
Arctocephalus gazella	97500
Eumetopias jubatus	310000
Zalophus californianus	80000
Mephitis mephitis	2085.02
Equus kiang	275000
Equus caballus	250000
Tapirus indicus	296250
Sus scrofa	96118.09
Phacochoerus africanus	82500
Camelus dromedarius	601000
Bison bonasus	500000
Bos taurus	900000
Bos javanicus	625000
Budorcas taxicolor	302000
Capra hircus	54250
Capra ibex	85166.51
Capra nubiana	62624.84
Capricornis sumatraensis	110942.22
Ovis canadensis	74644.88
Ovis aries	50000
Pantholops hodgsonii	27500
Rupicapra rupicapra	26100
Moschus berezovskii	9000
Capreolus capreolus	22500
Axis porcinus	34418.5
Cervus elaphus	165015.85
Cervus nippon	53000
Dama dama	52375
Muntiacus crinifrons	36140.99
Muntiacus gongshanensis	19906.73
Eubalaena glacialis	23000000
Balaenoptera physalus	70000000
Balaenoptera edeni	20000000
Balaenoptera musculus	190000000
Megaptera novaeangliae	30000000
Eschrichtius robustus	28500000
Delphinus delphis	80000
Grampus griseus	387500
Orcinus orca	4300000
Peponocephala electra	206000
Pseudorca crassidens	1360000
Tursiops truncatus	175000
Delphinapterus leucas	1360000
Monodon monoceros	900000
Phocoena phocoena	52500
Phocoena sinus	42500
Mesoplodon densirostris	2300000
Kogia breviceps	431500
Kogia sima	183066.66
Inia geoffrensis	129250
