Directory Name	Species	Common name	Other species names	Species Taxonomy ID	Taxonomic Lineage	Assembly name	NCBI accession	Source of assembly	NCBI assembly name	NCBI assembly status	Assembly submission date	Assembly submitter organization	contig N50 (bp)	scaffold N50 (bp)	No. ancestral genes with intact ORF	No. ancestral genes with inactivating mutations	No. ancestral genes with missing sequences	Species_clean	assem	all	pga	pga_like	pag	assembly	PGA_all_CN	PGA_CN_primary	PGA_like_CN_primary	PAG_CN_primary	Scientific	Diet_Class	Diet-Inv	Diet-Vend	Diet-Vect	Diet-Vfish	Diet-Vunk	Diet-Scav	Diet-Fruit	Diet-Nect	Diet-Seed	Diet-PlantO	Scientific_clean	BodyMass-Value	plant_total_pct	animal_total_pct	plant_total_prop	plant_structural_prop	log10_body_mass	PGA_all_log1p	PGA_log1p	PGA_like_log1p	PAG_log1p	Diet_Group	tip_label
Arctocephalus_gazella__Antarctic_fur_seal__HLarcGaze3A__GCA_040869175.1	Arctocephalus gazella	Antarctic fur seal		37190	Mammalia; Theria; Eutheria; Boreoeutheria; Laurasiatheria; Carnivora; Caniformia; Pinnipedia; Otariidae; Arctocephalus	HLarcGaze3A	GCA_040869175.1	NCBI	arcGaz4_h1	Scaffold	2024-07-25	Univeristy Bielefeld	55559406	141635559	15003	177	16	Arctocephalus gazella	Arctocephalus_gazella__Antarctic_fur_seal__HLarcGaze3A__GCA_040869175.1	2	1	1	0	Arctocephalus_gazella__Antarctic_fur_seal__HLarcGaze3A__GCA_040869175.1	2	1	1	0	Arctocephalus gazella	Insectivore	80	0	0	20	0	0	0	0	0	0	Arctocephalus gazella	97500.0	0	100	0.0	0.0	4.989004615698537	1.0986122886681096	0.6931471805599453	0.6931471805599453	0.0	Animal_dominant	Arctocephalus_gazella
Arctocephalus_gazella__antarctic_fur_seal__HLarcGaz2__GCA_900642305.1	Arctocephalus gazella	antarctic fur seal		37190	Mammalia; Theria; Eutheria; Boreoeutheria; Laurasiatheria; Carnivora; Caniformia; Pinnipedia; Otariidae; Arctocephalus	HLarcGaz2	GCA_900642305.1	NCBI	arcGaz3	Scaffold	2019-02-08	LMU	537425	139181869	6418	8678	100	Arctocephalus gazella	Arctocephalus_gazella__antarctic_fur_seal__HLarcGaz2__GCA_900642305.1	2	1	1	0	Arctocephalus_gazella__antarctic_fur_seal__HLarcGaz2__GCA_900642305.1	2	1	1	0	Arctocephalus gazella	Insectivore	80	0	0	20	0	0	0	0	0	0	Arctocephalus gazella	97500.0	0	100	0.0	0.0	4.989004615698537	1.0986122886681096	0.6931471805599453	0.6931471805599453	0.0	Animal_dominant	Arctocephalus_gazella
Artibeus_jamaicensis__Jamaican_fruit-eating_bat__HLartJam3__GCA_021234435.1	Artibeus jamaicensis	Jamaican fruit-eating bat		9417	Mammalia; Theria; Eutheria; Boreoeutheria; Laurasiatheria; Chiroptera; Yangochiroptera; Phyllostomidae; Stenodermatinae; Artibeus	HLartJam3	GCA_021234435.1	NCBI, Diana Moreno			2021-09-10		22092642	22092642	14817	357	22	Artibeus jamaicensis	Artibeus_jamaicensis__Jamaican_fruit-eating_bat__HLartJam3__GCA_021234435.1	2	1	1	0	Artibeus_jamaicensis__Jamaican_fruit-eating_bat__HLartJam3__GCA_021234435.1	2	1	1	0	Artibeus jamaicensis	Frugivore	10	0	0	0	0	0	80	10	0	0	Artibeus jamaicensis	42.17	90	10	0.9	0.0	1.6250036010148634	1.0986122886681096	0.6931471805599453	0.6931471805599453	0.0	Plant_dominant	Artibeus_jamaicensis
Artibeus_jamaicensis__Jamaican_fruit-eating_bat__HLartJam2__GCA_014825515.1	Artibeus jamaicensis	Jamaican fruit-eating bat		9417	Mammalia; Theria; Eutheria; Boreoeutheria; Laurasiatheria; Chiroptera; Yangochiroptera; Phyllostomidae; Stenodermatinae; Artibeus	HLartJam2	GCA_014825515.1	NCBI	WHU_Ajam_v2	Scaffold	2020-09-30	College of Life Sciences at Wuhan University	374929	2589479	14416	557	223	Artibeus jamaicensis	Artibeus_jamaicensis__Jamaican_fruit-eating_bat__HLartJam2__GCA_014825515.1	2	1	1	0	Artibeus_jamaicensis__Jamaican_fruit-eating_bat__HLartJam2__GCA_014825515.1	2	1	1	0	Artibeus jamaicensis	Frugivore	10	0	0	0	0	0	80	10	0	0	Artibeus jamaicensis	42.17	90	10	0.9	0.0	1.6250036010148634	1.0986122886681096	0.6931471805599453	0.6931471805599453	0.0	Plant_dominant	Artibeus_jamaicensis
Artibeus_lituratus__Great_fruit-eating_bat__HLartLit1A__GCA_038363095.2	Artibeus lituratus	Great fruit-eating bat		27634	Mammalia; Theria; Eutheria; Boreoeutheria; Laurasiatheria; Chiroptera; Yangochiroptera; Phyllostomidae; Stenodermatinae; Artibeus	HLartLit1A	GCA_038363095.2	NCBI	mArtLit.hap1	Chromosome	2024-05-21	Bat1K Project	65515378	160301290	14845	336	15	Artibeus lituratus	Artibeus_lituratus__Great_fruit-eating_bat__HLartLit1A__GCA_038363095.2	2	1	1	0	Artibeus_lituratus__Great_fruit-eating_bat__HLartLit1A__GCA_038363095.2	2	1	1	0	Artibeus lituratus	Frugivore	10	0	0	0	0	0	80	10	0	0	Artibeus lituratus	60.54	90	10	0.9	0.0	1.7820424166205542	1.0986122886681096	0.6931471805599453	0.6931471805599453	0.0	Plant_dominant	Artibeus_lituratus
Artibeus_lituratus__Great_fruit-eating_bat__HLartLitu2A__GCA_038363095.4	Artibeus lituratus	Great fruit-eating bat		27634	Mammalia; Theria; Eutheria; Boreoeutheria; Laurasiatheria; Chiroptera; Yangochiroptera; Phyllostomidae; Stenodermatinae; Artibeus	HLartLitu2A	GCA_038363095.4	NCBI	mArtLit1.hap1	Chromosome	2025-05-01	Bat1K Project	65515378	160301290	14844	337	15	Artibeus lituratus	Artibeus_lituratus__Great_fruit-eating_bat__HLartLitu2A__GCA_038363095.4	2	1	1	0	Artibeus_lituratus__Great_fruit-eating_bat__HLartLitu2A__GCA_038363095.4	2	1	1	0	Artibeus lituratus	Frugivore	10	0	0	0	0	0	80	10	0	0	Artibeus lituratus	60.54	90	10	0.9	0.0	1.7820424166205542	1.0986122886681096	0.6931471805599453	0.6931471805599453	0.0	Plant_dominant	Artibeus_lituratus
Arvicanthis_niloticus__Nile_rat__HLarvNilo2__GCF_011762505.2	Arvicanthis niloticus	Nile rat	Mus niloticus,African grass rat	61156	Mammalia; Theria; Eutheria; Boreoeutheria; Euarchontoglires; Glires; Rodentia; Myomorpha; Muroidea; Muridae; Murinae; Arvicanthis	HLarvNilo2	GCF_011762505.2	NCBI	mArvNil1.pat.X	Chromosome	2025-01-29	Vertebrate Genomes Project	11143170	82689117	14738	378	80	Arvicanthis niloticus	Arvicanthis_niloticus__Nile_rat__HLarvNilo2__GCF_011762505.2	1	0	1	0	Arvicanthis_niloticus__Nile_rat__HLarvNilo2__GCF_011762505.2	1	0	1	0	Arvicanthis niloticus	Omnivore	0	0	0	0	0	0	0	0	30	70	Arvicanthis niloticus	106.9	100	0	1.0	0.7	2.028977705208778	0.6931471805599453	0.0	0.6931471805599453	0.0	Omnivore	Arvicanthis_niloticus
Arvicanthis_niloticus__African_grass_rat__HLarvNil1__GCA_011762505.1	Arvicanthis niloticus	African grass rat		61156	Mammalia; Theria; Eutheria; Boreoeutheria; Euarchontoglires; Glires; Rodentia; Myomorpha; Muroidea; Muridae; Murinae; Arvicanthis	HLarvNil1	GCA_011762505.1	NCBI	mArvNil1.pat.X	Chromosome	2020-03-27	Vertebrate Genomes Project	11143170	82689117	14733	384	79	Arvicanthis niloticus	Arvicanthis_niloticus__African_grass_rat__HLarvNil1__GCA_011762505.1	1	0	1	0	Arvicanthis_niloticus__African_grass_rat__HLarvNil1__GCA_011762505.1	1	0	1	0	Arvicanthis niloticus	Omnivore	0	0	0	0	0	0	0	0	30	70	Arvicanthis niloticus	106.9	100	0	1.0	0.7	2.028977705208778	0.6931471805599453	0.0	0.6931471805599453	0.0	Omnivore	Arvicanthis_niloticus
Aselliscus_stoliczkanus__Stoliczkas_trident_bat__HLaseSto4__GCA_033961575.1	Aselliscus stoliczkanus	Stoliczkas trident bat	Stoliczka's Asian trident bat,Asellia stoliczkana	188568	Mammalia; Theria; Eutheria; Boreoeutheria; Laurasiatheria; Chiroptera; Yinpterochiroptera; Rhinolophoidea; Hipposideridae; Aselliscus	HLaseSto4	GCA_033961575.1	NCBI	ASM3396157v1	Chromosome	2023-11-28	East China Normal University	73009000	162004500	14914	271	11	Aselliscus stoliczkanus	Aselliscus_stoliczkanus__Stoliczkas_trident_bat__HLaseSto4__GCA_033961575.1	2	1	1	0	Aselliscus_stoliczkanus__Stoliczkas_trident_bat__HLaseSto4__GCA_033961575.1	2	1	1	0	Aselliscus stoliczkanus	Insectivore	100	0	0	0	0	0	0	0	0	0	Aselliscus stoliczkanus	4.9	0	100	0.0	0.0	0.6901960800285137	1.0986122886681096	0.6931471805599453	0.6931471805599453	0.0	Animal_dominant	Aselliscus_stoliczkanus
Aselliscus_stoliczkanus__Stoliczkas_trident_bat__HLaseSto2__GCA_043727835.1	Aselliscus stoliczkanus	Stoliczkas trident bat	Stoliczka's Asian trident bat	188568	Mammalia; Theria; Eutheria; Boreoeutheria; Laurasiatheria; Chiroptera; Yinpterochiroptera; Rhinolophoidea; Hipposideridae; Aselliscus	HLaseSto2	GCA_043727835.1	NCBI, Bat1K			2021-10-02		64984936	162130651	14906	285	5	Aselliscus stoliczkanus	Aselliscus_stoliczkanus__Stoliczkas_trident_bat__HLaseSto2__GCA_043727835.1	2	1	1	0	Aselliscus_stoliczkanus__Stoliczkas_trident_bat__HLaseSto2__GCA_043727835.1	2	1	1	0	Aselliscus stoliczkanus	Insectivore	100	0	0	0	0	0	0	0	0	0	Aselliscus stoliczkanus	4.9	0	100	0.0	0.0	0.6901960800285137	1.0986122886681096	0.6931471805599453	0.6931471805599453	0.0	Animal_dominant	Aselliscus_stoliczkanus
Bos_taurus__cattle__HLbosTau10__GCF_002263795.3	Bos taurus	cattle	domestic cow,bovine,Bos bovis,cow,dairy cow,domestic cattle,ox,Bovidae sp. Adi Nefas,Bos primigenius taurus	9913	Mammalia; Theria; Eutheria; Boreoeutheria; Laurasiatheria; Artiodactyla; Ruminantia; Pecora; Bovidae; Bovinae; Bos	HLbosTau10	GCF_002263795.3	NCBI	ARS-UCD2.0	Chromosome	2023-07-01	USDA ARS	26402946	103308737	14894	299	3	Bos taurus	Bos_taurus__cattle__HLbosTau10__GCF_002263795.3	53	1	0	52	Bos_taurus__cattle__HLbosTau10__GCF_002263795.3	53	1	0	52	Bos taurus	Herbivore	0	0	0	0	0	0	0	0	0	100	Bos taurus	900000.0	100	0	1.0	1.0	5.954242509439325	3.988984046564274	0.6931471805599453	0.0	3.9702919135521215	Plant_dominant	Bos_taurus
Bos_taurus__cattle__bosTau9__GCF_002263795.1	Bos taurus	cattle	dairy cow,Bos bovis,domestic cow,cow,Bos primigenius taurus,bovine,Bovidae sp. Adi Nefas,domestic cattle	9913	Mammalia; Theria; Eutheria; Boreoeutheria; Laurasiatheria; Artiodactyla; Ruminantia; Pecora; Bovidae; Bovinae; Bos	bosTau9	GCF_002263795.1	NCBI	ARS-UCD1.2	Chromosome	2018-04-11	USDA ARS	25896116	103308737	14904	289	3	Bos taurus	Bos_taurus__cattle__bosTau9__GCF_002263795.1	53	1	0	52	Bos_taurus__cattle__bosTau9__GCF_002263795.1	53	1	0	52	Bos taurus	Herbivore	0	0	0	0	0	0	0	0	0	100	Bos taurus	900000.0	100	0	1.0	1.0	5.954242509439325	3.988984046564274	0.6931471805599453	0.0	3.9702919135521215	Plant_dominant	Bos_taurus
Callithrix_jacchus__White-tufted-ear_marmoset__HLcalJacc6__GCA_049354715.1	Callithrix jacchus	White-tufted-ear marmoset	white ear-tufted marmoset,Simia jacchus,common marmoset,Callithrix jacchus jacchus	9483	Mammalia; Theria; Eutheria; Boreoeutheria; Euarchontoglires; Primates; Haplorrhini; Simiiformes; Platyrrhini; Cebidae; Callitrichinae; Callithrix; Callithrix	HLcalJacc6	GCA_049354715.1	NCBI	calJac240_pri	Chromosome	2025-04-08	University of California Santa Cruz	137132494	141933726	15062	126	8	Callithrix jacchus	Callithrix_jacchus__White-tufted-ear_marmoset__HLcalJacc6__GCA_049354715.1	2	1	1	0	Callithrix_jacchus__White-tufted-ear_marmoset__HLcalJacc6__GCA_049354715.1	2	1	1	0	Callithrix jacchus	Omnivore	20	0	0	0	10	0	30	40	0	0	Callithrix jacchus	292.0	70	30	0.7	0.0	2.4653828514484184	1.0986122886681096	0.6931471805599453	0.6931471805599453	0.0	Omnivore	Callithrix_jacchus
Callithrix_jacchus__white-tufted-ear_marmoset__calJac4__GCF_009663435.1	Callithrix jacchus	white-tufted-ear marmoset	Callithrix jacchus jacchus,common marmoset,white ear-tufted marmoset	9483	Mammalia; Theria; Eutheria; Boreoeutheria; Euarchontoglires; Primates; Haplorrhini; Simiiformes; Platyrrhini; Cebidae; Callitrichinae; Callithrix; Callithrix	calJac4	GCF_009663435.1	NCBI	Callithrix_jacchus_cj1700_1.1	Chromosome	2020-05-22	McDonnell Genome Institute at Washington University	25227091	98198953	15007	168	21	Callithrix jacchus	Callithrix_jacchus__white-tufted-ear_marmoset__calJac4__GCF_009663435.1	2	1	1	0	Callithrix_jacchus__white-tufted-ear_marmoset__calJac4__GCF_009663435.1	2	1	1	0	Callithrix jacchus	Omnivore	20	0	0	0	10	0	30	40	0	0	Callithrix jacchus	292.0	70	30	0.7	0.0	2.4653828514484184	1.0986122886681096	0.6931471805599453	0.6931471805599453	0.0	Omnivore	Callithrix_jacchus
Callithrix_jacchus__white-tufted-ear_marmoset__HLcalJac5__GCF_011100555.1	Callithrix jacchus	white-tufted-ear marmoset	Callithrix jacchus jacchus,common marmoset,white ear-tufted marmoset,Simia jacchus	9483	Mammalia; Theria; Eutheria; Boreoeutheria; Euarchontoglires; Primates; Haplorrhini; Simiiformes; Platyrrhini; Cebidae; Callitrichinae; Callithrix; Callithrix	HLcalJac5	GCF_011100555.1	NCBI	mCalJa1.2.pat.X	Chromosome	2021-04-28	Vertebrate Genomes Project	13222669	136971485	14859	315	22	Callithrix jacchus	Callithrix_jacchus__white-tufted-ear_marmoset__HLcalJac5__GCF_011100555.1	2	1	1	0	Callithrix_jacchus__white-tufted-ear_marmoset__HLcalJac5__GCF_011100555.1	2	1	1	0	Callithrix jacchus	Omnivore	20	0	0	0	10	0	30	40	0	0	Callithrix jacchus	292.0	70	30	0.7	0.0	2.4653828514484184	1.0986122886681096	0.6931471805599453	0.6931471805599453	0.0	Omnivore	Callithrix_jacchus
Camelus_dromedarius__Arabian_camel__HLcamDro3A__GCF_036321535.1	Camelus dromedarius	Arabian camel	dromedary,dromedary camel,dromedaries,one-humped camel,camel	9838	Mammalia; Theria; Eutheria; Boreoeutheria; Laurasiatheria; Artiodactyla; Tylopoda; Camelidae; Camelus	HLcamDro3A	GCF_036321535.1	NCBI	mCamDro1.pat	Chromosome	2024-01-31	Vertebrate Genomes Project	31216184	72991593	14827	299	70	Camelus dromedarius	Camelus_dromedarius__Arabian_camel__HLcamDro3A__GCF_036321535.1	2	1	0	1	Camelus_dromedarius__Arabian_camel__HLcamDro3A__GCF_036321535.1	2	1	0	1	Camelus dromedarius	Herbivore	0	0	0	0	0	0	0	0	0	100	Camelus dromedarius	601000.0	100	0	1.0	1.0	5.778874472002739	1.0986122886681096	0.6931471805599453	0.0	0.6931471805599453	Plant_dominant	Camelus_dromedarius
Camelus_dromedarius__Arabian_camel__HLcamDro3B__GCA_036321565.1	Camelus dromedarius	Arabian camel	one-humped camel,dromedaries,dromedary camel,camel,dromedary	9838	Mammalia; Theria; Eutheria; Boreoeutheria; Laurasiatheria; Artiodactyla; Tylopoda; Camelidae; Camelus	HLcamDro3B	GCA_036321565.1	NCBI	mCamDro1.hap2	Chromosome	2024-01-31	Vertebrate Genomes Project	28900355	70331411	14102	492	602	Camelus dromedarius	Camelus_dromedarius__Arabian_camel__HLcamDro3B__GCA_036321565.1	2	1	0	1	Camelus_dromedarius__Arabian_camel__HLcamDro3B__GCA_036321565.1	2	1	0	1	Camelus dromedarius	Herbivore	0	0	0	0	0	0	0	0	0	100	Camelus dromedarius	601000.0	100	0	1.0	1.0	5.778874472002739	1.0986122886681096	0.6931471805599453	0.0	0.6931471805599453	Plant_dominant	Camelus_dromedarius
Camelus_dromedarius__Arabian_camel__HLcamDro2__GCA_000803125.3	Camelus dromedarius	Arabian camel	dromedary camel,one-humped camel,camel,dromedaries,dromedary	9838	Mammalia; Theria; Eutheria; Boreoeutheria; Laurasiatheria; Artiodactyla; Tylopoda; Camelidae; Camelus	HLcamDro2	GCA_000803125.3	NCBI	CamDro3	Chromosome	2019-10-07	Vetmeduni Vienna	236391	70369702	13756	1414	26	Camelus dromedarius	Camelus_dromedarius__Arabian_camel__HLcamDro2__GCA_000803125.3	2	1	0	1	Camelus_dromedarius__Arabian_camel__HLcamDro2__GCA_000803125.3	2	1	0	1	Camelus dromedarius	Herbivore	0	0	0	0	0	0	0	0	0	100	Camelus dromedarius	601000.0	100	0	1.0	1.0	5.778874472002739	1.0986122886681096	0.6931471805599453	0.0	0.6931471805599453	Plant_dominant	Camelus_dromedarius
Capra_hircus__Goat__HLcapHirc3__GCA_041735815.1	Capra hircus	Goat	Capra aegagrus hircus,African dwarf goats,Naine d'Afrique de l'Ouest,African dwarf goat,domestic goat,goats	9925	Mammalia; Theria; Eutheria; Boreoeutheria; Laurasiatheria; Artiodactyla; Ruminantia; Pecora; Bovidae; Caprinae; Capra	HLcapHirc3	GCA_041735815.1	NCBI	T2T-goat2.0	Complete Genome	2024-09-04	China Agricultural University	100793790	100793790	15057	135	4	Capra hircus	Capra_hircus__Goat__HLcapHirc3__GCA_041735815.1	80	1	0	79	Capra_hircus__Goat__HLcapHirc3__GCA_041735815.1	80	1	0	79	Capra hircus	Herbivore	0	0	0	0	0	0	0	0	0	100	Capra hircus	54250.0	100	0	1.0	1.0	4.7343997425205675	4.394449154672438	0.6931471805599453	0.0	4.382026634673881	Plant_dominant	Capra_hircus
Capra_hircus__goat__HLcapHir2__GCA_001704415.1	Capra hircus	goat	goats,Naine d'Afrique de l'Ouest,African dwarf goats,African dwarf goat,Capra aegagrus hircus,domestic goat	9925	Mammalia; Theria; Eutheria; Boreoeutheria; Laurasiatheria; Artiodactyla; Ruminantia; Pecora; Bovidae; Caprinae; Capra	HLcapHir2	GCA_001704415.1	NCBI	ARS1	Chromosome	2016-08-24	USDA ARS	26244591	87277232	14809	352	35	Capra hircus	Capra_hircus__goat__HLcapHir2__GCA_001704415.1	73	1	0	72	Capra_hircus__goat__HLcapHir2__GCA_001704415.1	73	1	0	72	Capra hircus	Herbivore	0	0	0	0	0	0	0	0	0	100	Capra hircus	54250.0	100	0	1.0	1.0	4.7343997425205675	4.304065093204169	0.6931471805599453	0.0	4.290459441148391	Plant_dominant	Capra_hircus
Castor_canadensis__American_beaver__HLcasCana5__GCA_001984765.2	Castor canadensis	American beaver		51338	Mammalia; Theria; Eutheria; Boreoeutheria; Euarchontoglires; Glires; Rodentia; Castorimorpha; Castoridae; Castor	HLcasCana5	GCA_001984765.2	NCBI	ASM198476v2	Chromosome	2026-01-29	Hospital for Sick Children	144908913	158004004	15030	161	5	Castor canadensis	Castor_canadensis__American_beaver__HLcasCana5__GCA_001984765.2	1	0	1	0	Castor_canadensis__American_beaver__HLcasCana5__GCA_001984765.2	1	0	1	0	Castor canadensis	Herbivore	0	0	0	0	0	0	0	0	0	100	Castor canadensis	21820.0	100	0	1.0	1.0	4.3388547462523235	0.6931471805599453	0.0	0.6931471805599453	0.0	Plant_dominant	Castor_canadensis
Castor_canadensis__American_beaver__HLcasCana4A__GCA_047511655.2	Castor canadensis	American beaver		51338	Mammalia; Theria; Eutheria; Boreoeutheria; Euarchontoglires; Glires; Rodentia; Castorimorpha; Castoridae; Castor	HLcasCana4A	GCA_047511655.2	NCBI	mCasCan1.hap1v2	Chromosome	2025-02-10	Vertebrate Genomes Project	59379167	158968201	15015	169	12	Castor canadensis	Castor_canadensis__American_beaver__HLcasCana4A__GCA_047511655.2	1	0	1	0	Castor_canadensis__American_beaver__HLcasCana4A__GCA_047511655.2	1	0	1	0	Castor canadensis	Herbivore	0	0	0	0	0	0	0	0	0	100	Castor canadensis	21820.0	100	0	1.0	1.0	4.3388547462523235	0.6931471805599453	0.0	0.6931471805599453	0.0	Plant_dominant	Castor_canadensis
Castor_canadensis__American_beaver__HLcasCan3	Castor canadensis	American beaver		51338	Mammalia; Theria; Eutheria; Boreoeutheria; Euarchontoglires; Glires; Rodentia; Castorimorpha; Castoridae; Castor	HLcasCan3	DNA Zoo Consortium	DNA Zoo Consortium			2020-07-09		266367	136673807	12506	2192	498	Castor canadensis	Castor_canadensis__American_beaver__HLcasCan3	1	0	1	0	Castor_canadensis__American_beaver__HLcasCan3	1	0	1	0	Castor canadensis	Herbivore	0	0	0	0	0	0	0	0	0	100	Castor canadensis	21820.0	100	0	1.0	1.0	4.3388547462523235	0.6931471805599453	0.0	0.6931471805599453	0.0	Plant_dominant	Castor_canadensis
Colobus_guereza__Mantled_guereza__HLcolGuer2__GCA_030247045.1	Colobus guereza	Mantled guereza	Colobus abyssinicus,guereza,eastern black-and -white colobus	33548	Mammalia; Theria; Eutheria; Boreoeutheria; Euarchontoglires; Primates; Haplorrhini; Simiiformes; Catarrhini; Cercopithecoidea; Cercopithecidae; Colobinae; Colobus	HLcolGuer2	GCA_030247045.1	NCBI	ASM3024704v1	Chromosome	2023-06-12	BGI-Shenzhen	15612012	149281349	13335	1739	122	Colobus guereza	Colobus_guereza__Mantled_guereza__HLcolGuer2__GCA_030247045.1	4	3	1	0	Colobus_guereza__Mantled_guereza__HLcolGuer2__GCA_030247045.1	4	3	1	0	Colobus guereza	Herbivore	0	0	0	0	0	0	30	0	0	70	Colobus guereza	10600.0	100	0	1.0	0.7	4.02530586526477	1.6094379124341003	1.3862943611198906	0.6931471805599453	0.0	Plant_dominant	Colobus_guereza
Colobus_guereza__mantled_guereza__HLcolGue1__GCA_021498455.1	Colobus guereza	mantled guereza	eastern black-and -white colobus,guereza,Colobus abyssinicus	33548	Mammalia; Theria; Eutheria; Boreoeutheria; Euarchontoglires; Primates; Haplorrhini; Simiiformes; Catarrhini; Cercopithecoidea; Cercopithecidae; Colobinae; Colobus	HLcolGue1	GCA_021498455.1	NCBI	ASM2149845v1	Chromosome	2022-01-19	BGI-Shenzhen	15612012	145964134	13339	1747	110	Colobus guereza	Colobus_guereza__mantled_guereza__HLcolGue1__GCA_021498455.1	3	3	0	0	Colobus_guereza__mantled_guereza__HLcolGue1__GCA_021498455.1	3	3	0	0	Colobus guereza	Herbivore	0	0	0	0	0	0	30	0	0	70	Colobus guereza	10600.0	100	0	1.0	0.7	4.02530586526477	1.3862943611198906	1.3862943611198906	0.0	0.0	Plant_dominant	Colobus_guereza
Corynorhinus_townsendii__Townsends_big-eared_bat__HLcorTow1A__GCA_026230055.1	Corynorhinus townsendii	Townsends big-eared bat	Plecotus townsendii	124745	Mammalia; Theria; Eutheria; Boreoeutheria; Laurasiatheria; Chiroptera; Yangochiroptera; Vespertilionidae; Corynorhinus	HLcorTow1A	GCA_026230055.1	NCBI	mCorTow1.0.hap1	Scaffold	2022-11-18	UCLA	23382908	174690156	14802	371	23	Corynorhinus townsendii	Corynorhinus_townsendii__Townsends_big-eared_bat__HLcorTow1A__GCA_026230055.1	7	1	6	0	Corynorhinus_townsendii__Townsends_big-eared_bat__HLcorTow1A__GCA_026230055.1	7	1	6	0	Corynorhinus townsendii	Insectivore	100	0	0	0	0	0	0	0	0	0	Corynorhinus townsendii	10.3	0	100	0.0	0.0	1.0128372247051722	2.0794415416798357	0.6931471805599453	1.9459101490553132	0.0	Animal_dominant	Corynorhinus_townsendii
Corynorhinus_townsendii__Townsends_big-eared_bat__HLcorTow1B__GCA_026230045.1	Corynorhinus townsendii	Townsends big-eared bat	Plecotus townsendii	124745	Mammalia; Theria; Eutheria; Boreoeutheria; Laurasiatheria; Chiroptera; Yangochiroptera; Vespertilionidae; Corynorhinus	HLcorTow1B	GCA_026230045.1	NCBI	mCorTow1.0.hap2	Scaffold	2022-11-18	UCLA	22150609	177756282	14307	374	515	Corynorhinus townsendii	Corynorhinus_townsendii__Townsends_big-eared_bat__HLcorTow1B__GCA_026230045.1	12	1	11	0	Corynorhinus_townsendii__Townsends_big-eared_bat__HLcorTow1B__GCA_026230045.1	12	1	11	0	Corynorhinus townsendii	Insectivore	100	0	0	0	0	0	0	0	0	0	Corynorhinus townsendii	10.3	0	100	0.0	0.0	1.0128372247051722	2.5649493574615367	0.6931471805599453	2.4849066497880004	0.0	Animal_dominant	Corynorhinus_townsendii
Dasypus_novemcinctus__nine-banded_armadillo__HLdasNov4__GCF_030445035.1	Dasypus novemcinctus	nine-banded armadillo		9361	Mammalia; Theria; Eutheria; Xenarthra; Cingulata; Dasypodidae; Dasypus	HLdasNov4	GCF_030445035.1	NCBI	mDasNov1.hap2	Chromosome	2023-07-13	Vertebrate Genomes Project	14295626	130056132	14742	405	49	Dasypus novemcinctus	Dasypus_novemcinctus__nine-banded_armadillo__HLdasNov4__GCF_030445035.1	8	1	7	0	Dasypus_novemcinctus__nine-banded_armadillo__HLdasNov4__GCF_030445035.1	8	1	7	0	Dasypus novemcinctus	Insectivore	100	0	0	0	0	0	0	0	0	0	Dasypus novemcinctus	4203.78	0	100	0.0	0.0	3.6236399796478107	2.197224577336219	0.6931471805599453	2.0794415416798357	0.0	Animal_dominant	Dasypus_novemcinctus
Dasypus_novemcinctus__Nine-banded_armadillo__HLdasNove5A__GCF_030445035.2	Dasypus novemcinctus	Nine-banded armadillo	Dasypus fenestratus	9361	Mammalia; Theria; Eutheria; Xenarthra; Cingulata; Dasypodidae; Dasypus	HLdasNove5A	GCF_030445035.2	NCBI	mDasNov1.1.hap2	Chromosome	2023-07-13	Vertebrate Genomes Project	13963394	127081865	14743	403	50	Dasypus novemcinctus	Dasypus_novemcinctus__Nine-banded_armadillo__HLdasNove5A__GCF_030445035.2	9	1	8	0	Dasypus_novemcinctus__Nine-banded_armadillo__HLdasNove5A__GCF_030445035.2	9	1	8	0	Dasypus novemcinctus	Insectivore	100	0	0	0	0	0	0	0	0	0	Dasypus novemcinctus	4203.78	0	100	0.0	0.0	3.6236399796478107	2.3025850929940455	0.6931471805599453	2.197224577336219	0.0	Animal_dominant	Dasypus_novemcinctus
Daubentonia_madagascariensis__aye-aye__HLdauMad2__GCA_023783475.1	Daubentonia madagascariensis	aye-aye		31869	Mammalia; Theria; Eutheria; Boreoeutheria; Euarchontoglires; Primates; Strepsirrhini; Chiromyiformes; Daubentoniidae; Daubentonia	HLdauMad2	GCA_023783475.1	NCBI	ASM2378347v1	Contig	2022-06-17	BGI-Shenzhen	27954151	27954151	14439	719	38	Daubentonia madagascariensis	Daubentonia_madagascariensis__aye-aye__HLdauMad2__GCA_023783475.1	2	1	1	0	Daubentonia_madagascariensis__aye-aye__HLdauMad2__GCA_023783475.1	2	1	1	0	Daubentonia madagascariensis	Omnivore	40	0	0	0	0	0	0	20	40	0	Daubentonia madagascariensis	2500.0	60	40	0.6	0.0	3.3979400086720375	1.0986122886681096	0.6931471805599453	0.6931471805599453	0.0	Omnivore	Daubentonia_madagascariensis
Daubentonia_madagascariensis__aye-aye__HLdauMad1__GCA_004027145.1	Daubentonia madagascariensis	aye-aye		31869	Mammalia; Theria; Eutheria; Boreoeutheria; Euarchontoglires; Primates; Strepsirrhini; Chiromyiformes; Daubentoniidae; Daubentonia	HLdauMad1	GCA_004027145.1	NCBI	DauMad_v1_BIUU	Scaffold	2019-01-16	Broad Institute	298834	379919	14918	153	125	Daubentonia madagascariensis	Daubentonia_madagascariensis__aye-aye__HLdauMad1__GCA_004027145.1	2	1	1	0	Daubentonia_madagascariensis__aye-aye__HLdauMad1__GCA_004027145.1	2	1	1	0	Daubentonia madagascariensis	Omnivore	40	0	0	0	0	0	0	20	40	0	Daubentonia madagascariensis	2500.0	60	40	0.6	0.0	3.3979400086720375	1.0986122886681096	0.6931471805599453	0.6931471805599453	0.0	Omnivore	Daubentonia_madagascariensis
Delphinus_delphis__Saddleback_dolphin__HLdelDelp3__GCA_030062865.2	Delphinus delphis	Saddleback dolphin	Black Sea dolphin,common dolphin,short-beaked saddleback dolphin	9728	Mammalia; Theria; Eutheria; Boreoeutheria; Laurasiatheria; Artiodactyla; Whippomorpha; Cetacea; Odontoceti; Delphinidae; Delphinus	HLdelDelp3	GCA_030062865.2	NCBI	ASM3006286v2	Chromosome	2024-03-15	First Institute of Oceanography, Ministry of Natural Resources	54231611	108933991	14635	554	7	Delphinus delphis	Delphinus_delphis__Saddleback_dolphin__HLdelDelp3__GCA_030062865.2	8	1	0	7	Delphinus_delphis__Saddleback_dolphin__HLdelDelp3__GCA_030062865.2	8	1	0	7	Delphinus delphis	Insectivore	80	0	0	20	0	0	0	0	0	0	Delphinus delphis	80000.0	0	100	0.0	0.0	4.903089986991944	2.197224577336219	0.6931471805599453	0.0	2.0794415416798357	Animal_dominant	Delphinus_delphis
Delphinus_delphis__saddleback_dolphin__HLdelDel2__GCA_030062865.1	Delphinus delphis	saddleback dolphin	Black Sea dolphin,short-beaked saddleback dolphin,common dolphin	9728	Mammalia; Theria; Eutheria; Boreoeutheria; Laurasiatheria; Artiodactyla; Whippomorpha; Cetacea; Odontoceti; Delphinidae; Delphinus	HLdelDel2	GCA_030062865.1	NCBI	ASM3006286v1	Chromosome	2023-05-24	First Institute of Oceanography, Ministry of Natural Resources	54231611	108933991	14628	559	9	Delphinus delphis	Delphinus_delphis__saddleback_dolphin__HLdelDel2__GCA_030062865.1	8	1	0	7	Delphinus_delphis__saddleback_dolphin__HLdelDel2__GCA_030062865.1	8	1	0	7	Delphinus delphis	Insectivore	80	0	0	20	0	0	0	0	0	0	Delphinus delphis	80000.0	0	100	0.0	0.0	4.903089986991944	2.197224577336219	0.6931471805599453	0.0	2.0794415416798357	Animal_dominant	Delphinus_delphis
Eliomys_quercinus__garden_dormouse__HLeliQue1A__GCA_051143605.1	Eliomys quercinus	garden dormouse	Mus quercinus	53277	Mammalia; Theria; Eutheria; Boreoeutheria; Euarchontoglires; Glires; Rodentia; Sciuromorpha; Gliridae; Leithiinae; Eliomys	HLeliQue1A	GCA_051143605.1	NCBI			2023-10-26		51740598	108114398	14917	242	37	Eliomys quercinus	Eliomys_quercinus__garden_dormouse__HLeliQue1A__GCA_051143605.1	1	0	1	0	Eliomys_quercinus__garden_dormouse__HLeliQue1A__GCA_051143605.1	1	0	1	0	Eliomys quercinus	Omnivore	30	30	0	0	0	0	20	0	20	0	Eliomys quercinus	115.0	40	60	0.4	0.0	2.060697840353612	0.6931471805599453	0.0	0.6931471805599453	0.0	Omnivore	Eliomys_quercinus
Eliomys_quercinus__garden_dormouse__HLeliQue1B__GCA_051143595.1	Eliomys quercinus	garden dormouse	Mus quercinus	53277	Mammalia; Theria; Eutheria; Boreoeutheria; Euarchontoglires; Glires; Rodentia; Sciuromorpha; Gliridae; Leithiinae; Eliomys	HLeliQue1B	GCA_051143595.1	NCBI			2023-10-26		45399149	107541173	13404	984	808	Eliomys quercinus	Eliomys_quercinus__garden_dormouse__HLeliQue1B__GCA_051143595.1	1	0	1	0	Eliomys_quercinus__garden_dormouse__HLeliQue1B__GCA_051143595.1	1	0	1	0	Eliomys quercinus	Omnivore	30	30	0	0	0	0	20	0	20	0	Eliomys quercinus	115.0	40	60	0.4	0.0	2.060697840353612	0.6931471805599453	0.0	0.6931471805599453	0.0	Omnivore	Eliomys_quercinus
Felis_catus__Domestic_cat__HLfelCatu10__GCA_051911835.1	Felis catus	Domestic cat	cats,cat,Korat cats,Felis domesticus,Felis silvestris catus	9685	Mammalia; Theria; Eutheria; Boreoeutheria; Laurasiatheria; Carnivora; Feliformia; Felidae; Felinae; Felis	HLfelCatu10	GCA_051911835.1	NCBI	F.catus_OcraZ1_1.0	Complete Genome	2025-08-11	Ocra Biotechnology Co., Limited	149421202	149421202	15065	123	8	Felis catus	Felis_catus__Domestic_cat__HLfelCatu10__GCA_051911835.1	2	1	1	0	Felis_catus__Domestic_cat__HLfelCatu10__GCA_051911835.1	2	1	1	0	Felis catus	Carnivore	0	100	0	0	0	0	0	0	0	0	Felis catus	2884.8	0	100	0.0	0.0	3.460115709378327	1.0986122886681096	0.6931471805599453	0.6931471805599453	0.0	Animal_dominant	Felis_catus
Felis_catus__domestic_cat__felCat9__GCF_000181335.3	Felis catus	domestic cat	Felis domesticus,cats,Felis silvestris catus,cat	9685	Mammalia; Theria; Eutheria; Boreoeutheria; Laurasiatheria; Carnivora; Feliformia; Felidae; Felinae; Felis	felCat9	GCF_000181335.3	NCBI	Felis_catus_9.0	Chromosome	2017-11-20	Genome Sequencing Center (GSC) at Washington University (WashU) School of Medicine	41915695	83967707	14280	905	11	Felis catus	Felis_catus__domestic_cat__felCat9__GCF_000181335.3	2	1	1	0	Felis_catus__domestic_cat__felCat9__GCF_000181335.3	2	1	1	0	Felis catus	Carnivore	0	100	0	0	0	0	0	0	0	0	Felis catus	2884.8	0	100	0.0	0.0	3.460115709378327	1.0986122886681096	0.6931471805599453	0.6931471805599453	0.0	Animal_dominant	Felis_catus
Inia_geoffrensis__Boutu__HLiniGeo2B__GCA_036417475.1	Inia geoffrensis	Boutu	Amazon dolphin,pink river dolphin,Delphinus geoffrensis,Amazon river dolphin,Amazon porpoise,boto	9725	Mammalia; Theria; Eutheria; Boreoeutheria; Laurasiatheria; Artiodactyla; Whippomorpha; Cetacea; Odontoceti; Iniidae; Inia	HLiniGeo2B	GCA_036417475.1	NCBI	mIniGeo1.hap2	Chromosome	2024-02-06	Cetaceans Genome Project	41942625	109672245	14084	587	525	Inia geoffrensis	Inia_geoffrensis__Boutu__HLiniGeo2B__GCA_036417475.1	5	1	0	4	Inia_geoffrensis__Boutu__HLiniGeo2B__GCA_036417475.1	5	1	0	4	Inia geoffrensis	Carnivore	10	0	0	90	0	0	0	0	0	0	Inia geoffrensis	129250.0	0	100	0.0	0.0	5.11143055176598	1.791759469228055	0.6931471805599453	0.0	1.6094379124341003	Animal_dominant	Inia_geoffrensis
Inia_geoffrensis__Boutu__HLiniGeo2A__GCA_036417435.1	Inia geoffrensis	Boutu	Amazon dolphin,boto,Amazon river dolphin,Delphinus geoffrensis,pink river dolphin,Amazon porpoise	9725	Mammalia; Theria; Eutheria; Boreoeutheria; Laurasiatheria; Artiodactyla; Whippomorpha; Cetacea; Odontoceti; Iniidae; Inia	HLiniGeo2A	GCA_036417435.1	NCBI	mIniGeo1.hap1	Chromosome	2024-02-06	Cetaceans Genome Project	40892022	117431308	14616	565	15	Inia geoffrensis	Inia_geoffrensis__Boutu__HLiniGeo2A__GCA_036417435.1	7	1	0	6	Inia_geoffrensis__Boutu__HLiniGeo2A__GCA_036417435.1	7	1	0	6	Inia geoffrensis	Carnivore	10	0	0	90	0	0	0	0	0	0	Inia geoffrensis	129250.0	0	100	0.0	0.0	5.11143055176598	2.0794415416798357	0.6931471805599453	0.0	1.9459101490553132	Animal_dominant	Inia_geoffrensis
Lemur_catta__Ring-tailed_lemur__HLlemCat2__GCF_020740605.2	Lemur catta	Ring-tailed lemur		9447	Mammalia; Theria; Eutheria; Boreoeutheria; Euarchontoglires; Primates; Strepsirrhini; Lemuriformes; Lemuridae; Lemur	HLlemCat2	GCF_020740605.2	NCBI	mLemCat1.pri	Chromosome	2021-11-04	Vertebrate Genomes Project	32529614	102162704	14820	338	38	Lemur catta	Lemur_catta__Ring-tailed_lemur__HLlemCat2__GCF_020740605.2	2	1	1	0	Lemur_catta__Ring-tailed_lemur__HLlemCat2__GCF_020740605.2	2	1	1	0	Lemur catta	Frugivore	0	0	0	0	0	0	80	0	0	20	Lemur catta	2900.0	100	0	1.0	0.2	3.462397997898956	1.0986122886681096	0.6931471805599453	0.6931471805599453	0.0	Plant_dominant	Lemur_catta
Lemur_catta__Ring-tailed_lemur__HLlemCat1__GCA_004024665.1	Lemur catta	Ring-tailed lemur		9447	Mammalia; Theria; Eutheria; Boreoeutheria; Euarchontoglires; Primates; Strepsirrhini; Lemuriformes; Lemuridae; Lemur	HLlemCat1	GCA_004024665.1	NCBI	LemCat_v1_BIUU	Scaffold	2019-01-15	Broad Institute	158439	215715	14555	297	344	Lemur catta	Lemur_catta__Ring-tailed_lemur__HLlemCat1__GCA_004024665.1	2	1	1	0	Lemur_catta__Ring-tailed_lemur__HLlemCat1__GCA_004024665.1	2	1	1	0	Lemur catta	Frugivore	0	0	0	0	0	0	80	0	0	20	Lemur catta	2900.0	100	0	1.0	0.2	3.462397997898956	1.0986122886681096	0.6931471805599453	0.6931471805599453	0.0	Plant_dominant	Lemur_catta
Loxodonta_africana__African_savanna_elephant__HLloxAfr5A__GCA_030014295.1	Loxodonta africana	African savanna elephant	African bush elephant,Elephas africanus,Loxodonta africana africana,African savannah elephant	9785	Mammalia; Theria; Eutheria; Afrotheria; Proboscidea; Elephantidae; Loxodonta	HLloxAfr5A	GCA_030014295.1	NCBI	mLoxAfr1.hap2	Chromosome	2023-05-16	Vertebrate Genomes Project	82653632	119600562	15167	24	5	Loxodonta africana	Loxodonta_africana__African_savanna_elephant__HLloxAfr5A__GCA_030014295.1	2	1	1	0	Loxodonta_africana__African_savanna_elephant__HLloxAfr5A__GCA_030014295.1	2	1	1	0	Loxodonta africana	Herbivore	0	0	0	0	0	0	0	0	0	100	Loxodonta africana	3940034.28	100	0	1.0	1.0	6.595500000391583	1.0986122886681096	0.6931471805599453	0.6931471805599453	0.0	Plant_dominant	Loxodonta_africana
Loxodonta_africana__African_savanna_elephant__HLloxAfr5B__GCA_030020305.1	Loxodonta africana	African savanna elephant	Elephas africanus,African savannah elephant,Loxodonta africana africana,African bush elephant	9785	Mammalia; Theria; Eutheria; Afrotheria; Proboscidea; Elephantidae; Loxodonta	HLloxAfr5B	GCA_030020305.1	NCBI	mLoxAfr1.hap1	Scaffold	2023-05-15	Vertebrate Genomes Project	75907863	116142568	14954	46	196	Loxodonta africana	Loxodonta_africana__African_savanna_elephant__HLloxAfr5B__GCA_030020305.1	2	1	1	0	Loxodonta_africana__African_savanna_elephant__HLloxAfr5B__GCA_030020305.1	2	1	1	0	Loxodonta africana	Herbivore	0	0	0	0	0	0	0	0	0	100	Loxodonta africana	3940034.28	100	0	1.0	1.0	6.595500000391583	1.0986122886681096	0.6931471805599453	0.6931471805599453	0.0	Plant_dominant	Loxodonta_africana
Lycaon_pictus__African_hunting_dog__HLlycPict4A__GCA_040955705.1	Lycaon pictus	African hunting dog	painted hunting dog,ornate wolf,Hyaena picta,African wild dog	9622	Mammalia; Theria; Eutheria; Boreoeutheria; Laurasiatheria; Carnivora; Caniformia; Canidae; Lycaon	HLlycPict4A	GCA_040955705.1	NCBI	LycPic1.final.hap2	Chromosome	2024-08-01	University of Copenhagen	39426608	64477381	15007	175	14	Lycaon pictus	Lycaon_pictus__African_hunting_dog__HLlycPict4A__GCA_040955705.1	2	1	1	0	Lycaon_pictus__African_hunting_dog__HLlycPict4A__GCA_040955705.1	2	1	1	0	Lycaon pictus	Carnivore	0	100	0	0	0	0	0	0	0	0	Lycaon pictus	22050.07	0	100	0.0	0.0	4.34340997251431	1.0986122886681096	0.6931471805599453	0.6931471805599453	0.0	Animal_dominant	Lycaon_pictus
Lycaon_pictus__African_hunting_dog__HLlycPic3	Lycaon pictus	African hunting dog	ornate wolf,painted hunting dog,African wild dog	9622	Mammalia; Theria; Eutheria; Boreoeutheria; Laurasiatheria; Carnivora; Caniformia; Canidae; Lycaon	HLlycPic3	DNA Zoo Consortium	DNA Zoo Consortium			2020-07-12		97659	62683413	13847	914	435	Lycaon pictus	Lycaon_pictus__African_hunting_dog__HLlycPic3	2	1	1	0	Lycaon_pictus__African_hunting_dog__HLlycPic3	2	1	1	0	Lycaon pictus	Carnivore	0	100	0	0	0	0	0	0	0	0	Lycaon pictus	22050.07	0	100	0.0	0.0	4.34340997251431	1.0986122886681096	0.6931471805599453	0.6931471805599453	0.0	Animal_dominant	Lycaon_pictus
Lynx_canadensis__Canada_lynx__HLlynCana2__GCF_007474595.2	Lynx canadensis	Canada lynx	Felis canadensis	61383	Mammalia; Theria; Eutheria; Boreoeutheria; Laurasiatheria; Carnivora; Feliformia; Felidae; Felinae; Lynx	HLlynCana2	GCF_007474595.2	NCBI	mLynCan4.pri.v2	Chromosome	2020-07-14	Vertebrate Genomes Project	7503561	147275701	13860	1250	86	Lynx canadensis	Lynx_canadensis__Canada_lynx__HLlynCana2__GCF_007474595.2	2	1	1	0	Lynx_canadensis__Canada_lynx__HLlynCana2__GCF_007474595.2	2	1	1	0	Lynx canadensis	Carnivore	0	80	0	20	0	0	0	0	0	0	Lynx canadensis	9373.25	0	100	0.0	0.0	3.971890200529151	1.0986122886681096	0.6931471805599453	0.6931471805599453	0.0	Animal_dominant	Lynx_canadensis
Lynx_canadensis__Canada_lynx__HLlynCan1__GCA_007474595.1	Lynx canadensis	Canada lynx	Felis canadensis	61383	Mammalia; Theria; Eutheria; Boreoeutheria; Laurasiatheria; Carnivora; Feliformia; Felidae; Felinae; Lynx	HLlynCan1	GCA_007474595.1	NCBI	mLynCan4_v1.p	Chromosome	2019-07-26	Vertebrate Genomes Project	7503561	146106016	13861	1253	82	Lynx canadensis	Lynx_canadensis__Canada_lynx__HLlynCan1__GCA_007474595.1	2	1	1	0	Lynx_canadensis__Canada_lynx__HLlynCan1__GCA_007474595.1	2	1	1	0	Lynx canadensis	Carnivore	0	80	0	20	0	0	0	0	0	0	Lynx canadensis	9373.25	0	100	0.0	0.0	3.971890200529151	1.0986122886681096	0.6931471805599453	0.6931471805599453	0.0	Animal_dominant	Lynx_canadensis
Macaca_fascicularis__Crab-eating_macaque__HLmacFas8__GCF_037993035.1	Macaca fascicularis	Crab-eating macaque	long-tailed macaque,Macaca cynomolgus,Cynomolgus,Simia fascicularis,cynomolgus monkeys,CYNOMOLGUS,cynomolgus macaque,Macaca irus,crab eating macaque,cynomolgus monkey	9541	Mammalia; Theria; Eutheria; Boreoeutheria; Euarchontoglires; Primates; Haplorrhini; Simiiformes; Catarrhini; Cercopithecoidea; Cercopithecidae; Cercopithecinae; Macaca	HLmacFas8	GCF_037993035.1	NCBI	T2T-MFA8v1.0	Complete Genome	2024-04-05	Shanghai Jiao Tong University	162126771	162126771	15135	53	8	Macaca fascicularis	Macaca_fascicularis__Crab-eating_macaque__HLmacFas8__GCF_037993035.1	14	13	1	0	Macaca_fascicularis__Crab-eating_macaque__HLmacFas8__GCF_037993035.1	14	13	1	0	Macaca fascicularis	Omnivore	50	0	0	0	0	0	40	0	0	10	Macaca fascicularis	3991.5	50	50	0.5	0.1	3.60113613360707	2.70805020110221	2.6390573296152584	0.6931471805599453	0.0	Omnivore	Macaca_fascicularis
Macaca_fascicularis__crab-eating_macaque__HLmacFas7__GCF_012559485.2	Macaca fascicularis	crab-eating macaque	cynomolgus macaque,crab eating macaque,cynomolgus monkeys,long-tailed macaque,Macaca cynomolgus,cynomolgus monkey,Simia fascicularis,Macaca irus	9541	Mammalia; Theria; Eutheria; Boreoeutheria; Euarchontoglires; Primates; Haplorrhini; Simiiformes; Catarrhini; Cercopithecoidea; Cercopithecidae; Cercopithecinae; Macaca	HLmacFas7	GCF_012559485.2	NCBI	MFA1912RKSv2	Chromosome	2021-10-26	Keio University / RIKEN	26251577	149803873	15076	105	15	Macaca fascicularis	Macaca_fascicularis__crab-eating_macaque__HLmacFas7__GCF_012559485.2	1	1	0	0	Macaca_fascicularis__crab-eating_macaque__HLmacFas7__GCF_012559485.2	1	1	0	0	Macaca fascicularis	Omnivore	50	0	0	0	0	0	40	0	0	10	Macaca fascicularis	3991.5	50	50	0.5	0.1	3.60113613360707	0.6931471805599453	0.6931471805599453	0.0	0.0	Omnivore	Macaca_fascicularis
Manis_javanica__Malayan_pangolin__HLmanJava4__GCF_040802235.1	Manis javanica	Malayan pangolin	Sunda pangolin,Javan pangolin	9974	Mammalia; Theria; Eutheria; Boreoeutheria; Laurasiatheria; Pholidota; Manidae; Manis	HLmanJava4	GCF_040802235.1	NCBI	MJ_LKY	Chromosome	2024-07-22	Northeast Forestry University	61244301	141798549	14728	460	8	Manis javanica	Manis_javanica__Malayan_pangolin__HLmanJava4__GCF_040802235.1	2	1	1	0	Manis_javanica__Malayan_pangolin__HLmanJava4__GCF_040802235.1	2	1	1	0	Manis javanica	Insectivore	100	0	0	0	0	0	0	0	0	0	Manis javanica	5150.0	0	100	0.0	0.0	3.711807229041191	1.0986122886681096	0.6931471805599453	0.6931471805599453	0.0	Animal_dominant	Manis_javanica
Manis_javanica__Malayan_pangolin__HLmanJav3__GCA_024605085.1	Manis javanica	Malayan pangolin	Sunda pangolin,Javan pangolin	9974	Mammalia; Theria; Eutheria; Boreoeutheria; Laurasiatheria; Pholidota; Manidae; Manis	HLmanJav3	GCA_024605085.1	NCBI	ASM2460508v1	Contig	2022-08-09	Guangxi University	15813259	15813259	14524	565	107	Manis javanica	Manis_javanica__Malayan_pangolin__HLmanJav3__GCA_024605085.1	2	1	1	0	Manis_javanica__Malayan_pangolin__HLmanJav3__GCA_024605085.1	2	1	1	0	Manis javanica	Insectivore	100	0	0	0	0	0	0	0	0	0	Manis javanica	5150.0	0	100	0.0	0.0	3.711807229041191	1.0986122886681096	0.6931471805599453	0.6931471805599453	0.0	Animal_dominant	Manis_javanica
Marmota_flaviventris__Yellow-bellied_marmot__HLmarFlav2A__GCF_047511675.1	Marmota flaviventris	Yellow-bellied marmot	Arctomys flaviventer	93162	Mammalia; Theria; Eutheria; Boreoeutheria; Euarchontoglires; Glires; Rodentia; Sciuromorpha; Sciuridae; Xerinae; Marmotini; Marmota	HLmarFlav2A	GCF_047511675.1	NCBI	mMarFla1.hap1	Chromosome	2025-02-10	Vertebrate Genomes Project	52587502	136846803	15002	185	9	Marmota flaviventris	Marmota_flaviventris__Yellow-bellied_marmot__HLmarFlav2A__GCF_047511675.1	1	0	1	0	Marmota_flaviventris__Yellow-bellied_marmot__HLmarFlav2A__GCF_047511675.1	1	0	1	0	Marmota flaviventris	Herbivore	0	0	0	0	0	0	30	0	30	40	Marmota flaviventris	3349.96	100	0	1.0	0.4	3.5250396214001323	0.6931471805599453	0.0	0.6931471805599453	0.0	Plant_dominant	Marmota_flaviventris
Marmota_flaviventris__Yellow-bellied_marmot__HLmarFlav2B__GCA_047512175.1	Marmota flaviventris	Yellow-bellied marmot	Arctomys flaviventer	93162	Mammalia; Theria; Eutheria; Boreoeutheria; Euarchontoglires; Glires; Rodentia; Sciuromorpha; Sciuridae; Xerinae; Marmotini; Marmota	HLmarFlav2B	GCA_047512175.1	NCBI	mMarFla1.hap2	Chromosome	2025-02-10	Vertebrate Genomes Project	47537411	138730837	14446	218	532	Marmota flaviventris	Marmota_flaviventris__Yellow-bellied_marmot__HLmarFlav2B__GCA_047512175.1	1	0	1	0	Marmota_flaviventris__Yellow-bellied_marmot__HLmarFlav2B__GCA_047512175.1	1	0	1	0	Marmota flaviventris	Herbivore	0	0	0	0	0	0	30	0	30	40	Marmota flaviventris	3349.96	100	0	1.0	0.4	3.5250396214001323	0.6931471805599453	0.0	0.6931471805599453	0.0	Plant_dominant	Marmota_flaviventris
Marmota_flaviventris__yellow-bellied_marmot__HLmarFla1__GCA_003676075.2	Marmota flaviventris	yellow-bellied marmot		93162	Mammalia; Theria; Eutheria; Boreoeutheria; Euarchontoglires; Glires; Rodentia; Sciuromorpha; Sciuridae; Xerinae; Marmotini; Marmota	HLmarFla1	GCA_003676075.2	NCBI	GSC_YBM_2.0	Scaffold	2019-05-24	Canada's Genomic Enterprise	143681	11407078	14855	252	89	Marmota flaviventris	Marmota_flaviventris__yellow-bellied_marmot__HLmarFla1__GCA_003676075.2	1	0	1	0	Marmota_flaviventris__yellow-bellied_marmot__HLmarFla1__GCA_003676075.2	1	0	1	0	Marmota flaviventris	Herbivore	0	0	0	0	0	0	30	0	30	40	Marmota flaviventris	3349.96	100	0	1.0	0.4	3.5250396214001323	0.6931471805599453	0.0	0.6931471805599453	0.0	Plant_dominant	Marmota_flaviventris
Martes_foina__Beach_marten__HLmarFoin2__GCA_964304585.1	Martes foina	Beach marten	Mustela foina,beech marten	9659	Mammalia; Theria; Eutheria; Boreoeutheria; Laurasiatheria; Carnivora; Caniformia; Musteloidea; Mustelidae; Guloninae; Martes	HLmarFoin2	GCA_964304585.1	NCBI	mMarFoi2.1	Chromosome	2024-11-06	Centro Nacional de Análisis Genómico	64160893	146036623	15033	155	8	Martes foina	Martes_foina__Beach_marten__HLmarFoin2__GCA_964304585.1	2	1	1	0	Martes_foina__Beach_marten__HLmarFoin2__GCA_964304585.1	2	1	1	0	Martes foina	Carnivore	0	50	0	0	20	0	20	0	0	10	Martes foina	1540.8	30	70	0.3	0.1	3.1877462697804595	1.0986122886681096	0.6931471805599453	0.6931471805599453	0.0	Animal_dominant	Martes_foina
Martes_foina__beach_marten__HLmarFoi1	Martes foina	beach marten	beech marten	9659	Mammalia; Theria; Eutheria; Boreoeutheria; Laurasiatheria; Carnivora; Caniformia; Musteloidea; Mustelidae; Guloninae; Martes	HLmarFoi1	DNA Zoo Consortium	DNA Zoo Consortium			2022-07-13		618789	144088726	14461	646	89	Martes foina	Martes_foina__beach_marten__HLmarFoi1	2	1	1	0	Martes_foina__beach_marten__HLmarFoi1	2	1	1	0	Martes foina	Carnivore	0	50	0	0	20	0	20	0	0	10	Martes foina	1540.8	30	70	0.3	0.1	3.1877462697804595	1.0986122886681096	0.6931471805599453	0.6931471805599453	0.0	Animal_dominant	Martes_foina
Martes_martes__European_pine_marten__HLmarMart2__GCA_963455335.1	Martes martes	European pine marten	Mustela martes	29065	Mammalia; Theria; Eutheria; Boreoeutheria; Laurasiatheria; Carnivora; Caniformia; Musteloidea; Mustelidae; Guloninae; Martes	HLmarMart2	GCA_963455335.1	NCBI	mMarMar1.1	Chromosome	2023-09-20	WELLCOME SANGER INSTITUTE	1599794	146289188	14966	185	45	Martes martes	Martes_martes__European_pine_marten__HLmarMart2__GCA_963455335.1	2	1	1	0	Martes_martes__European_pine_marten__HLmarMart2__GCA_963455335.1	2	1	1	0	Martes martes	Omnivore	0	60	0	0	0	0	40	0	0	0	Martes martes	1300.0	40	60	0.4	0.0	3.113943352306837	1.0986122886681096	0.6931471805599453	0.6931471805599453	0.0	Omnivore	Martes_martes
Martes_martes__European_pine_marten__HLmarMat1	Martes martes	European pine marten		29065	Mammalia; Theria; Eutheria; Boreoeutheria; Laurasiatheria; Carnivora; Caniformia; Musteloidea; Mustelidae; Guloninae; Martes	HLmarMat1	DNA Zoo Consortium	DNA Zoo Consortium			2022-07-14		632693	144638580	14434	695	67	Martes martes	Martes_martes__European_pine_marten__HLmarMat1	2	1	1	0	Martes_martes__European_pine_marten__HLmarMat1	2	1	1	0	Martes martes	Omnivore	0	60	0	0	0	0	40	0	0	0	Martes martes	1300.0	40	60	0.4	0.0	3.113943352306837	1.0986122886681096	0.6931471805599453	0.6931471805599453	0.0	Omnivore	Martes_martes
Microcebus_murinus__Gray_mouse_lemur__HLmicMuri4A__GCF_040939455.1	Microcebus murinus	Gray mouse lemur	grey mouse lemur	30608	Mammalia; Theria; Eutheria; Boreoeutheria; Euarchontoglires; Primates; Strepsirrhini; Lemuriformes; Cheirogaleidae; Microcebus	HLmicMuri4A	GCF_040939455.1	NCBI	M.murinus_Inina_mat1.0	Chromosome	2025-06-05	Stanford University	102817952	105226355	14950	166	80	Microcebus murinus	Microcebus_murinus__Gray_mouse_lemur__HLmicMuri4A__GCF_040939455.1	2	1	1	0	Microcebus_murinus__Gray_mouse_lemur__HLmicMuri4A__GCF_040939455.1	2	1	1	0	Microcebus murinus	Frugivore	20	0	20	0	0	0	30	10	0	20	Microcebus murinus	69.0	60	40	0.6	0.2	1.8388490907372552	1.0986122886681096	0.6931471805599453	0.6931471805599453	0.0	Plant_dominant	Microcebus_murinus
Microcebus_murinus__gray_mouse_lemur__micMur3__GCF_000165445.2	Microcebus murinus	gray mouse lemur	grey mouse lemur	30608	Mammalia; Theria; Eutheria; Boreoeutheria; Euarchontoglires; Primates; Strepsirrhini; Lemuriformes; Cheirogaleidae; Microcebus	micMur3	GCF_000165445.2	NCBI	Mmur_3.0	Chromosome	2017-02-06	Baylor College of Medicine	210702	108171978	14087	947	162	Microcebus murinus	Microcebus_murinus__gray_mouse_lemur__micMur3__GCF_000165445.2	2	1	1	0	Microcebus_murinus__gray_mouse_lemur__micMur3__GCF_000165445.2	2	1	1	0	Microcebus murinus	Frugivore	20	0	20	0	0	0	30	10	0	20	Microcebus murinus	69.0	60	40	0.6	0.2	1.8388490907372552	1.0986122886681096	0.6931471805599453	0.6931471805599453	0.0	Plant_dominant	Microcebus_murinus
Microtus_californicus__California_vole__HLmicCal1A__GCA_028537955.1	Microtus californicus	California vole	Arvicola californica	100895	Mammalia; Theria; Eutheria; Boreoeutheria; Euarchontoglires; Glires; Rodentia; Myomorpha; Muroidea; Cricetidae; Arvicolinae; Microtus	HLmicCal1A	GCA_028537955.1	NCBI	mMicCal1.0.hap1	Scaffold	2023-02-07	UCLA	49752295	83674487	14875	284	37	Microtus californicus	Microtus_californicus__California_vole__HLmicCal1A__GCA_028537955.1	1	0	1	0	Microtus_californicus__California_vole__HLmicCal1A__GCA_028537955.1	1	0	1	0	Microtus californicus	Herbivore	0	0	0	0	0	0	0	0	20	80	Microtus californicus	57.42	100	0	1.0	0.8	1.7590631881604872	0.6931471805599453	0.0	0.6931471805599453	0.0	Plant_dominant	Microtus_californicus
Microtus_californicus__California_vole__HLmicCal1B__GCA_028537755.1	Microtus californicus	California vole	Arvicola californica	100895	Mammalia; Theria; Eutheria; Boreoeutheria; Euarchontoglires; Glires; Rodentia; Myomorpha; Muroidea; Cricetidae; Arvicolinae; Microtus	HLmicCal1B	GCA_028537755.1	NCBI	mMicCal1.0.hap2	Scaffold	2023-02-07	UCLA	45668671	76329214	14402	251	543	Microtus californicus	Microtus_californicus__California_vole__HLmicCal1B__GCA_028537755.1	1	0	1	0	Microtus_californicus__California_vole__HLmicCal1B__GCA_028537755.1	1	0	1	0	Microtus californicus	Herbivore	0	0	0	0	0	0	0	0	20	80	Microtus californicus	57.42	100	0	1.0	0.8	1.7590631881604872	0.6931471805599453	0.0	0.6931471805599453	0.0	Plant_dominant	Microtus_californicus
Microtus_pennsylvanicus__Meadow_vole__HLmicPen1B__GCA_037039175.1	Microtus pennsylvanicus	Meadow vole	Mus pennsylvanicus	10058	Mammalia; Theria; Eutheria; Boreoeutheria; Euarchontoglires; Glires; Rodentia; Myomorpha; Muroidea; Cricetidae; Arvicolinae; Microtus	HLmicPen1B	GCA_037039175.1	NCBI	mMicPen1.hap2	Chromosome	2024-03-06	Vertebrate Genomes Project	63584353	118374433	14391	248	557	Microtus pennsylvanicus	Microtus_pennsylvanicus__Meadow_vole__HLmicPen1B__GCA_037039175.1	1	0	1	0	Microtus_pennsylvanicus__Meadow_vole__HLmicPen1B__GCA_037039175.1	1	0	1	0	Microtus pennsylvanicus	Herbivore	0	0	0	0	0	0	0	0	20	80	Microtus pennsylvanicus	36.75	100	0	1.0	0.8	1.5652573434202137	0.6931471805599453	0.0	0.6931471805599453	0.0	Plant_dominant	Microtus_pennsylvanicus
Microtus_pennsylvanicus__Meadow_vole__HLmicPen1A__GCA_037038515.1	Microtus pennsylvanicus	Meadow vole	Mus pennsylvanicus	10058	Mammalia; Theria; Eutheria; Boreoeutheria; Euarchontoglires; Glires; Rodentia; Myomorpha; Muroidea; Cricetidae; Arvicolinae; Microtus	HLmicPen1A	GCA_037038515.1	NCBI	mMicPen1.hap1	Chromosome	2024-03-06	Vertebrate Genomes Project	47175454	125308425	14900	255	41	Microtus pennsylvanicus	Microtus_pennsylvanicus__Meadow_vole__HLmicPen1A__GCA_037038515.1	1	0	1	0	Microtus_pennsylvanicus__Meadow_vole__HLmicPen1A__GCA_037038515.1	1	0	1	0	Microtus pennsylvanicus	Herbivore	0	0	0	0	0	0	0	0	20	80	Microtus pennsylvanicus	36.75	100	0	1.0	0.8	1.5652573434202137	0.6931471805599453	0.0	0.6931471805599453	0.0	Plant_dominant	Microtus_pennsylvanicus
Miniopterus_schreibersii__Schreibers_long-fingered_bat__HLminSch2B__GCA_964145185.1	Miniopterus schreibersii	Schreibers long-fingered bat	Schreibers's long-fingered bat,Common bent-wing bat,Miniopterus schreibersi	9433	Mammalia; Theria; Eutheria; Boreoeutheria; Laurasiatheria; Chiroptera; Yangochiroptera; Miniopteridae; Miniopterus	HLminSch2B	GCA_964145185.1	NCBI	mMinSch1.hap2.1	Scaffold	2024-06-04	WELLCOME SANGER INSTITUTE	2346505	84995947	14331	292	573	Miniopterus schreibersii	Miniopterus_schreibersii__Schreibers_long-fingered_bat__HLminSch2B__GCA_964145185.1	2	1	1	0	Miniopterus_schreibersii__Schreibers_long-fingered_bat__HLminSch2B__GCA_964145185.1	2	1	1	0	Miniopterus schreibersii	Insectivore	100	0	0	0	0	0	0	0	0	0	Miniopterus schreibersii	11.46	0	100	0.0	0.0	1.0591846176313713	1.0986122886681096	0.6931471805599453	0.6931471805599453	0.0	Animal_dominant	Miniopterus_schreibersii
Miniopterus_schreibersii__Schreibers_long-fingered_bat__HLminSch2A__GCA_964146895.1	Miniopterus schreibersii	Schreibers long-fingered bat	Schreibers's long-fingered bat,Miniopterus schreibersi,Common bent-wing bat	9433	Mammalia; Theria; Eutheria; Boreoeutheria; Laurasiatheria; Chiroptera; Yangochiroptera; Miniopteridae; Miniopterus	HLminSch2A	GCA_964146895.1	NCBI	mMinSch1.hap1.1	Chromosome	2024-06-06	WELLCOME SANGER INSTITUTE	2292542	86279620	14890	256	50	Miniopterus schreibersii	Miniopterus_schreibersii__Schreibers_long-fingered_bat__HLminSch2A__GCA_964146895.1	2	1	1	0	Miniopterus_schreibersii__Schreibers_long-fingered_bat__HLminSch2A__GCA_964146895.1	2	1	1	0	Miniopterus schreibersii	Insectivore	100	0	0	0	0	0	0	0	0	0	Miniopterus schreibersii	11.46	0	100	0.0	0.0	1.0591846176313713	1.0986122886681096	0.6931471805599453	0.6931471805599453	0.0	Animal_dominant	Miniopterus_schreibersii
Mus_musculus__house_mouse__mm39__GCF_000001635.27	Mus musculus	house mouse	mouse,LK3 transgenic mice,transgenic mice,nude mice,Mus sp. 129SV	10090	Mammalia; Theria; Eutheria; Boreoeutheria; Euarchontoglires; Glires; Rodentia; Myomorpha; Muroidea; Muridae; Murinae; Mus; Mus	mm39	GCF_000001635.27	NCBI	GRCm39	Chromosome	2020-06-24	Genome Reference Consortium	59462871	106145001	14915	225	56	Mus musculus	Mus_musculus__house_mouse__mm39__GCF_000001635.27	1	0	1	0	Mus_musculus__house_mouse__mm39__GCF_000001635.27	1	0	1	0	Mus musculus	Herbivore	20	0	0	0	0	0	0	0	20	60	Mus musculus	16.25	80	20	0.8	0.6	1.2108533653148932	0.6931471805599453	0.0	0.6931471805599453	0.0	Plant_dominant	Mus_musculus
Mus_musculus__House_mouse__HLmusMusc41__GCA_949316315.1	Mus musculus	House mouse	Mus sp. 129SV,Balb/c mouse,mouse,transgenic mice,LK3 transgenic mice,nude mice	10090	Mammalia; Theria; Eutheria; Boreoeutheria; Euarchontoglires; Glires; Rodentia; Myomorpha; Muroidea; Muridae; Murinae; Mus; Mus	HLmusMusc41	GCA_949316315.1	NCBI	mMusMuc1.1	Chromosome	2023-04-08	WELLCOME SANGER INSTITUTE	39533248	132150484	14882	230	84	Mus musculus	Mus_musculus__House_mouse__HLmusMusc41__GCA_949316315.1	1	0	1	0	Mus_musculus__House_mouse__HLmusMusc41__GCA_949316315.1	1	0	1	0	Mus musculus	Herbivore	20	0	0	0	0	0	0	0	20	60	Mus musculus	16.25	80	20	0.8	0.6	1.2108533653148932	0.6931471805599453	0.0	0.6931471805599453	0.0	Plant_dominant	Mus_musculus
Mus_musculus__house_mouse__mm10__GCF_000001635.20	Mus musculus	house mouse	transgenic mice,LK3 transgenic mice,Mus sp. 129SV,nude mice,mouse	10090	Mammalia; Theria; Eutheria; Boreoeutheria; Euarchontoglires; Glires; Rodentia; Myomorpha; Muroidea; Muridae; Murinae; Mus; Mus	mm10	GCF_000001635.20	NCBI	GRCm38	Chromosome	2012-01-09	Genome Reference Consortium	32273079	52589046	14892	243	61	Mus musculus	Mus_musculus__house_mouse__mm10__GCF_000001635.20	1	0	1	0	Mus_musculus__house_mouse__mm10__GCF_000001635.20	1	0	1	0	Mus musculus	Herbivore	20	0	0	0	0	0	0	0	20	60	Mus musculus	16.25	80	20	0.8	0.6	1.2108533653148932	0.6931471805599453	0.0	0.6931471805599453	0.0	Plant_dominant	Mus_musculus
Mustela_nivalis__Least_weasel__HLmusNiva2A__GCA_964662115.1	Mustela nivalis	Least weasel		36239	Mammalia; Theria; Eutheria; Boreoeutheria; Laurasiatheria; Carnivora; Caniformia; Musteloidea; Mustelidae; Mustelinae; Mustela	HLmusNiva2A	GCA_964662115.1	NCBI	mMusNiv2.hap1.1	Chromosome	2025-01-03	WELLCOME SANGER INSTITUTE	1161649	115392379	14832	242	122	Mustela nivalis	Mustela_nivalis__Least_weasel__HLmusNiva2A__GCA_964662115.1	2	1	1	0	Mustela_nivalis__Least_weasel__HLmusNiva2A__GCA_964662115.1	2	1	1	0	Mustela nivalis	Carnivore	0	100	0	0	0	0	0	0	0	0	Mustela nivalis	103.88	0	100	0.0	0.0	2.016531940957265	1.0986122886681096	0.6931471805599453	0.6931471805599453	0.0	Animal_dominant	Mustela_nivalis
Mustela_nivalis__least_weasel__HLmusNiv1__GCA_019141155.1	Mustela nivalis	least weasel		36239	Mammalia; Theria; Eutheria; Boreoeutheria; Laurasiatheria; Carnivora; Caniformia; Musteloidea; Mustelidae; Mustelinae; Mustela	HLmusNiv1	GCA_019141155.1	NCBI	MusNiv_Pri1.0	Scaffold	2021-07-06	CIBIO-InBIO	195927	24899452	14661	425	110	Mustela nivalis	Mustela_nivalis__least_weasel__HLmusNiv1__GCA_019141155.1	2	1	1	0	Mustela_nivalis__least_weasel__HLmusNiv1__GCA_019141155.1	2	1	1	0	Mustela nivalis	Carnivore	0	100	0	0	0	0	0	0	0	0	Mustela nivalis	103.88	0	100	0.0	0.0	2.016531940957265	1.0986122886681096	0.6931471805599453	0.6931471805599453	0.0	Animal_dominant	Mustela_nivalis
Myotis_daubentonii__Daubentons_bat__HLmyoDaub3A__GCA_963259705.2	Myotis daubentonii	Daubentons bat	Wasserfledermaus,Myotis daubentoni,Vespertilio daubentonii	98922	Mammalia; Theria; Eutheria; Boreoeutheria; Laurasiatheria; Chiroptera; Yangochiroptera; Vespertilionidae; Myotis	HLmyoDaub3A	GCA_963259705.2	NCBI	mMyoDau2.hap1.2	Chromosome	2025-04-09	WELLCOME SANGER INSTITUTE	28718153	101535203	14908	270	18	Myotis daubentonii	Myotis_daubentonii__Daubentons_bat__HLmyoDaub3A__GCA_963259705.2	3	1	2	0	Myotis_daubentonii__Daubentons_bat__HLmyoDaub3A__GCA_963259705.2	3	1	2	0	Myotis daubentonii	Insectivore	100	0	0	0	0	0	0	0	0	0	Myotis daubentonii	7.63	0	100	0.0	0.0	0.8825245379548805	1.3862943611198906	0.6931471805599453	1.0986122886681096	0.0	Animal_dominant	Myotis_daubentonii
Myotis_daubentonii__Daubentons_bat__HLmyoDau2__GCF_963259705.1	Myotis daubentonii	Daubentons bat	Myotis daubentoni,Wasserfledermaus,Vespertilio daubentonii	98922	Mammalia; Theria; Eutheria; Boreoeutheria; Laurasiatheria; Chiroptera; Yangochiroptera; Vespertilionidae; Myotis	HLmyoDau2	GCF_963259705.1	NCBI	mMyoDau2.1	Chromosome	2023-08-20	WELLCOME SANGER INSTITUTE	3062752	102234773	14841	310	45	Myotis daubentonii	Myotis_daubentonii__Daubentons_bat__HLmyoDau2__GCF_963259705.1	3	1	2	0	Myotis_daubentonii__Daubentons_bat__HLmyoDau2__GCF_963259705.1	3	1	2	0	Myotis daubentonii	Insectivore	100	0	0	0	0	0	0	0	0	0	Myotis daubentonii	7.63	0	100	0.0	0.0	0.8825245379548805	1.3862943611198906	0.6931471805599453	1.0986122886681096	0.0	Animal_dominant	Myotis_daubentonii
Myotis_mystacinus__Whiskered_bat__HLmyoMyst3A__GCA_964094495.3	Myotis mystacinus	Whiskered bat	Vespertilio mystacinus	109479	Mammalia; Theria; Eutheria; Boreoeutheria; Laurasiatheria; Chiroptera; Yangochiroptera; Vespertilionidae; Myotis	HLmyoMyst3A	GCA_964094495.3	NCBI	mMyoMys1.hap1.2	Chromosome	2025-10-26	WELLCOME SANGER INSTITUTE	28343623	100246715	14919	249	28	Myotis mystacinus	Myotis_mystacinus__Whiskered_bat__HLmyoMyst3A__GCA_964094495.3	9	1	8	0	Myotis_mystacinus__Whiskered_bat__HLmyoMyst3A__GCA_964094495.3	9	1	8	0	Myotis mystacinus	Insectivore	100	0	0	0	0	0	0	0	0	0	Myotis mystacinus	4.99	0	100	0.0	0.0	0.69810054562339	2.3025850929940455	0.6931471805599453	2.197224577336219	0.0	Animal_dominant	Myotis_mystacinus
Myotis_mystacinus__Whiskered_bat__HLmyoMys2B__GCA_964195625.1	Myotis mystacinus	Whiskered bat	Vespertilio mystacinus	109479	Mammalia; Theria; Eutheria; Boreoeutheria; Laurasiatheria; Chiroptera; Yangochiroptera; Vespertilionidae; Myotis	HLmyoMys2B	GCA_964195625.1	NCBI	mMyoMys1.hap2.1	Chromosome	2024-06-30	WELLCOME SANGER INSTITUTE	2254345	98765083	14344	286	566	Myotis mystacinus	Myotis_mystacinus__Whiskered_bat__HLmyoMys2B__GCA_964195625.1	11	1	10	0	Myotis_mystacinus__Whiskered_bat__HLmyoMys2B__GCA_964195625.1	11	1	10	0	Myotis mystacinus	Insectivore	100	0	0	0	0	0	0	0	0	0	Myotis mystacinus	4.99	0	100	0.0	0.0	0.69810054562339	2.4849066497880004	0.6931471805599453	2.3978952727983707	0.0	Animal_dominant	Myotis_mystacinus
Myotis_mystacinus__Whiskered_bat__HLmyoMys2A__GCA_964094495.2	Myotis mystacinus	Whiskered bat	Vespertilio mystacinus	109479	Mammalia; Theria; Eutheria; Boreoeutheria; Laurasiatheria; Chiroptera; Yangochiroptera; Vespertilionidae; Myotis	HLmyoMys2A	GCA_964094495.2	NCBI	mMyoMys1.hap1.1	Chromosome	2024-06-12	WELLCOME SANGER INSTITUTE	2201046	99827109	14856	269	71	Myotis mystacinus	Myotis_mystacinus__Whiskered_bat__HLmyoMys2A__GCA_964094495.2	9	1	8	0	Myotis_mystacinus__Whiskered_bat__HLmyoMys2A__GCA_964094495.2	9	1	8	0	Myotis mystacinus	Insectivore	100	0	0	0	0	0	0	0	0	0	Myotis mystacinus	4.99	0	100	0.0	0.0	0.69810054562339	2.3025850929940455	0.6931471805599453	2.197224577336219	0.0	Animal_dominant	Myotis_mystacinus
Myotis_nattereri__Natterers_bat__HLmyoNat1B__GCA_964212025.1	Myotis nattereri	Natterers bat	Vespertilio nattereri,Myotis nattererii,Myotis naterreri	109481	Mammalia; Theria; Eutheria; Boreoeutheria; Laurasiatheria; Chiroptera; Yangochiroptera; Vespertilionidae; Myotis	HLmyoNat1B	GCA_964212025.1	NCBI	mMyoNat1.hap2.1	Scaffold	2024-08-02	WELLCOME SANGER INSTITUTE	2100158	97795217	14305	308	583	Myotis nattereri	Myotis_nattereri__Natterers_bat__HLmyoNat1B__GCA_964212025.1	3	1	2	0	Myotis_nattereri__Natterers_bat__HLmyoNat1B__GCA_964212025.1	3	1	2	0	Myotis nattereri	Insectivore	100	0	0	0	0	0	0	0	0	0	Myotis nattereri	7.14	0	100	0.0	0.0	0.8536982117761743	1.3862943611198906	0.6931471805599453	1.0986122886681096	0.0	Animal_dominant	Myotis_nattereri
Myotis_nattereri__Natterers_bat__HLmyoNat1A__GCA_964212035.1	Myotis nattereri	Natterers bat	Myotis nattererii,Vespertilio nattereri,Myotis naterreri	109481	Mammalia; Theria; Eutheria; Boreoeutheria; Laurasiatheria; Chiroptera; Yangochiroptera; Vespertilionidae; Myotis	HLmyoNat1A	GCA_964212035.1	NCBI	mMyoNat1.hap1.1	Chromosome	2024-08-02	WELLCOME SANGER INSTITUTE	2065327	101144875	14842	280	74	Myotis nattereri	Myotis_nattereri__Natterers_bat__HLmyoNat1A__GCA_964212035.1	4	1	3	0	Myotis_nattereri__Natterers_bat__HLmyoNat1A__GCA_964212035.1	4	1	3	0	Myotis nattereri	Insectivore	100	0	0	0	0	0	0	0	0	0	Myotis nattereri	7.14	0	100	0.0	0.0	0.8536982117761743	1.6094379124341003	0.6931471805599453	1.3862943611198906	0.0	Animal_dominant	Myotis_nattereri
Myotis_yumanensis__Yuma_myotis__HLmyoYum1B__GCA_028538775.1	Myotis yumanensis	Yuma myotis	Vespertilio yumanensis	159337	Mammalia; Theria; Eutheria; Boreoeutheria; Laurasiatheria; Chiroptera; Yangochiroptera; Vespertilionidae; Myotis	HLmyoYum1B	GCA_028538775.1	NCBI	mMyoYum1.0.hap1	Scaffold	2023-02-10	UCLA	28025655	99144700	14131	552	513	Myotis yumanensis	Myotis_yumanensis__Yuma_myotis__HLmyoYum1B__GCA_028538775.1	4	1	3	0	Myotis_yumanensis__Yuma_myotis__HLmyoYum1B__GCA_028538775.1	4	1	3	0	Myotis yumanensis	Insectivore	100	0	0	0	0	0	0	0	0	0	Myotis yumanensis	5.39	0	100	0.0	0.0	0.7315887651867387	1.6094379124341003	0.6931471805599453	1.3862943611198906	0.0	Animal_dominant	Myotis_yumanensis
Myotis_yumanensis__Yuma_myotis__HLmyoYum1A__GCA_028536395.1	Myotis yumanensis	Yuma myotis	Vespertilio yumanensis	159337	Mammalia; Theria; Eutheria; Boreoeutheria; Laurasiatheria; Chiroptera; Yangochiroptera; Vespertilionidae; Myotis	HLmyoYum1A	GCA_028536395.1	NCBI	mMyoYum1.0.hap2	Scaffold	2023-02-07	UCLA	26795370	94205551	14656	519	21	Myotis yumanensis	Myotis_yumanensis__Yuma_myotis__HLmyoYum1A__GCA_028536395.1	4	1	3	0	Myotis_yumanensis__Yuma_myotis__HLmyoYum1A__GCA_028536395.1	4	1	3	0	Myotis yumanensis	Insectivore	100	0	0	0	0	0	0	0	0	0	Myotis yumanensis	5.39	0	100	0.0	0.0	0.7315887651867387	1.6094379124341003	0.6931471805599453	1.3862943611198906	0.0	Animal_dominant	Myotis_yumanensis
Nomascus_leucogenys__Northern_white-cheeked_gibbon__HLnomLeuc5__GCA_040113115.1	Nomascus leucogenys	Northern white-cheeked gibbon	Hylobates concolor leucogenys,Nomascus leucogenys leucogenys,Nomascus leukogenys,Hylobates leucogenys,Hylobates concolor leucogyneus,Hylobates leucogenys leucogenys,White-cheeked Gibbon	61853	Mammalia; Theria; Eutheria; Boreoeutheria; Euarchontoglires; Primates; Haplorrhini; Simiiformes; Catarrhini; Hominoidea; Hylobatidae; Nomascus	HLnomLeuc5	GCA_040113115.1	NCBI	ASM4011311v1	Chromosome	2024-06-12	Shandong University of Technology	102188915	124246014	15109	75	12	Nomascus leucogenys	Nomascus_leucogenys__Northern_white-cheeked_gibbon__HLnomLeuc5__GCA_040113115.1	4	3	1	0	Nomascus_leucogenys__Northern_white-cheeked_gibbon__HLnomLeuc5__GCA_040113115.1	4	3	1	0	Nomascus leucogenys	Frugivore	10	0	0	0	0	0	80	0	0	10	Nomascus leucogenys	7320.0	90	10	0.9	0.1	3.864511081058392	1.6094379124341003	1.3862943611198906	0.6931471805599453	0.0	Plant_dominant	Nomascus_leucogenys
Nomascus_leucogenys__northern_white-cheeked_gibbon__HLnomLeu4__GCA_006542625.1	Nomascus leucogenys	northern white-cheeked gibbon	Nomascus leucogenys leucogenys,Hylobates concolor leucogyneus,White-cheeked Gibbon,Hylobates leucogenys leucogenys,Hylobates concolor leucogenys,Nomascus leukogenys,Hylobates leucogenys	61853	Mammalia; Theria; Eutheria; Boreoeutheria; Euarchontoglires; Primates; Haplorrhini; Simiiformes; Catarrhini; Hominoidea; Hylobatidae; Nomascus	HLnomLeu4	GCA_006542625.1	NCBI	Asia_NLE_v1	Chromosome	2019-07-02	University of Washington	12782853	35886894	15012	153	31	Nomascus leucogenys	Nomascus_leucogenys__northern_white-cheeked_gibbon__HLnomLeu4__GCA_006542625.1	5	4	1	0	Nomascus_leucogenys__northern_white-cheeked_gibbon__HLnomLeu4__GCA_006542625.1	5	4	1	0	Nomascus leucogenys	Frugivore	10	0	0	0	0	0	80	0	0	10	Nomascus leucogenys	7320.0	90	10	0.9	0.1	3.864511081058392	1.791759469228055	1.6094379124341003	0.6931471805599453	0.0	Plant_dominant	Nomascus_leucogenys
Onychomys_arenicola__Chihuahuan_grasshopper_mouse__HLonyAre1B__GCA_949786425.1	Onychomys arenicola	Chihuahuan grasshopper mouse	Onychomys torridus arenicola,Mearns's grasshopper mouse	38679	Mammalia; Theria; Eutheria; Boreoeutheria; Euarchontoglires; Glires; Rodentia; Myomorpha; Muroidea; Cricetidae; Neotominae; Onychomys	HLonyAre1B	GCA_949786425.1	NCBI	OncAre_H2_v1	Chromosome	2023-04-08	EMBL-EBI, WELLCOME TRUST GENOME CAMPUS, CAMBRIDGE	29018958	102486503	14518	433	245	Onychomys arenicola	Onychomys_arenicola__Chihuahuan_grasshopper_mouse__HLonyAre1B__GCA_949786425.1	1	0	1	0	Onychomys_arenicola__Chihuahuan_grasshopper_mouse__HLonyAre1B__GCA_949786425.1	1	0	1	0	Onychomys arenicola	Insectivore	90	0	0	0	0	0	0	0	0	10	Onychomys arenicola	30.0	10	90	0.1	0.1	1.4771212547196624	0.6931471805599453	0.0	0.6931471805599453	0.0	Animal_dominant	Onychomys_arenicola
Onychomys_arenicola__Chihuahuan_grasshopper_mouse__HLonyAre1A__GCA_949786405.1	Onychomys arenicola	Chihuahuan grasshopper mouse	Onychomys torridus arenicola,Mearns's grasshopper mouse	38679	Mammalia; Theria; Eutheria; Boreoeutheria; Euarchontoglires; Glires; Rodentia; Myomorpha; Muroidea; Cricetidae; Neotominae; Onychomys	HLonyAre1A	GCA_949786405.1	NCBI	OncAre_H1_v1	Chromosome	2023-04-08	EMBL-EBI, WELLCOME TRUST GENOME CAMPUS, CAMBRIDGE	26219289	108432058	14764	384	48	Onychomys arenicola	Onychomys_arenicola__Chihuahuan_grasshopper_mouse__HLonyAre1A__GCA_949786405.1	1	0	1	0	Onychomys_arenicola__Chihuahuan_grasshopper_mouse__HLonyAre1A__GCA_949786405.1	1	0	1	0	Onychomys arenicola	Insectivore	90	0	0	0	0	0	0	0	0	10	Onychomys arenicola	30.0	10	90	0.1	0.1	1.4771212547196624	0.6931471805599453	0.0	0.6931471805599453	0.0	Animal_dominant	Onychomys_arenicola
Oryctolagus_cuniculus__Rabbit__HLoryCuni6__GCA_051225735.1	Oryctolagus cuniculus	Rabbit	domestic rabbit,New Zealand rabbit,rabbits,Japanese white rabbit,Lepus cuniculus,European rabbit	9986	Mammalia; Theria; Eutheria; Boreoeutheria; Euarchontoglires; Glires; Lagomorpha; Leporidae; Oryctolagus	HLoryCuni6	GCA_051225735.1	NCBI	ASM5122573v1	Chromosome	2025-07-07	Fujian University of Traditional Chinese Medicine	138122305	148896876	14983	182	31	Oryctolagus cuniculus	Oryctolagus_cuniculus__Rabbit__HLoryCuni6__GCA_051225735.1	17	16	1	0	Oryctolagus_cuniculus__Rabbit__HLoryCuni6__GCA_051225735.1	17	16	1	0	Oryctolagus cuniculus	Herbivore	0	0	0	0	0	0	0	0	0	100	Oryctolagus cuniculus	1832.22	100	0	1.0	1.0	3.2629776194680864	2.8903717578961645	2.833213344056216	0.6931471805599453	0.0	Plant_dominant	Oryctolagus_cuniculus
Oryctolagus_cuniculus__Rabbit__HLoryCuni5__GCF_964237555.1	Oryctolagus cuniculus	Rabbit	domestic rabbit,Lepus cuniculus,New Zealand rabbit,Japanese white rabbit,European rabbit,rabbits	9986	Mammalia; Theria; Eutheria; Boreoeutheria; Euarchontoglires; Glires; Lagomorpha; Leporidae; Oryctolagus	HLoryCuni5	GCF_964237555.1	NCBI	mOryCun1.1	Chromosome	2024-08-31	WELLCOME SANGER INSTITUTE	2030165	144279705	14917	224	55	Oryctolagus cuniculus	Oryctolagus_cuniculus__Rabbit__HLoryCuni5__GCF_964237555.1	16	15	1	0	Oryctolagus_cuniculus__Rabbit__HLoryCuni5__GCF_964237555.1	16	15	1	0	Oryctolagus cuniculus	Herbivore	0	0	0	0	0	0	0	0	0	100	Oryctolagus cuniculus	1832.22	100	0	1.0	1.0	3.2629776194680864	2.833213344056216	2.772588722239781	0.6931471805599453	0.0	Plant_dominant	Oryctolagus_cuniculus
Pan_troglodytes__chimpanzee__HLpanTro7__GCA_028858775.2	Pan troglodytes	chimpanzee	Simia troglodytes	9598	Mammalia; Theria; Eutheria; Boreoeutheria; Euarchontoglires; Primates; Haplorrhini; Simiiformes; Catarrhini; Hominoidea; Hominidae; Homininae; Pan	HLpanTro7	GCA_028858775.2	NCBI			2023-12-09		146288486	146288486	15151	45	0	Pan troglodytes	Pan_troglodytes__chimpanzee__HLpanTro7__GCA_028858775.2	3	3	0	0	Pan_troglodytes__chimpanzee__HLpanTro7__GCA_028858775.2	3	3	0	0	Pan troglodytes	Frugivore	10	0	0	0	0	0	60	0	0	30	Pan troglodytes	42500.0	90	10	0.9	0.3	4.628388930050312	1.3862943611198906	1.3862943611198906	0.0	0.0	Plant_dominant	Pan_troglodytes
Pan_troglodytes__chimpanzee__panTro6__GCF_002880755.1	Pan troglodytes	chimpanzee		9598	Mammalia; Theria; Eutheria; Boreoeutheria; Euarchontoglires; Primates; Haplorrhini; Simiiformes; Catarrhini; Hominoidea; Hominidae; Homininae; Pan	panTro6	GCF_002880755.1	NCBI	Clint_PTRv2	Chromosome	2018-01-19	University of Washington	12268567	53103722	15026	144	26	Pan troglodytes	Pan_troglodytes__chimpanzee__panTro6__GCF_002880755.1	3	3	0	0	Pan_troglodytes__chimpanzee__panTro6__GCF_002880755.1	3	3	0	0	Pan troglodytes	Frugivore	10	0	0	0	0	0	60	0	0	30	Pan troglodytes	42500.0	90	10	0.9	0.3	4.628388930050312	1.3862943611198906	1.3862943611198906	0.0	0.0	Plant_dominant	Pan_troglodytes
Panthera_leo__lion__HLpanLeo2__GCF_018350215.1	Panthera leo	lion	Leo leo	9689	Mammalia; Theria; Eutheria; Boreoeutheria; Laurasiatheria; Carnivora; Feliformia; Felidae; Pantherinae; Panthera	HLpanLeo2	GCF_018350215.1	NCBI	P.leo_Ple1_pat1.1	Chromosome	2021-05-13	Texas A&M University	77781637	147402474	14371	348	477	Panthera leo	Panthera_leo__lion__HLpanLeo2__GCF_018350215.1	2	1	1	0	Panthera_leo__lion__HLpanLeo2__GCF_018350215.1	2	1	1	0	Panthera leo	Carnivore	0	90	0	0	0	10	0	0	0	0	Panthera leo	161499.06	0	100	0.0	0.0	5.208169998877642	1.0986122886681096	0.6931471805599453	0.6931471805599453	0.0	Animal_dominant	Panthera_leo
Panthera_leo__Lion__HLpanLeo3B__GCA_046254995.1	Panthera leo	Lion	Leo leo,Felis leo	9689	Mammalia; Theria; Eutheria; Boreoeutheria; Laurasiatheria; Carnivora; Feliformia; Felidae; Pantherinae; Panthera	HLpanLeo3B	GCA_046254995.1	NCBI	Pleo_Luke_hap1Y	Chromosome	2024-12-23	Smithsonian Institution	36060956	148784156	14186	508	502	Panthera leo	Panthera_leo__Lion__HLpanLeo3B__GCA_046254995.1	2	1	1	0	Panthera_leo__Lion__HLpanLeo3B__GCA_046254995.1	2	1	1	0	Panthera leo	Carnivore	0	90	0	0	0	10	0	0	0	0	Panthera leo	161499.06	0	100	0.0	0.0	5.208169998877642	1.0986122886681096	0.6931471805599453	0.6931471805599453	0.0	Animal_dominant	Panthera_leo
Panthera_leo__Lion__HLpanLeo3A__GCA_046255005.1	Panthera leo	Lion	Felis leo,Leo leo	9689	Mammalia; Theria; Eutheria; Boreoeutheria; Laurasiatheria; Carnivora; Feliformia; Felidae; Pantherinae; Panthera	HLpanLeo3A	GCA_046255005.1	NCBI	Pleo_Luke_hap2X	Chromosome	2024-12-23	Smithsonian Institution	28885624	149413159	15017	167	12	Panthera leo	Panthera_leo__Lion__HLpanLeo3A__GCA_046255005.1	2	1	1	0	Panthera_leo__Lion__HLpanLeo3A__GCA_046255005.1	2	1	1	0	Panthera leo	Carnivore	0	90	0	0	0	10	0	0	0	0	Panthera leo	161499.06	0	100	0.0	0.0	5.208169998877642	1.0986122886681096	0.6931471805599453	0.6931471805599453	0.0	Animal_dominant	Panthera_leo
Papio_anubis__olive_baboon__HLpapAnu6__GCA_008728515.2	Papio anubis	olive baboon	Papio hamadryas doguera,Doguera baboon,baboon,Kenya baboon,Anubis baboon,Papio doguera,Papio cynocephalus anubis,Papio hamadryas anubis	9555	Mammalia; Theria; Eutheria; Boreoeutheria; Euarchontoglires; Primates; Haplorrhini; Simiiformes; Catarrhini; Cercopithecoidea; Cercopithecidae; Cercopithecinae; Papio	HLpapAnu6	GCA_008728515.2	NCBI	Panubis1.1	Chromosome	2022-04-27	University of California, San Francisco	1465768	140185856	14298	749	149	Papio anubis	Papio_anubis__olive_baboon__HLpapAnu6__GCA_008728515.2	2	2	0	0	Papio_anubis__olive_baboon__HLpapAnu6__GCA_008728515.2	2	2	0	0	Papio anubis	Omnivore	10	40	0	0	0	0	20	0	0	30	Papio anubis	17728.56	50	50	0.5	0.3	4.2486734615201724	1.0986122886681096	1.0986122886681096	0.0	0.0	Omnivore	Papio_anubis
Papio_anubis__olive_baboon__HLpapAnu5__GCA_008728515.1	Papio anubis	olive baboon	Papio hamadryas anubis,baboon,Anubis baboon,Doguera baboon,Papio cynocephalus anubis,Papio doguera,Papio hamadryas doguera,Kenya baboon	9555	Mammalia; Theria; Eutheria; Boreoeutheria; Euarchontoglires; Primates; Haplorrhini; Simiiformes; Catarrhini; Cercopithecoidea; Cercopithecidae; Cercopithecinae; Papio	HLpapAnu5	GCA_008728515.1	NCBI	Panubis1.0	Chromosome	2019-10-02	University of California, San Francisco	1464978	140274886	14438	628	130	Papio anubis	Papio_anubis__olive_baboon__HLpapAnu5__GCA_008728515.1	2	2	0	0	Papio_anubis__olive_baboon__HLpapAnu5__GCA_008728515.1	2	2	0	0	Papio anubis	Omnivore	10	40	0	0	0	0	20	0	0	30	Papio anubis	17728.56	50	50	0.5	0.3	4.2486734615201724	1.0986122886681096	1.0986122886681096	0.0	0.0	Omnivore	Papio_anubis
Phyllostomus_discolor__pale_spear-nosed_bat__HLphyDis3__GCA_014049915.1	Phyllostomus discolor	pale spear-nosed bat		89673	Mammalia; Theria; Eutheria; Boreoeutheria; Laurasiatheria; Chiroptera; Yangochiroptera; Phyllostomidae; Phyllostominae; Phyllostomus	HLphyDis3	GCA_014049915.1	NCBI, Bat1K			2019-04-28		15176516	171075004	14858	318	20	Phyllostomus discolor	Phyllostomus_discolor__pale_spear-nosed_bat__HLphyDis3__GCA_014049915.1	2	1	1	0	Phyllostomus_discolor__pale_spear-nosed_bat__HLphyDis3__GCA_014049915.1	2	1	1	0	Phyllostomus discolor	Omnivore	30	0	0	0	0	0	40	30	0	0	Phyllostomus discolor	34.13	70	30	0.7	0.0	1.5331362882786388	1.0986122886681096	0.6931471805599453	0.6931471805599453	0.0	Omnivore	Phyllostomus_discolor
Phyllostomus_discolor__Pale_spear-nosed_bat__HLphyDisc4__GCF_004126475.2	Phyllostomus discolor	Pale spear-nosed bat		89673	Mammalia; Theria; Eutheria; Boreoeutheria; Laurasiatheria; Chiroptera; Yangochiroptera; Phyllostomidae; Phyllostominae; Phyllostomus	HLphyDisc4	GCF_004126475.2	NCBI	mPhyDis1.pri.v3	Chromosome	2020-05-12	Vertebrate Genomes Project	6892556	171742863	14141	1013	42	Phyllostomus discolor	Phyllostomus_discolor__Pale_spear-nosed_bat__HLphyDisc4__GCF_004126475.2	2	1	1	0	Phyllostomus_discolor__Pale_spear-nosed_bat__HLphyDisc4__GCF_004126475.2	2	1	1	0	Phyllostomus discolor	Omnivore	30	0	0	0	0	0	40	30	0	0	Phyllostomus discolor	34.13	70	30	0.7	0.0	1.5331362882786388	1.0986122886681096	0.6931471805599453	0.6931471805599453	0.0	Omnivore	Phyllostomus_discolor
Pipistrellus_nathusii__Nathusiuss_pipistrelle__HLpipNat1B__GCA_963693525.1	Pipistrellus nathusii	Nathusiuss pipistrelle	Pipistrellus nathusius,Vespertilio nathusii	59473	Mammalia; Theria; Eutheria; Boreoeutheria; Laurasiatheria; Chiroptera; Yangochiroptera; Vespertilionidae; Pipistrellus	HLpipNat1B	GCA_963693525.1	NCBI, Camila Mazzoni			2023-10-14		19092895	86738551	14261	371	564	Pipistrellus nathusii	Pipistrellus_nathusii__Nathusiuss_pipistrelle__HLpipNat1B__GCA_963693525.1	12	1	11	0	Pipistrellus_nathusii__Nathusiuss_pipistrelle__HLpipNat1B__GCA_963693525.1	12	1	11	0	Pipistrellus nathusii	Insectivore	100	0	0	0	0	0	0	0	0	0	Pipistrellus nathusii	7.31	0	100	0.0	0.0	0.8639173769578604	2.5649493574615367	0.6931471805599453	2.4849066497880004	0.0	Animal_dominant	Pipistrellus_nathusii
Pipistrellus_nathusii__Nathusiuss_pipistrelle__HLpipNat1A__GCA_963693515.1	Pipistrellus nathusii	Nathusiuss pipistrelle	Pipistrellus nathusius,Vespertilio nathusii	59473	Mammalia; Theria; Eutheria; Boreoeutheria; Laurasiatheria; Chiroptera; Yangochiroptera; Vespertilionidae; Pipistrellus	HLpipNat1A	GCA_963693515.1	NCBI, Camila Mazzoni			2023-10-14		17739480	97242187	14801	337	58	Pipistrellus nathusii	Pipistrellus_nathusii__Nathusiuss_pipistrelle__HLpipNat1A__GCA_963693515.1	12	1	11	0	Pipistrellus_nathusii__Nathusiuss_pipistrelle__HLpipNat1A__GCA_963693515.1	12	1	11	0	Pipistrellus nathusii	Insectivore	100	0	0	0	0	0	0	0	0	0	Pipistrellus nathusii	7.31	0	100	0.0	0.0	0.8639173769578604	2.5649493574615367	0.6931471805599453	2.4849066497880004	0.0	Animal_dominant	Pipistrellus_nathusii
Pongo_abelii__Sumatran_orangutan__HLponAbe4__GCA_028885655.2	Pongo abelii	Sumatran orangutan	Orangutan,Pongo pygmaeus abelii,orang utan,Pongo pygmaeus abeli,Orang-utan	9601	Mammalia; Theria; Eutheria; Boreoeutheria; Euarchontoglires; Primates; Haplorrhini; Simiiformes; Catarrhini; Hominoidea; Hominidae; Ponginae; Pongo	HLponAbe4	GCA_028885655.2	NCBI			2023-12-09		146197178	146197178	15156	36	4	Pongo abelii	Pongo_abelii__Sumatran_orangutan__HLponAbe4__GCA_028885655.2	8	8	0	0	Pongo_abelii__Sumatran_orangutan__HLponAbe4__GCA_028885655.2	8	8	0	0	Pongo abelii	Frugivore	10	0	0	0	10	0	80	0	0	0	Pongo abelii	39696.12	80	20	0.8	0.0	4.59874805978734	2.197224577336219	2.197224577336219	0.0	0.0	Plant_dominant	Pongo_abelii
Pongo_abelii__Sumatran_orangutan__ponAbe3__GCF_002880775.1	Pongo abelii	Sumatran orangutan	orang utan,Pongo pygmaeus abelii,Pongo pygmaeus abeli,Orang-utan,Orangutan	9601	Mammalia; Theria; Eutheria; Boreoeutheria; Euarchontoglires; Primates; Haplorrhini; Simiiformes; Catarrhini; Hominoidea; Hominidae; Ponginae; Pongo	ponAbe3	GCF_002880775.1	NCBI	Susie_PABv2	Chromosome	2018-01-19	University of Washington	11074009	98475126	14972	203	21	Pongo abelii	Pongo_abelii__Sumatran_orangutan__ponAbe3__GCF_002880775.1	1	1	0	0	Pongo_abelii__Sumatran_orangutan__ponAbe3__GCF_002880775.1	1	1	0	0	Pongo abelii	Frugivore	10	0	0	0	10	0	80	0	0	0	Pongo abelii	39696.12	80	20	0.8	0.0	4.59874805978734	0.6931471805599453	0.6931471805599453	0.0	0.0	Plant_dominant	Pongo_abelii
Pongo_pygmaeus__Bornean_orangutan__HLponPyg2__GCA_028885625.2	Pongo pygmaeus	Bornean orangutan	orang utan,Simia pygmaeus,Orangutan,Orang-utan	9600	Mammalia; Theria; Eutheria; Boreoeutheria; Euarchontoglires; Primates; Haplorrhini; Simiiformes; Catarrhini; Hominoidea; Hominidae; Ponginae; Pongo	HLponPyg2	GCA_028885625.2	NCBI			2024-01-12		140592248	143261986	15157	34	5	Pongo pygmaeus	Pongo_pygmaeus__Bornean_orangutan__HLponPyg2__GCA_028885625.2	5	5	0	0	Pongo_pygmaeus__Bornean_orangutan__HLponPyg2__GCA_028885625.2	5	5	0	0	Pongo pygmaeus	Frugivore	10	0	0	0	10	0	80	0	0	0	Pongo pygmaeus	37000.0	80	20	0.8	0.0	4.568201724066995	1.791759469228055	1.791759469228055	0.0	0.0	Plant_dominant	Pongo_pygmaeus
Pongo_pygmaeus__Bornean_orangutan__HLponPyg1__GCA_023767775.1	Pongo pygmaeus	Bornean orangutan	orang utan,Orangutan,Orang-utan	9600	Mammalia; Theria; Eutheria; Boreoeutheria; Euarchontoglires; Primates; Haplorrhini; Simiiformes; Catarrhini; Hominoidea; Hominidae; Ponginae; Pongo	HLponPyg1	GCA_023767775.1	NCBI	ASM2376777v1	Scaffold	2022-06-17	BGI-Shenzhen	15810633	15810633	13874	1163	159	Pongo pygmaeus	Pongo_pygmaeus__Bornean_orangutan__HLponPyg1__GCA_023767775.1	1	1	0	0	Pongo_pygmaeus__Bornean_orangutan__HLponPyg1__GCA_023767775.1	1	1	0	0	Pongo pygmaeus	Frugivore	10	0	0	0	10	0	80	0	0	0	Pongo pygmaeus	37000.0	80	20	0.8	0.0	4.568201724066995	0.6931471805599453	0.6931471805599453	0.0	0.0	Plant_dominant	Pongo_pygmaeus
Rattus_norvegicus__Norway_rat__HLratNor8__GCF_036323735.1	Rattus norvegicus	Norway rat	rat,rats,Rattus sp. strain Wistar,brown rat,laboratory rat,Rattus PC12 clone IS,Mus norvegicus,Buffalo rat,Sprague-Dawley rat,zitter rats,Wistar rats	10116	Mammalia; Theria; Eutheria; Boreoeutheria; Euarchontoglires; Glires; Rodentia; Myomorpha; Muroidea; Muridae; Murinae; Rattus	HLratNor8	GCF_036323735.1	NCBI	GRCr8	Chromosome	2024-01-31	Genome Reference Consortium	64250101	137014596	14874	266	56	Rattus norvegicus	Rattus_norvegicus__Norway_rat__HLratNor8__GCF_036323735.1	1	0	1	0	Rattus_norvegicus__Norway_rat__HLratNor8__GCF_036323735.1	1	0	1	0	Rattus norvegicus	Omnivore	30	0	0	0	0	0	20	0	40	10	Rattus norvegicus	338.33	70	30	0.7	0.1	2.529340508745123	0.6931471805599453	0.0	0.6931471805599453	0.0	Omnivore	Rattus_norvegicus
Rattus_norvegicus__Norway_rat__rn7__GCF_015227675.2	Rattus norvegicus	Norway rat	Rattus PC12 clone IS,Rattus sp. strain Wistar,laboratory rat,Buffalo rat,Wistar rats,zitter rats,rat,Sprague-Dawley rat,brown rat,rats	10116	Mammalia; Theria; Eutheria; Boreoeutheria; Euarchontoglires; Glires; Rodentia; Myomorpha; Muroidea; Muridae; Murinae; Rattus	rn7	GCF_015227675.2	NCBI	mRatBN7.2	Chromosome	2020-11-10	Wellcome Sanger Institute	29198295	135012528	14752	389	55	Rattus norvegicus	Rattus_norvegicus__Norway_rat__rn7__GCF_015227675.2	1	0	1	0	Rattus_norvegicus__Norway_rat__rn7__GCF_015227675.2	1	0	1	0	Rattus norvegicus	Omnivore	30	0	0	0	0	0	20	0	40	10	Rattus norvegicus	338.33	70	30	0.7	0.1	2.529340508745123	0.6931471805599453	0.0	0.6931471805599453	0.0	Omnivore	Rattus_norvegicus
Rhinolophus_affinis__intermediate_horseshoe_bat__HLrhiAff2__GCA_043728065.1	Rhinolophus affinis	intermediate horseshoe bat		59477	Mammalia; Theria; Eutheria; Boreoeutheria; Laurasiatheria; Chiroptera; Yinpterochiroptera; Rhinolophoidea; Rhinolophidae; Rhinolophinae; Rhinolophus	HLrhiAff2	GCA_043728065.1	NCBI, Bat1K			2021-10-03		65534120	85365043	15011	179	6	Rhinolophus affinis	Rhinolophus_affinis__intermediate_horseshoe_bat__HLrhiAff2__GCA_043728065.1	1	1	0	0	Rhinolophus_affinis__intermediate_horseshoe_bat__HLrhiAff2__GCA_043728065.1	1	1	0	0	Rhinolophus affinis	Insectivore	100	0	0	0	0	0	0	0	0	0	Rhinolophus affinis	13.63	0	100	0.0	0.0	1.1344958558346736	0.6931471805599453	0.6931471805599453	0.0	0.0	Animal_dominant	Rhinolophus_affinis
Rhinolophus_affinis__Intermediate_horseshoe_bat__HLrhiAff4__GCA_040057535.1	Rhinolophus affinis	Intermediate horseshoe bat		59477	Mammalia; Theria; Eutheria; Boreoeutheria; Laurasiatheria; Chiroptera; Yinpterochiroptera; Rhinolophoidea; Rhinolophidae; Rhinolophinae; Rhinolophus	HLrhiAff4	GCA_040057535.1	NCBI	ASM4005753v1	Chromosome	2024-06-04	Shaanxi Normal University	201316	92909886	14092	753	351	Rhinolophus affinis	Rhinolophus_affinis__Intermediate_horseshoe_bat__HLrhiAff4__GCA_040057535.1	1	1	0	0	Rhinolophus_affinis__Intermediate_horseshoe_bat__HLrhiAff4__GCA_040057535.1	1	1	0	0	Rhinolophus affinis	Insectivore	100	0	0	0	0	0	0	0	0	0	Rhinolophus affinis	13.63	0	100	0.0	0.0	1.1344958558346736	0.6931471805599453	0.6931471805599453	0.0	0.0	Animal_dominant	Rhinolophus_affinis
Rhinolophus_ferrumequinum__greater_horseshoe_bat__HLrhiFer6__GCF_004115265.1	Rhinolophus ferrumequinum	greater horseshoe bat		59479	Mammalia; Theria; Eutheria; Boreoeutheria; Laurasiatheria; Chiroptera; Yinpterochiroptera; Rhinolophoidea; Rhinolophidae; Rhinolophinae; Rhinolophus	HLrhiFer6	GCF_004115265.1	NCBI	mRhiFer1_v1.p	Chromosome	2019-05-16	Vertebrate Genomes Project	31900497	88025743	14649	527	20	Rhinolophus ferrumequinum	Rhinolophus_ferrumequinum__greater_horseshoe_bat__HLrhiFer6__GCF_004115265.1	1	1	0	0	Rhinolophus_ferrumequinum__greater_horseshoe_bat__HLrhiFer6__GCF_004115265.1	1	1	0	0	Rhinolophus ferrumequinum	Insectivore	100	0	0	0	0	0	0	0	0	0	Rhinolophus ferrumequinum	21.06	0	100	0.0	0.0	1.3234583668494677	0.6931471805599453	0.6931471805599453	0.0	0.0	Animal_dominant	Rhinolophus_ferrumequinum
Rhinolophus_ferrumequinum__greater_horseshoe_bat__HLrhiFer5__GCA_014108255.1	Rhinolophus ferrumequinum	greater horseshoe bat		59479	Mammalia; Theria; Eutheria; Boreoeutheria; Laurasiatheria; Chiroptera; Yinpterochiroptera; Rhinolophoidea; Rhinolophidae; Rhinolophinae; Rhinolophus	HLrhiFer5	GCA_014108255.1	NCBI, Bat1K			2019-04-28		21749602	91996154	14922	227	47	Rhinolophus ferrumequinum	Rhinolophus_ferrumequinum__greater_horseshoe_bat__HLrhiFer5__GCA_014108255.1	1	1	0	0	Rhinolophus_ferrumequinum__greater_horseshoe_bat__HLrhiFer5__GCA_014108255.1	1	1	0	0	Rhinolophus ferrumequinum	Insectivore	100	0	0	0	0	0	0	0	0	0	Rhinolophus ferrumequinum	21.06	0	100	0.0	0.0	1.3234583668494677	0.6931471805599453	0.6931471805599453	0.0	0.0	Animal_dominant	Rhinolophus_ferrumequinum
Rhinolophus_hipposideros__Lesser_horseshoe_bat__HLrhiHip1A__GCA_964194185.1	Rhinolophus hipposideros	Lesser horseshoe bat	Vespertilio hipposideros	77218	Mammalia; Theria; Eutheria; Boreoeutheria; Laurasiatheria; Chiroptera; Yinpterochiroptera; Rhinolophoidea; Rhinolophidae; Rhinolophinae; Rhinolophus	HLrhiHip1A	GCA_964194185.1	NCBI	mRhiHip2.hap1.1	Chromosome	2024-06-28	WELLCOME SANGER INSTITUTE	2014157	88364482	14891	236	69	Rhinolophus hipposideros	Rhinolophus_hipposideros__Lesser_horseshoe_bat__HLrhiHip1A__GCA_964194185.1	1	1	0	0	Rhinolophus_hipposideros__Lesser_horseshoe_bat__HLrhiHip1A__GCA_964194185.1	1	1	0	0	Rhinolophus hipposideros	Insectivore	100	0	0	0	0	0	0	0	0	0	Rhinolophus hipposideros	4.71	0	100	0.0	0.0	0.6730209071288962	0.6931471805599453	0.6931471805599453	0.0	0.0	Animal_dominant	Rhinolophus_hipposideros
Rhinolophus_hipposideros__Lesser_horseshoe_bat__HLrhiHip1B__GCA_964194215.1	Rhinolophus hipposideros	Lesser horseshoe bat	Vespertilio hipposideros	77218	Mammalia; Theria; Eutheria; Boreoeutheria; Laurasiatheria; Chiroptera; Yinpterochiroptera; Rhinolophoidea; Rhinolophidae; Rhinolophinae; Rhinolophus	HLrhiHip1B	GCA_964194215.1	NCBI	mRhiHip2.hap2.1	Scaffold	2024-06-27	WELLCOME SANGER INSTITUTE	1922115	89090646	14897	219	80	Rhinolophus hipposideros	Rhinolophus_hipposideros__Lesser_horseshoe_bat__HLrhiHip1B__GCA_964194215.1	1	1	0	0	Rhinolophus_hipposideros__Lesser_horseshoe_bat__HLrhiHip1B__GCA_964194215.1	1	1	0	0	Rhinolophus hipposideros	Insectivore	100	0	0	0	0	0	0	0	0	0	Rhinolophus hipposideros	4.71	0	100	0.0	0.0	0.6730209071288962	0.6931471805599453	0.6931471805599453	0.0	0.0	Animal_dominant	Rhinolophus_hipposideros
Rhynchocyon_petersi__Black_and_rufous_elephant_shrew__HLrhyPet1B__GCA_043290065.1	Rhynchocyon petersi	Black and rufous elephant shrew	black and rufous sengi	320637	Mammalia; Theria; Eutheria; Afrotheria; Macroscelidea; Macroscelididae; Rhynchocyon	HLrhyPet1B	GCA_043290065.1	NCBI	mRhyPet1.hap2	Chromosome	2024-10-17	Vertebrate Genomes Project	13791435	546604020	14364	262	570	Rhynchocyon petersi	Rhynchocyon_petersi__Black_and_rufous_elephant_shrew__HLrhyPet1B__GCA_043290065.1	2	1	1	0	Rhynchocyon_petersi__Black_and_rufous_elephant_shrew__HLrhyPet1B__GCA_043290065.1	2	1	1	0	Rhynchocyon petersi	Insectivore	100	0	0	0	0	0	0	0	0	0	Rhynchocyon petersi	424.0	0	100	0.0	0.0	2.6273658565927325	1.0986122886681096	0.6931471805599453	0.6931471805599453	0.0	Animal_dominant	Rhynchocyon_petersi
Rhynchocyon_petersi__Black_and_rufous_elephant_shrew__HLrhyPet1A__GCA_043290085.1	Rhynchocyon petersi	Black and rufous elephant shrew	black and rufous sengi	320637	Mammalia; Theria; Eutheria; Afrotheria; Macroscelidea; Macroscelididae; Rhynchocyon	HLrhyPet1A	GCA_043290085.1	NCBI	mRhyPet1.hap1	Chromosome	2024-10-17	Vertebrate Genomes Project	13617243	521973465	14848	302	46	Rhynchocyon petersi	Rhynchocyon_petersi__Black_and_rufous_elephant_shrew__HLrhyPet1A__GCA_043290085.1	2	1	1	0	Rhynchocyon_petersi__Black_and_rufous_elephant_shrew__HLrhyPet1A__GCA_043290085.1	2	1	1	0	Rhynchocyon petersi	Insectivore	100	0	0	0	0	0	0	0	0	0	Rhynchocyon petersi	424.0	0	100	0.0	0.0	2.6273658565927325	1.0986122886681096	0.6931471805599453	0.6931471805599453	0.0	Animal_dominant	Rhynchocyon_petersi
Rhynchonycteris_naso__Proboscis_bat__HLrhyNas2B__GCA_037038555.1	Rhynchonycteris naso	Proboscis bat	Vespertilio naso	249017	Mammalia; Theria; Eutheria; Boreoeutheria; Laurasiatheria; Chiroptera; Yangochiroptera; Emballonuridae; Emballonurinae; Rhynchonycteris	HLrhyNas2B	GCA_037038555.1	NCBI	mRhyNas2.hap2	Chromosome	2024-03-06	Bat1K Project	108301702	288038771	14264	387	545	Rhynchonycteris naso	Rhynchonycteris_naso__Proboscis_bat__HLrhyNas2B__GCA_037038555.1	2	1	1	0	Rhynchonycteris_naso__Proboscis_bat__HLrhyNas2B__GCA_037038555.1	2	1	1	0	Rhynchonycteris naso	Insectivore	100	0	0	0	0	0	0	0	0	0	Rhynchonycteris naso	3.83	0	100	0.0	0.0	0.5831987739686227	1.0986122886681096	0.6931471805599453	0.6931471805599453	0.0	Animal_dominant	Rhynchonycteris_naso
Rhynchonycteris_naso__Proboscis_bat__HLrhyNas2A__GCA_037038545.1	Rhynchonycteris naso	Proboscis bat	Vespertilio naso	249017	Mammalia; Theria; Eutheria; Boreoeutheria; Laurasiatheria; Chiroptera; Yangochiroptera; Emballonuridae; Emballonurinae; Rhynchonycteris	HLrhyNas2A	GCA_037038545.1	NCBI	mRhyNas2.hap1	Chromosome	2024-03-06	Bat1K Project	86271459	286991050	14795	373	28	Rhynchonycteris naso	Rhynchonycteris_naso__Proboscis_bat__HLrhyNas2A__GCA_037038545.1	2	1	1	0	Rhynchonycteris_naso__Proboscis_bat__HLrhyNas2A__GCA_037038545.1	2	1	1	0	Rhynchonycteris naso	Insectivore	100	0	0	0	0	0	0	0	0	0	Rhynchonycteris naso	3.83	0	100	0.0	0.0	0.5831987739686227	1.0986122886681096	0.6931471805599453	0.6931471805599453	0.0	Animal_dominant	Rhynchonycteris_naso
Sigmodon_hispidus__Hispid_cotton_rat__HLsigHisp3__GCA_047301775.1	Sigmodon hispidus	Hispid cotton rat	Sigmodon hispiedis	42415	Mammalia; Theria; Eutheria; Boreoeutheria; Euarchontoglires; Glires; Rodentia; Myomorpha; Muroidea; Cricetidae; Sigmodontinae; Sigmodon	HLsigHisp3	GCA_047301775.1	NCBI	ASM4730177v1	Chromosome	2025-01-30	Institute of Microbiology, Chinese Academy of Sciences	77390441	118707662	14807	321	68	Sigmodon hispidus	Sigmodon_hispidus__Hispid_cotton_rat__HLsigHisp3__GCA_047301775.1	1	0	1	0	Sigmodon_hispidus__Hispid_cotton_rat__HLsigHisp3__GCA_047301775.1	1	0	1	0	Sigmodon hispidus	Omnivore	50	0	0	0	0	0	0	0	0	50	Sigmodon hispidus	92.38	50	50	0.5	0.5	1.965577957910528	0.6931471805599453	0.0	0.6931471805599453	0.0	Omnivore	Sigmodon_hispidus
Sigmodon_hispidus__Hispid_cotton_rat__HLsigHis2__GCA_041721565.1	Sigmodon hispidus	Hispid cotton rat	Sigmodon hispiedis	42415	Mammalia; Theria; Eutheria; Boreoeutheria; Euarchontoglires; Glires; Rodentia; Myomorpha; Muroidea; Cricetidae; Sigmodontinae; Sigmodon	HLsigHis2	GCA_041721565.1	NCBI	HispidOSU	Chromosome	2024-09-03	The Ohio State University	360703	107795196	14726	348	122	Sigmodon hispidus	Sigmodon_hispidus__Hispid_cotton_rat__HLsigHis2__GCA_041721565.1	1	0	1	0	Sigmodon_hispidus__Hispid_cotton_rat__HLsigHis2__GCA_041721565.1	1	0	1	0	Sigmodon hispidus	Omnivore	50	0	0	0	0	0	0	0	0	50	Sigmodon hispidus	92.38	50	50	0.5	0.5	1.965577957910528	0.6931471805599453	0.0	0.6931471805599453	0.0	Omnivore	Sigmodon_hispidus
Sorex_ornatus__Ornate_shrew__HLsorOrn1B__GCA_041430635.1	Sorex ornatus	Ornate shrew		126318	Mammalia; Theria; Eutheria; Boreoeutheria; Laurasiatheria; Eulipotyphla; Soricidae; Soricinae; Sorex	HLsorOrn1B	GCA_041430635.1	NCBI	mSorOrn1.0.a	Scaffold	2024-08-22	UCLA	19322863	113643214	14398	573	225	Sorex ornatus	Sorex_ornatus__Ornate_shrew__HLsorOrn1B__GCA_041430635.1	2	1	1	0	Sorex_ornatus__Ornate_shrew__HLsorOrn1B__GCA_041430635.1	2	1	1	0	Sorex ornatus	Omnivore	70	0	0	0	0	30	0	0	0	0	Sorex ornatus	4.99	0	100	0.0	0.0	0.69810054562339	1.0986122886681096	0.6931471805599453	0.6931471805599453	0.0	Omnivore	Sorex_ornatus
Sorex_ornatus__Ornate_shrew__HLsorOrn1A__GCA_041430695.1	Sorex ornatus	Ornate shrew		126318	Mammalia; Theria; Eutheria; Boreoeutheria; Laurasiatheria; Eulipotyphla; Soricidae; Soricinae; Sorex	HLsorOrn1A	GCA_041430695.1	NCBI	mSorOrn1.0.p	Scaffold	2024-08-22	UCLA	15899521	115205878	14382	638	176	Sorex ornatus	Sorex_ornatus__Ornate_shrew__HLsorOrn1A__GCA_041430695.1	2	1	1	0	Sorex_ornatus__Ornate_shrew__HLsorOrn1A__GCA_041430695.1	2	1	1	0	Sorex ornatus	Omnivore	70	0	0	0	0	30	0	0	0	0	Sorex ornatus	4.99	0	100	0.0	0.0	0.69810054562339	1.0986122886681096	0.6931471805599453	0.6931471805599453	0.0	Omnivore	Sorex_ornatus
Symphalangus_syndactylus__siamang__HLsymSyn4__GCA_028878055.3	Symphalangus syndactylus	siamang	Hylobates syndactylus,Simia syndactyla	9590	Mammalia; Theria; Eutheria; Boreoeutheria; Euarchontoglires; Primates; Haplorrhini; Simiiformes; Catarrhini; Hominoidea; Hylobatidae; Symphalangus	HLsymSyn4	GCA_028878055.3	NCBI			2024-01-12		146713733	146713733	15086	103	7	Symphalangus syndactylus	Symphalangus_syndactylus__siamang__HLsymSyn4__GCA_028878055.3	4	3	1	0	Symphalangus_syndactylus__siamang__HLsymSyn4__GCA_028878055.3	4	3	1	0	Symphalangus syndactylus	Frugivore	10	0	0	0	0	0	80	0	0	10	Symphalangus syndactylus	10839.0	90	10	0.9	0.1	4.034989216287685	1.6094379124341003	1.3862943611198906	0.6931471805599453	0.0	Plant_dominant	Symphalangus_syndactylus
Symphalangus_syndactylus__siamang__HLsymSyn3__GCF_028878055.1	Symphalangus syndactylus	siamang	Simia syndactyla,Hylobates syndactylus	9590	Mammalia; Theria; Eutheria; Boreoeutheria; Euarchontoglires; Primates; Haplorrhini; Simiiformes; Catarrhini; Hominoidea; Hylobatidae; Symphalangus	HLsymSyn3	GCF_028878055.1	NCBI	NHGRI_mSymSyn1-v1.1-hic.freeze_pri	Chromosome	2023-02-28	National Human Genome Research Institute, National Institutes of Health	141752677	142586120	14338	707	151	Symphalangus syndactylus	Symphalangus_syndactylus__siamang__HLsymSyn3__GCF_028878055.1	4	3	1	0	Symphalangus_syndactylus__siamang__HLsymSyn3__GCF_028878055.1	4	3	1	0	Symphalangus syndactylus	Frugivore	10	0	0	0	0	0	80	0	0	10	Symphalangus syndactylus	10839.0	90	10	0.9	0.1	4.034989216287685	1.6094379124341003	1.3862943611198906	0.6931471805599453	0.0	Plant_dominant	Symphalangus_syndactylus
Talpa_europaea__European_mole__HLtalEur1B__GCA_964194205.1	Talpa europaea	European mole	Talpa sp. PPW-2003	9375	Mammalia; Theria; Eutheria; Boreoeutheria; Laurasiatheria; Eulipotyphla; Talpidae; Talpa	HLtalEur1B	GCA_964194205.1	NCBI	mTalEur1.hap2.1	Scaffold	2024-06-27	WELLCOME SANGER INSTITUTE	3507589	136515677	14844	279	73	Talpa europaea	Talpa_europaea__European_mole__HLtalEur1B__GCA_964194205.1	2	1	1	0	Talpa_europaea__European_mole__HLtalEur1B__GCA_964194205.1	2	1	1	0	Talpa europaea	Insectivore	100	0	0	0	0	0	0	0	0	0	Talpa europaea	77.0	0	100	0.0	0.0	1.8864907251724818	1.0986122886681096	0.6931471805599453	0.6931471805599453	0.0	Animal_dominant	Talpa_europaea
Talpa_europaea__European_mole__HLtalEur1A__GCA_964194135.1	Talpa europaea	European mole	Talpa sp. PPW-2003	9375	Mammalia; Theria; Eutheria; Boreoeutheria; Laurasiatheria; Eulipotyphla; Talpidae; Talpa	HLtalEur1A	GCA_964194135.1	NCBI	mTalEur1.hap1.1	Chromosome	2024-06-28	WELLCOME SANGER INSTITUTE	3421604	136888642	14837	289	70	Talpa europaea	Talpa_europaea__European_mole__HLtalEur1A__GCA_964194135.1	2	1	1	0	Talpa_europaea__European_mole__HLtalEur1A__GCA_964194135.1	2	1	1	0	Talpa europaea	Insectivore	100	0	0	0	0	0	0	0	0	0	Talpa europaea	77.0	0	100	0.0	0.0	1.8864907251724818	1.0986122886681096	0.6931471805599453	0.6931471805599453	0.0	Animal_dominant	Talpa_europaea
Tamias_sibiricus__Siberian_chipmunk__HLtamSib1__GCA_025594165.1	Tamias sibiricus	Siberian chipmunk	Tamias asiaticus,Eutamias sibiricus	64680	Mammalia; Theria; Eutheria; Boreoeutheria; Euarchontoglires; Glires; Rodentia; Sciuromorpha; Sciuridae; Xerinae; Marmotini; Tamias	HLtamSib1	GCA_025594165.1	NCBI	ASM2559416v1	Chromosome	2022-10-06	Qufu Normal University	9422552	172614981	11308	3802	86	Tamias sibiricus	Tamias_sibiricus__Siberian_chipmunk__HLtamSib1__GCA_025594165.1	1	0	1	0	Tamias_sibiricus__Siberian_chipmunk__HLtamSib1__GCA_025594165.1	1	0	1	0	Tamias sibiricus	Granivore	10	0	0	0	0	0	10	0	60	20	Tamias sibiricus	85.0	90	10	0.9	0.2	1.9294189257142929	0.6931471805599453	0.0	0.6931471805599453	0.0	Plant_dominant	Tamias_sibiricus
Tamias_sibiricus__Siberian_chipmunk__HLtamSibi2__GCA_047496905.1	Tamias sibiricus	Siberian chipmunk	Sciurus sibiricus,Eutamias sibiricus,Tamias asiaticus	64680	Mammalia; Theria; Eutheria; Boreoeutheria; Euarchontoglires; Glires; Rodentia; Sciuromorpha; Sciuridae; Xerinae; Marmotini; Tamias	HLtamSibi2	GCA_047496905.1	NCBI	ASM4749690v1	Chromosome	2025-02-07	China Astronaut Research and Training Center	9155588	166459957	11426	3667	103	Tamias sibiricus	Tamias_sibiricus__Siberian_chipmunk__HLtamSibi2__GCA_047496905.1	1	0	1	0	Tamias_sibiricus__Siberian_chipmunk__HLtamSibi2__GCA_047496905.1	1	0	1	0	Tamias sibiricus	Granivore	10	0	0	0	0	0	10	0	60	20	Tamias sibiricus	85.0	90	10	0.9	0.2	1.9294189257142929	0.6931471805599453	0.0	0.6931471805599453	0.0	Plant_dominant	Tamias_sibiricus
Tapirus_indicus__Asiatic_tapir__HLtapIndi3B__GCA_031878705.1	Tapirus indicus	Asiatic tapir	Malayan tapir	9802	Mammalia; Theria; Eutheria; Boreoeutheria; Laurasiatheria; Perissodactyla; Tapiridae; Tapirus	HLtapIndi3B	GCA_031878705.1	NCBI	mTapInd1.hap2	Chromosome	2023-09-25	Vertebrate Genomes Project	56553937	129754520	15095	91	10	Tapirus indicus	Tapirus_indicus__Asiatic_tapir__HLtapIndi3B__GCA_031878705.1	11	9	2	0	Tapirus_indicus__Asiatic_tapir__HLtapIndi3B__GCA_031878705.1	11	9	2	0	Tapirus indicus	Herbivore	0	0	0	0	0	0	0	0	0	100	Tapirus indicus	296250.0	100	0	1.0	1.0	5.471658359018161	2.4849066497880004	2.3025850929940455	1.0986122886681096	0.0	Plant_dominant	Tapirus_indicus
Tapirus_indicus__Asiatic_tapir__HLtapIndi3A__GCA_031878655.1	Tapirus indicus	Asiatic tapir	Malayan tapir	9802	Mammalia; Theria; Eutheria; Boreoeutheria; Laurasiatheria; Perissodactyla; Tapiridae; Tapirus	HLtapIndi3A	GCA_031878655.1	NCBI	mTapInd1.hap1	Chromosome	2023-09-25	Vertebrate Genomes Project	52012120	129321892	15099	92	5	Tapirus indicus	Tapirus_indicus__Asiatic_tapir__HLtapIndi3A__GCA_031878655.1	11	9	2	0	Tapirus_indicus__Asiatic_tapir__HLtapIndi3A__GCA_031878655.1	11	9	2	0	Tapirus indicus	Herbivore	0	0	0	0	0	0	0	0	0	100	Tapirus indicus	296250.0	100	0	1.0	1.0	5.471658359018161	2.4849066497880004	2.3025850929940455	1.0986122886681096	0.0	Plant_dominant	Tapirus_indicus
Tenrec_ecaudatus__Tailless_tenrec__HLtenEca1B	Tenrec ecaudatus	Tailless tenrec	tail-less tenrec	94439	Mammalia; Theria; Eutheria; Afrotheria; Afrosoricida; Tenrecidae; Tenrecinae; Tenrec	HLtenEca1B	TBG Hillerlab, Fauna	TBG Hillerlab, Fauna			2023-09-02		71825797	156487869	14355	281	560	Tenrec ecaudatus	Tenrec_ecaudatus__Tailless_tenrec__HLtenEca1B	2	1	1	0	Tenrec_ecaudatus__Tailless_tenrec__HLtenEca1B	2	1	1	0	Tenrec ecaudatus	Insectivore	90	0	0	0	0	0	0	0	0	10	Tenrec ecaudatus	868.0	10	90	0.1	0.1	2.938519725176492	1.0986122886681096	0.6931471805599453	0.6931471805599453	0.0	Animal_dominant	Tenrec_ecaudatus
Tenrec_ecaudatus__Tailless_tenrec__HLtenEcau2B__GCA_050624465.1	Tenrec ecaudatus	Tailless tenrec	Erinaceus ecaudatus,tail-less tenrec	94439	Mammalia; Theria; Eutheria; Afrotheria; Afrosoricida; Tenrecidae; Tenrecinae; Tenrec	HLtenEcau2B	GCA_050624465.1	NCBI	mTenEca1.hap2	Chromosome	2025-05-30	Vertebrate Genomes Project	54742630	165248668	14036	487	673	Tenrec ecaudatus	Tenrec_ecaudatus__Tailless_tenrec__HLtenEcau2B__GCA_050624465.1	2	1	1	0	Tenrec_ecaudatus__Tailless_tenrec__HLtenEcau2B__GCA_050624465.1	2	1	1	0	Tenrec ecaudatus	Insectivore	90	0	0	0	0	0	0	0	0	10	Tenrec ecaudatus	868.0	10	90	0.1	0.1	2.938519725176492	1.0986122886681096	0.6931471805599453	0.6931471805599453	0.0	Animal_dominant	Tenrec_ecaudatus
Tenrec_ecaudatus__Tailless_tenrec__HLtenEca1A	Tenrec ecaudatus	Tailless tenrec	tail-less tenrec	94439	Mammalia; Theria; Eutheria; Afrotheria; Afrosoricida; Tenrecidae; Tenrecinae; Tenrec	HLtenEca1A	TBG Hillerlab, Fauna	TBG Hillerlab, Fauna			2023-09-02		54617000	133279229	14883	270	43	Tenrec ecaudatus	Tenrec_ecaudatus__Tailless_tenrec__HLtenEca1A	2	1	1	0	Tenrec_ecaudatus__Tailless_tenrec__HLtenEca1A	2	1	1	0	Tenrec ecaudatus	Insectivore	90	0	0	0	0	0	0	0	0	10	Tenrec ecaudatus	868.0	10	90	0.1	0.1	2.938519725176492	1.0986122886681096	0.6931471805599453	0.6931471805599453	0.0	Animal_dominant	Tenrec_ecaudatus
Tenrec_ecaudatus__Tailless_tenrec__HLtenEcau2A__GCF_050624435.1	Tenrec ecaudatus	Tailless tenrec	Erinaceus ecaudatus,tail-less tenrec	94439	Mammalia; Theria; Eutheria; Afrotheria; Afrosoricida; Tenrecidae; Tenrecinae; Tenrec	HLtenEcau2A	GCF_050624435.1	NCBI	mTenEca1.hap1	Chromosome	2025-05-30	Vertebrate Genomes Project	41601014	163958880	14758	372	66	Tenrec ecaudatus	Tenrec_ecaudatus__Tailless_tenrec__HLtenEcau2A__GCF_050624435.1	2	1	1	0	Tenrec_ecaudatus__Tailless_tenrec__HLtenEcau2A__GCF_050624435.1	2	1	1	0	Tenrec ecaudatus	Insectivore	90	0	0	0	0	0	0	0	0	10	Tenrec ecaudatus	868.0	10	90	0.1	0.1	2.938519725176492	1.0986122886681096	0.6931471805599453	0.6931471805599453	0.0	Animal_dominant	Tenrec_ecaudatus
Thomomys_bottae__Bottas_pocket_gopher__HLthoBot2B__GCA_031878665.1	Thomomys bottae	Bottas pocket gopher		10013	Mammalia; Theria; Eutheria; Boreoeutheria; Euarchontoglires; Glires; Rodentia; Castorimorpha; Geomyidae; Thomomys	HLthoBot2B	GCA_031878665.1	NCBI	mThoBot2.hap2	Chromosome	2023-09-25	Vertebrate Genomes Project	6183328	61325068	14174	427	595	Thomomys bottae	Thomomys_bottae__Bottas_pocket_gopher__HLthoBot2B__GCA_031878665.1	1	0	1	0	Thomomys_bottae__Bottas_pocket_gopher__HLthoBot2B__GCA_031878665.1	1	0	1	0	Thomomys bottae	Herbivore	0	0	0	0	0	0	0	0	0	100	Thomomys bottae	114.75	100	0	1.0	1.0	2.059752694209299	0.6931471805599453	0.0	0.6931471805599453	0.0	Plant_dominant	Thomomys_bottae
Thomomys_bottae__Bottas_pocket_gopher__HLthoBot2A__GCA_031878675.1	Thomomys bottae	Bottas pocket gopher		10013	Mammalia; Theria; Eutheria; Boreoeutheria; Euarchontoglires; Glires; Rodentia; Castorimorpha; Geomyidae; Thomomys	HLthoBot2A	GCA_031878675.1	NCBI	mThoBot2.hap1	Chromosome	2023-09-25	Vertebrate Genomes Project	5921125	64418693	14615	494	87	Thomomys bottae	Thomomys_bottae__Bottas_pocket_gopher__HLthoBot2A__GCA_031878675.1	1	0	1	0	Thomomys_bottae__Bottas_pocket_gopher__HLthoBot2A__GCA_031878675.1	1	0	1	0	Thomomys bottae	Herbivore	0	0	0	0	0	0	0	0	0	100	Thomomys bottae	114.75	100	0	1.0	1.0	2.059752694209299	0.6931471805599453	0.0	0.6931471805599453	0.0	Plant_dominant	Thomomys_bottae
Trichechus_inunguis__Amazon_manatee__HLtriInu1A__GCA_046562895.1	Trichechus inunguis	Amazon manatee	Manatus inunguis,Amazonian manatee,Brazilian manatee	9777	Mammalia; Theria; Eutheria; Afrotheria; Sirenia; Trichechidae; Trichechus	HLtriInu1A	GCA_046562895.1	NCBI	mTriInu1 haplotype 2	Chromosome	2025-01-08	Genomics of Brazilian Biodiversity	25109643	123530250	15089	92	15	Trichechus inunguis	Trichechus_inunguis__Amazon_manatee__HLtriInu1A__GCA_046562895.1	4	3	1	0	Trichechus_inunguis__Amazon_manatee__HLtriInu1A__GCA_046562895.1	4	3	1	0	Trichechus inunguis	Herbivore	0	0	0	0	0	0	0	0	0	100	Trichechus inunguis	480000.0	100	0	1.0	1.0	5.681241237375588	1.6094379124341003	1.3862943611198906	0.6931471805599453	0.0	Plant_dominant	Trichechus_inunguis
Trichechus_inunguis__Amazon_manatee__HLtriInu1B__GCA_046562985.1	Trichechus inunguis	Amazon manatee	Manatus inunguis,Brazilian manatee,Amazonian manatee	9777	Mammalia; Theria; Eutheria; Afrotheria; Sirenia; Trichechidae; Trichechus	HLtriInu1B	GCA_046562985.1	NCBI	mTriInu1 haplotype 1	Chromosome	2025-01-08	Genomics of Brazilian Biodiversity	16297374	121225153	14378	291	527	Trichechus inunguis	Trichechus_inunguis__Amazon_manatee__HLtriInu1B__GCA_046562985.1	4	3	1	0	Trichechus_inunguis__Amazon_manatee__HLtriInu1B__GCA_046562985.1	4	3	1	0	Trichechus inunguis	Herbivore	0	0	0	0	0	0	0	0	0	100	Trichechus inunguis	480000.0	100	0	1.0	1.0	5.681241237375588	1.6094379124341003	1.3862943611198906	0.6931471805599453	0.0	Plant_dominant	Trichechus_inunguis
Zalophus_californianus__California_sea_lion__HLzalCal1__GCA_009762305.1	Zalophus californianus	California sea lion	California sealion	9704	Mammalia; Theria; Eutheria; Boreoeutheria; Laurasiatheria; Carnivora; Caniformia; Pinnipedia; Otariidae; Zalophus	HLzalCal1	GCA_009762305.1	NCBI	mZalCal1.pri	Chromosome	2019-12-18	Vertebrate Genomes Project	60554208	146931682	14139	1046	11	Zalophus californianus	Zalophus_californianus__California_sea_lion__HLzalCal1__GCA_009762305.1	2	1	1	0	Zalophus_californianus__California_sea_lion__HLzalCal1__GCA_009762305.1	2	1	1	0	Zalophus californianus	Omnivore	40	0	0	60	0	0	0	0	0	0	Zalophus californianus	80000.0	0	100	0.0	0.0	4.903089986991944	1.0986122886681096	0.6931471805599453	0.6931471805599453	0.0	Omnivore	Zalophus_californianus
Zalophus_californianus__California_sea_lion__HLzalCali2__GCF_009762305.2	Zalophus californianus	California sea lion	California sealion,Otaria californiana	9704	Mammalia; Theria; Eutheria; Boreoeutheria; Laurasiatheria; Carnivora; Caniformia; Pinnipedia; Otariidae; Zalophus	HLzalCali2	GCF_009762305.2	NCBI	mZalCal1.pri.v2	Chromosome	2020-07-14	Vertebrate Genomes Project	32626160	147124152	14619	568	9	Zalophus californianus	Zalophus_californianus__California_sea_lion__HLzalCali2__GCF_009762305.2	2	1	1	0	Zalophus_californianus__California_sea_lion__HLzalCali2__GCF_009762305.2	2	1	1	0	Zalophus californianus	Omnivore	40	0	0	60	0	0	0	0	0	0	Zalophus californianus	80000.0	0	100	0.0	0.0	4.903089986991944	1.0986122886681096	0.6931471805599453	0.6931471805599453	0.0	Omnivore	Zalophus_californianus
