id	header	gene	species	cluster_best	cluster_at_ngenes
ENST00000325558.11_PGA3_hg38	ENST00000325558.11#PGA3#hg38	PGA3	hg38	58	38
ENST00000378149.9_PGA4_hg38	ENST00000378149.9#PGA4#hg38	PGA4	hg38	58	38
ENST00000312403.10_PGA5_hg38	ENST00000312403.10#PGA5#hg38	PGA5	hg38	58	38
hg38.ENST00000325558.11_PGA3_16_Acinonyx_jubatus__cheetah__HLaciJub3__GCF_027475565.1	hg38.ENST00000325558.11#PGA3#16#Acinonyx_jubatus__cheetah__HLaciJub3__GCF_027475565.1	PGA3	Acinonyx_jubatus__cheetah__HLaciJub3__GCF_027475565.1	54	38
mm10.ENSMUST00000025647_Pga5_69_Acinonyx_jubatus__cheetah__HLaciJub3__GCF_027475565.1	mm10.ENSMUST00000025647#Pga5#69#Acinonyx_jubatus__cheetah__HLaciJub3__GCF_027475565.1	Pga5	Acinonyx_jubatus__cheetah__HLaciJub3__GCF_027475565.1	20	13
mm10.ENSMUST00000025647_Pga5_13_Acomys_cahirinus__Egyptian_spiny_mouse__HLacoCah2	mm10.ENSMUST00000025647#Pga5#13#Acomys_cahirinus__Egyptian_spiny_mouse__HLacoCah2	Pga5	Acomys_cahirinus__Egyptian_spiny_mouse__HLacoCah2	28	19
mm10.ENSMUST00000025647_Pga5_15_Acomys_dimidiatus__Eastern_spiny_mouse__HLacoDim1__GCA_907164435.1	mm10.ENSMUST00000025647#Pga5#15#Acomys_dimidiatus__Eastern_spiny_mouse__HLacoDim1__GCA_907164435.1	Pga5	Acomys_dimidiatus__Eastern_spiny_mouse__HLacoDim1__GCA_907164435.1	28	19
mm10.ENSMUST00000025647_Pga5_15_Acomys_kempi__Kemps_spiny_mouse__HLacoKem1__GCA_907164505.1	mm10.ENSMUST00000025647#Pga5#15#Acomys_kempi__Kemps_spiny_mouse__HLacoKem1__GCA_907164505.1	Pga5	Acomys_kempi__Kemps_spiny_mouse__HLacoKem1__GCA_907164505.1	28	19
mm10.ENSMUST00000025647_Pga5_13_Acomys_minous__Crete_spiny_mouse__HLacoMin1__GCA_964271855.1	mm10.ENSMUST00000025647#Pga5#13#Acomys_minous__Crete_spiny_mouse__HLacoMin1__GCA_964271855.1	Pga5	Acomys_minous__Crete_spiny_mouse__HLacoMin1__GCA_964271855.1	28	19
mm10.ENSMUST00000025647_Pga5_15_Acomys_percivali__Percivals_spiny_mouse__HLacoPer1__GCA_907169655.1	mm10.ENSMUST00000025647#Pga5#15#Acomys_percivali__Percivals_spiny_mouse__HLacoPer1__GCA_907169655.1	Pga5	Acomys_percivali__Percivals_spiny_mouse__HLacoPer1__GCA_907169655.1	28	19
mm10.ENSMUST00000025647_Pga5_14_Acomys_russatus__golden_spiny_mouse__HLacoRus1__GCA_903995435.1	mm10.ENSMUST00000025647#Pga5#14#Acomys_russatus__golden_spiny_mouse__HLacoRus1__GCA_903995435.1	Pga5	Acomys_russatus__golden_spiny_mouse__HLacoRus1__GCA_903995435.1	28	19
mm10.ENSMUST00000025647_Pga5_73_Ailuropoda_melanoleuca__giant_panda__HLailMel3__GCA_029963865.1	mm10.ENSMUST00000025647#Pga5#73#Ailuropoda_melanoleuca__giant_panda__HLailMel3__GCA_029963865.1	Pga5	Ailuropoda_melanoleuca__giant_panda__HLailMel3__GCA_029963865.1	20	13
hg38.ENST00000312403.10_PGA5_4732_Ailuropoda_melanoleuca__giant_panda__HLailMel3__GCA_029963865.1	hg38.ENST00000312403.10#PGA5#4732#Ailuropoda_melanoleuca__giant_panda__HLailMel3__GCA_029963865.1	PGA5	Ailuropoda_melanoleuca__giant_panda__HLailMel3__GCA_029963865.1	54	38
mm10.ENSMUST00000025647_Pga5_79_Alexandromys_fortis__Reed_vole__HLaleFor1__GCF_014885135.2	mm10.ENSMUST00000025647#Pga5#79#Alexandromys_fortis__Reed_vole__HLaleFor1__GCF_014885135.2	Pga5	Alexandromys_fortis__Reed_vole__HLaleFor1__GCF_014885135.2	28	19
mm10.ENSMUST00000025647_Pga5_80_Alexandromys_fortis__reed_vole__HLmicFor1__GCA_014885135.1	mm10.ENSMUST00000025647#Pga5#80#Alexandromys_fortis__reed_vole__HLmicFor1__GCA_014885135.1	Pga5	Alexandromys_fortis__reed_vole__HLmicFor1__GCA_014885135.1	28	19
hg38.ENST00000312403.10_PGA5_70_Alexandromys_oeconomus__Root_vole__HLaleOec1__GCA_963919705.1	hg38.ENST00000312403.10#PGA5#70#Alexandromys_oeconomus__Root_vole__HLaleOec1__GCA_963919705.1	PGA5	Alexandromys_oeconomus__Root_vole__HLaleOec1__GCA_963919705.1	28	19
mm10.ENSMUST00000025647_Pga5_57_Amblysomus_hottentotus__Hottentot_golden_mole__HLambHott1A__GCA_054824725.1	mm10.ENSMUST00000025647#Pga5#57#Amblysomus_hottentotus__Hottentot_golden_mole__HLambHott1A__GCA_054824725.1	Pga5	Amblysomus_hottentotus__Hottentot_golden_mole__HLambHott1A__GCA_054824725.1	18	11
hg38.ENST00000312403.10_PGA5_4778_Amblysomus_hottentotus__Hottentot_golden_mole__HLambHott1A__GCA_054824725.1	hg38.ENST00000312403.10#PGA5#4778#Amblysomus_hottentotus__Hottentot_golden_mole__HLambHott1A__GCA_054824725.1	PGA5	Amblysomus_hottentotus__Hottentot_golden_mole__HLambHott1A__GCA_054824725.1	52	37
HLbosTau10.ENSBTAT00000013786_PAG7_15874_Anoura_caudifer__tailed_tailless_bat__HLanoCau1__GCA_004027475.1	HLbosTau10.ENSBTAT00000013786#PAG7#15874#Anoura_caudifer__tailed_tailless_bat__HLanoCau1__GCA_004027475.1	PAG7	Anoura_caudifer__tailed_tailless_bat__HLanoCau1__GCA_004027475.1	21	14
hg38.ENST00000325558.11_PGA3_15029_Anoura_caudifer__tailed_tailless_bat__HLanoCau1__GCA_004027475.1	hg38.ENST00000325558.11#PGA3#15029#Anoura_caudifer__tailed_tailless_bat__HLanoCau1__GCA_004027475.1	PGA3	Anoura_caudifer__tailed_tailless_bat__HLanoCau1__GCA_004027475.1	53	38
HLbosTau10.ENSBTAT00000005384_PAG10_1253_Antrozous_pallidus__pallid_bat__HLantPal2__GCA_027563665.1	HLbosTau10.ENSBTAT00000005384#PAG10#1253#Antrozous_pallidus__pallid_bat__HLantPal2__GCA_027563665.1	PAG10	Antrozous_pallidus__pallid_bat__HLantPal2__GCA_027563665.1	19	12
HLbosTau10.ENSBTAT00000025517_PAG2_847_Antrozous_pallidus__pallid_bat__HLantPal2__GCA_027563665.1	HLbosTau10.ENSBTAT00000025517#PAG2#847#Antrozous_pallidus__pallid_bat__HLantPal2__GCA_027563665.1	PAG2	Antrozous_pallidus__pallid_bat__HLantPal2__GCA_027563665.1	19	12
HLbosTau10.ENSBTAT00000025597_PAG8_1750_Antrozous_pallidus__pallid_bat__HLantPal2__GCA_027563665.1	HLbosTau10.ENSBTAT00000025597#PAG8#1750#Antrozous_pallidus__pallid_bat__HLantPal2__GCA_027563665.1	PAG8	Antrozous_pallidus__pallid_bat__HLantPal2__GCA_027563665.1	19	12
HLbosTau10.ENSBTAT00000025593_PAG5_343015_Antrozous_pallidus__pallid_bat__HLantPal2__GCA_027563665.1	HLbosTau10.ENSBTAT00000025593#PAG5#343015#Antrozous_pallidus__pallid_bat__HLantPal2__GCA_027563665.1	PAG5	Antrozous_pallidus__pallid_bat__HLantPal2__GCA_027563665.1	19	12
HLbosTau10.ENSBTAT00000005384_PAG10_347339_Antrozous_pallidus__pallid_bat__HLantPal2__GCA_027563665.1	HLbosTau10.ENSBTAT00000005384#PAG10#347339#Antrozous_pallidus__pallid_bat__HLantPal2__GCA_027563665.1	PAG10	Antrozous_pallidus__pallid_bat__HLantPal2__GCA_027563665.1	19	12
hg38.ENST00000312403.10_PGA5_3077_Antrozous_pallidus__pallid_bat__HLantPal2__GCA_027563665.1	hg38.ENST00000312403.10#PGA5#3077#Antrozous_pallidus__pallid_bat__HLantPal2__GCA_027563665.1	PGA5	Antrozous_pallidus__pallid_bat__HLantPal2__GCA_027563665.1	50	36
mm10.ENSMUST00000025647_Pga5_72_Aonyx_cinereus__Asian_small-clawed_otter__HLaonCin1	mm10.ENSMUST00000025647#Pga5#72#Aonyx_cinereus__Asian_small-clawed_otter__HLaonCin1	Pga5	Aonyx_cinereus__Asian_small-clawed_otter__HLaonCin1	20	13
hg38.ENST00000312403.10_PGA5_3850_Aonyx_cinereus__Asian_small-clawed_otter__HLaonCin1	hg38.ENST00000312403.10#PGA5#3850#Aonyx_cinereus__Asian_small-clawed_otter__HLaonCin1	PGA5	Aonyx_cinereus__Asian_small-clawed_otter__HLaonCin1	54	38
hg38.ENST00000312403.10_PGA5_25_Apodemus_agrarius__Eurasian_field_mouse__HLapoAgr1__GCA_964023405.1	hg38.ENST00000312403.10#PGA5#25#Apodemus_agrarius__Eurasian_field_mouse__HLapoAgr1__GCA_964023405.1	PGA5	Apodemus_agrarius__Eurasian_field_mouse__HLapoAgr1__GCA_964023405.1	28	19
hg38.ENST00000325558.11_PGA3_66_Apodemus_speciosus__Large_Japanese_field_mouse__HLapoSpe1__GCA_045298715.1	hg38.ENST00000325558.11#PGA3#66#Apodemus_speciosus__Large_Japanese_field_mouse__HLapoSpe1__GCA_045298715.1	PGA3	Apodemus_speciosus__Large_Japanese_field_mouse__HLapoSpe1__GCA_045298715.1	28	19
mm10.ENSMUST00000025647_Pga5_16_Apodemus_sylvaticus__European_woodmouse__HLapoSyl2__GCF_947179515.1	mm10.ENSMUST00000025647#Pga5#16#Apodemus_sylvaticus__European_woodmouse__HLapoSyl2__GCF_947179515.1	Pga5	Apodemus_sylvaticus__European_woodmouse__HLapoSyl2__GCF_947179515.1	28	19
mm10.ENSMUST00000025647_Pga5_71_Arctocephalus_gazella__Antarctic_fur_seal__HLarcGaze3A__GCA_040869175.1	mm10.ENSMUST00000025647#Pga5#71#Arctocephalus_gazella__Antarctic_fur_seal__HLarcGaze3A__GCA_040869175.1	Pga5	Arctocephalus_gazella__Antarctic_fur_seal__HLarcGaze3A__GCA_040869175.1	20	13
hg38.ENST00000312403.10_PGA5_4970_Arctocephalus_gazella__Antarctic_fur_seal__HLarcGaze3A__GCA_040869175.1	hg38.ENST00000312403.10#PGA5#4970#Arctocephalus_gazella__Antarctic_fur_seal__HLarcGaze3A__GCA_040869175.1	PGA5	Arctocephalus_gazella__Antarctic_fur_seal__HLarcGaze3A__GCA_040869175.1	54	38
mm10.ENSMUST00000025647_Pga5_71_Arctocephalus_gazella__antarctic_fur_seal__HLarcGaz2__GCA_900642305.1	mm10.ENSMUST00000025647#Pga5#71#Arctocephalus_gazella__antarctic_fur_seal__HLarcGaz2__GCA_900642305.1	Pga5	Arctocephalus_gazella__antarctic_fur_seal__HLarcGaz2__GCA_900642305.1	20	13
hg38.ENST00000312403.10_PGA5_3226_Arctocephalus_gazella__antarctic_fur_seal__HLarcGaz2__GCA_900642305.1	hg38.ENST00000312403.10#PGA5#3226#Arctocephalus_gazella__antarctic_fur_seal__HLarcGaz2__GCA_900642305.1	PGA5	Arctocephalus_gazella__antarctic_fur_seal__HLarcGaz2__GCA_900642305.1	54	38
hg38.ENST00000325558.11_PGA3_380_Artibeus_jamaicensis__Jamaican_fruit-eating_bat__HLartJam2__GCA_014825515.1	hg38.ENST00000325558.11#PGA3#380#Artibeus_jamaicensis__Jamaican_fruit-eating_bat__HLartJam2__GCA_014825515.1	PGA3	Artibeus_jamaicensis__Jamaican_fruit-eating_bat__HLartJam2__GCA_014825515.1	53	38
mm10.ENSMUST00000025647_Pga5_297_Artibeus_jamaicensis__Jamaican_fruit-eating_bat__HLartJam2__GCA_014825515.1	mm10.ENSMUST00000025647#Pga5#297#Artibeus_jamaicensis__Jamaican_fruit-eating_bat__HLartJam2__GCA_014825515.1	Pga5	Artibeus_jamaicensis__Jamaican_fruit-eating_bat__HLartJam2__GCA_014825515.1	21	14
hg38.ENST00000325558.11_PGA3_81_Artibeus_jamaicensis__Jamaican_fruit-eating_bat__HLartJam3__GCA_021234435.1	hg38.ENST00000325558.11#PGA3#81#Artibeus_jamaicensis__Jamaican_fruit-eating_bat__HLartJam3__GCA_021234435.1	PGA3	Artibeus_jamaicensis__Jamaican_fruit-eating_bat__HLartJam3__GCA_021234435.1	53	38
mm10.ENSMUST00000025647_Pga5_80_Artibeus_jamaicensis__Jamaican_fruit-eating_bat__HLartJam3__GCA_021234435.1	mm10.ENSMUST00000025647#Pga5#80#Artibeus_jamaicensis__Jamaican_fruit-eating_bat__HLartJam3__GCA_021234435.1	Pga5	Artibeus_jamaicensis__Jamaican_fruit-eating_bat__HLartJam3__GCA_021234435.1	21	14
mm10.ENSMUST00000025647_Pga5_71_Artibeus_lituratus__Great_fruit-eating_bat__HLartLit1A__GCA_038363095.2	mm10.ENSMUST00000025647#Pga5#71#Artibeus_lituratus__Great_fruit-eating_bat__HLartLit1A__GCA_038363095.2	Pga5	Artibeus_lituratus__Great_fruit-eating_bat__HLartLit1A__GCA_038363095.2	21	14
hg38.ENST00000325558.11_PGA3_11_Artibeus_lituratus__Great_fruit-eating_bat__HLartLit1A__GCA_038363095.2	hg38.ENST00000325558.11#PGA3#11#Artibeus_lituratus__Great_fruit-eating_bat__HLartLit1A__GCA_038363095.2	PGA3	Artibeus_lituratus__Great_fruit-eating_bat__HLartLit1A__GCA_038363095.2	53	38
mm10.ENSMUST00000025647_Pga5_71_Artibeus_lituratus__Great_fruit-eating_bat__HLartLitu2A__GCA_038363095.4	mm10.ENSMUST00000025647#Pga5#71#Artibeus_lituratus__Great_fruit-eating_bat__HLartLitu2A__GCA_038363095.4	Pga5	Artibeus_lituratus__Great_fruit-eating_bat__HLartLitu2A__GCA_038363095.4	21	14
hg38.ENST00000325558.11_PGA3_11_Artibeus_lituratus__Great_fruit-eating_bat__HLartLitu2A__GCA_038363095.4	hg38.ENST00000325558.11#PGA3#11#Artibeus_lituratus__Great_fruit-eating_bat__HLartLitu2A__GCA_038363095.4	PGA3	Artibeus_lituratus__Great_fruit-eating_bat__HLartLitu2A__GCA_038363095.4	53	38
mm10.ENSMUST00000025647_Pga5_14_Arvicanthis_niloticus__African_grass_rat__HLarvNil1__GCA_011762505.1	mm10.ENSMUST00000025647#Pga5#14#Arvicanthis_niloticus__African_grass_rat__HLarvNil1__GCA_011762505.1	Pga5	Arvicanthis_niloticus__African_grass_rat__HLarvNil1__GCA_011762505.1	28	19
mm10.ENSMUST00000025647_Pga5_14_Arvicanthis_niloticus__Nile_rat__HLarvNilo2__GCF_011762505.2	mm10.ENSMUST00000025647#Pga5#14#Arvicanthis_niloticus__Nile_rat__HLarvNilo2__GCF_011762505.2	Pga5	Arvicanthis_niloticus__Nile_rat__HLarvNilo2__GCF_011762505.2	28	19
mm10.ENSMUST00000025647_Pga5_13_Arvicola_amphibius__Eurasian_water_mole__HLarvAmp1__GCA_903992535.1	mm10.ENSMUST00000025647#Pga5#13#Arvicola_amphibius__Eurasian_water_mole__HLarvAmp1__GCA_903992535.1	Pga5	Arvicola_amphibius__Eurasian_water_mole__HLarvAmp1__GCA_903992535.1	28	19
HLbosTau10.ENSBTAT00000030466_PAG18_45804_Aselliscus_stoliczkanus__Stoliczkas_trident_bat__HLaseSto2__GCA_043727835.1	HLbosTau10.ENSBTAT00000030466#PAG18#45804#Aselliscus_stoliczkanus__Stoliczkas_trident_bat__HLaseSto2__GCA_043727835.1	PAG18	Aselliscus_stoliczkanus__Stoliczkas_trident_bat__HLaseSto2__GCA_043727835.1	22	14
hg38.ENST00000312403.10_PGA5_4619_Aselliscus_stoliczkanus__Stoliczkas_trident_bat__HLaseSto2__GCA_043727835.1	hg38.ENST00000312403.10#PGA5#4619#Aselliscus_stoliczkanus__Stoliczkas_trident_bat__HLaseSto2__GCA_043727835.1	PGA5	Aselliscus_stoliczkanus__Stoliczkas_trident_bat__HLaseSto2__GCA_043727835.1	53	38
mm10.ENSMUST00000025647_Pga5_73_Aselliscus_stoliczkanus__Stoliczkas_trident_bat__HLaseSto4__GCA_033961575.1	mm10.ENSMUST00000025647#Pga5#73#Aselliscus_stoliczkanus__Stoliczkas_trident_bat__HLaseSto4__GCA_033961575.1	Pga5	Aselliscus_stoliczkanus__Stoliczkas_trident_bat__HLaseSto4__GCA_033961575.1	22	14
hg38.ENST00000312403.10_PGA5_2974_Aselliscus_stoliczkanus__Stoliczkas_trident_bat__HLaseSto4__GCA_033961575.1	hg38.ENST00000312403.10#PGA5#2974#Aselliscus_stoliczkanus__Stoliczkas_trident_bat__HLaseSto4__GCA_033961575.1	PGA5	Aselliscus_stoliczkanus__Stoliczkas_trident_bat__HLaseSto4__GCA_033961575.1	53	38
hg38.ENST00000312403.10_PGA5_8168_Ateles_fusciceps__Brown-headed_spider_monkey__HLateFus1__GCA_036589455.2	hg38.ENST00000312403.10#PGA5#8168#Ateles_fusciceps__Brown-headed_spider_monkey__HLateFus1__GCA_036589455.2	PGA5	Ateles_fusciceps__Brown-headed_spider_monkey__HLateFus1__GCA_036589455.2	58	38
hg38.ENST00000312403.10_PGA5_6842_Ateles_geoffroyi__black-handed_spider_monkey__HLateGeo2__GCA_023783555.1	hg38.ENST00000312403.10#PGA5#6842#Ateles_geoffroyi__black-handed_spider_monkey__HLateGeo2__GCA_023783555.1	PGA5	Ateles_geoffroyi__black-handed_spider_monkey__HLateGeo2__GCA_023783555.1	58	38
hg38.ENST00000312403.10_PGA5_147444_Ateles_hybridus__brown_spider_monkey__HLateHyb1__GCA_916098195.1	hg38.ENST00000312403.10#PGA5#147444#Ateles_hybridus__brown_spider_monkey__HLateHyb1__GCA_916098195.1	PGA5	Ateles_hybridus__brown_spider_monkey__HLateHyb1__GCA_916098195.1	58	38
hg38.ENST00000312403.10_PGA5_5390_Axis_porcinus__Hog_deer__HLaxiPorc2A__GCA_054883215.1	hg38.ENST00000312403.10#PGA5#5390#Axis_porcinus__Hog_deer__HLaxiPorc2A__GCA_054883215.1	PGA5	Axis_porcinus__Hog_deer__HLaxiPorc2A__GCA_054883215.1	56	38
HLbosTau10.NM_001109978_PAG7_74456_Axis_porcinus__Hog_deer__HLaxiPorc2A__GCA_054883215.1	HLbosTau10.NM_001109978#PAG7#74456#Axis_porcinus__Hog_deer__HLaxiPorc2A__GCA_054883215.1	PAG7	Axis_porcinus__Hog_deer__HLaxiPorc2A__GCA_054883215.1	5	4
HLbosTau10.ENSBTAT00000025567_PAG12_84032_Axis_porcinus__Hog_deer__HLaxiPorc2A__GCA_054883215.1	HLbosTau10.ENSBTAT00000025567#PAG12#84032#Axis_porcinus__Hog_deer__HLaxiPorc2A__GCA_054883215.1	PAG12	Axis_porcinus__Hog_deer__HLaxiPorc2A__GCA_054883215.1	5	4
HLbosTau10.XM_002707800_ENSBTAG00000051501_31_Axis_porcinus__Hog_deer__HLaxiPorc2A__GCA_054883215.1	HLbosTau10.XM_002707800#ENSBTAG00000051501#31#Axis_porcinus__Hog_deer__HLaxiPorc2A__GCA_054883215.1	ENSBTAG00000051501	Axis_porcinus__Hog_deer__HLaxiPorc2A__GCA_054883215.1	5	4
HLbosTau10.ENSBTAT00000025517_PAG2_341718_Axis_porcinus__Hog_deer__HLaxiPorc2A__GCA_054883215.1	HLbosTau10.ENSBTAT00000025517#PAG2#341718#Axis_porcinus__Hog_deer__HLaxiPorc2A__GCA_054883215.1	PAG2	Axis_porcinus__Hog_deer__HLaxiPorc2A__GCA_054883215.1	8	4
HLbosTau10.ENSBTAT00000025517_PAG2_497178_Axis_porcinus__Hog_deer__HLaxiPorc2A__GCA_054883215.1	HLbosTau10.ENSBTAT00000025517#PAG2#497178#Axis_porcinus__Hog_deer__HLaxiPorc2A__GCA_054883215.1	PAG2	Axis_porcinus__Hog_deer__HLaxiPorc2A__GCA_054883215.1	8	4
HLbosTau10.ENSBTAT00000017585_ENSBTAG00000013214_31_Axis_porcinus__Hog_deer__HLaxiPorc2A__GCA_054883215.1	HLbosTau10.ENSBTAT00000017585#ENSBTAG00000013214#31#Axis_porcinus__Hog_deer__HLaxiPorc2A__GCA_054883215.1	ENSBTAG00000013214	Axis_porcinus__Hog_deer__HLaxiPorc2A__GCA_054883215.1	9	4
HLbosTau10.ENSBTAT00000050648_PAG9_4853_Axis_porcinus__Hog_deer__HLaxiPorc2A__GCA_054883215.1	HLbosTau10.ENSBTAT00000050648#PAG9#4853#Axis_porcinus__Hog_deer__HLaxiPorc2A__GCA_054883215.1	PAG9	Axis_porcinus__Hog_deer__HLaxiPorc2A__GCA_054883215.1	7	4
HLbosTau10.ENSBTAT00000005399_PAG11_31_Axis_porcinus__Hog_deer__HLaxiPorc2A__GCA_054883215.1	HLbosTau10.ENSBTAT00000005399#PAG11#31#Axis_porcinus__Hog_deer__HLaxiPorc2A__GCA_054883215.1	PAG11	Axis_porcinus__Hog_deer__HLaxiPorc2A__GCA_054883215.1	7	4
HLbosTau10.ENSBTAT00000013786_PAG7_2574_Axis_porcinus__Hog_deer__HLaxiPorc2A__GCA_054883215.1	HLbosTau10.ENSBTAT00000013786#PAG7#2574#Axis_porcinus__Hog_deer__HLaxiPorc2A__GCA_054883215.1	PAG7	Axis_porcinus__Hog_deer__HLaxiPorc2A__GCA_054883215.1	2	2
HLbosTau10.XM_024987413_ENSBTAG00000046686_566_Axis_porcinus__Hog_deer__HLaxiPorc2A__GCA_054883215.1	HLbosTau10.XM_024987413#ENSBTAG00000046686#566#Axis_porcinus__Hog_deer__HLaxiPorc2A__GCA_054883215.1	ENSBTAG00000046686	Axis_porcinus__Hog_deer__HLaxiPorc2A__GCA_054883215.1	2	2
HLbosTau10.ENSBTAT00000050664_PAG15_88421_Axis_porcinus__Hog_deer__HLaxiPorc2A__GCA_054883215.1	HLbosTau10.ENSBTAT00000050664#PAG15#88421#Axis_porcinus__Hog_deer__HLaxiPorc2A__GCA_054883215.1	PAG15	Axis_porcinus__Hog_deer__HLaxiPorc2A__GCA_054883215.1	2	2
HLbosTau10.ENSBTAT00000007506_MGC157408_9916_Axis_porcinus__Hog_deer__HLaxiPorc2A__GCA_054883215.1	HLbosTau10.ENSBTAT00000007506#MGC157408#9916#Axis_porcinus__Hog_deer__HLaxiPorc2A__GCA_054883215.1	MGC157408	Axis_porcinus__Hog_deer__HLaxiPorc2A__GCA_054883215.1	2	2
HLbosTau10.XM_002707800_ENSBTAG00000051501_710_Axis_porcinus__Hog_deer__HLaxiPorc2A__GCA_054883215.1	HLbosTau10.XM_002707800#ENSBTAG00000051501#710#Axis_porcinus__Hog_deer__HLaxiPorc2A__GCA_054883215.1	ENSBTAG00000051501	Axis_porcinus__Hog_deer__HLaxiPorc2A__GCA_054883215.1	2	2
HLbosTau10.NM_001109978_PAG7_3931_Axis_porcinus__Hog_deer__HLaxiPorc2A__GCA_054883215.1	HLbosTau10.NM_001109978#PAG7#3931#Axis_porcinus__Hog_deer__HLaxiPorc2A__GCA_054883215.1	PAG7	Axis_porcinus__Hog_deer__HLaxiPorc2A__GCA_054883215.1	2	2
HLbosTau10.ENSBTAT00000013786_PAG7_317_Axis_porcinus__Hog_deer__HLaxiPorc2A__GCA_054883215.1	HLbosTau10.ENSBTAT00000013786#PAG7#317#Axis_porcinus__Hog_deer__HLaxiPorc2A__GCA_054883215.1	PAG7	Axis_porcinus__Hog_deer__HLaxiPorc2A__GCA_054883215.1	2	2
HLbosTau10.ENSBTAT00000025567_PAG12_240199_Axis_porcinus__Hog_deer__HLaxiPorc2A__GCA_054883215.1	HLbosTau10.ENSBTAT00000025567#PAG12#240199#Axis_porcinus__Hog_deer__HLaxiPorc2A__GCA_054883215.1	PAG12	Axis_porcinus__Hog_deer__HLaxiPorc2A__GCA_054883215.1	2	2
HLbosTau10.ENSBTAT00000005384_PAG10_41421_Axis_porcinus__Hog_deer__HLaxiPorc2A__GCA_054883215.1	HLbosTau10.ENSBTAT00000005384#PAG10#41421#Axis_porcinus__Hog_deer__HLaxiPorc2A__GCA_054883215.1	PAG10	Axis_porcinus__Hog_deer__HLaxiPorc2A__GCA_054883215.1	2	2
HLbosTau10.ENSBTAT00000030243_PAG3_672_Axis_porcinus__Hog_deer__HLaxiPorc2A__GCA_054883215.1	HLbosTau10.ENSBTAT00000030243#PAG3#672#Axis_porcinus__Hog_deer__HLaxiPorc2A__GCA_054883215.1	PAG3	Axis_porcinus__Hog_deer__HLaxiPorc2A__GCA_054883215.1	2	2
HLbosTau10.ENSBTAT00000063428_ENSBTAG00000051196_224_Axis_porcinus__Hog_deer__HLaxiPorc2A__GCA_054883215.1	HLbosTau10.ENSBTAT00000063428#ENSBTAG00000051196#224#Axis_porcinus__Hog_deer__HLaxiPorc2A__GCA_054883215.1	ENSBTAG00000051196	Axis_porcinus__Hog_deer__HLaxiPorc2A__GCA_054883215.1	2	2
HLbosTau10.ENSBTAT00000007506_MGC157408_224_Axis_porcinus__Hog_deer__HLaxiPorc2A__GCA_054883215.1	HLbosTau10.ENSBTAT00000007506#MGC157408#224#Axis_porcinus__Hog_deer__HLaxiPorc2A__GCA_054883215.1	MGC157408	Axis_porcinus__Hog_deer__HLaxiPorc2A__GCA_054883215.1	2	2
HLbosTau10.NM_176628_PAG19_57_Axis_porcinus__Hog_deer__HLaxiPorc2A__GCA_054883215.1	HLbosTau10.NM_176628#PAG19#57#Axis_porcinus__Hog_deer__HLaxiPorc2A__GCA_054883215.1	PAG19	Axis_porcinus__Hog_deer__HLaxiPorc2A__GCA_054883215.1	2	2
HLbosTau10.ENSBTAT00000050648_PAG9_198_Axis_porcinus__Hog_deer__HLaxiPorc2A__GCA_054883215.1	HLbosTau10.ENSBTAT00000050648#PAG9#198#Axis_porcinus__Hog_deer__HLaxiPorc2A__GCA_054883215.1	PAG9	Axis_porcinus__Hog_deer__HLaxiPorc2A__GCA_054883215.1	2	2
HLbosTau10.ENSBTAT00000013786_PAG7_257619_Axis_porcinus__Hog_deer__HLaxiPorc2A__GCA_054883215.1	HLbosTau10.ENSBTAT00000013786#PAG7#257619#Axis_porcinus__Hog_deer__HLaxiPorc2A__GCA_054883215.1	PAG7	Axis_porcinus__Hog_deer__HLaxiPorc2A__GCA_054883215.1	2	2
HLbosTau10.XM_002707800_ENSBTAG00000051501_66790_Axis_porcinus__Hog_deer__HLaxiPorc2A__GCA_054883215.1	HLbosTau10.XM_002707800#ENSBTAG00000051501#66790#Axis_porcinus__Hog_deer__HLaxiPorc2A__GCA_054883215.1	ENSBTAG00000051501	Axis_porcinus__Hog_deer__HLaxiPorc2A__GCA_054883215.1	2	2
HLbosTau10.ENSBTAT00000030244_ENSBTAG00000050440_57_Axis_porcinus__Hog_deer__HLaxiPorc2A__GCA_054883215.1	HLbosTau10.ENSBTAT00000030244#ENSBTAG00000050440#57#Axis_porcinus__Hog_deer__HLaxiPorc2A__GCA_054883215.1	ENSBTAG00000050440	Axis_porcinus__Hog_deer__HLaxiPorc2A__GCA_054883215.1	2	2
HLbosTau10.ENSBTAT00000052386_MGC157405_20656_Axis_porcinus__Hog_deer__HLaxiPorc2A__GCA_054883215.1	HLbosTau10.ENSBTAT00000052386#MGC157405#20656#Axis_porcinus__Hog_deer__HLaxiPorc2A__GCA_054883215.1	MGC157405	Axis_porcinus__Hog_deer__HLaxiPorc2A__GCA_054883215.1	2	2
HLbosTau10.XM_024987413_ENSBTAG00000046686_12188_Axis_porcinus__Hog_deer__HLaxiPorc2A__GCA_054883215.1	HLbosTau10.XM_024987413#ENSBTAG00000046686#12188#Axis_porcinus__Hog_deer__HLaxiPorc2A__GCA_054883215.1	ENSBTAG00000046686	Axis_porcinus__Hog_deer__HLaxiPorc2A__GCA_054883215.1	2	2
HLbosTau10.XM_002699310_LOC524173_1080_Axis_porcinus__Hog_deer__HLaxiPorc2A__GCA_054883215.1	HLbosTau10.XM_002699310#LOC524173#1080#Axis_porcinus__Hog_deer__HLaxiPorc2A__GCA_054883215.1	LOC524173	Axis_porcinus__Hog_deer__HLaxiPorc2A__GCA_054883215.1	2	2
HLbosTau10.ENSBTAT00000013786_PAG7_2328_Axis_porcinus__Hog_deer__HLaxiPorc2A__GCA_054883215.1	HLbosTau10.ENSBTAT00000013786#PAG7#2328#Axis_porcinus__Hog_deer__HLaxiPorc2A__GCA_054883215.1	PAG7	Axis_porcinus__Hog_deer__HLaxiPorc2A__GCA_054883215.1	2	2
HLbosTau10.ENSBTAT00000018996_ENSBTAG00000040257_58257_Axis_porcinus__Hog_deer__HLaxiPorc2A__GCA_054883215.1	HLbosTau10.ENSBTAT00000018996#ENSBTAG00000040257#58257#Axis_porcinus__Hog_deer__HLaxiPorc2A__GCA_054883215.1	ENSBTAG00000040257	Axis_porcinus__Hog_deer__HLaxiPorc2A__GCA_054883215.1	2	2
HLbosTau10.NM_001109978_PAG7_264860_Axis_porcinus__Hog_deer__HLaxiPorc2A__GCA_054883215.1	HLbosTau10.NM_001109978#PAG7#264860#Axis_porcinus__Hog_deer__HLaxiPorc2A__GCA_054883215.1	PAG7	Axis_porcinus__Hog_deer__HLaxiPorc2A__GCA_054883215.1	2	2
HLbosTau10.ENSBTAT00000063428_ENSBTAG00000051196_69_Axis_porcinus__Hog_deer__HLaxiPorc2A__GCA_054883215.1	HLbosTau10.ENSBTAT00000063428#ENSBTAG00000051196#69#Axis_porcinus__Hog_deer__HLaxiPorc2A__GCA_054883215.1	ENSBTAG00000051196	Axis_porcinus__Hog_deer__HLaxiPorc2A__GCA_054883215.1	2	2
HLbosTau10.ENSBTAT00000005384_PAG10_9881_Axis_porcinus__Hog_deer__HLaxiPorc2A__GCA_054883215.1	HLbosTau10.ENSBTAT00000005384#PAG10#9881#Axis_porcinus__Hog_deer__HLaxiPorc2A__GCA_054883215.1	PAG10	Axis_porcinus__Hog_deer__HLaxiPorc2A__GCA_054883215.1	2	2
HLbosTau10.ENSBTAT00000013786_PAG7_146_Axis_porcinus__Hog_deer__HLaxiPorc2A__GCA_054883215.1	HLbosTau10.ENSBTAT00000013786#PAG7#146#Axis_porcinus__Hog_deer__HLaxiPorc2A__GCA_054883215.1	PAG7	Axis_porcinus__Hog_deer__HLaxiPorc2A__GCA_054883215.1	2	2
HLbosTau10.ENSBTAT00000013786_PAG7_69_Axis_porcinus__Hog_deer__HLaxiPorc2A__GCA_054883215.1	HLbosTau10.ENSBTAT00000013786#PAG7#69#Axis_porcinus__Hog_deer__HLaxiPorc2A__GCA_054883215.1	PAG7	Axis_porcinus__Hog_deer__HLaxiPorc2A__GCA_054883215.1	2	2
HLbosTau10.ENSBTAT00000030244_ENSBTAG00000050440_72_Axis_porcinus__Hog_deer__HLaxiPorc2A__GCA_054883215.1	HLbosTau10.ENSBTAT00000030244#ENSBTAG00000050440#72#Axis_porcinus__Hog_deer__HLaxiPorc2A__GCA_054883215.1	ENSBTAG00000050440	Axis_porcinus__Hog_deer__HLaxiPorc2A__GCA_054883215.1	2	2
HLbosTau10.ENSBTAT00000009701_ENSBTAG00000038506_9281_Axis_porcinus__Hog_deer__HLaxiPorc2A__GCA_054883215.1	HLbosTau10.ENSBTAT00000009701#ENSBTAG00000038506#9281#Axis_porcinus__Hog_deer__HLaxiPorc2A__GCA_054883215.1	ENSBTAG00000038506	Axis_porcinus__Hog_deer__HLaxiPorc2A__GCA_054883215.1	2	2
HLbosTau10.ENSBTAT00000013786_PAG7_180_Axis_porcinus__Hog_deer__HLaxiPorc2A__GCA_054883215.1	HLbosTau10.ENSBTAT00000013786#PAG7#180#Axis_porcinus__Hog_deer__HLaxiPorc2A__GCA_054883215.1	PAG7	Axis_porcinus__Hog_deer__HLaxiPorc2A__GCA_054883215.1	2	2
HLbosTau10.ENSBTAT00000013786_PAG7_57_Axis_porcinus__Hog_deer__HLaxiPorc2A__GCA_054883215.1	HLbosTau10.ENSBTAT00000013786#PAG7#57#Axis_porcinus__Hog_deer__HLaxiPorc2A__GCA_054883215.1	PAG7	Axis_porcinus__Hog_deer__HLaxiPorc2A__GCA_054883215.1	2	2
HLbosTau10.ENSBTAT00000013786_PAG7_62_Axis_porcinus__Hog_deer__HLaxiPorc2A__GCA_054883215.1	HLbosTau10.ENSBTAT00000013786#PAG7#62#Axis_porcinus__Hog_deer__HLaxiPorc2A__GCA_054883215.1	PAG7	Axis_porcinus__Hog_deer__HLaxiPorc2A__GCA_054883215.1	2	2
HLbosTau10.ENSBTAT00000013786_PAG7_45932_Axis_porcinus__Hog_deer__HLaxiPorc2A__GCA_054883215.1	HLbosTau10.ENSBTAT00000013786#PAG7#45932#Axis_porcinus__Hog_deer__HLaxiPorc2A__GCA_054883215.1	PAG7	Axis_porcinus__Hog_deer__HLaxiPorc2A__GCA_054883215.1	2	2
HLbosTau10.ENSBTAT00000050664_PAG15_301_Axis_porcinus__Hog_deer__HLaxiPorc2A__GCA_054883215.1	HLbosTau10.ENSBTAT00000050664#PAG15#301#Axis_porcinus__Hog_deer__HLaxiPorc2A__GCA_054883215.1	PAG15	Axis_porcinus__Hog_deer__HLaxiPorc2A__GCA_054883215.1	2	2
HLbosTau10.ENSBTAT00000013786_PAG7_12751_Axis_porcinus__Hog_deer__HLaxiPorc2A__GCA_054883215.1	HLbosTau10.ENSBTAT00000013786#PAG7#12751#Axis_porcinus__Hog_deer__HLaxiPorc2A__GCA_054883215.1	PAG7	Axis_porcinus__Hog_deer__HLaxiPorc2A__GCA_054883215.1	2	2
HLbosTau10.ENSBTAT00000005384_PAG10_227887_Axis_porcinus__Hog_deer__HLaxiPorc2A__GCA_054883215.1	HLbosTau10.ENSBTAT00000005384#PAG10#227887#Axis_porcinus__Hog_deer__HLaxiPorc2A__GCA_054883215.1	PAG10	Axis_porcinus__Hog_deer__HLaxiPorc2A__GCA_054883215.1	2	2
HLbosTau10.ENSBTAT00000018996_ENSBTAG00000040257_10790_Axis_porcinus__Hog_deer__HLaxiPorc2A__GCA_054883215.1	HLbosTau10.ENSBTAT00000018996#ENSBTAG00000040257#10790#Axis_porcinus__Hog_deer__HLaxiPorc2A__GCA_054883215.1	ENSBTAG00000040257	Axis_porcinus__Hog_deer__HLaxiPorc2A__GCA_054883215.1	2	2
HLbosTau10.ENSBTAT00000025597_PAG8_51805_Axis_porcinus__Hog_deer__HLaxiPorc2A__GCA_054883215.1	HLbosTau10.ENSBTAT00000025597#PAG8#51805#Axis_porcinus__Hog_deer__HLaxiPorc2A__GCA_054883215.1	PAG8	Axis_porcinus__Hog_deer__HLaxiPorc2A__GCA_054883215.1	2	2
HLbosTau10.ENSBTAT00000025517_PAG2_19121_Axis_porcinus__Hog_deer__HLaxiPorc2A__GCA_054883215.1	HLbosTau10.ENSBTAT00000025517#PAG2#19121#Axis_porcinus__Hog_deer__HLaxiPorc2A__GCA_054883215.1	PAG2	Axis_porcinus__Hog_deer__HLaxiPorc2A__GCA_054883215.1	2	2
HLbosTau10.ENSBTAT00000018996_ENSBTAG00000040257_2857_Axis_porcinus__Hog_deer__HLaxiPorc2A__GCA_054883215.1	HLbosTau10.ENSBTAT00000018996#ENSBTAG00000040257#2857#Axis_porcinus__Hog_deer__HLaxiPorc2A__GCA_054883215.1	ENSBTAG00000040257	Axis_porcinus__Hog_deer__HLaxiPorc2A__GCA_054883215.1	2	2
HLbosTau10.ENSBTAT00000005384_PAG10_31_Axis_porcinus__Hog_deer__HLaxiPorc2A__GCA_054883215.1	HLbosTau10.ENSBTAT00000005384#PAG10#31#Axis_porcinus__Hog_deer__HLaxiPorc2A__GCA_054883215.1	PAG10	Axis_porcinus__Hog_deer__HLaxiPorc2A__GCA_054883215.1	10	4
HLbosTau10.NM_176630_PAG21_337_Axis_porcinus__Hog_deer__HLaxiPorc2A__GCA_054883215.1	HLbosTau10.NM_176630#PAG21#337#Axis_porcinus__Hog_deer__HLaxiPorc2A__GCA_054883215.1	PAG21	Axis_porcinus__Hog_deer__HLaxiPorc2A__GCA_054883215.1	6	4
HLbosTau10.ENSBTAT00000005384_PAG10_56032_Axis_porcinus__Hog_deer__HLaxiPorc2A__GCA_054883215.1	HLbosTau10.ENSBTAT00000005384#PAG10#56032#Axis_porcinus__Hog_deer__HLaxiPorc2A__GCA_054883215.1	PAG10	Axis_porcinus__Hog_deer__HLaxiPorc2A__GCA_054883215.1	10	4
hg38.ENST00000312403.10_PGA5_3670_Balaenoptera_edeni__Edens_whale__HLbalEden2__GCA_052818205.1	hg38.ENST00000312403.10#PGA5#3670#Balaenoptera_edeni__Edens_whale__HLbalEden2__GCA_052818205.1	PGA5	Balaenoptera_edeni__Edens_whale__HLbalEden2__GCA_052818205.1	56	38
HLbosTau10.ENSBTAT00000005384_PAG10_2847_Balaenoptera_edeni__Edens_whale__HLbalEden2__GCA_052818205.1	HLbosTau10.ENSBTAT00000005384#PAG10#2847#Balaenoptera_edeni__Edens_whale__HLbalEden2__GCA_052818205.1	PAG10	Balaenoptera_edeni__Edens_whale__HLbalEden2__GCA_052818205.1	10	4
HLbosTau10.ENSBTAT00000025567_PAG12_970_Balaenoptera_edeni__Edens_whale__HLbalEden2__GCA_052818205.1	HLbosTau10.ENSBTAT00000025567#PAG12#970#Balaenoptera_edeni__Edens_whale__HLbalEden2__GCA_052818205.1	PAG12	Balaenoptera_edeni__Edens_whale__HLbalEden2__GCA_052818205.1	10	4
HLbosTau10.ENSBTAT00000025567_PAG12_711_Balaenoptera_musculus__Blue_whale__HLbalMus2__GCF_009873245.2	HLbosTau10.ENSBTAT00000025567#PAG12#711#Balaenoptera_musculus__Blue_whale__HLbalMus2__GCF_009873245.2	PAG12	Balaenoptera_musculus__Blue_whale__HLbalMus2__GCF_009873245.2	10	4
HLbosTau10.ENSBTAT00000013786_PAG7_4271_Balaenoptera_musculus__Blue_whale__HLbalMus2__GCF_009873245.2	HLbosTau10.ENSBTAT00000013786#PAG7#4271#Balaenoptera_musculus__Blue_whale__HLbalMus2__GCF_009873245.2	PAG7	Balaenoptera_musculus__Blue_whale__HLbalMus2__GCF_009873245.2	10	4
hg38.ENST00000312403.10_PGA5_2620_Balaenoptera_musculus__Blue_whale__HLbalMus2__GCF_009873245.2	hg38.ENST00000312403.10#PGA5#2620#Balaenoptera_musculus__Blue_whale__HLbalMus2__GCF_009873245.2	PGA5	Balaenoptera_musculus__Blue_whale__HLbalMus2__GCF_009873245.2	56	38
hg38.ENST00000312403.10_PGA5_3084_Balaenoptera_physalus__Fin_whale__HLbalPhy3__GCA_023338255.1	hg38.ENST00000312403.10#PGA5#3084#Balaenoptera_physalus__Fin_whale__HLbalPhy3__GCA_023338255.1	PGA5	Balaenoptera_physalus__Fin_whale__HLbalPhy3__GCA_023338255.1	56	38
HLbosTau10.ENSBTAT00000005384_PAG10_207449_Balaenoptera_ricei__Rices_whale__HLbalRic2__GCF_028023285.1	HLbosTau10.ENSBTAT00000005384#PAG10#207449#Balaenoptera_ricei__Rices_whale__HLbalRic2__GCF_028023285.1	PAG10	Balaenoptera_ricei__Rices_whale__HLbalRic2__GCF_028023285.1	10	4
HLbosTau10.NM_001109978_PAG7_329013_Balaenoptera_ricei__Rices_whale__HLbalRic2__GCF_028023285.1	HLbosTau10.NM_001109978#PAG7#329013#Balaenoptera_ricei__Rices_whale__HLbalRic2__GCF_028023285.1	PAG7	Balaenoptera_ricei__Rices_whale__HLbalRic2__GCF_028023285.1	10	4
hg38.ENST00000312403.10_PGA5_3326_Balaenoptera_ricei__Rices_whale__HLbalRic2__GCF_028023285.1	hg38.ENST00000312403.10#PGA5#3326#Balaenoptera_ricei__Rices_whale__HLbalRic2__GCF_028023285.1	PGA5	Balaenoptera_ricei__Rices_whale__HLbalRic2__GCF_028023285.1	56	38
HLbosTau10.ENSBTAT00000013786_PAG7_216997_Bison_bonasus__European_bison__HLbisBon1__GCA_963879515.1	HLbosTau10.ENSBTAT00000013786#PAG7#216997#Bison_bonasus__European_bison__HLbisBon1__GCA_963879515.1	PAG7	Bison_bonasus__European_bison__HLbisBon1__GCA_963879515.1	10	4
HLbosTau10.ENSBTAT00000013786_PAG7_569487_Bison_bonasus__European_bison__HLbisBon1__GCA_963879515.1	HLbosTau10.ENSBTAT00000013786#PAG7#569487#Bison_bonasus__European_bison__HLbisBon1__GCA_963879515.1	PAG7	Bison_bonasus__European_bison__HLbisBon1__GCA_963879515.1	6	4
mm10.ENSMUST00000025647_Pga5_127249_Bison_bonasus__European_bison__HLbisBon1__GCA_963879515.1	mm10.ENSMUST00000025647#Pga5#127249#Bison_bonasus__European_bison__HLbisBon1__GCA_963879515.1	Pga5	Bison_bonasus__European_bison__HLbisBon1__GCA_963879515.1	10	4
HLbosTau10.ENSBTAT00000005384_PAG10_87801_Bison_bonasus__European_bison__HLbisBon1__GCA_963879515.1	HLbosTau10.ENSBTAT00000005384#PAG10#87801#Bison_bonasus__European_bison__HLbisBon1__GCA_963879515.1	PAG10	Bison_bonasus__European_bison__HLbisBon1__GCA_963879515.1	2	2
HLbosTau10.ENSBTAT00000025517_PAG2_4433_Bison_bonasus__European_bison__HLbisBon1__GCA_963879515.1	HLbosTau10.ENSBTAT00000025517#PAG2#4433#Bison_bonasus__European_bison__HLbisBon1__GCA_963879515.1	PAG2	Bison_bonasus__European_bison__HLbisBon1__GCA_963879515.1	2	2
mm10.ENSMUST00000025647_Pga5_11608_Bison_bonasus__European_bison__HLbisBon1__GCA_963879515.1	mm10.ENSMUST00000025647#Pga5#11608#Bison_bonasus__European_bison__HLbisBon1__GCA_963879515.1	Pga5	Bison_bonasus__European_bison__HLbisBon1__GCA_963879515.1	2	2
mm10.ENSMUST00000025647_Pga5_32535_Bison_bonasus__European_bison__HLbisBon1__GCA_963879515.1	mm10.ENSMUST00000025647#Pga5#32535#Bison_bonasus__European_bison__HLbisBon1__GCA_963879515.1	Pga5	Bison_bonasus__European_bison__HLbisBon1__GCA_963879515.1	2	2
HLbosTau10.ENSBTAT00000018996_ENSBTAG00000040257_96039_Bison_bonasus__European_bison__HLbisBon1__GCA_963879515.1	HLbosTau10.ENSBTAT00000018996#ENSBTAG00000040257#96039#Bison_bonasus__European_bison__HLbisBon1__GCA_963879515.1	ENSBTAG00000040257	Bison_bonasus__European_bison__HLbisBon1__GCA_963879515.1	2	2
HLbosTau10.ENSBTAT00000005384_PAG10_1105033_Bison_bonasus__European_bison__HLbisBon1__GCA_963879515.1	HLbosTau10.ENSBTAT00000005384#PAG10#1105033#Bison_bonasus__European_bison__HLbisBon1__GCA_963879515.1	PAG10	Bison_bonasus__European_bison__HLbisBon1__GCA_963879515.1	2	2
HLbosTau10.ENSBTAT00000005384_PAG10_1366875_Bison_bonasus__European_bison__HLbisBon1__GCA_963879515.1	HLbosTau10.ENSBTAT00000005384#PAG10#1366875#Bison_bonasus__European_bison__HLbisBon1__GCA_963879515.1	PAG10	Bison_bonasus__European_bison__HLbisBon1__GCA_963879515.1	2	2
mm10.ENSMUST00000025647_Pga5_9586_Bison_bonasus__European_bison__HLbisBon1__GCA_963879515.1	mm10.ENSMUST00000025647#Pga5#9586#Bison_bonasus__European_bison__HLbisBon1__GCA_963879515.1	Pga5	Bison_bonasus__European_bison__HLbisBon1__GCA_963879515.1	2	2
HLbosTau10.ENSBTAT00000017669_ENSBTAG00000035736_1117019_Bison_bonasus__European_bison__HLbisBon1__GCA_963879515.1	HLbosTau10.ENSBTAT00000017669#ENSBTAG00000035736#1117019#Bison_bonasus__European_bison__HLbisBon1__GCA_963879515.1	ENSBTAG00000035736	Bison_bonasus__European_bison__HLbisBon1__GCA_963879515.1	2	2
HLbosTau10.ENSBTAT00000052386_MGC157405_744058_Bison_bonasus__European_bison__HLbisBon1__GCA_963879515.1	HLbosTau10.ENSBTAT00000052386#MGC157405#744058#Bison_bonasus__European_bison__HLbisBon1__GCA_963879515.1	MGC157405	Bison_bonasus__European_bison__HLbisBon1__GCA_963879515.1	2	2
HLbosTau10.ENSBTAT00000005399_PAG11_2509290_Bison_bonasus__European_bison__HLbisBon1__GCA_963879515.1	HLbosTau10.ENSBTAT00000005399#PAG11#2509290#Bison_bonasus__European_bison__HLbisBon1__GCA_963879515.1	PAG11	Bison_bonasus__European_bison__HLbisBon1__GCA_963879515.1	2	2
HLbosTau10.ENSBTAT00000013786_PAG7_944711_Bison_bonasus__European_bison__HLbisBon1__GCA_963879515.1	HLbosTau10.ENSBTAT00000013786#PAG7#944711#Bison_bonasus__European_bison__HLbisBon1__GCA_963879515.1	PAG7	Bison_bonasus__European_bison__HLbisBon1__GCA_963879515.1	2	2
mm10.ENSMUST00000025647_Pga5_12019_Bison_bonasus__European_bison__HLbisBon1__GCA_963879515.1	mm10.ENSMUST00000025647#Pga5#12019#Bison_bonasus__European_bison__HLbisBon1__GCA_963879515.1	Pga5	Bison_bonasus__European_bison__HLbisBon1__GCA_963879515.1	2	2
HLbosTau10.ENSBTAT00000025567_PAG12_376808_Bison_bonasus__European_bison__HLbisBon1__GCA_963879515.1	HLbosTau10.ENSBTAT00000025567#PAG12#376808#Bison_bonasus__European_bison__HLbisBon1__GCA_963879515.1	PAG12	Bison_bonasus__European_bison__HLbisBon1__GCA_963879515.1	2	2
HLbosTau10.ENSBTAT00000013786_PAG7_1017231_Bison_bonasus__European_bison__HLbisBon1__GCA_963879515.1	HLbosTau10.ENSBTAT00000013786#PAG7#1017231#Bison_bonasus__European_bison__HLbisBon1__GCA_963879515.1	PAG7	Bison_bonasus__European_bison__HLbisBon1__GCA_963879515.1	2	2
HLbosTau10.ENSBTAT00000050648_PAG9_1273228_Bison_bonasus__European_bison__HLbisBon1__GCA_963879515.1	HLbosTau10.ENSBTAT00000050648#PAG9#1273228#Bison_bonasus__European_bison__HLbisBon1__GCA_963879515.1	PAG9	Bison_bonasus__European_bison__HLbisBon1__GCA_963879515.1	2	2
mm10.ENSMUST00000025647_Pga5_14425_Bison_bonasus__European_bison__HLbisBon1__GCA_963879515.1	mm10.ENSMUST00000025647#Pga5#14425#Bison_bonasus__European_bison__HLbisBon1__GCA_963879515.1	Pga5	Bison_bonasus__European_bison__HLbisBon1__GCA_963879515.1	2	2
HLbosTau10.ENSBTAT00000005384_PAG10_824478_Bison_bonasus__European_bison__HLbisBon1__GCA_963879515.1	HLbosTau10.ENSBTAT00000005384#PAG10#824478#Bison_bonasus__European_bison__HLbisBon1__GCA_963879515.1	PAG10	Bison_bonasus__European_bison__HLbisBon1__GCA_963879515.1	2	2
HLeleMaxInd3A.XM_049891846.1_LOC126080666_4675_Bison_bonasus__European_bison__HLbisBon1__GCA_963879515.1	HLeleMaxInd3A.XM_049891846.1#LOC126080666#4675#Bison_bonasus__European_bison__HLbisBon1__GCA_963879515.1	LOC126080666	Bison_bonasus__European_bison__HLbisBon1__GCA_963879515.1	2	2
HLbosTau10.ENSBTAT00000027020_ENSBTAG00000035736_1302166_Bison_bonasus__European_bison__HLbisBon1__GCA_963879515.1	HLbosTau10.ENSBTAT00000027020#ENSBTAG00000035736#1302166#Bison_bonasus__European_bison__HLbisBon1__GCA_963879515.1	ENSBTAG00000035736	Bison_bonasus__European_bison__HLbisBon1__GCA_963879515.1	2	2
HLbosTau10.ENSBTAT00000017669_ENSBTAG00000035736_26_Bison_bonasus__European_bison__HLbisBon1__GCA_963879515.1	HLbosTau10.ENSBTAT00000017669#ENSBTAG00000035736#26#Bison_bonasus__European_bison__HLbisBon1__GCA_963879515.1	ENSBTAG00000035736	Bison_bonasus__European_bison__HLbisBon1__GCA_963879515.1	2	2
HLbosTau10.ENSBTAT00000050648_PAG9_1273151_Bison_bonasus__European_bison__HLbisBon1__GCA_963879515.1	HLbosTau10.ENSBTAT00000050648#PAG9#1273151#Bison_bonasus__European_bison__HLbisBon1__GCA_963879515.1	PAG9	Bison_bonasus__European_bison__HLbisBon1__GCA_963879515.1	2	2
HLbosTau10.NM_174411_ENSBTAG00000054180_984025_Bison_bonasus__European_bison__HLbisBon1__GCA_963879515.1	HLbosTau10.NM_174411#ENSBTAG00000054180#984025#Bison_bonasus__European_bison__HLbisBon1__GCA_963879515.1	ENSBTAG00000054180	Bison_bonasus__European_bison__HLbisBon1__GCA_963879515.1	2	2
HLbosTau10.ENSBTAT00000005384_PAG10_694851_Bison_bonasus__European_bison__HLbisBon1__GCA_963879515.1	HLbosTau10.ENSBTAT00000005384#PAG10#694851#Bison_bonasus__European_bison__HLbisBon1__GCA_963879515.1	PAG10	Bison_bonasus__European_bison__HLbisBon1__GCA_963879515.1	2	2
HLbosTau10.ENSBTAT00000050664_PAG15_769814_Bison_bonasus__European_bison__HLbisBon1__GCA_963879515.1	HLbosTau10.ENSBTAT00000050664#PAG15#769814#Bison_bonasus__European_bison__HLbisBon1__GCA_963879515.1	PAG15	Bison_bonasus__European_bison__HLbisBon1__GCA_963879515.1	2	2
HLbosTau10.ENSBTAT00000013786_PAG7_26_Bison_bonasus__European_bison__HLbisBon1__GCA_963879515.1	HLbosTau10.ENSBTAT00000013786#PAG7#26#Bison_bonasus__European_bison__HLbisBon1__GCA_963879515.1	PAG7	Bison_bonasus__European_bison__HLbisBon1__GCA_963879515.1	2	2
HLbosTau10.NM_176619_PAG8_1007549_Bison_bonasus__European_bison__HLbisBon1__GCA_963879515.1	HLbosTau10.NM_176619#PAG8#1007549#Bison_bonasus__European_bison__HLbisBon1__GCA_963879515.1	PAG8	Bison_bonasus__European_bison__HLbisBon1__GCA_963879515.1	2	2
HLbosTau10.ENSBTAT00000050648_PAG9_794628_Bison_bonasus__European_bison__HLbisBon1__GCA_963879515.1	HLbosTau10.ENSBTAT00000050648#PAG9#794628#Bison_bonasus__European_bison__HLbisBon1__GCA_963879515.1	PAG9	Bison_bonasus__European_bison__HLbisBon1__GCA_963879515.1	2	2
HLbosTau10.ENSBTAT00000025567_PAG12_814474_Bison_bonasus__European_bison__HLbisBon1__GCA_963879515.1	HLbosTau10.ENSBTAT00000025567#PAG12#814474#Bison_bonasus__European_bison__HLbisBon1__GCA_963879515.1	PAG12	Bison_bonasus__European_bison__HLbisBon1__GCA_963879515.1	2	2
mm10.ENSMUST00000025647_Pga5_11508_Bison_bonasus__European_bison__HLbisBon1__GCA_963879515.1	mm10.ENSMUST00000025647#Pga5#11508#Bison_bonasus__European_bison__HLbisBon1__GCA_963879515.1	Pga5	Bison_bonasus__European_bison__HLbisBon1__GCA_963879515.1	2	2
HLbosTau10.ENSBTAT00000013786_PAG7_1253311_Bison_bonasus__European_bison__HLbisBon1__GCA_963879515.1	HLbosTau10.ENSBTAT00000013786#PAG7#1253311#Bison_bonasus__European_bison__HLbisBon1__GCA_963879515.1	PAG7	Bison_bonasus__European_bison__HLbisBon1__GCA_963879515.1	2	2
HLbosTau10.ENSBTAT00000063428_ENSBTAG00000051196_1992518_Bison_bonasus__European_bison__HLbisBon1__GCA_963879515.1	HLbosTau10.ENSBTAT00000063428#ENSBTAG00000051196#1992518#Bison_bonasus__European_bison__HLbisBon1__GCA_963879515.1	ENSBTAG00000051196	Bison_bonasus__European_bison__HLbisBon1__GCA_963879515.1	2	2
HLbosTau10.ENSBTAT00000052386_MGC157405_453359_Bison_bonasus__European_bison__HLbisBon1__GCA_963879515.1	HLbosTau10.ENSBTAT00000052386#MGC157405#453359#Bison_bonasus__European_bison__HLbisBon1__GCA_963879515.1	MGC157405	Bison_bonasus__European_bison__HLbisBon1__GCA_963879515.1	2	2
mm10.ENSMUST00000025647_Pga5_13925_Bison_bonasus__European_bison__HLbisBon1__GCA_963879515.1	mm10.ENSMUST00000025647#Pga5#13925#Bison_bonasus__European_bison__HLbisBon1__GCA_963879515.1	Pga5	Bison_bonasus__European_bison__HLbisBon1__GCA_963879515.1	2	2
HLbosTau10.ENSBTAT00000030466_PAG18_1597345_Bison_bonasus__European_bison__HLbisBon1__GCA_963879515.1	HLbosTau10.ENSBTAT00000030466#PAG18#1597345#Bison_bonasus__European_bison__HLbisBon1__GCA_963879515.1	PAG18	Bison_bonasus__European_bison__HLbisBon1__GCA_963879515.1	2	2
mm10.ENSMUST00000025647_Pga5_14075_Bison_bonasus__European_bison__HLbisBon1__GCA_963879515.1	mm10.ENSMUST00000025647#Pga5#14075#Bison_bonasus__European_bison__HLbisBon1__GCA_963879515.1	Pga5	Bison_bonasus__European_bison__HLbisBon1__GCA_963879515.1	2	2
HLbosTau10.ENSBTAT00000005384_PAG10_1327823_Bison_bonasus__European_bison__HLbisBon1__GCA_963879515.1	HLbosTau10.ENSBTAT00000005384#PAG10#1327823#Bison_bonasus__European_bison__HLbisBon1__GCA_963879515.1	PAG10	Bison_bonasus__European_bison__HLbisBon1__GCA_963879515.1	2	2
HLbosTau10.ENSBTAT00000013786_PAG7_1333132_Bison_bonasus__European_bison__HLbisBon1__GCA_963879515.1	HLbosTau10.ENSBTAT00000013786#PAG7#1333132#Bison_bonasus__European_bison__HLbisBon1__GCA_963879515.1	PAG7	Bison_bonasus__European_bison__HLbisBon1__GCA_963879515.1	2	2
HLbosTau10.ENSBTAT00000017669_ENSBTAG00000035736_1220661_Bison_bonasus__European_bison__HLbisBon1__GCA_963879515.1	HLbosTau10.ENSBTAT00000017669#ENSBTAG00000035736#1220661#Bison_bonasus__European_bison__HLbisBon1__GCA_963879515.1	ENSBTAG00000035736	Bison_bonasus__European_bison__HLbisBon1__GCA_963879515.1	2	2
HLbosTau10.NM_176619_PAG8_893594_Bison_bonasus__European_bison__HLbisBon1__GCA_963879515.1	HLbosTau10.NM_176619#PAG8#893594#Bison_bonasus__European_bison__HLbisBon1__GCA_963879515.1	PAG8	Bison_bonasus__European_bison__HLbisBon1__GCA_963879515.1	2	2
HLbosTau10.ENSBTAT00000025597_PAG8_1409710_Bison_bonasus__European_bison__HLbisBon1__GCA_963879515.1	HLbosTau10.ENSBTAT00000025597#PAG8#1409710#Bison_bonasus__European_bison__HLbisBon1__GCA_963879515.1	PAG8	Bison_bonasus__European_bison__HLbisBon1__GCA_963879515.1	2	2
HLbosTau10.ENSBTAT00000027020_ENSBTAG00000035736_1135918_Bison_bonasus__European_bison__HLbisBon1__GCA_963879515.1	HLbosTau10.ENSBTAT00000027020#ENSBTAG00000035736#1135918#Bison_bonasus__European_bison__HLbisBon1__GCA_963879515.1	ENSBTAG00000035736	Bison_bonasus__European_bison__HLbisBon1__GCA_963879515.1	2	2
HLbosTau10.ENSBTAT00000027020_ENSBTAG00000035736_5521_Bison_bonasus__European_bison__HLbisBon1__GCA_963879515.1	HLbosTau10.ENSBTAT00000027020#ENSBTAG00000035736#5521#Bison_bonasus__European_bison__HLbisBon1__GCA_963879515.1	ENSBTAG00000035736	Bison_bonasus__European_bison__HLbisBon1__GCA_963879515.1	2	2
mm10.ENSMUST00000025647_Pga5_10558_Bison_bonasus__European_bison__HLbisBon1__GCA_963879515.1	mm10.ENSMUST00000025647#Pga5#10558#Bison_bonasus__European_bison__HLbisBon1__GCA_963879515.1	Pga5	Bison_bonasus__European_bison__HLbisBon1__GCA_963879515.1	2	2
HLbosTau10.ENSBTAT00000005384_PAG10_48230_Bison_bonasus__European_bison__HLbisBon1__GCA_963879515.1	HLbosTau10.ENSBTAT00000005384#PAG10#48230#Bison_bonasus__European_bison__HLbisBon1__GCA_963879515.1	PAG10	Bison_bonasus__European_bison__HLbisBon1__GCA_963879515.1	2	2
HLbosTau10.ENSBTAT00000050648_PAG9_681962_Bison_bonasus__European_bison__HLbisBon1__GCA_963879515.1	HLbosTau10.ENSBTAT00000050648#PAG9#681962#Bison_bonasus__European_bison__HLbisBon1__GCA_963879515.1	PAG9	Bison_bonasus__European_bison__HLbisBon1__GCA_963879515.1	2	2
HLbosTau10.ENSBTAT00000050648_PAG9_854324_Bison_bonasus__European_bison__HLbisBon1__GCA_963879515.1	HLbosTau10.ENSBTAT00000050648#PAG9#854324#Bison_bonasus__European_bison__HLbisBon1__GCA_963879515.1	PAG9	Bison_bonasus__European_bison__HLbisBon1__GCA_963879515.1	2	2
mm10.ENSMUST00000025647_Pga5_12351_Bison_bonasus__European_bison__HLbisBon1__GCA_963879515.1	mm10.ENSMUST00000025647#Pga5#12351#Bison_bonasus__European_bison__HLbisBon1__GCA_963879515.1	Pga5	Bison_bonasus__European_bison__HLbisBon1__GCA_963879515.1	2	2
HLbosTau10.XM_002699310_LOC524173_884761_Bison_bonasus__European_bison__HLbisBon1__GCA_963879515.1	HLbosTau10.XM_002699310#LOC524173#884761#Bison_bonasus__European_bison__HLbisBon1__GCA_963879515.1	LOC524173	Bison_bonasus__European_bison__HLbisBon1__GCA_963879515.1	7	4
HLbosTau10.ENSBTAT00000005399_PAG11_2064833_Bison_bonasus__European_bison__HLbisBon1__GCA_963879515.1	HLbosTau10.ENSBTAT00000005399#PAG11#2064833#Bison_bonasus__European_bison__HLbisBon1__GCA_963879515.1	PAG11	Bison_bonasus__European_bison__HLbisBon1__GCA_963879515.1	7	4
HLbosTau10.ENSBTAT00000005384_PAG10_209371_Bison_bonasus__European_bison__HLbisBon1__GCA_963879515.1	HLbosTau10.ENSBTAT00000005384#PAG10#209371#Bison_bonasus__European_bison__HLbisBon1__GCA_963879515.1	PAG10	Bison_bonasus__European_bison__HLbisBon1__GCA_963879515.1	9	4
HLbosTau10.ENSBTAT00000013786_PAG7_20447_Bison_bonasus__European_bison__HLbisBon1__GCA_963879515.1	HLbosTau10.ENSBTAT00000013786#PAG7#20447#Bison_bonasus__European_bison__HLbisBon1__GCA_963879515.1	PAG7	Bison_bonasus__European_bison__HLbisBon1__GCA_963879515.1	8	4
HLbosTau10.ENSBTAT00000063428_ENSBTAG00000051196_1469701_Bison_bonasus__European_bison__HLbisBon1__GCA_963879515.1	HLbosTau10.ENSBTAT00000063428#ENSBTAG00000051196#1469701#Bison_bonasus__European_bison__HLbisBon1__GCA_963879515.1	ENSBTAG00000051196	Bison_bonasus__European_bison__HLbisBon1__GCA_963879515.1	4	4
HLbosTau10.ENSBTAT00000005399_PAG11_42312_Bison_bonasus__European_bison__HLbisBon1__GCA_963879515.1	HLbosTau10.ENSBTAT00000005399#PAG11#42312#Bison_bonasus__European_bison__HLbisBon1__GCA_963879515.1	PAG11	Bison_bonasus__European_bison__HLbisBon1__GCA_963879515.1	5	4
HLbosTau10.ENSBTAT00000005399_PAG11_20983_Bison_bonasus__European_bison__HLbisBon1__GCA_963879515.1	HLbosTau10.ENSBTAT00000005399#PAG11#20983#Bison_bonasus__European_bison__HLbisBon1__GCA_963879515.1	PAG11	Bison_bonasus__European_bison__HLbisBon1__GCA_963879515.1	5	4
HLbosTau10.XM_002699310_LOC524173_26_Bison_bonasus__European_bison__HLbisBon1__GCA_963879515.1	HLbosTau10.XM_002699310#LOC524173#26#Bison_bonasus__European_bison__HLbisBon1__GCA_963879515.1	LOC524173	Bison_bonasus__European_bison__HLbisBon1__GCA_963879515.1	5	4
HLbosTau10.ENSBTAT00000005399_PAG11_255285_Bison_bonasus__European_bison__HLbisBon1__GCA_963879515.1	HLbosTau10.ENSBTAT00000005399#PAG11#255285#Bison_bonasus__European_bison__HLbisBon1__GCA_963879515.1	PAG11	Bison_bonasus__European_bison__HLbisBon1__GCA_963879515.1	5	4
hg38.ENST00000325558.11_PGA3_69_Bison_bonasus__European_bison__HLbisBon1__GCA_963879515.1	hg38.ENST00000325558.11#PGA3#69#Bison_bonasus__European_bison__HLbisBon1__GCA_963879515.1	PGA3	Bison_bonasus__European_bison__HLbisBon1__GCA_963879515.1	56	38
HLbosTau10.ENSBTAT00000030466_PAG18_67627_Bos_javanicus__banteng__HLbosJav1__GCF_032452875.1	HLbosTau10.ENSBTAT00000030466#PAG18#67627#Bos_javanicus__banteng__HLbosJav1__GCF_032452875.1	PAG18	Bos_javanicus__banteng__HLbosJav1__GCF_032452875.1	10	4
HLbosTau10.ENSBTAT00000064112_ENSBTAG00000054180_112956_Bos_javanicus__banteng__HLbosJav1__GCF_032452875.1	HLbosTau10.ENSBTAT00000064112#ENSBTAG00000054180#112956#Bos_javanicus__banteng__HLbosJav1__GCF_032452875.1	ENSBTAG00000054180	Bos_javanicus__banteng__HLbosJav1__GCF_032452875.1	6	4
HLbosTau10.ENSBTAT00000005384_PAG10_26_Bos_javanicus__banteng__HLbosJav1__GCF_032452875.1	HLbosTau10.ENSBTAT00000005384#PAG10#26#Bos_javanicus__banteng__HLbosJav1__GCF_032452875.1	PAG10	Bos_javanicus__banteng__HLbosJav1__GCF_032452875.1	10	4
HLbosTau10.ENSBTAT00000005384_PAG10_132186_Bos_javanicus__banteng__HLbosJav1__GCF_032452875.1	HLbosTau10.ENSBTAT00000005384#PAG10#132186#Bos_javanicus__banteng__HLbosJav1__GCF_032452875.1	PAG10	Bos_javanicus__banteng__HLbosJav1__GCF_032452875.1	2	2
HLbosTau10.ENSBTAT00000025517_PAG2_986_Bos_javanicus__banteng__HLbosJav1__GCF_032452875.1	HLbosTau10.ENSBTAT00000025517#PAG2#986#Bos_javanicus__banteng__HLbosJav1__GCF_032452875.1	PAG2	Bos_javanicus__banteng__HLbosJav1__GCF_032452875.1	2	2
mm10.ENSMUST00000025647_Pga5_68413_Bos_javanicus__banteng__HLbosJav1__GCF_032452875.1	mm10.ENSMUST00000025647#Pga5#68413#Bos_javanicus__banteng__HLbosJav1__GCF_032452875.1	Pga5	Bos_javanicus__banteng__HLbosJav1__GCF_032452875.1	2	2
HLbosTau10.NM_176619_PAG8_645767_Bos_javanicus__banteng__HLbosJav1__GCF_032452875.1	HLbosTau10.NM_176619#PAG8#645767#Bos_javanicus__banteng__HLbosJav1__GCF_032452875.1	PAG8	Bos_javanicus__banteng__HLbosJav1__GCF_032452875.1	2	2
HLbosTau10.ENSBTAT00000018996_ENSBTAG00000040257_637312_Bos_javanicus__banteng__HLbosJav1__GCF_032452875.1	HLbosTau10.ENSBTAT00000018996#ENSBTAG00000040257#637312#Bos_javanicus__banteng__HLbosJav1__GCF_032452875.1	ENSBTAG00000040257	Bos_javanicus__banteng__HLbosJav1__GCF_032452875.1	2	2
HLbosTau10.NM_176619_PAG8_187476_Bos_javanicus__banteng__HLbosJav1__GCF_032452875.1	HLbosTau10.NM_176619#PAG8#187476#Bos_javanicus__banteng__HLbosJav1__GCF_032452875.1	PAG8	Bos_javanicus__banteng__HLbosJav1__GCF_032452875.1	2	2
HLbosTau10.ENSBTAT00000025593_PAG5_567671_Bos_javanicus__banteng__HLbosJav1__GCF_032452875.1	HLbosTau10.ENSBTAT00000025593#PAG5#567671#Bos_javanicus__banteng__HLbosJav1__GCF_032452875.1	PAG5	Bos_javanicus__banteng__HLbosJav1__GCF_032452875.1	2	2
HLeleMaxInd3A.XM_049891846.1_LOC126080666_2986_Bos_javanicus__banteng__HLbosJav1__GCF_032452875.1	HLeleMaxInd3A.XM_049891846.1#LOC126080666#2986#Bos_javanicus__banteng__HLbosJav1__GCF_032452875.1	LOC126080666	Bos_javanicus__banteng__HLbosJav1__GCF_032452875.1	2	2
HLbosTau10.ENSBTAT00000030466_PAG18_26_Bos_javanicus__banteng__HLbosJav1__GCF_032452875.1	HLbosTau10.ENSBTAT00000030466#PAG18#26#Bos_javanicus__banteng__HLbosJav1__GCF_032452875.1	PAG18	Bos_javanicus__banteng__HLbosJav1__GCF_032452875.1	2	2
HLbosTau10.ENSBTAT00000013786_PAG7_26_Bos_javanicus__banteng__HLbosJav1__GCF_032452875.1	HLbosTau10.ENSBTAT00000013786#PAG7#26#Bos_javanicus__banteng__HLbosJav1__GCF_032452875.1	PAG7	Bos_javanicus__banteng__HLbosJav1__GCF_032452875.1	2	2
HLbosTau10.XM_002699310_LOC524173_2297462_Bos_javanicus__banteng__HLbosJav1__GCF_032452875.1	HLbosTau10.XM_002699310#LOC524173#2297462#Bos_javanicus__banteng__HLbosJav1__GCF_032452875.1	LOC524173	Bos_javanicus__banteng__HLbosJav1__GCF_032452875.1	2	2
HLbosTau10.ENSBTAT00000013786_PAG7_409392_Bos_javanicus__banteng__HLbosJav1__GCF_032452875.1	HLbosTau10.ENSBTAT00000013786#PAG7#409392#Bos_javanicus__banteng__HLbosJav1__GCF_032452875.1	PAG7	Bos_javanicus__banteng__HLbosJav1__GCF_032452875.1	2	2
HLbosTau10.ENSBTAT00000013786_PAG7_347408_Bos_javanicus__banteng__HLbosJav1__GCF_032452875.1	HLbosTau10.ENSBTAT00000013786#PAG7#347408#Bos_javanicus__banteng__HLbosJav1__GCF_032452875.1	PAG7	Bos_javanicus__banteng__HLbosJav1__GCF_032452875.1	2	2
HLbosTau10.ENSBTAT00000013786_PAG7_352735_Bos_javanicus__banteng__HLbosJav1__GCF_032452875.1	HLbosTau10.ENSBTAT00000013786#PAG7#352735#Bos_javanicus__banteng__HLbosJav1__GCF_032452875.1	PAG7	Bos_javanicus__banteng__HLbosJav1__GCF_032452875.1	2	2
HLeleMaxInd3A.XM_049891846.1_LOC126080666_3813_Bos_javanicus__banteng__HLbosJav1__GCF_032452875.1	HLeleMaxInd3A.XM_049891846.1#LOC126080666#3813#Bos_javanicus__banteng__HLbosJav1__GCF_032452875.1	LOC126080666	Bos_javanicus__banteng__HLbosJav1__GCF_032452875.1	2	2
HLeleMaxInd3A.XM_049891846.1_LOC126080666_7374_Bos_javanicus__banteng__HLbosJav1__GCF_032452875.1	HLeleMaxInd3A.XM_049891846.1#LOC126080666#7374#Bos_javanicus__banteng__HLbosJav1__GCF_032452875.1	LOC126080666	Bos_javanicus__banteng__HLbosJav1__GCF_032452875.1	2	2
HLbosTau10.ENSBTAT00000050664_PAG15_1425764_Bos_javanicus__banteng__HLbosJav1__GCF_032452875.1	HLbosTau10.ENSBTAT00000050664#PAG15#1425764#Bos_javanicus__banteng__HLbosJav1__GCF_032452875.1	PAG15	Bos_javanicus__banteng__HLbosJav1__GCF_032452875.1	2	2
HLbosTau10.ENSBTAT00000005384_PAG10_1336285_Bos_javanicus__banteng__HLbosJav1__GCF_032452875.1	HLbosTau10.ENSBTAT00000005384#PAG10#1336285#Bos_javanicus__banteng__HLbosJav1__GCF_032452875.1	PAG10	Bos_javanicus__banteng__HLbosJav1__GCF_032452875.1	2	2
HLeleMaxInd3A.XM_049891846.1_LOC126080666_3119_Bos_javanicus__banteng__HLbosJav1__GCF_032452875.1	HLeleMaxInd3A.XM_049891846.1#LOC126080666#3119#Bos_javanicus__banteng__HLbosJav1__GCF_032452875.1	LOC126080666	Bos_javanicus__banteng__HLbosJav1__GCF_032452875.1	2	2
HLbosTau10.NM_176628_PAG19_1190973_Bos_javanicus__banteng__HLbosJav1__GCF_032452875.1	HLbosTau10.NM_176628#PAG19#1190973#Bos_javanicus__banteng__HLbosJav1__GCF_032452875.1	PAG19	Bos_javanicus__banteng__HLbosJav1__GCF_032452875.1	2	2
HLbosTau10.ENSBTAT00000025567_PAG12_1011332_Bos_javanicus__banteng__HLbosJav1__GCF_032452875.1	HLbosTau10.ENSBTAT00000025567#PAG12#1011332#Bos_javanicus__banteng__HLbosJav1__GCF_032452875.1	PAG12	Bos_javanicus__banteng__HLbosJav1__GCF_032452875.1	2	2
HLbosTau10.ENSBTAT00000007506_MGC157408_199437_Bos_javanicus__banteng__HLbosJav1__GCF_032452875.1	HLbosTau10.ENSBTAT00000007506#MGC157408#199437#Bos_javanicus__banteng__HLbosJav1__GCF_032452875.1	MGC157408	Bos_javanicus__banteng__HLbosJav1__GCF_032452875.1	2	2
HLbosTau10.ENSBTAT00000025567_PAG12_141262_Bos_javanicus__banteng__HLbosJav1__GCF_032452875.1	HLbosTau10.ENSBTAT00000025567#PAG12#141262#Bos_javanicus__banteng__HLbosJav1__GCF_032452875.1	PAG12	Bos_javanicus__banteng__HLbosJav1__GCF_032452875.1	2	2
HLbosTau10.NM_176628_PAG19_555915_Bos_javanicus__banteng__HLbosJav1__GCF_032452875.1	HLbosTau10.NM_176628#PAG19#555915#Bos_javanicus__banteng__HLbosJav1__GCF_032452875.1	PAG19	Bos_javanicus__banteng__HLbosJav1__GCF_032452875.1	2	2
HLbosTau10.ENSBTAT00000038878_PAG6_1947092_Bos_javanicus__banteng__HLbosJav1__GCF_032452875.1	HLbosTau10.ENSBTAT00000038878#PAG6#1947092#Bos_javanicus__banteng__HLbosJav1__GCF_032452875.1	PAG6	Bos_javanicus__banteng__HLbosJav1__GCF_032452875.1	2	2
HLbosTau10.ENSBTAT00000017669_ENSBTAG00000035736_1071478_Bos_javanicus__banteng__HLbosJav1__GCF_032452875.1	HLbosTau10.ENSBTAT00000017669#ENSBTAG00000035736#1071478#Bos_javanicus__banteng__HLbosJav1__GCF_032452875.1	ENSBTAG00000035736	Bos_javanicus__banteng__HLbosJav1__GCF_032452875.1	2	2
HLbosTau10.NM_176628_PAG19_478886_Bos_javanicus__banteng__HLbosJav1__GCF_032452875.1	HLbosTau10.NM_176628#PAG19#478886#Bos_javanicus__banteng__HLbosJav1__GCF_032452875.1	PAG19	Bos_javanicus__banteng__HLbosJav1__GCF_032452875.1	2	2
HLbosTau10.XM_002707800_ENSBTAG00000051501_347291_Bos_javanicus__banteng__HLbosJav1__GCF_032452875.1	HLbosTau10.XM_002707800#ENSBTAG00000051501#347291#Bos_javanicus__banteng__HLbosJav1__GCF_032452875.1	ENSBTAG00000051501	Bos_javanicus__banteng__HLbosJav1__GCF_032452875.1	2	2
HLbosTau10.ENSBTAT00000005384_PAG10_765494_Bos_javanicus__banteng__HLbosJav1__GCF_032452875.1	HLbosTau10.ENSBTAT00000005384#PAG10#765494#Bos_javanicus__banteng__HLbosJav1__GCF_032452875.1	PAG10	Bos_javanicus__banteng__HLbosJav1__GCF_032452875.1	2	2
HLbosTau10.ENSBTAT00000007506_MGC157408_1526431_Bos_javanicus__banteng__HLbosJav1__GCF_032452875.1	HLbosTau10.ENSBTAT00000007506#MGC157408#1526431#Bos_javanicus__banteng__HLbosJav1__GCF_032452875.1	MGC157408	Bos_javanicus__banteng__HLbosJav1__GCF_032452875.1	2	2
HLbosTau10.ENSBTAT00000038954_PAG21_226565_Bos_javanicus__banteng__HLbosJav1__GCF_032452875.1	HLbosTau10.ENSBTAT00000038954#PAG21#226565#Bos_javanicus__banteng__HLbosJav1__GCF_032452875.1	PAG21	Bos_javanicus__banteng__HLbosJav1__GCF_032452875.1	2	2
HLbosTau10.ENSBTAT00000005384_PAG10_861446_Bos_javanicus__banteng__HLbosJav1__GCF_032452875.1	HLbosTau10.ENSBTAT00000005384#PAG10#861446#Bos_javanicus__banteng__HLbosJav1__GCF_032452875.1	PAG10	Bos_javanicus__banteng__HLbosJav1__GCF_032452875.1	2	2
HLbosTau10.ENSBTAT00000007507_ENSBTAG00000046038_3107528_Bos_javanicus__banteng__HLbosJav1__GCF_032452875.1	HLbosTau10.ENSBTAT00000007507#ENSBTAG00000046038#3107528#Bos_javanicus__banteng__HLbosJav1__GCF_032452875.1	ENSBTAG00000046038	Bos_javanicus__banteng__HLbosJav1__GCF_032452875.1	2	2
HLbosTau10.ENSBTAT00000017669_ENSBTAG00000035736_26_Bos_javanicus__banteng__HLbosJav1__GCF_032452875.1	HLbosTau10.ENSBTAT00000017669#ENSBTAG00000035736#26#Bos_javanicus__banteng__HLbosJav1__GCF_032452875.1	ENSBTAG00000035736	Bos_javanicus__banteng__HLbosJav1__GCF_032452875.1	2	2
HLbosTau10.ENSBTAT00000007506_MGC157408_26_Bos_javanicus__banteng__HLbosJav1__GCF_032452875.1	HLbosTau10.ENSBTAT00000007506#MGC157408#26#Bos_javanicus__banteng__HLbosJav1__GCF_032452875.1	MGC157408	Bos_javanicus__banteng__HLbosJav1__GCF_032452875.1	2	2
HLbosTau10.ENSBTAT00000030243_PAG3_555713_Bos_javanicus__banteng__HLbosJav1__GCF_032452875.1	HLbosTau10.ENSBTAT00000030243#PAG3#555713#Bos_javanicus__banteng__HLbosJav1__GCF_032452875.1	PAG3	Bos_javanicus__banteng__HLbosJav1__GCF_032452875.1	2	2
HLbosTau10.ENSBTAT00000005384_PAG10_1014100_Bos_javanicus__banteng__HLbosJav1__GCF_032452875.1	HLbosTau10.ENSBTAT00000005384#PAG10#1014100#Bos_javanicus__banteng__HLbosJav1__GCF_032452875.1	PAG10	Bos_javanicus__banteng__HLbosJav1__GCF_032452875.1	2	2
HLbosTau10.ENSBTAT00000005384_PAG10_1158837_Bos_javanicus__banteng__HLbosJav1__GCF_032452875.1	HLbosTau10.ENSBTAT00000005384#PAG10#1158837#Bos_javanicus__banteng__HLbosJav1__GCF_032452875.1	PAG10	Bos_javanicus__banteng__HLbosJav1__GCF_032452875.1	2	2
HLbosTau10.NM_174411_ENSBTAG00000054180_131247_Bos_javanicus__banteng__HLbosJav1__GCF_032452875.1	HLbosTau10.NM_174411#ENSBTAG00000054180#131247#Bos_javanicus__banteng__HLbosJav1__GCF_032452875.1	ENSBTAG00000054180	Bos_javanicus__banteng__HLbosJav1__GCF_032452875.1	2	2
HLbosTau10.ENSBTAT00000025597_PAG8_22731_Bos_javanicus__banteng__HLbosJav1__GCF_032452875.1	HLbosTau10.ENSBTAT00000025597#PAG8#22731#Bos_javanicus__banteng__HLbosJav1__GCF_032452875.1	PAG8	Bos_javanicus__banteng__HLbosJav1__GCF_032452875.1	2	2
HLbosTau10.NM_176619_PAG8_35284_Bos_javanicus__banteng__HLbosJav1__GCF_032452875.1	HLbosTau10.NM_176619#PAG8#35284#Bos_javanicus__banteng__HLbosJav1__GCF_032452875.1	PAG8	Bos_javanicus__banteng__HLbosJav1__GCF_032452875.1	2	2
HLbosTau10.ENSBTAT00000005384_PAG10_615771_Bos_javanicus__banteng__HLbosJav1__GCF_032452875.1	HLbosTau10.ENSBTAT00000005384#PAG10#615771#Bos_javanicus__banteng__HLbosJav1__GCF_032452875.1	PAG10	Bos_javanicus__banteng__HLbosJav1__GCF_032452875.1	2	2
HLbosTau10.ENSBTAT00000052386_MGC157405_1147762_Bos_javanicus__banteng__HLbosJav1__GCF_032452875.1	HLbosTau10.ENSBTAT00000052386#MGC157405#1147762#Bos_javanicus__banteng__HLbosJav1__GCF_032452875.1	MGC157405	Bos_javanicus__banteng__HLbosJav1__GCF_032452875.1	2	2
HLbosTau10.NM_176619_PAG8_262188_Bos_javanicus__banteng__HLbosJav1__GCF_032452875.1	HLbosTau10.NM_176619#PAG8#262188#Bos_javanicus__banteng__HLbosJav1__GCF_032452875.1	PAG8	Bos_javanicus__banteng__HLbosJav1__GCF_032452875.1	2	2
HLbosTau10.ENSBTAT00000009701_ENSBTAG00000038506_654768_Bos_javanicus__banteng__HLbosJav1__GCF_032452875.1	HLbosTau10.ENSBTAT00000009701#ENSBTAG00000038506#654768#Bos_javanicus__banteng__HLbosJav1__GCF_032452875.1	ENSBTAG00000038506	Bos_javanicus__banteng__HLbosJav1__GCF_032452875.1	2	2
HLbosTau10.ENSBTAT00000052386_MGC157405_584470_Bos_javanicus__banteng__HLbosJav1__GCF_032452875.1	HLbosTau10.ENSBTAT00000052386#MGC157405#584470#Bos_javanicus__banteng__HLbosJav1__GCF_032452875.1	MGC157405	Bos_javanicus__banteng__HLbosJav1__GCF_032452875.1	2	2
HLbosTau10.ENSBTAT00000005384_PAG10_13381_Bos_javanicus__banteng__HLbosJav1__GCF_032452875.1	HLbosTau10.ENSBTAT00000005384#PAG10#13381#Bos_javanicus__banteng__HLbosJav1__GCF_032452875.1	PAG10	Bos_javanicus__banteng__HLbosJav1__GCF_032452875.1	2	2
HLbosTau10.ENSBTAT00000005384_PAG10_428901_Bos_javanicus__banteng__HLbosJav1__GCF_032452875.1	HLbosTau10.ENSBTAT00000005384#PAG10#428901#Bos_javanicus__banteng__HLbosJav1__GCF_032452875.1	PAG10	Bos_javanicus__banteng__HLbosJav1__GCF_032452875.1	2	2
HLeleMaxInd3A.XM_049891846.1_LOC126080666_4220_Bos_javanicus__banteng__HLbosJav1__GCF_032452875.1	HLeleMaxInd3A.XM_049891846.1#LOC126080666#4220#Bos_javanicus__banteng__HLbosJav1__GCF_032452875.1	LOC126080666	Bos_javanicus__banteng__HLbosJav1__GCF_032452875.1	7	4
HLbosTau10.ENSBTAT00000018996_ENSBTAG00000040257_11880_Bos_javanicus__banteng__HLbosJav1__GCF_032452875.1	HLbosTau10.ENSBTAT00000018996#ENSBTAG00000040257#11880#Bos_javanicus__banteng__HLbosJav1__GCF_032452875.1	ENSBTAG00000040257	Bos_javanicus__banteng__HLbosJav1__GCF_032452875.1	9	4
HLbosTau10.ENSBTAT00000025593_PAG5_7599_Bos_javanicus__banteng__HLbosJav1__GCF_032452875.1	HLbosTau10.ENSBTAT00000025593#PAG5#7599#Bos_javanicus__banteng__HLbosJav1__GCF_032452875.1	PAG5	Bos_javanicus__banteng__HLbosJav1__GCF_032452875.1	8	4
HLbosTau10.ENSBTAT00000038954_PAG21_625421_Bos_javanicus__banteng__HLbosJav1__GCF_032452875.1	HLbosTau10.ENSBTAT00000038954#PAG21#625421#Bos_javanicus__banteng__HLbosJav1__GCF_032452875.1	PAG21	Bos_javanicus__banteng__HLbosJav1__GCF_032452875.1	5	4
HLbosTau10.ENSBTAT00000013786_PAG7_11592_Bos_javanicus__banteng__HLbosJav1__GCF_032452875.1	HLbosTau10.ENSBTAT00000013786#PAG7#11592#Bos_javanicus__banteng__HLbosJav1__GCF_032452875.1	PAG7	Bos_javanicus__banteng__HLbosJav1__GCF_032452875.1	5	4
HLbosTau10.ENSBTAT00000063428_ENSBTAG00000051196_1539438_Bos_javanicus__banteng__HLbosJav1__GCF_032452875.1	HLbosTau10.ENSBTAT00000063428#ENSBTAG00000051196#1539438#Bos_javanicus__banteng__HLbosJav1__GCF_032452875.1	ENSBTAG00000051196	Bos_javanicus__banteng__HLbosJav1__GCF_032452875.1	4	4
HLbosTau10.XM_002699310_LOC524173_26_Bos_javanicus__banteng__HLbosJav1__GCF_032452875.1	HLbosTau10.XM_002699310#LOC524173#26#Bos_javanicus__banteng__HLbosJav1__GCF_032452875.1	LOC524173	Bos_javanicus__banteng__HLbosJav1__GCF_032452875.1	5	4
HLbosTau10.ENSBTAT00000005399_PAG11_2010504_Bos_javanicus__banteng__HLbosJav1__GCF_032452875.1	HLbosTau10.ENSBTAT00000005399#PAG11#2010504#Bos_javanicus__banteng__HLbosJav1__GCF_032452875.1	PAG11	Bos_javanicus__banteng__HLbosJav1__GCF_032452875.1	5	4
hg38.ENST00000325558.11_PGA3_69_Bos_javanicus__banteng__HLbosJav1__GCF_032452875.1	hg38.ENST00000325558.11#PGA3#69#Bos_javanicus__banteng__HLbosJav1__GCF_032452875.1	PGA3	Bos_javanicus__banteng__HLbosJav1__GCF_032452875.1	56	38
HLeleMaxInd3A.XM_049891846.1_LOC126080666_65403_Bos_taurus__cattle__HLbosTau10__GCF_002263795.3	HLeleMaxInd3A.XM_049891846.1#LOC126080666#65403#Bos_taurus__cattle__HLbosTau10__GCF_002263795.3	LOC126080666	Bos_taurus__cattle__HLbosTau10__GCF_002263795.3	10	4
mm10.ENSMUST00000025647_Pga5_373496_Bos_taurus__cattle__HLbosTau10__GCF_002263795.3	mm10.ENSMUST00000025647#Pga5#373496#Bos_taurus__cattle__HLbosTau10__GCF_002263795.3	Pga5	Bos_taurus__cattle__HLbosTau10__GCF_002263795.3	10	4
HLeleMaxInd3A.XM_049891846.1_LOC126080666_2177_Bos_taurus__cattle__HLbosTau10__GCF_002263795.3	HLeleMaxInd3A.XM_049891846.1#LOC126080666#2177#Bos_taurus__cattle__HLbosTau10__GCF_002263795.3	LOC126080666	Bos_taurus__cattle__HLbosTau10__GCF_002263795.3	2	2
HLeleMaxInd3A.XM_049891846.1_LOC126080666_233820_Bos_taurus__cattle__HLbosTau10__GCF_002263795.3	HLeleMaxInd3A.XM_049891846.1#LOC126080666#233820#Bos_taurus__cattle__HLbosTau10__GCF_002263795.3	LOC126080666	Bos_taurus__cattle__HLbosTau10__GCF_002263795.3	2	2
mm10.ENSMUST00000025647_Pga5_6182_Bos_taurus__cattle__HLbosTau10__GCF_002263795.3	mm10.ENSMUST00000025647#Pga5#6182#Bos_taurus__cattle__HLbosTau10__GCF_002263795.3	Pga5	Bos_taurus__cattle__HLbosTau10__GCF_002263795.3	2	2
HLeleMaxInd3A.XM_049891846.1_LOC126080666_2469_Bos_taurus__cattle__HLbosTau10__GCF_002263795.3	HLeleMaxInd3A.XM_049891846.1#LOC126080666#2469#Bos_taurus__cattle__HLbosTau10__GCF_002263795.3	LOC126080666	Bos_taurus__cattle__HLbosTau10__GCF_002263795.3	2	2
mm10.ENSMUST00000025647_Pga5_9993_Bos_taurus__cattle__HLbosTau10__GCF_002263795.3	mm10.ENSMUST00000025647#Pga5#9993#Bos_taurus__cattle__HLbosTau10__GCF_002263795.3	Pga5	Bos_taurus__cattle__HLbosTau10__GCF_002263795.3	2	2
mm10.ENSMUST00000025647_Pga5_9949_Bos_taurus__cattle__HLbosTau10__GCF_002263795.3	mm10.ENSMUST00000025647#Pga5#9949#Bos_taurus__cattle__HLbosTau10__GCF_002263795.3	Pga5	Bos_taurus__cattle__HLbosTau10__GCF_002263795.3	2	2
HLeleMaxInd3A.XM_049891846.1_LOC126080666_245062_Bos_taurus__cattle__HLbosTau10__GCF_002263795.3	HLeleMaxInd3A.XM_049891846.1#LOC126080666#245062#Bos_taurus__cattle__HLbosTau10__GCF_002263795.3	LOC126080666	Bos_taurus__cattle__HLbosTau10__GCF_002263795.3	2	2
HLeleMaxInd3A.XM_049891846.1_LOC126080666_320009_Bos_taurus__cattle__HLbosTau10__GCF_002263795.3	HLeleMaxInd3A.XM_049891846.1#LOC126080666#320009#Bos_taurus__cattle__HLbosTau10__GCF_002263795.3	LOC126080666	Bos_taurus__cattle__HLbosTau10__GCF_002263795.3	2	2
HLeleMaxInd3A.XM_049891846.1_LOC126080666_13037_Bos_taurus__cattle__HLbosTau10__GCF_002263795.3	HLeleMaxInd3A.XM_049891846.1#LOC126080666#13037#Bos_taurus__cattle__HLbosTau10__GCF_002263795.3	LOC126080666	Bos_taurus__cattle__HLbosTau10__GCF_002263795.3	2	2
mm10.ENSMUST00000025647_Pga5_15215_Bos_taurus__cattle__HLbosTau10__GCF_002263795.3	mm10.ENSMUST00000025647#Pga5#15215#Bos_taurus__cattle__HLbosTau10__GCF_002263795.3	Pga5	Bos_taurus__cattle__HLbosTau10__GCF_002263795.3	2	2
mm10.ENSMUST00000025647_Pga5_93349_Bos_taurus__cattle__HLbosTau10__GCF_002263795.3	mm10.ENSMUST00000025647#Pga5#93349#Bos_taurus__cattle__HLbosTau10__GCF_002263795.3	Pga5	Bos_taurus__cattle__HLbosTau10__GCF_002263795.3	2	2
mm10.ENSMUST00000025647_Pga5_15335_Bos_taurus__cattle__HLbosTau10__GCF_002263795.3	mm10.ENSMUST00000025647#Pga5#15335#Bos_taurus__cattle__HLbosTau10__GCF_002263795.3	Pga5	Bos_taurus__cattle__HLbosTau10__GCF_002263795.3	2	2
mm10.ENSMUST00000025647_Pga5_9156_Bos_taurus__cattle__HLbosTau10__GCF_002263795.3	mm10.ENSMUST00000025647#Pga5#9156#Bos_taurus__cattle__HLbosTau10__GCF_002263795.3	Pga5	Bos_taurus__cattle__HLbosTau10__GCF_002263795.3	2	2
mm10.ENSMUST00000025647_Pga5_26559_Bos_taurus__cattle__HLbosTau10__GCF_002263795.3	mm10.ENSMUST00000025647#Pga5#26559#Bos_taurus__cattle__HLbosTau10__GCF_002263795.3	Pga5	Bos_taurus__cattle__HLbosTau10__GCF_002263795.3	2	2
mm10.ENSMUST00000025647_Pga5_10018_Bos_taurus__cattle__HLbosTau10__GCF_002263795.3	mm10.ENSMUST00000025647#Pga5#10018#Bos_taurus__cattle__HLbosTau10__GCF_002263795.3	Pga5	Bos_taurus__cattle__HLbosTau10__GCF_002263795.3	2	2
mm10.ENSMUST00000025647_Pga5_11612_Bos_taurus__cattle__HLbosTau10__GCF_002263795.3	mm10.ENSMUST00000025647#Pga5#11612#Bos_taurus__cattle__HLbosTau10__GCF_002263795.3	Pga5	Bos_taurus__cattle__HLbosTau10__GCF_002263795.3	2	2
HLeleMaxInd3A.XM_049891846.1_LOC126080666_8330_Bos_taurus__cattle__HLbosTau10__GCF_002263795.3	HLeleMaxInd3A.XM_049891846.1#LOC126080666#8330#Bos_taurus__cattle__HLbosTau10__GCF_002263795.3	LOC126080666	Bos_taurus__cattle__HLbosTau10__GCF_002263795.3	2	2
mm10.ENSMUST00000025647_Pga5_19494_Bos_taurus__cattle__HLbosTau10__GCF_002263795.3	mm10.ENSMUST00000025647#Pga5#19494#Bos_taurus__cattle__HLbosTau10__GCF_002263795.3	Pga5	Bos_taurus__cattle__HLbosTau10__GCF_002263795.3	2	2
mm10.ENSMUST00000025647_Pga5_18262_Bos_taurus__cattle__HLbosTau10__GCF_002263795.3	mm10.ENSMUST00000025647#Pga5#18262#Bos_taurus__cattle__HLbosTau10__GCF_002263795.3	Pga5	Bos_taurus__cattle__HLbosTau10__GCF_002263795.3	2	2
HLeleMaxInd3A.XM_049891846.1_LOC126080666_11787_Bos_taurus__cattle__HLbosTau10__GCF_002263795.3	HLeleMaxInd3A.XM_049891846.1#LOC126080666#11787#Bos_taurus__cattle__HLbosTau10__GCF_002263795.3	LOC126080666	Bos_taurus__cattle__HLbosTau10__GCF_002263795.3	2	2
mm10.ENSMUST00000025647_Pga5_14207_Bos_taurus__cattle__HLbosTau10__GCF_002263795.3	mm10.ENSMUST00000025647#Pga5#14207#Bos_taurus__cattle__HLbosTau10__GCF_002263795.3	Pga5	Bos_taurus__cattle__HLbosTau10__GCF_002263795.3	2	2
mm10.ENSMUST00000025647_Pga5_14487_Bos_taurus__cattle__HLbosTau10__GCF_002263795.3	mm10.ENSMUST00000025647#Pga5#14487#Bos_taurus__cattle__HLbosTau10__GCF_002263795.3	Pga5	Bos_taurus__cattle__HLbosTau10__GCF_002263795.3	2	2
mm10.ENSMUST00000025647_Pga5_12452_Bos_taurus__cattle__HLbosTau10__GCF_002263795.3	mm10.ENSMUST00000025647#Pga5#12452#Bos_taurus__cattle__HLbosTau10__GCF_002263795.3	Pga5	Bos_taurus__cattle__HLbosTau10__GCF_002263795.3	2	2
mm10.ENSMUST00000025647_Pga5_9714_Bos_taurus__cattle__HLbosTau10__GCF_002263795.3	mm10.ENSMUST00000025647#Pga5#9714#Bos_taurus__cattle__HLbosTau10__GCF_002263795.3	Pga5	Bos_taurus__cattle__HLbosTau10__GCF_002263795.3	2	2
mm10.ENSMUST00000025647_Pga5_86410_Bos_taurus__cattle__HLbosTau10__GCF_002263795.3	mm10.ENSMUST00000025647#Pga5#86410#Bos_taurus__cattle__HLbosTau10__GCF_002263795.3	Pga5	Bos_taurus__cattle__HLbosTau10__GCF_002263795.3	2	2
mm10.ENSMUST00000025647_Pga5_10881_Bos_taurus__cattle__HLbosTau10__GCF_002263795.3	mm10.ENSMUST00000025647#Pga5#10881#Bos_taurus__cattle__HLbosTau10__GCF_002263795.3	Pga5	Bos_taurus__cattle__HLbosTau10__GCF_002263795.3	2	2
mm10.ENSMUST00000025647_Pga5_13373_Bos_taurus__cattle__HLbosTau10__GCF_002263795.3	mm10.ENSMUST00000025647#Pga5#13373#Bos_taurus__cattle__HLbosTau10__GCF_002263795.3	Pga5	Bos_taurus__cattle__HLbosTau10__GCF_002263795.3	2	2
mm10.ENSMUST00000025647_Pga5_17035_Bos_taurus__cattle__HLbosTau10__GCF_002263795.3	mm10.ENSMUST00000025647#Pga5#17035#Bos_taurus__cattle__HLbosTau10__GCF_002263795.3	Pga5	Bos_taurus__cattle__HLbosTau10__GCF_002263795.3	2	2
mm10.ENSMUST00000025647_Pga5_11074_Bos_taurus__cattle__HLbosTau10__GCF_002263795.3	mm10.ENSMUST00000025647#Pga5#11074#Bos_taurus__cattle__HLbosTau10__GCF_002263795.3	Pga5	Bos_taurus__cattle__HLbosTau10__GCF_002263795.3	2	2
mm10.ENSMUST00000025647_Pga5_16706_Bos_taurus__cattle__HLbosTau10__GCF_002263795.3	mm10.ENSMUST00000025647#Pga5#16706#Bos_taurus__cattle__HLbosTau10__GCF_002263795.3	Pga5	Bos_taurus__cattle__HLbosTau10__GCF_002263795.3	2	2
mm10.ENSMUST00000025647_Pga5_16689_Bos_taurus__cattle__HLbosTau10__GCF_002263795.3	mm10.ENSMUST00000025647#Pga5#16689#Bos_taurus__cattle__HLbosTau10__GCF_002263795.3	Pga5	Bos_taurus__cattle__HLbosTau10__GCF_002263795.3	2	2
mm10.ENSMUST00000025647_Pga5_21001_Bos_taurus__cattle__HLbosTau10__GCF_002263795.3	mm10.ENSMUST00000025647#Pga5#21001#Bos_taurus__cattle__HLbosTau10__GCF_002263795.3	Pga5	Bos_taurus__cattle__HLbosTau10__GCF_002263795.3	2	2
mm10.ENSMUST00000025647_Pga5_14716_Bos_taurus__cattle__HLbosTau10__GCF_002263795.3	mm10.ENSMUST00000025647#Pga5#14716#Bos_taurus__cattle__HLbosTau10__GCF_002263795.3	Pga5	Bos_taurus__cattle__HLbosTau10__GCF_002263795.3	2	2
mm10.ENSMUST00000025647_Pga5_12505_Bos_taurus__cattle__HLbosTau10__GCF_002263795.3	mm10.ENSMUST00000025647#Pga5#12505#Bos_taurus__cattle__HLbosTau10__GCF_002263795.3	Pga5	Bos_taurus__cattle__HLbosTau10__GCF_002263795.3	2	2
mm10.ENSMUST00000025647_Pga5_14618_Bos_taurus__cattle__HLbosTau10__GCF_002263795.3	mm10.ENSMUST00000025647#Pga5#14618#Bos_taurus__cattle__HLbosTau10__GCF_002263795.3	Pga5	Bos_taurus__cattle__HLbosTau10__GCF_002263795.3	2	2
mm10.ENSMUST00000025647_Pga5_24094_Bos_taurus__cattle__HLbosTau10__GCF_002263795.3	mm10.ENSMUST00000025647#Pga5#24094#Bos_taurus__cattle__HLbosTau10__GCF_002263795.3	Pga5	Bos_taurus__cattle__HLbosTau10__GCF_002263795.3	2	2
mm10.ENSMUST00000025647_Pga5_11318_Bos_taurus__cattle__HLbosTau10__GCF_002263795.3	mm10.ENSMUST00000025647#Pga5#11318#Bos_taurus__cattle__HLbosTau10__GCF_002263795.3	Pga5	Bos_taurus__cattle__HLbosTau10__GCF_002263795.3	2	2
mm10.ENSMUST00000025647_Pga5_14432_Bos_taurus__cattle__HLbosTau10__GCF_002263795.3	mm10.ENSMUST00000025647#Pga5#14432#Bos_taurus__cattle__HLbosTau10__GCF_002263795.3	Pga5	Bos_taurus__cattle__HLbosTau10__GCF_002263795.3	2	2
mm10.ENSMUST00000025647_Pga5_11772_Bos_taurus__cattle__HLbosTau10__GCF_002263795.3	mm10.ENSMUST00000025647#Pga5#11772#Bos_taurus__cattle__HLbosTau10__GCF_002263795.3	Pga5	Bos_taurus__cattle__HLbosTau10__GCF_002263795.3	2	2
mm10.ENSMUST00000025647_Pga5_12645_Bos_taurus__cattle__HLbosTau10__GCF_002263795.3	mm10.ENSMUST00000025647#Pga5#12645#Bos_taurus__cattle__HLbosTau10__GCF_002263795.3	Pga5	Bos_taurus__cattle__HLbosTau10__GCF_002263795.3	2	2
hg38.ENST00000378149.9_PGA4_81189_Bos_taurus__cattle__HLbosTau10__GCF_002263795.3	hg38.ENST00000378149.9#PGA4#81189#Bos_taurus__cattle__HLbosTau10__GCF_002263795.3	PGA4	Bos_taurus__cattle__HLbosTau10__GCF_002263795.3	2	2
HLeleMaxInd3A.XM_049891846.1_LOC126080666_5523_Bos_taurus__cattle__HLbosTau10__GCF_002263795.3	HLeleMaxInd3A.XM_049891846.1#LOC126080666#5523#Bos_taurus__cattle__HLbosTau10__GCF_002263795.3	LOC126080666	Bos_taurus__cattle__HLbosTau10__GCF_002263795.3	2	2
mm10.ENSMUST00000025647_Pga5_5132_Bos_taurus__cattle__HLbosTau10__GCF_002263795.3	mm10.ENSMUST00000025647#Pga5#5132#Bos_taurus__cattle__HLbosTau10__GCF_002263795.3	Pga5	Bos_taurus__cattle__HLbosTau10__GCF_002263795.3	7	4
mm10.ENSMUST00000025647_Pga5_10259_Bos_taurus__cattle__HLbosTau10__GCF_002263795.3	mm10.ENSMUST00000025647#Pga5#10259#Bos_taurus__cattle__HLbosTau10__GCF_002263795.3	Pga5	Bos_taurus__cattle__HLbosTau10__GCF_002263795.3	7	4
mm10.ENSMUST00000025647_Pga5_7864_Bos_taurus__cattle__HLbosTau10__GCF_002263795.3	mm10.ENSMUST00000025647#Pga5#7864#Bos_taurus__cattle__HLbosTau10__GCF_002263795.3	Pga5	Bos_taurus__cattle__HLbosTau10__GCF_002263795.3	9	4
HLeleMaxInd3A.XM_049891846.1_LOC126080666_3314_Bos_taurus__cattle__HLbosTau10__GCF_002263795.3	HLeleMaxInd3A.XM_049891846.1#LOC126080666#3314#Bos_taurus__cattle__HLbosTau10__GCF_002263795.3	LOC126080666	Bos_taurus__cattle__HLbosTau10__GCF_002263795.3	8	4
HLeleMaxInd3A.XM_049891846.1_LOC126080666_13016_Bos_taurus__cattle__HLbosTau10__GCF_002263795.3	HLeleMaxInd3A.XM_049891846.1#LOC126080666#13016#Bos_taurus__cattle__HLbosTau10__GCF_002263795.3	LOC126080666	Bos_taurus__cattle__HLbosTau10__GCF_002263795.3	5	4
HLeleMaxInd3A.XM_049891846.1_LOC126080666_145142_Bos_taurus__cattle__HLbosTau10__GCF_002263795.3	HLeleMaxInd3A.XM_049891846.1#LOC126080666#145142#Bos_taurus__cattle__HLbosTau10__GCF_002263795.3	LOC126080666	Bos_taurus__cattle__HLbosTau10__GCF_002263795.3	5	4
HLeleMaxInd3A.XM_049891846.1_LOC126080666_52310_Bos_taurus__cattle__HLbosTau10__GCF_002263795.3	HLeleMaxInd3A.XM_049891846.1#LOC126080666#52310#Bos_taurus__cattle__HLbosTau10__GCF_002263795.3	LOC126080666	Bos_taurus__cattle__HLbosTau10__GCF_002263795.3	5	4
mm10.ENSMUST00000025647_Pga5_79_Bos_taurus__cattle__HLbosTau10__GCF_002263795.3	mm10.ENSMUST00000025647#Pga5#79#Bos_taurus__cattle__HLbosTau10__GCF_002263795.3	Pga5	Bos_taurus__cattle__HLbosTau10__GCF_002263795.3	5	4
hg38.ENST00000325558.11_PGA3_69_Bos_taurus__cattle__HLbosTau10__GCF_002263795.3	hg38.ENST00000325558.11#PGA3#69#Bos_taurus__cattle__HLbosTau10__GCF_002263795.3	PGA3	Bos_taurus__cattle__HLbosTau10__GCF_002263795.3	56	38
HLeleMaxInd3A.XM_049891846.1_LOC126080666_72732_Bos_taurus__cattle__bosTau9__GCF_002263795.1	HLeleMaxInd3A.XM_049891846.1#LOC126080666#72732#Bos_taurus__cattle__bosTau9__GCF_002263795.1	LOC126080666	Bos_taurus__cattle__bosTau9__GCF_002263795.1	10	4
mm10.ENSMUST00000025647_Pga5_188506_Bos_taurus__cattle__bosTau9__GCF_002263795.1	mm10.ENSMUST00000025647#Pga5#188506#Bos_taurus__cattle__bosTau9__GCF_002263795.1	Pga5	Bos_taurus__cattle__bosTau9__GCF_002263795.1	10	4
HLeleMaxInd3A.XM_049891846.1_LOC126080666_2311_Bos_taurus__cattle__bosTau9__GCF_002263795.1	HLeleMaxInd3A.XM_049891846.1#LOC126080666#2311#Bos_taurus__cattle__bosTau9__GCF_002263795.1	LOC126080666	Bos_taurus__cattle__bosTau9__GCF_002263795.1	2	2
HLeleMaxInd3A.XM_049891846.1_LOC126080666_3673_Bos_taurus__cattle__bosTau9__GCF_002263795.1	HLeleMaxInd3A.XM_049891846.1#LOC126080666#3673#Bos_taurus__cattle__bosTau9__GCF_002263795.1	LOC126080666	Bos_taurus__cattle__bosTau9__GCF_002263795.1	2	2
mm10.ENSMUST00000025647_Pga5_4922_Bos_taurus__cattle__bosTau9__GCF_002263795.1	mm10.ENSMUST00000025647#Pga5#4922#Bos_taurus__cattle__bosTau9__GCF_002263795.1	Pga5	Bos_taurus__cattle__bosTau9__GCF_002263795.1	2	2
HLeleMaxInd3A.XM_049891846.1_LOC126080666_2579_Bos_taurus__cattle__bosTau9__GCF_002263795.1	HLeleMaxInd3A.XM_049891846.1#LOC126080666#2579#Bos_taurus__cattle__bosTau9__GCF_002263795.1	LOC126080666	Bos_taurus__cattle__bosTau9__GCF_002263795.1	2	2
mm10.ENSMUST00000025647_Pga5_7812_Bos_taurus__cattle__bosTau9__GCF_002263795.1	mm10.ENSMUST00000025647#Pga5#7812#Bos_taurus__cattle__bosTau9__GCF_002263795.1	Pga5	Bos_taurus__cattle__bosTau9__GCF_002263795.1	2	2
mm10.ENSMUST00000025647_Pga5_7782_Bos_taurus__cattle__bosTau9__GCF_002263795.1	mm10.ENSMUST00000025647#Pga5#7782#Bos_taurus__cattle__bosTau9__GCF_002263795.1	Pga5	Bos_taurus__cattle__bosTau9__GCF_002263795.1	2	2
mm10.ENSMUST00000025647_Pga5_89037_Bos_taurus__cattle__bosTau9__GCF_002263795.1	mm10.ENSMUST00000025647#Pga5#89037#Bos_taurus__cattle__bosTau9__GCF_002263795.1	Pga5	Bos_taurus__cattle__bosTau9__GCF_002263795.1	2	2
HLeleMaxInd3A.XM_049891846.1_LOC126080666_235896_Bos_taurus__cattle__bosTau9__GCF_002263795.1	HLeleMaxInd3A.XM_049891846.1#LOC126080666#235896#Bos_taurus__cattle__bosTau9__GCF_002263795.1	LOC126080666	Bos_taurus__cattle__bosTau9__GCF_002263795.1	2	2
HLeleMaxInd3A.XM_049891846.1_LOC126080666_13912_Bos_taurus__cattle__bosTau9__GCF_002263795.1	HLeleMaxInd3A.XM_049891846.1#LOC126080666#13912#Bos_taurus__cattle__bosTau9__GCF_002263795.1	LOC126080666	Bos_taurus__cattle__bosTau9__GCF_002263795.1	2	2
mm10.ENSMUST00000025647_Pga5_11938_Bos_taurus__cattle__bosTau9__GCF_002263795.1	mm10.ENSMUST00000025647#Pga5#11938#Bos_taurus__cattle__bosTau9__GCF_002263795.1	Pga5	Bos_taurus__cattle__bosTau9__GCF_002263795.1	2	2
mm10.ENSMUST00000025647_Pga5_64092_Bos_taurus__cattle__bosTau9__GCF_002263795.1	mm10.ENSMUST00000025647#Pga5#64092#Bos_taurus__cattle__bosTau9__GCF_002263795.1	Pga5	Bos_taurus__cattle__bosTau9__GCF_002263795.1	2	2
mm10.ENSMUST00000025647_Pga5_12034_Bos_taurus__cattle__bosTau9__GCF_002263795.1	mm10.ENSMUST00000025647#Pga5#12034#Bos_taurus__cattle__bosTau9__GCF_002263795.1	Pga5	Bos_taurus__cattle__bosTau9__GCF_002263795.1	2	2
mm10.ENSMUST00000025647_Pga5_7163_Bos_taurus__cattle__bosTau9__GCF_002263795.1	mm10.ENSMUST00000025647#Pga5#7163#Bos_taurus__cattle__bosTau9__GCF_002263795.1	Pga5	Bos_taurus__cattle__bosTau9__GCF_002263795.1	2	2
mm10.ENSMUST00000025647_Pga5_20788_Bos_taurus__cattle__bosTau9__GCF_002263795.1	mm10.ENSMUST00000025647#Pga5#20788#Bos_taurus__cattle__bosTau9__GCF_002263795.1	Pga5	Bos_taurus__cattle__bosTau9__GCF_002263795.1	2	2
mm10.ENSMUST00000025647_Pga5_7838_Bos_taurus__cattle__bosTau9__GCF_002263795.1	mm10.ENSMUST00000025647#Pga5#7838#Bos_taurus__cattle__bosTau9__GCF_002263795.1	Pga5	Bos_taurus__cattle__bosTau9__GCF_002263795.1	2	2
mm10.ENSMUST00000025647_Pga5_9067_Bos_taurus__cattle__bosTau9__GCF_002263795.1	mm10.ENSMUST00000025647#Pga5#9067#Bos_taurus__cattle__bosTau9__GCF_002263795.1	Pga5	Bos_taurus__cattle__bosTau9__GCF_002263795.1	2	2
HLeleMaxInd3A.XM_049891846.1_LOC126080666_8780_Bos_taurus__cattle__bosTau9__GCF_002263795.1	HLeleMaxInd3A.XM_049891846.1#LOC126080666#8780#Bos_taurus__cattle__bosTau9__GCF_002263795.1	LOC126080666	Bos_taurus__cattle__bosTau9__GCF_002263795.1	2	2
mm10.ENSMUST00000025647_Pga5_12425_Bos_taurus__cattle__bosTau9__GCF_002263795.1	mm10.ENSMUST00000025647#Pga5#12425#Bos_taurus__cattle__bosTau9__GCF_002263795.1	Pga5	Bos_taurus__cattle__bosTau9__GCF_002263795.1	2	2
mm10.ENSMUST00000025647_Pga5_14389_Bos_taurus__cattle__bosTau9__GCF_002263795.1	mm10.ENSMUST00000025647#Pga5#14389#Bos_taurus__cattle__bosTau9__GCF_002263795.1	Pga5	Bos_taurus__cattle__bosTau9__GCF_002263795.1	2	2
mm10.ENSMUST00000025647_Pga5_88260_Bos_taurus__cattle__bosTau9__GCF_002263795.1	mm10.ENSMUST00000025647#Pga5#88260#Bos_taurus__cattle__bosTau9__GCF_002263795.1	Pga5	Bos_taurus__cattle__bosTau9__GCF_002263795.1	2	2
mm10.ENSMUST00000025647_Pga5_11123_Bos_taurus__cattle__bosTau9__GCF_002263795.1	mm10.ENSMUST00000025647#Pga5#11123#Bos_taurus__cattle__bosTau9__GCF_002263795.1	Pga5	Bos_taurus__cattle__bosTau9__GCF_002263795.1	2	2
mm10.ENSMUST00000025647_Pga5_11330_Bos_taurus__cattle__bosTau9__GCF_002263795.1	mm10.ENSMUST00000025647#Pga5#11330#Bos_taurus__cattle__bosTau9__GCF_002263795.1	Pga5	Bos_taurus__cattle__bosTau9__GCF_002263795.1	2	2
mm10.ENSMUST00000025647_Pga5_9763_Bos_taurus__cattle__bosTau9__GCF_002263795.1	mm10.ENSMUST00000025647#Pga5#9763#Bos_taurus__cattle__bosTau9__GCF_002263795.1	Pga5	Bos_taurus__cattle__bosTau9__GCF_002263795.1	2	2
mm10.ENSMUST00000025647_Pga5_7595_Bos_taurus__cattle__bosTau9__GCF_002263795.1	mm10.ENSMUST00000025647#Pga5#7595#Bos_taurus__cattle__bosTau9__GCF_002263795.1	Pga5	Bos_taurus__cattle__bosTau9__GCF_002263795.1	2	2
mm10.ENSMUST00000025647_Pga5_59847_Bos_taurus__cattle__bosTau9__GCF_002263795.1	mm10.ENSMUST00000025647#Pga5#59847#Bos_taurus__cattle__bosTau9__GCF_002263795.1	Pga5	Bos_taurus__cattle__bosTau9__GCF_002263795.1	2	2
mm10.ENSMUST00000025647_Pga5_8502_Bos_taurus__cattle__bosTau9__GCF_002263795.1	mm10.ENSMUST00000025647#Pga5#8502#Bos_taurus__cattle__bosTau9__GCF_002263795.1	Pga5	Bos_taurus__cattle__bosTau9__GCF_002263795.1	2	2
mm10.ENSMUST00000025647_Pga5_10491_Bos_taurus__cattle__bosTau9__GCF_002263795.1	mm10.ENSMUST00000025647#Pga5#10491#Bos_taurus__cattle__bosTau9__GCF_002263795.1	Pga5	Bos_taurus__cattle__bosTau9__GCF_002263795.1	2	2
mm10.ENSMUST00000025647_Pga5_13417_Bos_taurus__cattle__bosTau9__GCF_002263795.1	mm10.ENSMUST00000025647#Pga5#13417#Bos_taurus__cattle__bosTau9__GCF_002263795.1	Pga5	Bos_taurus__cattle__bosTau9__GCF_002263795.1	2	2
mm10.ENSMUST00000025647_Pga5_8645_Bos_taurus__cattle__bosTau9__GCF_002263795.1	mm10.ENSMUST00000025647#Pga5#8645#Bos_taurus__cattle__bosTau9__GCF_002263795.1	Pga5	Bos_taurus__cattle__bosTau9__GCF_002263795.1	2	2
mm10.ENSMUST00000025647_Pga5_13160_Bos_taurus__cattle__bosTau9__GCF_002263795.1	mm10.ENSMUST00000025647#Pga5#13160#Bos_taurus__cattle__bosTau9__GCF_002263795.1	Pga5	Bos_taurus__cattle__bosTau9__GCF_002263795.1	2	2
mm10.ENSMUST00000025647_Pga5_13145_Bos_taurus__cattle__bosTau9__GCF_002263795.1	mm10.ENSMUST00000025647#Pga5#13145#Bos_taurus__cattle__bosTau9__GCF_002263795.1	Pga5	Bos_taurus__cattle__bosTau9__GCF_002263795.1	2	2
mm10.ENSMUST00000025647_Pga5_16610_Bos_taurus__cattle__bosTau9__GCF_002263795.1	mm10.ENSMUST00000025647#Pga5#16610#Bos_taurus__cattle__bosTau9__GCF_002263795.1	Pga5	Bos_taurus__cattle__bosTau9__GCF_002263795.1	2	2
mm10.ENSMUST00000025647_Pga5_11523_Bos_taurus__cattle__bosTau9__GCF_002263795.1	mm10.ENSMUST00000025647#Pga5#11523#Bos_taurus__cattle__bosTau9__GCF_002263795.1	Pga5	Bos_taurus__cattle__bosTau9__GCF_002263795.1	2	2
mm10.ENSMUST00000025647_Pga5_9811_Bos_taurus__cattle__bosTau9__GCF_002263795.1	mm10.ENSMUST00000025647#Pga5#9811#Bos_taurus__cattle__bosTau9__GCF_002263795.1	Pga5	Bos_taurus__cattle__bosTau9__GCF_002263795.1	2	2
mm10.ENSMUST00000025647_Pga5_11444_Bos_taurus__cattle__bosTau9__GCF_002263795.1	mm10.ENSMUST00000025647#Pga5#11444#Bos_taurus__cattle__bosTau9__GCF_002263795.1	Pga5	Bos_taurus__cattle__bosTau9__GCF_002263795.1	2	2
mm10.ENSMUST00000025647_Pga5_18934_Bos_taurus__cattle__bosTau9__GCF_002263795.1	mm10.ENSMUST00000025647#Pga5#18934#Bos_taurus__cattle__bosTau9__GCF_002263795.1	Pga5	Bos_taurus__cattle__bosTau9__GCF_002263795.1	2	2
mm10.ENSMUST00000025647_Pga5_8839_Bos_taurus__cattle__bosTau9__GCF_002263795.1	mm10.ENSMUST00000025647#Pga5#8839#Bos_taurus__cattle__bosTau9__GCF_002263795.1	Pga5	Bos_taurus__cattle__bosTau9__GCF_002263795.1	2	2
mm10.ENSMUST00000025647_Pga5_11288_Bos_taurus__cattle__bosTau9__GCF_002263795.1	mm10.ENSMUST00000025647#Pga5#11288#Bos_taurus__cattle__bosTau9__GCF_002263795.1	Pga5	Bos_taurus__cattle__bosTau9__GCF_002263795.1	2	2
mm10.ENSMUST00000025647_Pga5_9202_Bos_taurus__cattle__bosTau9__GCF_002263795.1	mm10.ENSMUST00000025647#Pga5#9202#Bos_taurus__cattle__bosTau9__GCF_002263795.1	Pga5	Bos_taurus__cattle__bosTau9__GCF_002263795.1	2	2
mm10.ENSMUST00000025647_Pga5_9922_Bos_taurus__cattle__bosTau9__GCF_002263795.1	mm10.ENSMUST00000025647#Pga5#9922#Bos_taurus__cattle__bosTau9__GCF_002263795.1	Pga5	Bos_taurus__cattle__bosTau9__GCF_002263795.1	2	2
mm10.ENSMUST00000025647_Pga5_10327_Bos_taurus__cattle__bosTau9__GCF_002263795.1	mm10.ENSMUST00000025647#Pga5#10327#Bos_taurus__cattle__bosTau9__GCF_002263795.1	Pga5	Bos_taurus__cattle__bosTau9__GCF_002263795.1	2	2
HLeleMaxInd3A.XM_049891846.1_LOC126080666_5839_Bos_taurus__cattle__bosTau9__GCF_002263795.1	HLeleMaxInd3A.XM_049891846.1#LOC126080666#5839#Bos_taurus__cattle__bosTau9__GCF_002263795.1	LOC126080666	Bos_taurus__cattle__bosTau9__GCF_002263795.1	2	2
HLeleMaxInd3A.XM_049891846.1_LOC126080666_2808_Bos_taurus__cattle__bosTau9__GCF_002263795.1	HLeleMaxInd3A.XM_049891846.1#LOC126080666#2808#Bos_taurus__cattle__bosTau9__GCF_002263795.1	LOC126080666	Bos_taurus__cattle__bosTau9__GCF_002263795.1	7	4
mm10.ENSMUST00000025647_Pga5_8031_Bos_taurus__cattle__bosTau9__GCF_002263795.1	mm10.ENSMUST00000025647#Pga5#8031#Bos_taurus__cattle__bosTau9__GCF_002263795.1	Pga5	Bos_taurus__cattle__bosTau9__GCF_002263795.1	7	4
mm10.ENSMUST00000025647_Pga5_6133_Bos_taurus__cattle__bosTau9__GCF_002263795.1	mm10.ENSMUST00000025647#Pga5#6133#Bos_taurus__cattle__bosTau9__GCF_002263795.1	Pga5	Bos_taurus__cattle__bosTau9__GCF_002263795.1	9	4
HLeleMaxInd3A.XM_049891846.1_LOC126080666_14109_Bos_taurus__cattle__bosTau9__GCF_002263795.1	HLeleMaxInd3A.XM_049891846.1#LOC126080666#14109#Bos_taurus__cattle__bosTau9__GCF_002263795.1	LOC126080666	Bos_taurus__cattle__bosTau9__GCF_002263795.1	5	4
HLeleMaxInd3A.XM_049891846.1_LOC126080666_3512_Bos_taurus__cattle__bosTau9__GCF_002263795.1	HLeleMaxInd3A.XM_049891846.1#LOC126080666#3512#Bos_taurus__cattle__bosTau9__GCF_002263795.1	LOC126080666	Bos_taurus__cattle__bosTau9__GCF_002263795.1	8	4
HLeleMaxInd3A.XM_049891846.1_LOC126080666_167988_Bos_taurus__cattle__bosTau9__GCF_002263795.1	HLeleMaxInd3A.XM_049891846.1#LOC126080666#167988#Bos_taurus__cattle__bosTau9__GCF_002263795.1	LOC126080666	Bos_taurus__cattle__bosTau9__GCF_002263795.1	5	4
HLeleMaxInd3A.XM_049891846.1_LOC126080666_56658_Bos_taurus__cattle__bosTau9__GCF_002263795.1	HLeleMaxInd3A.XM_049891846.1#LOC126080666#56658#Bos_taurus__cattle__bosTau9__GCF_002263795.1	LOC126080666	Bos_taurus__cattle__bosTau9__GCF_002263795.1	5	4
mm10.ENSMUST00000025647_Pga5_79_Bos_taurus__cattle__bosTau9__GCF_002263795.1	mm10.ENSMUST00000025647#Pga5#79#Bos_taurus__cattle__bosTau9__GCF_002263795.1	Pga5	Bos_taurus__cattle__bosTau9__GCF_002263795.1	5	4
hg38.ENST00000325558.11_PGA3_69_Bos_taurus__cattle__bosTau9__GCF_002263795.1	hg38.ENST00000325558.11#PGA3#69#Bos_taurus__cattle__bosTau9__GCF_002263795.1	PGA3	Bos_taurus__cattle__bosTau9__GCF_002263795.1	56	38
hg38.ENST00000312403.10_PGA5_7089_Brachyteles_arachnoides__Woolly_spider_monkey__HLbraAra1__GCA_047496155.1	hg38.ENST00000312403.10#PGA5#7089#Brachyteles_arachnoides__Woolly_spider_monkey__HLbraAra1__GCA_047496155.1	PGA5	Brachyteles_arachnoides__Woolly_spider_monkey__HLbraAra1__GCA_047496155.1	58	38
HLbosTau10.ENSBTAT00000027020_ENSBTAG00000035736_2635_Brachyteles_arachnoides__Woolly_spider_monkey__HLbraAra1__GCA_047496155.1	HLbosTau10.ENSBTAT00000027020#ENSBTAG00000035736#2635#Brachyteles_arachnoides__Woolly_spider_monkey__HLbraAra1__GCA_047496155.1	ENSBTAG00000035736	Brachyteles_arachnoides__Woolly_spider_monkey__HLbraAra1__GCA_047496155.1	32	22
hg38.ENST00000312403.10_PGA5_4508_Bradypus_torquatus__Maned_three-toed_sloth__HLbraTor4__GCA_963992745.1	hg38.ENST00000312403.10#PGA5#4508#Bradypus_torquatus__Maned_three-toed_sloth__HLbraTor4__GCA_963992745.1	PGA5	Bradypus_torquatus__Maned_three-toed_sloth__HLbraTor4__GCA_963992745.1	47	33
HLbosTau10.ENSBTAT00000005399_PAG11_5002_Bradypus_torquatus__Maned_three-toed_sloth__HLbraTor4__GCA_963992745.1	HLbosTau10.ENSBTAT00000005399#PAG11#5002#Bradypus_torquatus__Maned_three-toed_sloth__HLbraTor4__GCA_963992745.1	PAG11	Bradypus_torquatus__Maned_three-toed_sloth__HLbraTor4__GCA_963992745.1	13	6
HLbosTau10.ENSBTAT00000013786_PAG7_132577_Bubalus_bubalis__water_buffalo__HLbubBub2__GCA_003121395.1	HLbosTau10.ENSBTAT00000013786#PAG7#132577#Bubalus_bubalis__water_buffalo__HLbubBub2__GCA_003121395.1	PAG7	Bubalus_bubalis__water_buffalo__HLbubBub2__GCA_003121395.1	10	4
HLbosTau10.ENSBTAT00000038878_PAG6_27729_Bubalus_bubalis__water_buffalo__HLbubBub2__GCA_003121395.1	HLbosTau10.ENSBTAT00000038878#PAG6#27729#Bubalus_bubalis__water_buffalo__HLbubBub2__GCA_003121395.1	PAG6	Bubalus_bubalis__water_buffalo__HLbubBub2__GCA_003121395.1	6	4
mm10.ENSMUST00000025647_Pga5_408617_Bubalus_bubalis__water_buffalo__HLbubBub2__GCA_003121395.1	mm10.ENSMUST00000025647#Pga5#408617#Bubalus_bubalis__water_buffalo__HLbubBub2__GCA_003121395.1	Pga5	Bubalus_bubalis__water_buffalo__HLbubBub2__GCA_003121395.1	10	4
HLbosTau10.ENSBTAT00000018996_ENSBTAG00000040257_12001_Bubalus_bubalis__water_buffalo__HLbubBub2__GCA_003121395.1	HLbosTau10.ENSBTAT00000018996#ENSBTAG00000040257#12001#Bubalus_bubalis__water_buffalo__HLbubBub2__GCA_003121395.1	ENSBTAG00000040257	Bubalus_bubalis__water_buffalo__HLbubBub2__GCA_003121395.1	2	2
HLbosTau10.ENSBTAT00000025597_PAG8_353_Bubalus_bubalis__water_buffalo__HLbubBub2__GCA_003121395.1	HLbosTau10.ENSBTAT00000025597#PAG8#353#Bubalus_bubalis__water_buffalo__HLbubBub2__GCA_003121395.1	PAG8	Bubalus_bubalis__water_buffalo__HLbubBub2__GCA_003121395.1	2	2
HLbosTau10.ENSBTAT00000038954_PAG21_33046_Bubalus_bubalis__water_buffalo__HLbubBub2__GCA_003121395.1	HLbosTau10.ENSBTAT00000038954#PAG21#33046#Bubalus_bubalis__water_buffalo__HLbubBub2__GCA_003121395.1	PAG21	Bubalus_bubalis__water_buffalo__HLbubBub2__GCA_003121395.1	2	2
mm10.ENSMUST00000025647_Pga5_21115_Bubalus_bubalis__water_buffalo__HLbubBub2__GCA_003121395.1	mm10.ENSMUST00000025647#Pga5#21115#Bubalus_bubalis__water_buffalo__HLbubBub2__GCA_003121395.1	Pga5	Bubalus_bubalis__water_buffalo__HLbubBub2__GCA_003121395.1	2	2
mm10.ENSMUST00000025647_Pga5_21636_Bubalus_bubalis__water_buffalo__HLbubBub2__GCA_003121395.1	mm10.ENSMUST00000025647#Pga5#21636#Bubalus_bubalis__water_buffalo__HLbubBub2__GCA_003121395.1	Pga5	Bubalus_bubalis__water_buffalo__HLbubBub2__GCA_003121395.1	2	2
HLbosTau10.NM_001109978_PAG7_377433_Bubalus_bubalis__water_buffalo__HLbubBub2__GCA_003121395.1	HLbosTau10.NM_001109978#PAG7#377433#Bubalus_bubalis__water_buffalo__HLbubBub2__GCA_003121395.1	PAG7	Bubalus_bubalis__water_buffalo__HLbubBub2__GCA_003121395.1	2	2
HLbosTau10.ENSBTAT00000013786_PAG7_326365_Bubalus_bubalis__water_buffalo__HLbubBub2__GCA_003121395.1	HLbosTau10.ENSBTAT00000013786#PAG7#326365#Bubalus_bubalis__water_buffalo__HLbubBub2__GCA_003121395.1	PAG7	Bubalus_bubalis__water_buffalo__HLbubBub2__GCA_003121395.1	2	2
HLbosTau10.ENSBTAT00000050664_PAG15_2190_Bubalus_bubalis__water_buffalo__HLbubBub2__GCA_003121395.1	HLbosTau10.ENSBTAT00000050664#PAG15#2190#Bubalus_bubalis__water_buffalo__HLbubBub2__GCA_003121395.1	PAG15	Bubalus_bubalis__water_buffalo__HLbubBub2__GCA_003121395.1	2	2
HLbosTau10.ENSBTAT00000013786_PAG7_259439_Bubalus_bubalis__water_buffalo__HLbubBub2__GCA_003121395.1	HLbosTau10.ENSBTAT00000013786#PAG7#259439#Bubalus_bubalis__water_buffalo__HLbubBub2__GCA_003121395.1	PAG7	Bubalus_bubalis__water_buffalo__HLbubBub2__GCA_003121395.1	2	2
HLbosTau10.ENSBTAT00000050648_PAG9_741721_Bubalus_bubalis__water_buffalo__HLbubBub2__GCA_003121395.1	HLbosTau10.ENSBTAT00000050648#PAG9#741721#Bubalus_bubalis__water_buffalo__HLbubBub2__GCA_003121395.1	PAG9	Bubalus_bubalis__water_buffalo__HLbubBub2__GCA_003121395.1	2	2
HLeleMaxInd3A.XM_049891846.1_LOC126080666_2653_Bubalus_bubalis__water_buffalo__HLbubBub2__GCA_003121395.1	HLeleMaxInd3A.XM_049891846.1#LOC126080666#2653#Bubalus_bubalis__water_buffalo__HLbubBub2__GCA_003121395.1	LOC126080666	Bubalus_bubalis__water_buffalo__HLbubBub2__GCA_003121395.1	2	2
HLeleMaxInd3A.XM_049891846.1_LOC126080666_15024_Bubalus_bubalis__water_buffalo__HLbubBub2__GCA_003121395.1	HLeleMaxInd3A.XM_049891846.1#LOC126080666#15024#Bubalus_bubalis__water_buffalo__HLbubBub2__GCA_003121395.1	LOC126080666	Bubalus_bubalis__water_buffalo__HLbubBub2__GCA_003121395.1	2	2
HLbosTau10.ENSBTAT00000013786_PAG7_1013784_Bubalus_bubalis__water_buffalo__HLbubBub2__GCA_003121395.1	HLbosTau10.ENSBTAT00000013786#PAG7#1013784#Bubalus_bubalis__water_buffalo__HLbubBub2__GCA_003121395.1	PAG7	Bubalus_bubalis__water_buffalo__HLbubBub2__GCA_003121395.1	2	2
HLbosTau10.ENSBTAT00000013786_PAG7_27_Bubalus_bubalis__water_buffalo__HLbubBub2__GCA_003121395.1	HLbosTau10.ENSBTAT00000013786#PAG7#27#Bubalus_bubalis__water_buffalo__HLbubBub2__GCA_003121395.1	PAG7	Bubalus_bubalis__water_buffalo__HLbubBub2__GCA_003121395.1	2	2
mm10.ENSMUST00000025647_Pga5_16298_Bubalus_bubalis__water_buffalo__HLbubBub2__GCA_003121395.1	mm10.ENSMUST00000025647#Pga5#16298#Bubalus_bubalis__water_buffalo__HLbubBub2__GCA_003121395.1	Pga5	Bubalus_bubalis__water_buffalo__HLbubBub2__GCA_003121395.1	2	2
mm10.ENSMUST00000025647_Pga5_30761_Bubalus_bubalis__water_buffalo__HLbubBub2__GCA_003121395.1	mm10.ENSMUST00000025647#Pga5#30761#Bubalus_bubalis__water_buffalo__HLbubBub2__GCA_003121395.1	Pga5	Bubalus_bubalis__water_buffalo__HLbubBub2__GCA_003121395.1	2	2
HLbosTau10.ENSBTAT00000025597_PAG8_288065_Bubalus_bubalis__water_buffalo__HLbubBub2__GCA_003121395.1	HLbosTau10.ENSBTAT00000025597#PAG8#288065#Bubalus_bubalis__water_buffalo__HLbubBub2__GCA_003121395.1	PAG8	Bubalus_bubalis__water_buffalo__HLbubBub2__GCA_003121395.1	2	2
mm10.ENSMUST00000025647_Pga5_30246_Bubalus_bubalis__water_buffalo__HLbubBub2__GCA_003121395.1	mm10.ENSMUST00000025647#Pga5#30246#Bubalus_bubalis__water_buffalo__HLbubBub2__GCA_003121395.1	Pga5	Bubalus_bubalis__water_buffalo__HLbubBub2__GCA_003121395.1	2	2
mm10.ENSMUST00000025647_Pga5_159748_Bubalus_bubalis__water_buffalo__HLbubBub2__GCA_003121395.1	mm10.ENSMUST00000025647#Pga5#159748#Bubalus_bubalis__water_buffalo__HLbubBub2__GCA_003121395.1	Pga5	Bubalus_bubalis__water_buffalo__HLbubBub2__GCA_003121395.1	2	2
HLbosTau10.ENSBTAT00000005384_PAG10_52206_Bubalus_bubalis__water_buffalo__HLbubBub2__GCA_003121395.1	HLbosTau10.ENSBTAT00000005384#PAG10#52206#Bubalus_bubalis__water_buffalo__HLbubBub2__GCA_003121395.1	PAG10	Bubalus_bubalis__water_buffalo__HLbubBub2__GCA_003121395.1	2	2
HLbosTau10.ENSBTAT00000038878_PAG6_153740_Bubalus_bubalis__water_buffalo__HLbubBub2__GCA_003121395.1	HLbosTau10.ENSBTAT00000038878#PAG6#153740#Bubalus_bubalis__water_buffalo__HLbubBub2__GCA_003121395.1	PAG6	Bubalus_bubalis__water_buffalo__HLbubBub2__GCA_003121395.1	2	2
HLbosTau10.ENSBTAT00000063428_ENSBTAG00000051196_166_Bubalus_bubalis__water_buffalo__HLbubBub2__GCA_003121395.1	HLbosTau10.ENSBTAT00000063428#ENSBTAG00000051196#166#Bubalus_bubalis__water_buffalo__HLbubBub2__GCA_003121395.1	ENSBTAG00000051196	Bubalus_bubalis__water_buffalo__HLbubBub2__GCA_003121395.1	2	2
HLbosTau10.ENSBTAT00000050648_PAG9_160469_Bubalus_bubalis__water_buffalo__HLbubBub2__GCA_003121395.1	HLbosTau10.ENSBTAT00000050648#PAG9#160469#Bubalus_bubalis__water_buffalo__HLbubBub2__GCA_003121395.1	PAG9	Bubalus_bubalis__water_buffalo__HLbubBub2__GCA_003121395.1	2	2
HLbosTau10.ENSBTAT00000009701_ENSBTAG00000038506_5071_Bubalus_bubalis__water_buffalo__HLbubBub2__GCA_003121395.1	HLbosTau10.ENSBTAT00000009701#ENSBTAG00000038506#5071#Bubalus_bubalis__water_buffalo__HLbubBub2__GCA_003121395.1	ENSBTAG00000038506	Bubalus_bubalis__water_buffalo__HLbubBub2__GCA_003121395.1	2	2
mm10.ENSMUST00000025647_Pga5_25461_Bubalus_bubalis__water_buffalo__HLbubBub2__GCA_003121395.1	mm10.ENSMUST00000025647#Pga5#25461#Bubalus_bubalis__water_buffalo__HLbubBub2__GCA_003121395.1	Pga5	Bubalus_bubalis__water_buffalo__HLbubBub2__GCA_003121395.1	2	2
HLbosTau10.ENSBTAT00000025567_PAG12_46951_Bubalus_bubalis__water_buffalo__HLbubBub2__GCA_003121395.1	HLbosTau10.ENSBTAT00000025567#PAG12#46951#Bubalus_bubalis__water_buffalo__HLbubBub2__GCA_003121395.1	PAG12	Bubalus_bubalis__water_buffalo__HLbubBub2__GCA_003121395.1	2	2
HLbosTau10.ENSBTAT00000025567_PAG12_77807_Bubalus_bubalis__water_buffalo__HLbubBub2__GCA_003121395.1	HLbosTau10.ENSBTAT00000025567#PAG12#77807#Bubalus_bubalis__water_buffalo__HLbubBub2__GCA_003121395.1	PAG12	Bubalus_bubalis__water_buffalo__HLbubBub2__GCA_003121395.1	2	2
HLbosTau10.ENSBTAT00000017669_ENSBTAG00000035736_448_Bubalus_bubalis__water_buffalo__HLbubBub2__GCA_003121395.1	HLbosTau10.ENSBTAT00000017669#ENSBTAG00000035736#448#Bubalus_bubalis__water_buffalo__HLbubBub2__GCA_003121395.1	ENSBTAG00000035736	Bubalus_bubalis__water_buffalo__HLbubBub2__GCA_003121395.1	2	2
mm10.ENSMUST00000025647_Pga5_35189_Bubalus_bubalis__water_buffalo__HLbubBub2__GCA_003121395.1	mm10.ENSMUST00000025647#Pga5#35189#Bubalus_bubalis__water_buffalo__HLbubBub2__GCA_003121395.1	Pga5	Bubalus_bubalis__water_buffalo__HLbubBub2__GCA_003121395.1	2	2
HLbosTau10.ENSBTAT00000005384_PAG10_671721_Bubalus_bubalis__water_buffalo__HLbubBub2__GCA_003121395.1	HLbosTau10.ENSBTAT00000005384#PAG10#671721#Bubalus_bubalis__water_buffalo__HLbubBub2__GCA_003121395.1	PAG10	Bubalus_bubalis__water_buffalo__HLbubBub2__GCA_003121395.1	2	2
HLbosTau10.ENSBTAT00000038954_PAG21_982577_Bubalus_bubalis__water_buffalo__HLbubBub2__GCA_003121395.1	HLbosTau10.ENSBTAT00000038954#PAG21#982577#Bubalus_bubalis__water_buffalo__HLbubBub2__GCA_003121395.1	PAG21	Bubalus_bubalis__water_buffalo__HLbubBub2__GCA_003121395.1	2	2
mm10.ENSMUST00000025647_Pga5_18625_Bubalus_bubalis__water_buffalo__HLbubBub2__GCA_003121395.1	mm10.ENSMUST00000025647#Pga5#18625#Bubalus_bubalis__water_buffalo__HLbubBub2__GCA_003121395.1	Pga5	Bubalus_bubalis__water_buffalo__HLbubBub2__GCA_003121395.1	2	2
HLbosTau10.NM_176625_PAG16_1087874_Bubalus_bubalis__water_buffalo__HLbubBub2__GCA_003121395.1	HLbosTau10.NM_176625#PAG16#1087874#Bubalus_bubalis__water_buffalo__HLbubBub2__GCA_003121395.1	PAG16	Bubalus_bubalis__water_buffalo__HLbubBub2__GCA_003121395.1	2	2
HLeleMaxInd3A.XM_049891846.1_LOC126080666_5962_Bubalus_bubalis__water_buffalo__HLbubBub2__GCA_003121395.1	HLeleMaxInd3A.XM_049891846.1#LOC126080666#5962#Bubalus_bubalis__water_buffalo__HLbubBub2__GCA_003121395.1	LOC126080666	Bubalus_bubalis__water_buffalo__HLbubBub2__GCA_003121395.1	2	2
HLbosTau10.ENSBTAT00000038878_PAG6_1423_Bubalus_bubalis__water_buffalo__HLbubBub2__GCA_003121395.1	HLbosTau10.ENSBTAT00000038878#PAG6#1423#Bubalus_bubalis__water_buffalo__HLbubBub2__GCA_003121395.1	PAG6	Bubalus_bubalis__water_buffalo__HLbubBub2__GCA_003121395.1	2	2
HLbosTau10.ENSBTAT00000063428_ENSBTAG00000051196_1508_Bubalus_bubalis__water_buffalo__HLbubBub2__GCA_003121395.1	HLbosTau10.ENSBTAT00000063428#ENSBTAG00000051196#1508#Bubalus_bubalis__water_buffalo__HLbubBub2__GCA_003121395.1	ENSBTAG00000051196	Bubalus_bubalis__water_buffalo__HLbubBub2__GCA_003121395.1	2	2
mm10.ENSMUST00000025647_Pga5_23842_Bubalus_bubalis__water_buffalo__HLbubBub2__GCA_003121395.1	mm10.ENSMUST00000025647#Pga5#23842#Bubalus_bubalis__water_buffalo__HLbubBub2__GCA_003121395.1	Pga5	Bubalus_bubalis__water_buffalo__HLbubBub2__GCA_003121395.1	2	2
HLbosTau10.XM_002699310_LOC524173_311260_Bubalus_bubalis__water_buffalo__HLbubBub2__GCA_003121395.1	HLbosTau10.XM_002699310#LOC524173#311260#Bubalus_bubalis__water_buffalo__HLbubBub2__GCA_003121395.1	LOC524173	Bubalus_bubalis__water_buffalo__HLbubBub2__GCA_003121395.1	2	2
mm10.ENSMUST00000025647_Pga5_22169_Bubalus_bubalis__water_buffalo__HLbubBub2__GCA_003121395.1	mm10.ENSMUST00000025647#Pga5#22169#Bubalus_bubalis__water_buffalo__HLbubBub2__GCA_003121395.1	Pga5	Bubalus_bubalis__water_buffalo__HLbubBub2__GCA_003121395.1	2	2
mm10.ENSMUST00000025647_Pga5_22977_Bubalus_bubalis__water_buffalo__HLbubBub2__GCA_003121395.1	mm10.ENSMUST00000025647#Pga5#22977#Bubalus_bubalis__water_buffalo__HLbubBub2__GCA_003121395.1	Pga5	Bubalus_bubalis__water_buffalo__HLbubBub2__GCA_003121395.1	2	2
HLbosTau10.ENSBTAT00000025597_PAG8_8778_Bubalus_bubalis__water_buffalo__HLbubBub2__GCA_003121395.1	HLbosTau10.ENSBTAT00000025597#PAG8#8778#Bubalus_bubalis__water_buffalo__HLbubBub2__GCA_003121395.1	PAG8	Bubalus_bubalis__water_buffalo__HLbubBub2__GCA_003121395.1	2	2
HLbosTau10.ENSBTAT00000025597_PAG8_883_Bubalus_bubalis__water_buffalo__HLbubBub2__GCA_003121395.1	HLbosTau10.ENSBTAT00000025597#PAG8#883#Bubalus_bubalis__water_buffalo__HLbubBub2__GCA_003121395.1	PAG8	Bubalus_bubalis__water_buffalo__HLbubBub2__GCA_003121395.1	2	2
HLbosTau10.ENSBTAT00000030243_PAG3_401058_Bubalus_bubalis__water_buffalo__HLbubBub2__GCA_003121395.1	HLbosTau10.ENSBTAT00000030243#PAG3#401058#Bubalus_bubalis__water_buffalo__HLbubBub2__GCA_003121395.1	PAG3	Bubalus_bubalis__water_buffalo__HLbubBub2__GCA_003121395.1	2	2
HLbosTau10.ENSBTAT00000063428_ENSBTAG00000051196_597_Bubalus_bubalis__water_buffalo__HLbubBub2__GCA_003121395.1	HLbosTau10.ENSBTAT00000063428#ENSBTAG00000051196#597#Bubalus_bubalis__water_buffalo__HLbubBub2__GCA_003121395.1	ENSBTAG00000051196	Bubalus_bubalis__water_buffalo__HLbubBub2__GCA_003121395.1	2	2
HLbosTau10.ENSBTAT00000017669_ENSBTAG00000035736_753906_Bubalus_bubalis__water_buffalo__HLbubBub2__GCA_003121395.1	HLbosTau10.ENSBTAT00000017669#ENSBTAG00000035736#753906#Bubalus_bubalis__water_buffalo__HLbubBub2__GCA_003121395.1	ENSBTAG00000035736	Bubalus_bubalis__water_buffalo__HLbubBub2__GCA_003121395.1	2	2
mm10.ENSMUST00000025647_Pga5_17498_Bubalus_bubalis__water_buffalo__HLbubBub2__GCA_003121395.1	mm10.ENSMUST00000025647#Pga5#17498#Bubalus_bubalis__water_buffalo__HLbubBub2__GCA_003121395.1	Pga5	Bubalus_bubalis__water_buffalo__HLbubBub2__GCA_003121395.1	2	2
mm10.ENSMUST00000025647_Pga5_31128_Bubalus_bubalis__water_buffalo__HLbubBub2__GCA_003121395.1	mm10.ENSMUST00000025647#Pga5#31128#Bubalus_bubalis__water_buffalo__HLbubBub2__GCA_003121395.1	Pga5	Bubalus_bubalis__water_buffalo__HLbubBub2__GCA_003121395.1	2	2
HLbosTau10.NM_176625_PAG16_904042_Bubalus_bubalis__water_buffalo__HLbubBub2__GCA_003121395.1	HLbosTau10.NM_176625#PAG16#904042#Bubalus_bubalis__water_buffalo__HLbubBub2__GCA_003121395.1	PAG16	Bubalus_bubalis__water_buffalo__HLbubBub2__GCA_003121395.1	2	2
mm10.ENSMUST00000025647_Pga5_26425_Bubalus_bubalis__water_buffalo__HLbubBub2__GCA_003121395.1	mm10.ENSMUST00000025647#Pga5#26425#Bubalus_bubalis__water_buffalo__HLbubBub2__GCA_003121395.1	Pga5	Bubalus_bubalis__water_buffalo__HLbubBub2__GCA_003121395.1	2	2
HLbosTau10.ENSBTAT00000017669_ENSBTAG00000035736_4196_Bubalus_bubalis__water_buffalo__HLbubBub2__GCA_003121395.1	HLbosTau10.ENSBTAT00000017669#ENSBTAG00000035736#4196#Bubalus_bubalis__water_buffalo__HLbubBub2__GCA_003121395.1	ENSBTAG00000035736	Bubalus_bubalis__water_buffalo__HLbubBub2__GCA_003121395.1	2	2
HLbosTau10.ENSBTAT00000025597_PAG8_5145_Bubalus_bubalis__water_buffalo__HLbubBub2__GCA_003121395.1	HLbosTau10.ENSBTAT00000025597#PAG8#5145#Bubalus_bubalis__water_buffalo__HLbubBub2__GCA_003121395.1	PAG8	Bubalus_bubalis__water_buffalo__HLbubBub2__GCA_003121395.1	2	2
HLeleMaxInd3A.XM_049891846.1_LOC126080666_3871_Bubalus_bubalis__water_buffalo__HLbubBub2__GCA_003121395.1	HLeleMaxInd3A.XM_049891846.1#LOC126080666#3871#Bubalus_bubalis__water_buffalo__HLbubBub2__GCA_003121395.1	LOC126080666	Bubalus_bubalis__water_buffalo__HLbubBub2__GCA_003121395.1	2	2
mm10.ENSMUST00000025647_Pga5_19032_Bubalus_bubalis__water_buffalo__HLbubBub2__GCA_003121395.1	mm10.ENSMUST00000025647#Pga5#19032#Bubalus_bubalis__water_buffalo__HLbubBub2__GCA_003121395.1	Pga5	Bubalus_bubalis__water_buffalo__HLbubBub2__GCA_003121395.1	2	2
HLbosTau10.XM_002699310_LOC524173_317227_Bubalus_bubalis__water_buffalo__HLbubBub2__GCA_003121395.1	HLbosTau10.XM_002699310#LOC524173#317227#Bubalus_bubalis__water_buffalo__HLbubBub2__GCA_003121395.1	LOC524173	Bubalus_bubalis__water_buffalo__HLbubBub2__GCA_003121395.1	7	4
mm10.ENSMUST00000025647_Pga5_13373_Bubalus_bubalis__water_buffalo__HLbubBub2__GCA_003121395.1	mm10.ENSMUST00000025647#Pga5#13373#Bubalus_bubalis__water_buffalo__HLbubBub2__GCA_003121395.1	Pga5	Bubalus_bubalis__water_buffalo__HLbubBub2__GCA_003121395.1	7	4
HLbosTau10.ENSBTAT00000005384_PAG10_97861_Bubalus_bubalis__water_buffalo__HLbubBub2__GCA_003121395.1	HLbosTau10.ENSBTAT00000005384#PAG10#97861#Bubalus_bubalis__water_buffalo__HLbubBub2__GCA_003121395.1	PAG10	Bubalus_bubalis__water_buffalo__HLbubBub2__GCA_003121395.1	9	4
HLbosTau10.ENSBTAT00000038878_PAG6_356_Bubalus_bubalis__water_buffalo__HLbubBub2__GCA_003121395.1	HLbosTau10.ENSBTAT00000038878#PAG6#356#Bubalus_bubalis__water_buffalo__HLbubBub2__GCA_003121395.1	PAG6	Bubalus_bubalis__water_buffalo__HLbubBub2__GCA_003121395.1	8	4
HLbosTau10.ENSBTAT00000005399_PAG11_15469_Bubalus_bubalis__water_buffalo__HLbubBub2__GCA_003121395.1	HLbosTau10.ENSBTAT00000005399#PAG11#15469#Bubalus_bubalis__water_buffalo__HLbubBub2__GCA_003121395.1	PAG11	Bubalus_bubalis__water_buffalo__HLbubBub2__GCA_003121395.1	5	4
HLbosTau10.ENSBTAT00000017585_ENSBTAG00000013214_4717_Bubalus_bubalis__water_buffalo__HLbubBub2__GCA_003121395.1	HLbosTau10.ENSBTAT00000017585#ENSBTAG00000013214#4717#Bubalus_bubalis__water_buffalo__HLbubBub2__GCA_003121395.1	ENSBTAG00000013214	Bubalus_bubalis__water_buffalo__HLbubBub2__GCA_003121395.1	5	4
HLbosTau10.XM_002699310_LOC524173_27_Bubalus_bubalis__water_buffalo__HLbubBub2__GCA_003121395.1	HLbosTau10.XM_002699310#LOC524173#27#Bubalus_bubalis__water_buffalo__HLbubBub2__GCA_003121395.1	LOC524173	Bubalus_bubalis__water_buffalo__HLbubBub2__GCA_003121395.1	5	4
mm10.ENSMUST00000025647_Pga5_78_Bubalus_bubalis__water_buffalo__HLbubBub2__GCA_003121395.1	mm10.ENSMUST00000025647#Pga5#78#Bubalus_bubalis__water_buffalo__HLbubBub2__GCA_003121395.1	Pga5	Bubalus_bubalis__water_buffalo__HLbubBub2__GCA_003121395.1	5	4
hg38.ENST00000325558.11_PGA3_69_Bubalus_bubalis__water_buffalo__HLbubBub2__GCA_003121395.1	hg38.ENST00000325558.11#PGA3#69#Bubalus_bubalis__water_buffalo__HLbubBub2__GCA_003121395.1	PGA3	Bubalus_bubalis__water_buffalo__HLbubBub2__GCA_003121395.1	56	38
hg38.ENST00000325558.11_PGA3_71_Bubalus_kerabau__carabao__HLbubKer1__GCF_029407905.1	hg38.ENST00000325558.11#PGA3#71#Bubalus_kerabau__carabao__HLbubKer1__GCF_029407905.1	PGA3	Bubalus_kerabau__carabao__HLbubKer1__GCF_029407905.1	56	38
HLbosTau10.ENSBTAT00000005399_PAG11_638264_Bubalus_kerabau__carabao__HLbubKer1__GCF_029407905.1	HLbosTau10.ENSBTAT00000005399#PAG11#638264#Bubalus_kerabau__carabao__HLbubKer1__GCF_029407905.1	PAG11	Bubalus_kerabau__carabao__HLbubKer1__GCF_029407905.1	5	4
HLbosTau10.ENSBTAT00000005399_PAG11_2129085_Bubalus_kerabau__carabao__HLbubKer1__GCF_029407905.1	HLbosTau10.ENSBTAT00000005399#PAG11#2129085#Bubalus_kerabau__carabao__HLbubKer1__GCF_029407905.1	PAG11	Bubalus_kerabau__carabao__HLbubKer1__GCF_029407905.1	5	4
HLbosTau10.ENSBTAT00000038954_PAG21_182449_Bubalus_kerabau__carabao__HLbubKer1__GCF_029407905.1	HLbosTau10.ENSBTAT00000038954#PAG21#182449#Bubalus_kerabau__carabao__HLbubKer1__GCF_029407905.1	PAG21	Bubalus_kerabau__carabao__HLbubKer1__GCF_029407905.1	8	4
HLbosTau10.ENSBTAT00000025593_PAG5_41054_Bubalus_kerabau__carabao__HLbubKer1__GCF_029407905.1	HLbosTau10.ENSBTAT00000025593#PAG5#41054#Bubalus_kerabau__carabao__HLbubKer1__GCF_029407905.1	PAG5	Bubalus_kerabau__carabao__HLbubKer1__GCF_029407905.1	5	4
mm10.ENSMUST00000025647_Pga5_7447_Bubalus_kerabau__carabao__HLbubKer1__GCF_029407905.1	mm10.ENSMUST00000025647#Pga5#7447#Bubalus_kerabau__carabao__HLbubKer1__GCF_029407905.1	Pga5	Bubalus_kerabau__carabao__HLbubKer1__GCF_029407905.1	9	4
mm10.ENSMUST00000025647_Pga5_7245_Bubalus_kerabau__carabao__HLbubKer1__GCF_029407905.1	mm10.ENSMUST00000025647#Pga5#7245#Bubalus_kerabau__carabao__HLbubKer1__GCF_029407905.1	Pga5	Bubalus_kerabau__carabao__HLbubKer1__GCF_029407905.1	7	4
HLbosTau10.XM_002699310_LOC524173_27507_Bubalus_kerabau__carabao__HLbubKer1__GCF_029407905.1	HLbosTau10.XM_002699310#LOC524173#27507#Bubalus_kerabau__carabao__HLbubKer1__GCF_029407905.1	LOC524173	Bubalus_kerabau__carabao__HLbubKer1__GCF_029407905.1	2	2
mm10.ENSMUST00000025647_Pga5_11314_Bubalus_kerabau__carabao__HLbubKer1__GCF_029407905.1	mm10.ENSMUST00000025647#Pga5#11314#Bubalus_kerabau__carabao__HLbubKer1__GCF_029407905.1	Pga5	Bubalus_kerabau__carabao__HLbubKer1__GCF_029407905.1	2	2
HLbosTau10.ENSBTAT00000017669_ENSBTAG00000035736_200_Bubalus_kerabau__carabao__HLbubKer1__GCF_029407905.1	HLbosTau10.ENSBTAT00000017669#ENSBTAG00000035736#200#Bubalus_kerabau__carabao__HLbubKer1__GCF_029407905.1	ENSBTAG00000035736	Bubalus_kerabau__carabao__HLbubKer1__GCF_029407905.1	2	2
HLbosTau10.NM_001304570_PAG14_933880_Bubalus_kerabau__carabao__HLbubKer1__GCF_029407905.1	HLbosTau10.NM_001304570#PAG14#933880#Bubalus_kerabau__carabao__HLbubKer1__GCF_029407905.1	PAG14	Bubalus_kerabau__carabao__HLbubKer1__GCF_029407905.1	2	2
HLbosTau10.ENSBTAT00000005384_PAG10_10727_Bubalus_kerabau__carabao__HLbubKer1__GCF_029407905.1	HLbosTau10.ENSBTAT00000005384#PAG10#10727#Bubalus_kerabau__carabao__HLbubKer1__GCF_029407905.1	PAG10	Bubalus_kerabau__carabao__HLbubKer1__GCF_029407905.1	2	2
HLbosTau10.ENSBTAT00000038878_PAG6_1137672_Bubalus_kerabau__carabao__HLbubKer1__GCF_029407905.1	HLbosTau10.ENSBTAT00000038878#PAG6#1137672#Bubalus_kerabau__carabao__HLbubKer1__GCF_029407905.1	PAG6	Bubalus_kerabau__carabao__HLbubKer1__GCF_029407905.1	2	2
mm10.ENSMUST00000025647_Pga5_19361_Bubalus_kerabau__carabao__HLbubKer1__GCF_029407905.1	mm10.ENSMUST00000025647#Pga5#19361#Bubalus_kerabau__carabao__HLbubKer1__GCF_029407905.1	Pga5	Bubalus_kerabau__carabao__HLbubKer1__GCF_029407905.1	2	2
mm10.ENSMUST00000025647_Pga5_10996_Bubalus_kerabau__carabao__HLbubKer1__GCF_029407905.1	mm10.ENSMUST00000025647#Pga5#10996#Bubalus_kerabau__carabao__HLbubKer1__GCF_029407905.1	Pga5	Bubalus_kerabau__carabao__HLbubKer1__GCF_029407905.1	2	2
HLbosTau10.ENSBTAT00000005384_PAG10_348442_Bubalus_kerabau__carabao__HLbubKer1__GCF_029407905.1	HLbosTau10.ENSBTAT00000005384#PAG10#348442#Bubalus_kerabau__carabao__HLbubKer1__GCF_029407905.1	PAG10	Bubalus_kerabau__carabao__HLbubKer1__GCF_029407905.1	2	2
HLbosTau10.ENSBTAT00000025593_PAG5_20018_Bubalus_kerabau__carabao__HLbubKer1__GCF_029407905.1	HLbosTau10.ENSBTAT00000025593#PAG5#20018#Bubalus_kerabau__carabao__HLbubKer1__GCF_029407905.1	PAG5	Bubalus_kerabau__carabao__HLbubKer1__GCF_029407905.1	2	2
HLbosTau10.ENSBTAT00000017669_ENSBTAG00000035736_41_Bubalus_kerabau__carabao__HLbubKer1__GCF_029407905.1	HLbosTau10.ENSBTAT00000017669#ENSBTAG00000035736#41#Bubalus_kerabau__carabao__HLbubKer1__GCF_029407905.1	ENSBTAG00000035736	Bubalus_kerabau__carabao__HLbubKer1__GCF_029407905.1	2	2
HLbosTau10.XM_002699310_LOC524173_1898248_Bubalus_kerabau__carabao__HLbubKer1__GCF_029407905.1	HLbosTau10.XM_002699310#LOC524173#1898248#Bubalus_kerabau__carabao__HLbubKer1__GCF_029407905.1	LOC524173	Bubalus_kerabau__carabao__HLbubKer1__GCF_029407905.1	2	2
HLbosTau10.ENSBTAT00000005399_PAG11_16364_Bubalus_kerabau__carabao__HLbubKer1__GCF_029407905.1	HLbosTau10.ENSBTAT00000005399#PAG11#16364#Bubalus_kerabau__carabao__HLbubKer1__GCF_029407905.1	PAG11	Bubalus_kerabau__carabao__HLbubKer1__GCF_029407905.1	2	2
HLbosTau10.ENSBTAT00000030243_PAG3_25448_Bubalus_kerabau__carabao__HLbubKer1__GCF_029407905.1	HLbosTau10.ENSBTAT00000030243#PAG3#25448#Bubalus_kerabau__carabao__HLbubKer1__GCF_029407905.1	PAG3	Bubalus_kerabau__carabao__HLbubKer1__GCF_029407905.1	2	2
HLbosTau10.ENSBTAT00000017669_ENSBTAG00000035736_822_Bubalus_kerabau__carabao__HLbubKer1__GCF_029407905.1	HLbosTau10.ENSBTAT00000017669#ENSBTAG00000035736#822#Bubalus_kerabau__carabao__HLbubKer1__GCF_029407905.1	ENSBTAG00000035736	Bubalus_kerabau__carabao__HLbubKer1__GCF_029407905.1	2	2
HLbosTau10.ENSBTAT00000030243_PAG3_749_Bubalus_kerabau__carabao__HLbubKer1__GCF_029407905.1	HLbosTau10.ENSBTAT00000030243#PAG3#749#Bubalus_kerabau__carabao__HLbubKer1__GCF_029407905.1	PAG3	Bubalus_kerabau__carabao__HLbubKer1__GCF_029407905.1	2	2
HLbosTau10.ENSBTAT00000063428_ENSBTAG00000051196_1956_Bubalus_kerabau__carabao__HLbubKer1__GCF_029407905.1	HLbosTau10.ENSBTAT00000063428#ENSBTAG00000051196#1956#Bubalus_kerabau__carabao__HLbubKer1__GCF_029407905.1	ENSBTAG00000051196	Bubalus_kerabau__carabao__HLbubKer1__GCF_029407905.1	2	2
HLbosTau10.ENSBTAT00000052386_MGC157405_92619_Bubalus_kerabau__carabao__HLbubKer1__GCF_029407905.1	HLbosTau10.ENSBTAT00000052386#MGC157405#92619#Bubalus_kerabau__carabao__HLbubKer1__GCF_029407905.1	MGC157405	Bubalus_kerabau__carabao__HLbubKer1__GCF_029407905.1	2	2
mm10.ENSMUST00000025647_Pga5_17800_Bubalus_kerabau__carabao__HLbubKer1__GCF_029407905.1	mm10.ENSMUST00000025647#Pga5#17800#Bubalus_kerabau__carabao__HLbubKer1__GCF_029407905.1	Pga5	Bubalus_kerabau__carabao__HLbubKer1__GCF_029407905.1	2	2
HLbosTau10.XM_024987413_ENSBTAG00000046686_1011180_Bubalus_kerabau__carabao__HLbubKer1__GCF_029407905.1	HLbosTau10.XM_024987413#ENSBTAG00000046686#1011180#Bubalus_kerabau__carabao__HLbubKer1__GCF_029407905.1	ENSBTAG00000046686	Bubalus_kerabau__carabao__HLbubKer1__GCF_029407905.1	2	2
HLbosTau10.XM_002699310_LOC524173_184560_Bubalus_kerabau__carabao__HLbubKer1__GCF_029407905.1	HLbosTau10.XM_002699310#LOC524173#184560#Bubalus_kerabau__carabao__HLbubKer1__GCF_029407905.1	LOC524173	Bubalus_kerabau__carabao__HLbubKer1__GCF_029407905.1	2	2
HLbosTau10.ENSBTAT00000052386_MGC157405_73_Bubalus_kerabau__carabao__HLbubKer1__GCF_029407905.1	HLbosTau10.ENSBTAT00000052386#MGC157405#73#Bubalus_kerabau__carabao__HLbubKer1__GCF_029407905.1	MGC157405	Bubalus_kerabau__carabao__HLbubKer1__GCF_029407905.1	2	2
HLbosTau10.ENSBTAT00000038878_PAG6_556608_Bubalus_kerabau__carabao__HLbubKer1__GCF_029407905.1	HLbosTau10.ENSBTAT00000038878#PAG6#556608#Bubalus_kerabau__carabao__HLbubKer1__GCF_029407905.1	PAG6	Bubalus_kerabau__carabao__HLbubKer1__GCF_029407905.1	2	2
HLbosTau10.ENSBTAT00000038878_PAG6_20829_Bubalus_kerabau__carabao__HLbubKer1__GCF_029407905.1	HLbosTau10.ENSBTAT00000038878#PAG6#20829#Bubalus_kerabau__carabao__HLbubKer1__GCF_029407905.1	PAG6	Bubalus_kerabau__carabao__HLbubKer1__GCF_029407905.1	2	2
HLbosTau10.NM_176630_PAG21_75598_Bubalus_kerabau__carabao__HLbubKer1__GCF_029407905.1	HLbosTau10.NM_176630#PAG21#75598#Bubalus_kerabau__carabao__HLbubKer1__GCF_029407905.1	PAG21	Bubalus_kerabau__carabao__HLbubKer1__GCF_029407905.1	2	2
HLbosTau10.ENSBTAT00000027020_ENSBTAG00000035736_1721_Bubalus_kerabau__carabao__HLbubKer1__GCF_029407905.1	HLbosTau10.ENSBTAT00000027020#ENSBTAG00000035736#1721#Bubalus_kerabau__carabao__HLbubKer1__GCF_029407905.1	ENSBTAG00000035736	Bubalus_kerabau__carabao__HLbubKer1__GCF_029407905.1	2	2
HLbosTau10.NM_001105381_MGC157408_77313_Bubalus_kerabau__carabao__HLbubKer1__GCF_029407905.1	HLbosTau10.NM_001105381#MGC157408#77313#Bubalus_kerabau__carabao__HLbubKer1__GCF_029407905.1	MGC157408	Bubalus_kerabau__carabao__HLbubKer1__GCF_029407905.1	2	2
mm10.ENSMUST00000025647_Pga5_21575_Bubalus_kerabau__carabao__HLbubKer1__GCF_029407905.1	mm10.ENSMUST00000025647#Pga5#21575#Bubalus_kerabau__carabao__HLbubKer1__GCF_029407905.1	Pga5	Bubalus_kerabau__carabao__HLbubKer1__GCF_029407905.1	2	2
mm10.ENSMUST00000025647_Pga5_15195_Bubalus_kerabau__carabao__HLbubKer1__GCF_029407905.1	mm10.ENSMUST00000025647#Pga5#15195#Bubalus_kerabau__carabao__HLbubKer1__GCF_029407905.1	Pga5	Bubalus_kerabau__carabao__HLbubKer1__GCF_029407905.1	2	2
HLbosTau10.ENSBTAT00000077609_ENSBTAG00000053183_21284_Bubalus_kerabau__carabao__HLbubKer1__GCF_029407905.1	HLbosTau10.ENSBTAT00000077609#ENSBTAG00000053183#21284#Bubalus_kerabau__carabao__HLbubKer1__GCF_029407905.1	ENSBTAG00000053183	Bubalus_kerabau__carabao__HLbubKer1__GCF_029407905.1	2	2
mm10.ENSMUST00000025647_Pga5_10685_Bubalus_kerabau__carabao__HLbubKer1__GCF_029407905.1	mm10.ENSMUST00000025647#Pga5#10685#Bubalus_kerabau__carabao__HLbubKer1__GCF_029407905.1	Pga5	Bubalus_kerabau__carabao__HLbubKer1__GCF_029407905.1	2	2
HLbosTau10.ENSBTAT00000009701_ENSBTAG00000038506_1936_Bubalus_kerabau__carabao__HLbubKer1__GCF_029407905.1	HLbosTau10.ENSBTAT00000009701#ENSBTAG00000038506#1936#Bubalus_kerabau__carabao__HLbubKer1__GCF_029407905.1	ENSBTAG00000038506	Bubalus_kerabau__carabao__HLbubKer1__GCF_029407905.1	2	2
HLbosTau10.ENSBTAT00000025597_PAG8_278611_Bubalus_kerabau__carabao__HLbubKer1__GCF_029407905.1	HLbosTau10.ENSBTAT00000025597#PAG8#278611#Bubalus_kerabau__carabao__HLbubKer1__GCF_029407905.1	PAG8	Bubalus_kerabau__carabao__HLbubKer1__GCF_029407905.1	2	2
HLbosTau10.ENSBTAT00000005384_PAG10_1278835_Bubalus_kerabau__carabao__HLbubKer1__GCF_029407905.1	HLbosTau10.ENSBTAT00000005384#PAG10#1278835#Bubalus_kerabau__carabao__HLbubKer1__GCF_029407905.1	PAG10	Bubalus_kerabau__carabao__HLbubKer1__GCF_029407905.1	2	2
HLbosTau10.ENSBTAT00000027020_ENSBTAG00000035736_277003_Bubalus_kerabau__carabao__HLbubKer1__GCF_029407905.1	HLbosTau10.ENSBTAT00000027020#ENSBTAG00000035736#277003#Bubalus_kerabau__carabao__HLbubKer1__GCF_029407905.1	ENSBTAG00000035736	Bubalus_kerabau__carabao__HLbubKer1__GCF_029407905.1	2	2
HLbosTau10.ENSBTAT00000030466_PAG18_335178_Bubalus_kerabau__carabao__HLbubKer1__GCF_029407905.1	HLbosTau10.ENSBTAT00000030466#PAG18#335178#Bubalus_kerabau__carabao__HLbubKer1__GCF_029407905.1	PAG18	Bubalus_kerabau__carabao__HLbubKer1__GCF_029407905.1	2	2
mm10.ENSMUST00000025647_Pga5_173849_Bubalus_kerabau__carabao__HLbubKer1__GCF_029407905.1	mm10.ENSMUST00000025647#Pga5#173849#Bubalus_kerabau__carabao__HLbubKer1__GCF_029407905.1	Pga5	Bubalus_kerabau__carabao__HLbubKer1__GCF_029407905.1	2	2
HLbosTau10.ENSBTAT00000063428_ENSBTAG00000051196_1335_Bubalus_kerabau__carabao__HLbubKer1__GCF_029407905.1	HLbosTau10.ENSBTAT00000063428#ENSBTAG00000051196#1335#Bubalus_kerabau__carabao__HLbubKer1__GCF_029407905.1	ENSBTAG00000051196	Bubalus_kerabau__carabao__HLbubKer1__GCF_029407905.1	2	2
mm10.ENSMUST00000025647_Pga5_13860_Bubalus_kerabau__carabao__HLbubKer1__GCF_029407905.1	mm10.ENSMUST00000025647#Pga5#13860#Bubalus_kerabau__carabao__HLbubKer1__GCF_029407905.1	Pga5	Bubalus_kerabau__carabao__HLbubKer1__GCF_029407905.1	2	2
mm10.ENSMUST00000025647_Pga5_13522_Bubalus_kerabau__carabao__HLbubKer1__GCF_029407905.1	mm10.ENSMUST00000025647#Pga5#13522#Bubalus_kerabau__carabao__HLbubKer1__GCF_029407905.1	Pga5	Bubalus_kerabau__carabao__HLbubKer1__GCF_029407905.1	2	2
HLbosTau10.ENSBTAT00000009701_ENSBTAG00000038506_2157_Bubalus_kerabau__carabao__HLbubKer1__GCF_029407905.1	HLbosTau10.ENSBTAT00000009701#ENSBTAG00000038506#2157#Bubalus_kerabau__carabao__HLbubKer1__GCF_029407905.1	ENSBTAG00000038506	Bubalus_kerabau__carabao__HLbubKer1__GCF_029407905.1	2	2
HLbosTau10.ENSBTAT00000063428_ENSBTAG00000051196_1154_Bubalus_kerabau__carabao__HLbubKer1__GCF_029407905.1	HLbosTau10.ENSBTAT00000063428#ENSBTAG00000051196#1154#Bubalus_kerabau__carabao__HLbubKer1__GCF_029407905.1	ENSBTAG00000051196	Bubalus_kerabau__carabao__HLbubKer1__GCF_029407905.1	2	2
HLbosTau10.ENSBTAT00000050648_PAG9_1441640_Bubalus_kerabau__carabao__HLbubKer1__GCF_029407905.1	HLbosTau10.ENSBTAT00000050648#PAG9#1441640#Bubalus_kerabau__carabao__HLbubKer1__GCF_029407905.1	PAG9	Bubalus_kerabau__carabao__HLbubKer1__GCF_029407905.1	2	2
mm10.ENSMUST00000025647_Pga5_15569_Bubalus_kerabau__carabao__HLbubKer1__GCF_029407905.1	mm10.ENSMUST00000025647#Pga5#15569#Bubalus_kerabau__carabao__HLbubKer1__GCF_029407905.1	Pga5	Bubalus_kerabau__carabao__HLbubKer1__GCF_029407905.1	2	2
HLbosTau10.NM_176619_PAG8_676346_Bubalus_kerabau__carabao__HLbubKer1__GCF_029407905.1	HLbosTau10.NM_176619#PAG8#676346#Bubalus_kerabau__carabao__HLbubKer1__GCF_029407905.1	PAG8	Bubalus_kerabau__carabao__HLbubKer1__GCF_029407905.1	2	2
HLbosTau10.ENSBTAT00000077448_ENSBTAG00000048542_13591_Bubalus_kerabau__carabao__HLbubKer1__GCF_029407905.1	HLbosTau10.ENSBTAT00000077448#ENSBTAG00000048542#13591#Bubalus_kerabau__carabao__HLbubKer1__GCF_029407905.1	ENSBTAG00000048542	Bubalus_kerabau__carabao__HLbubKer1__GCF_029407905.1	2	2
mm10.ENSMUST00000025647_Pga5_10500_Bubalus_kerabau__carabao__HLbubKer1__GCF_029407905.1	mm10.ENSMUST00000025647#Pga5#10500#Bubalus_kerabau__carabao__HLbubKer1__GCF_029407905.1	Pga5	Bubalus_kerabau__carabao__HLbubKer1__GCF_029407905.1	2	2
HLbosTau10.ENSBTAT00000050664_PAG15_34024_Bubalus_kerabau__carabao__HLbubKer1__GCF_029407905.1	HLbosTau10.ENSBTAT00000050664#PAG15#34024#Bubalus_kerabau__carabao__HLbubKer1__GCF_029407905.1	PAG15	Bubalus_kerabau__carabao__HLbubKer1__GCF_029407905.1	2	2
HLbosTau10.ENSBTAT00000050664_PAG15_3811_Bubalus_kerabau__carabao__HLbubKer1__GCF_029407905.1	HLbosTau10.ENSBTAT00000050664#PAG15#3811#Bubalus_kerabau__carabao__HLbubKer1__GCF_029407905.1	PAG15	Bubalus_kerabau__carabao__HLbubKer1__GCF_029407905.1	2	2
HLbosTau10.NM_174411_ENSBTAG00000054180_2979_Bubalus_kerabau__carabao__HLbubKer1__GCF_029407905.1	HLbosTau10.NM_174411#ENSBTAG00000054180#2979#Bubalus_kerabau__carabao__HLbubKer1__GCF_029407905.1	ENSBTAG00000054180	Bubalus_kerabau__carabao__HLbubKer1__GCF_029407905.1	2	2
mm10.ENSMUST00000025647_Pga5_16042_Bubalus_kerabau__carabao__HLbubKer1__GCF_029407905.1	mm10.ENSMUST00000025647#Pga5#16042#Bubalus_kerabau__carabao__HLbubKer1__GCF_029407905.1	Pga5	Bubalus_kerabau__carabao__HLbubKer1__GCF_029407905.1	2	2
HLbosTau10.ENSBTAT00000013786_PAG7_27_Bubalus_kerabau__carabao__HLbubKer1__GCF_029407905.1	HLbosTau10.ENSBTAT00000013786#PAG7#27#Bubalus_kerabau__carabao__HLbubKer1__GCF_029407905.1	PAG7	Bubalus_kerabau__carabao__HLbubKer1__GCF_029407905.1	2	2
HLbosTau10.ENSBTAT00000038878_PAG6_4730_Bubalus_kerabau__carabao__HLbubKer1__GCF_029407905.1	HLbosTau10.ENSBTAT00000038878#PAG6#4730#Bubalus_kerabau__carabao__HLbubKer1__GCF_029407905.1	PAG6	Bubalus_kerabau__carabao__HLbubKer1__GCF_029407905.1	2	2
HLbosTau10.NM_176619_PAG8_65966_Bubalus_kerabau__carabao__HLbubKer1__GCF_029407905.1	HLbosTau10.NM_176619#PAG8#65966#Bubalus_kerabau__carabao__HLbubKer1__GCF_029407905.1	PAG8	Bubalus_kerabau__carabao__HLbubKer1__GCF_029407905.1	2	2
HLbosTau10.ENSBTAT00000025597_PAG8_97293_Bubalus_kerabau__carabao__HLbubKer1__GCF_029407905.1	HLbosTau10.ENSBTAT00000025597#PAG8#97293#Bubalus_kerabau__carabao__HLbubKer1__GCF_029407905.1	PAG8	Bubalus_kerabau__carabao__HLbubKer1__GCF_029407905.1	2	2
mm10.ENSMUST00000025647_Pga5_12616_Bubalus_kerabau__carabao__HLbubKer1__GCF_029407905.1	mm10.ENSMUST00000025647#Pga5#12616#Bubalus_kerabau__carabao__HLbubKer1__GCF_029407905.1	Pga5	Bubalus_kerabau__carabao__HLbubKer1__GCF_029407905.1	2	2
HLbosTau10.ENSBTAT00000025597_PAG8_4228_Bubalus_kerabau__carabao__HLbubKer1__GCF_029407905.1	HLbosTau10.ENSBTAT00000025597#PAG8#4228#Bubalus_kerabau__carabao__HLbubKer1__GCF_029407905.1	PAG8	Bubalus_kerabau__carabao__HLbubKer1__GCF_029407905.1	2	2
mm10.ENSMUST00000025647_Pga5_152543_Bubalus_kerabau__carabao__HLbubKer1__GCF_029407905.1	mm10.ENSMUST00000025647#Pga5#152543#Bubalus_kerabau__carabao__HLbubKer1__GCF_029407905.1	Pga5	Bubalus_kerabau__carabao__HLbubKer1__GCF_029407905.1	2	2
HLbosTau10.NM_176619_PAG8_694_Bubalus_kerabau__carabao__HLbubKer1__GCF_029407905.1	HLbosTau10.NM_176619#PAG8#694#Bubalus_kerabau__carabao__HLbubKer1__GCF_029407905.1	PAG8	Bubalus_kerabau__carabao__HLbubKer1__GCF_029407905.1	2	2
HLbosTau10.NM_176630_PAG21_14250_Bubalus_kerabau__carabao__HLbubKer1__GCF_029407905.1	HLbosTau10.NM_176630#PAG21#14250#Bubalus_kerabau__carabao__HLbubKer1__GCF_029407905.1	PAG21	Bubalus_kerabau__carabao__HLbubKer1__GCF_029407905.1	6	4
mm10.ENSMUST00000025647_Pga5_95853_Bubalus_kerabau__carabao__HLbubKer1__GCF_029407905.1	mm10.ENSMUST00000025647#Pga5#95853#Bubalus_kerabau__carabao__HLbubKer1__GCF_029407905.1	Pga5	Bubalus_kerabau__carabao__HLbubKer1__GCF_029407905.1	10	4
HLbosTau10.ENSBTAT00000005384_PAG10_27_Bubalus_kerabau__carabao__HLbubKer1__GCF_029407905.1	HLbosTau10.ENSBTAT00000005384#PAG10#27#Bubalus_kerabau__carabao__HLbubKer1__GCF_029407905.1	PAG10	Bubalus_kerabau__carabao__HLbubKer1__GCF_029407905.1	10	4
HLbosTau10.ENSBTAT00000025517_PAG2_1336_Bubalus_kerabau__carabao__HLbubKer1__GCF_029407905.1	HLbosTau10.ENSBTAT00000025517#PAG2#1336#Bubalus_kerabau__carabao__HLbubKer1__GCF_029407905.1	PAG2	Bubalus_kerabau__carabao__HLbubKer1__GCF_029407905.1	2	2
mm10.ENSMUST00000025647_Pga5_8364_Bubalus_kerabau__carabao__HLbubKer1__GCF_029407905.1	mm10.ENSMUST00000025647#Pga5#8364#Bubalus_kerabau__carabao__HLbubKer1__GCF_029407905.1	Pga5	Bubalus_kerabau__carabao__HLbubKer1__GCF_029407905.1	2	2
HLbosTau10.NM_176625_PAG16_971463_Budorcas_taxicolor__takin__HLbudTax1__GCA_023091745.1	HLbosTau10.NM_176625#PAG16#971463#Budorcas_taxicolor__takin__HLbudTax1__GCA_023091745.1	PAG16	Budorcas_taxicolor__takin__HLbudTax1__GCA_023091745.1	10	4
HLbosTau10.ENSBTAT00000063428_ENSBTAG00000051196_85161_Budorcas_taxicolor__takin__HLbudTax1__GCA_023091745.1	HLbosTau10.ENSBTAT00000063428#ENSBTAG00000051196#85161#Budorcas_taxicolor__takin__HLbudTax1__GCA_023091745.1	ENSBTAG00000051196	Budorcas_taxicolor__takin__HLbudTax1__GCA_023091745.1	6	4
HLbosTau10.ENSBTAT00000013786_PAG7_441_Budorcas_taxicolor__takin__HLbudTax1__GCA_023091745.1	HLbosTau10.ENSBTAT00000013786#PAG7#441#Budorcas_taxicolor__takin__HLbudTax1__GCA_023091745.1	PAG7	Budorcas_taxicolor__takin__HLbudTax1__GCA_023091745.1	10	4
mm10.ENSMUST00000025647_Pga5_39820_Budorcas_taxicolor__takin__HLbudTax1__GCA_023091745.1	mm10.ENSMUST00000025647#Pga5#39820#Budorcas_taxicolor__takin__HLbudTax1__GCA_023091745.1	Pga5	Budorcas_taxicolor__takin__HLbudTax1__GCA_023091745.1	2	2
HLbosTau10.ENSBTAT00000025597_PAG8_1196022_Budorcas_taxicolor__takin__HLbudTax1__GCA_023091745.1	HLbosTau10.ENSBTAT00000025597#PAG8#1196022#Budorcas_taxicolor__takin__HLbudTax1__GCA_023091745.1	PAG8	Budorcas_taxicolor__takin__HLbudTax1__GCA_023091745.1	2	2
HLbosTau10.ENSBTAT00000005384_PAG10_14312_Budorcas_taxicolor__takin__HLbudTax1__GCA_023091745.1	HLbosTau10.ENSBTAT00000005384#PAG10#14312#Budorcas_taxicolor__takin__HLbudTax1__GCA_023091745.1	PAG10	Budorcas_taxicolor__takin__HLbudTax1__GCA_023091745.1	2	2
mm10.ENSMUST00000025647_Pga5_9449_Budorcas_taxicolor__takin__HLbudTax1__GCA_023091745.1	mm10.ENSMUST00000025647#Pga5#9449#Budorcas_taxicolor__takin__HLbudTax1__GCA_023091745.1	Pga5	Budorcas_taxicolor__takin__HLbudTax1__GCA_023091745.1	2	2
HLbosTau10.ENSBTAT00000005384_PAG10_7209_Budorcas_taxicolor__takin__HLbudTax1__GCA_023091745.1	HLbosTau10.ENSBTAT00000005384#PAG10#7209#Budorcas_taxicolor__takin__HLbudTax1__GCA_023091745.1	PAG10	Budorcas_taxicolor__takin__HLbudTax1__GCA_023091745.1	2	2
HLbosTau10.ENSBTAT00000038954_PAG21_956367_Budorcas_taxicolor__takin__HLbudTax1__GCA_023091745.1	HLbosTau10.ENSBTAT00000038954#PAG21#956367#Budorcas_taxicolor__takin__HLbudTax1__GCA_023091745.1	PAG21	Budorcas_taxicolor__takin__HLbudTax1__GCA_023091745.1	2	2
HLbosTau10.ENSBTAT00000013786_PAG7_1095341_Budorcas_taxicolor__takin__HLbudTax1__GCA_023091745.1	HLbosTau10.ENSBTAT00000013786#PAG7#1095341#Budorcas_taxicolor__takin__HLbudTax1__GCA_023091745.1	PAG7	Budorcas_taxicolor__takin__HLbudTax1__GCA_023091745.1	2	2
HLbosTau10.ENSBTAT00000027020_ENSBTAG00000035736_175421_Budorcas_taxicolor__takin__HLbudTax1__GCA_023091745.1	HLbosTau10.ENSBTAT00000027020#ENSBTAG00000035736#175421#Budorcas_taxicolor__takin__HLbudTax1__GCA_023091745.1	ENSBTAG00000035736	Budorcas_taxicolor__takin__HLbudTax1__GCA_023091745.1	2	2
mm10.ENSMUST00000025647_Pga5_19402_Budorcas_taxicolor__takin__HLbudTax1__GCA_023091745.1	mm10.ENSMUST00000025647#Pga5#19402#Budorcas_taxicolor__takin__HLbudTax1__GCA_023091745.1	Pga5	Budorcas_taxicolor__takin__HLbudTax1__GCA_023091745.1	2	2
HLbosTau10.ENSBTAT00000050664_PAG15_285868_Budorcas_taxicolor__takin__HLbudTax1__GCA_023091745.1	HLbosTau10.ENSBTAT00000050664#PAG15#285868#Budorcas_taxicolor__takin__HLbudTax1__GCA_023091745.1	PAG15	Budorcas_taxicolor__takin__HLbudTax1__GCA_023091745.1	2	2
HLbosTau10.ENSBTAT00000013786_PAG7_27_Budorcas_taxicolor__takin__HLbudTax1__GCA_023091745.1	HLbosTau10.ENSBTAT00000013786#PAG7#27#Budorcas_taxicolor__takin__HLbudTax1__GCA_023091745.1	PAG7	Budorcas_taxicolor__takin__HLbudTax1__GCA_023091745.1	2	2
HLbosTau10.ENSBTAT00000013786_PAG7_1071713_Budorcas_taxicolor__takin__HLbudTax1__GCA_023091745.1	HLbosTau10.ENSBTAT00000013786#PAG7#1071713#Budorcas_taxicolor__takin__HLbudTax1__GCA_023091745.1	PAG7	Budorcas_taxicolor__takin__HLbudTax1__GCA_023091745.1	2	2
HLbosTau10.XM_002707800_ENSBTAG00000051501_1359756_Budorcas_taxicolor__takin__HLbudTax1__GCA_023091745.1	HLbosTau10.XM_002707800#ENSBTAG00000051501#1359756#Budorcas_taxicolor__takin__HLbudTax1__GCA_023091745.1	ENSBTAG00000051501	Budorcas_taxicolor__takin__HLbudTax1__GCA_023091745.1	2	2
HLbosTau10.ENSBTAT00000007506_MGC157408_1718_Budorcas_taxicolor__takin__HLbudTax1__GCA_023091745.1	HLbosTau10.ENSBTAT00000007506#MGC157408#1718#Budorcas_taxicolor__takin__HLbudTax1__GCA_023091745.1	MGC157408	Budorcas_taxicolor__takin__HLbudTax1__GCA_023091745.1	2	2
HLbosTau10.ENSBTAT00000050664_PAG15_3679_Budorcas_taxicolor__takin__HLbudTax1__GCA_023091745.1	HLbosTau10.ENSBTAT00000050664#PAG15#3679#Budorcas_taxicolor__takin__HLbudTax1__GCA_023091745.1	PAG15	Budorcas_taxicolor__takin__HLbudTax1__GCA_023091745.1	2	2
mm10.ENSMUST00000025647_Pga5_9886_Budorcas_taxicolor__takin__HLbudTax1__GCA_023091745.1	mm10.ENSMUST00000025647#Pga5#9886#Budorcas_taxicolor__takin__HLbudTax1__GCA_023091745.1	Pga5	Budorcas_taxicolor__takin__HLbudTax1__GCA_023091745.1	2	2
mm10.ENSMUST00000025647_Pga5_125934_Budorcas_taxicolor__takin__HLbudTax1__GCA_023091745.1	mm10.ENSMUST00000025647#Pga5#125934#Budorcas_taxicolor__takin__HLbudTax1__GCA_023091745.1	Pga5	Budorcas_taxicolor__takin__HLbudTax1__GCA_023091745.1	2	2
mm10.ENSMUST00000025647_Pga5_11891_Budorcas_taxicolor__takin__HLbudTax1__GCA_023091745.1	mm10.ENSMUST00000025647#Pga5#11891#Budorcas_taxicolor__takin__HLbudTax1__GCA_023091745.1	Pga5	Budorcas_taxicolor__takin__HLbudTax1__GCA_023091745.1	2	2
mm10.ENSMUST00000025647_Pga5_12643_Budorcas_taxicolor__takin__HLbudTax1__GCA_023091745.1	mm10.ENSMUST00000025647#Pga5#12643#Budorcas_taxicolor__takin__HLbudTax1__GCA_023091745.1	Pga5	Budorcas_taxicolor__takin__HLbudTax1__GCA_023091745.1	2	2
HLbosTau10.NM_176630_PAG21_157801_Budorcas_taxicolor__takin__HLbudTax1__GCA_023091745.1	HLbosTau10.NM_176630#PAG21#157801#Budorcas_taxicolor__takin__HLbudTax1__GCA_023091745.1	PAG21	Budorcas_taxicolor__takin__HLbudTax1__GCA_023091745.1	2	2
HLbosTau10.NM_176619_PAG8_10745_Budorcas_taxicolor__takin__HLbudTax1__GCA_023091745.1	HLbosTau10.NM_176619#PAG8#10745#Budorcas_taxicolor__takin__HLbudTax1__GCA_023091745.1	PAG8	Budorcas_taxicolor__takin__HLbudTax1__GCA_023091745.1	2	2
HLbosTau10.XM_002707800_ENSBTAG00000051501_34153_Budorcas_taxicolor__takin__HLbudTax1__GCA_023091745.1	HLbosTau10.XM_002707800#ENSBTAG00000051501#34153#Budorcas_taxicolor__takin__HLbudTax1__GCA_023091745.1	ENSBTAG00000051501	Budorcas_taxicolor__takin__HLbudTax1__GCA_023091745.1	2	2
HLbosTau10.ENSBTAT00000018996_ENSBTAG00000040257_4660_Budorcas_taxicolor__takin__HLbudTax1__GCA_023091745.1	HLbosTau10.ENSBTAT00000018996#ENSBTAG00000040257#4660#Budorcas_taxicolor__takin__HLbudTax1__GCA_023091745.1	ENSBTAG00000040257	Budorcas_taxicolor__takin__HLbudTax1__GCA_023091745.1	2	2
HLbosTau10.ENSBTAT00000013786_PAG7_1136_Budorcas_taxicolor__takin__HLbudTax1__GCA_023091745.1	HLbosTau10.ENSBTAT00000013786#PAG7#1136#Budorcas_taxicolor__takin__HLbudTax1__GCA_023091745.1	PAG7	Budorcas_taxicolor__takin__HLbudTax1__GCA_023091745.1	2	2
HLbosTau10.ENSBTAT00000009701_ENSBTAG00000038506_859783_Budorcas_taxicolor__takin__HLbudTax1__GCA_023091745.1	HLbosTau10.ENSBTAT00000009701#ENSBTAG00000038506#859783#Budorcas_taxicolor__takin__HLbudTax1__GCA_023091745.1	ENSBTAG00000038506	Budorcas_taxicolor__takin__HLbudTax1__GCA_023091745.1	2	2
HLbosTau10.NM_176630_PAG21_18097_Budorcas_taxicolor__takin__HLbudTax1__GCA_023091745.1	HLbosTau10.NM_176630#PAG21#18097#Budorcas_taxicolor__takin__HLbudTax1__GCA_023091745.1	PAG21	Budorcas_taxicolor__takin__HLbudTax1__GCA_023091745.1	2	2
HLbosTau10.NM_001304570_PAG14_1230479_Budorcas_taxicolor__takin__HLbudTax1__GCA_023091745.1	HLbosTau10.NM_001304570#PAG14#1230479#Budorcas_taxicolor__takin__HLbudTax1__GCA_023091745.1	PAG14	Budorcas_taxicolor__takin__HLbudTax1__GCA_023091745.1	2	2
mm10.ENSMUST00000025647_Pga5_17902_Budorcas_taxicolor__takin__HLbudTax1__GCA_023091745.1	mm10.ENSMUST00000025647#Pga5#17902#Budorcas_taxicolor__takin__HLbudTax1__GCA_023091745.1	Pga5	Budorcas_taxicolor__takin__HLbudTax1__GCA_023091745.1	2	2
mm10.ENSMUST00000025647_Pga5_14847_Budorcas_taxicolor__takin__HLbudTax1__GCA_023091745.1	mm10.ENSMUST00000025647#Pga5#14847#Budorcas_taxicolor__takin__HLbudTax1__GCA_023091745.1	Pga5	Budorcas_taxicolor__takin__HLbudTax1__GCA_023091745.1	2	2
HLbosTau10.ENSBTAT00000017669_ENSBTAG00000035736_91_Budorcas_taxicolor__takin__HLbudTax1__GCA_023091745.1	HLbosTau10.ENSBTAT00000017669#ENSBTAG00000035736#91#Budorcas_taxicolor__takin__HLbudTax1__GCA_023091745.1	ENSBTAG00000035736	Budorcas_taxicolor__takin__HLbudTax1__GCA_023091745.1	2	2
HLbosTau10.ENSBTAT00000017669_ENSBTAG00000035736_962_Budorcas_taxicolor__takin__HLbudTax1__GCA_023091745.1	HLbosTau10.ENSBTAT00000017669#ENSBTAG00000035736#962#Budorcas_taxicolor__takin__HLbudTax1__GCA_023091745.1	ENSBTAG00000035736	Budorcas_taxicolor__takin__HLbudTax1__GCA_023091745.1	2	2
HLbosTau10.ENSBTAT00000063428_ENSBTAG00000051196_576_Budorcas_taxicolor__takin__HLbudTax1__GCA_023091745.1	HLbosTau10.ENSBTAT00000063428#ENSBTAG00000051196#576#Budorcas_taxicolor__takin__HLbudTax1__GCA_023091745.1	ENSBTAG00000051196	Budorcas_taxicolor__takin__HLbudTax1__GCA_023091745.1	2	2
mm10.ENSMUST00000025647_Pga5_12304_Budorcas_taxicolor__takin__HLbudTax1__GCA_023091745.1	mm10.ENSMUST00000025647#Pga5#12304#Budorcas_taxicolor__takin__HLbudTax1__GCA_023091745.1	Pga5	Budorcas_taxicolor__takin__HLbudTax1__GCA_023091745.1	2	2
HLbosTau10.ENSBTAT00000030466_PAG18_161171_Budorcas_taxicolor__takin__HLbudTax1__GCA_023091745.1	HLbosTau10.ENSBTAT00000030466#PAG18#161171#Budorcas_taxicolor__takin__HLbudTax1__GCA_023091745.1	PAG18	Budorcas_taxicolor__takin__HLbudTax1__GCA_023091745.1	2	2
HLbosTau10.ENSBTAT00000050648_PAG9_97_Budorcas_taxicolor__takin__HLbudTax1__GCA_023091745.1	HLbosTau10.ENSBTAT00000050648#PAG9#97#Budorcas_taxicolor__takin__HLbudTax1__GCA_023091745.1	PAG9	Budorcas_taxicolor__takin__HLbudTax1__GCA_023091745.1	2	2
mm10.ENSMUST00000025647_Pga5_16372_Budorcas_taxicolor__takin__HLbudTax1__GCA_023091745.1	mm10.ENSMUST00000025647#Pga5#16372#Budorcas_taxicolor__takin__HLbudTax1__GCA_023091745.1	Pga5	Budorcas_taxicolor__takin__HLbudTax1__GCA_023091745.1	2	2
HLeleMaxInd3A.XM_049891846.1_LOC126080666_124666_Budorcas_taxicolor__takin__HLbudTax1__GCA_023091745.1	HLeleMaxInd3A.XM_049891846.1#LOC126080666#124666#Budorcas_taxicolor__takin__HLbudTax1__GCA_023091745.1	LOC126080666	Budorcas_taxicolor__takin__HLbudTax1__GCA_023091745.1	2	2
HLbosTau10.ENSBTAT00000030466_PAG18_888299_Budorcas_taxicolor__takin__HLbudTax1__GCA_023091745.1	HLbosTau10.ENSBTAT00000030466#PAG18#888299#Budorcas_taxicolor__takin__HLbudTax1__GCA_023091745.1	PAG18	Budorcas_taxicolor__takin__HLbudTax1__GCA_023091745.1	2	2
HLbosTau10.ENSBTAT00000017669_ENSBTAG00000035736_391_Budorcas_taxicolor__takin__HLbudTax1__GCA_023091745.1	HLbosTau10.ENSBTAT00000017669#ENSBTAG00000035736#391#Budorcas_taxicolor__takin__HLbudTax1__GCA_023091745.1	ENSBTAG00000035736	Budorcas_taxicolor__takin__HLbudTax1__GCA_023091745.1	2	2
HLbosTau10.ENSBTAT00000038954_PAG21_370_Budorcas_taxicolor__takin__HLbudTax1__GCA_023091745.1	HLbosTau10.ENSBTAT00000038954#PAG21#370#Budorcas_taxicolor__takin__HLbudTax1__GCA_023091745.1	PAG21	Budorcas_taxicolor__takin__HLbudTax1__GCA_023091745.1	2	2
HLbosTau10.ENSBTAT00000027020_ENSBTAG00000035736_1381321_Budorcas_taxicolor__takin__HLbudTax1__GCA_023091745.1	HLbosTau10.ENSBTAT00000027020#ENSBTAG00000035736#1381321#Budorcas_taxicolor__takin__HLbudTax1__GCA_023091745.1	ENSBTAG00000035736	Budorcas_taxicolor__takin__HLbudTax1__GCA_023091745.1	2	2
mm10.ENSMUST00000025647_Pga5_13988_Budorcas_taxicolor__takin__HLbudTax1__GCA_023091745.1	mm10.ENSMUST00000025647#Pga5#13988#Budorcas_taxicolor__takin__HLbudTax1__GCA_023091745.1	Pga5	Budorcas_taxicolor__takin__HLbudTax1__GCA_023091745.1	2	2
mm10.ENSMUST00000025647_Pga5_14948_Budorcas_taxicolor__takin__HLbudTax1__GCA_023091745.1	mm10.ENSMUST00000025647#Pga5#14948#Budorcas_taxicolor__takin__HLbudTax1__GCA_023091745.1	Pga5	Budorcas_taxicolor__takin__HLbudTax1__GCA_023091745.1	2	2
mm10.ENSMUST00000025647_Pga5_13593_Budorcas_taxicolor__takin__HLbudTax1__GCA_023091745.1	mm10.ENSMUST00000025647#Pga5#13593#Budorcas_taxicolor__takin__HLbudTax1__GCA_023091745.1	Pga5	Budorcas_taxicolor__takin__HLbudTax1__GCA_023091745.1	2	2
HLbosTau10.ENSBTAT00000025567_PAG12_7957_Budorcas_taxicolor__takin__HLbudTax1__GCA_023091745.1	HLbosTau10.ENSBTAT00000025567#PAG12#7957#Budorcas_taxicolor__takin__HLbudTax1__GCA_023091745.1	PAG12	Budorcas_taxicolor__takin__HLbudTax1__GCA_023091745.1	2	2
HLbosTau10.ENSBTAT00000079331_ENSBTAG00000051501_940953_Budorcas_taxicolor__takin__HLbudTax1__GCA_023091745.1	HLbosTau10.ENSBTAT00000079331#ENSBTAG00000051501#940953#Budorcas_taxicolor__takin__HLbudTax1__GCA_023091745.1	ENSBTAG00000051501	Budorcas_taxicolor__takin__HLbudTax1__GCA_023091745.1	2	2
HLbosTau10.NM_001109978_PAG7_1245950_Budorcas_taxicolor__takin__HLbudTax1__GCA_023091745.1	HLbosTau10.NM_001109978#PAG7#1245950#Budorcas_taxicolor__takin__HLbudTax1__GCA_023091745.1	PAG7	Budorcas_taxicolor__takin__HLbudTax1__GCA_023091745.1	2	2
HLbosTau10.ENSBTAT00000005384_PAG10_7957_Budorcas_taxicolor__takin__HLbudTax1__GCA_023091745.1	HLbosTau10.ENSBTAT00000005384#PAG10#7957#Budorcas_taxicolor__takin__HLbudTax1__GCA_023091745.1	PAG10	Budorcas_taxicolor__takin__HLbudTax1__GCA_023091745.1	2	2
HLbosTau10.XM_002707800_ENSBTAG00000051501_833671_Budorcas_taxicolor__takin__HLbudTax1__GCA_023091745.1	HLbosTau10.XM_002707800#ENSBTAG00000051501#833671#Budorcas_taxicolor__takin__HLbudTax1__GCA_023091745.1	ENSBTAG00000051501	Budorcas_taxicolor__takin__HLbudTax1__GCA_023091745.1	2	2
mm10.ENSMUST00000025647_Pga5_12386_Budorcas_taxicolor__takin__HLbudTax1__GCA_023091745.1	mm10.ENSMUST00000025647#Pga5#12386#Budorcas_taxicolor__takin__HLbudTax1__GCA_023091745.1	Pga5	Budorcas_taxicolor__takin__HLbudTax1__GCA_023091745.1	2	2
HLbosTau10.ENSBTAT00000025567_PAG12_889335_Budorcas_taxicolor__takin__HLbudTax1__GCA_023091745.1	HLbosTau10.ENSBTAT00000025567#PAG12#889335#Budorcas_taxicolor__takin__HLbudTax1__GCA_023091745.1	PAG12	Budorcas_taxicolor__takin__HLbudTax1__GCA_023091745.1	2	2
HLbosTau10.ENSBTAT00000013786_PAG7_792766_Budorcas_taxicolor__takin__HLbudTax1__GCA_023091745.1	HLbosTau10.ENSBTAT00000013786#PAG7#792766#Budorcas_taxicolor__takin__HLbudTax1__GCA_023091745.1	PAG7	Budorcas_taxicolor__takin__HLbudTax1__GCA_023091745.1	2	2
HLbosTau10.ENSBTAT00000007506_MGC157408_1588_Budorcas_taxicolor__takin__HLbudTax1__GCA_023091745.1	HLbosTau10.ENSBTAT00000007506#MGC157408#1588#Budorcas_taxicolor__takin__HLbudTax1__GCA_023091745.1	MGC157408	Budorcas_taxicolor__takin__HLbudTax1__GCA_023091745.1	2	2
mm10.ENSMUST00000025647_Pga5_11818_Budorcas_taxicolor__takin__HLbudTax1__GCA_023091745.1	mm10.ENSMUST00000025647#Pga5#11818#Budorcas_taxicolor__takin__HLbudTax1__GCA_023091745.1	Pga5	Budorcas_taxicolor__takin__HLbudTax1__GCA_023091745.1	2	2
mm10.ENSMUST00000025647_Pga5_17989_Budorcas_taxicolor__takin__HLbudTax1__GCA_023091745.1	mm10.ENSMUST00000025647#Pga5#17989#Budorcas_taxicolor__takin__HLbudTax1__GCA_023091745.1	Pga5	Budorcas_taxicolor__takin__HLbudTax1__GCA_023091745.1	2	2
hg38.ENST00000325558.11_PGA3_14000_Budorcas_taxicolor__takin__HLbudTax1__GCA_023091745.1	hg38.ENST00000325558.11#PGA3#14000#Budorcas_taxicolor__takin__HLbudTax1__GCA_023091745.1	PGA3	Budorcas_taxicolor__takin__HLbudTax1__GCA_023091745.1	2	2
HLbosTau10.ENSBTAT00000005384_PAG10_5839_Budorcas_taxicolor__takin__HLbudTax1__GCA_023091745.1	HLbosTau10.ENSBTAT00000005384#PAG10#5839#Budorcas_taxicolor__takin__HLbudTax1__GCA_023091745.1	PAG10	Budorcas_taxicolor__takin__HLbudTax1__GCA_023091745.1	7	4
mm10.ENSMUST00000025647_Pga5_9389_Budorcas_taxicolor__takin__HLbudTax1__GCA_023091745.1	mm10.ENSMUST00000025647#Pga5#9389#Budorcas_taxicolor__takin__HLbudTax1__GCA_023091745.1	Pga5	Budorcas_taxicolor__takin__HLbudTax1__GCA_023091745.1	9	4
HLbosTau10.ENSBTAT00000038878_PAG6_1132100_Budorcas_taxicolor__takin__HLbudTax1__GCA_023091745.1	HLbosTau10.ENSBTAT00000038878#PAG6#1132100#Budorcas_taxicolor__takin__HLbudTax1__GCA_023091745.1	PAG6	Budorcas_taxicolor__takin__HLbudTax1__GCA_023091745.1	8	4
HLbosTau10.ENSBTAT00000017585_ENSBTAG00000013214_705699_Budorcas_taxicolor__takin__HLbudTax1__GCA_023091745.1	HLbosTau10.ENSBTAT00000017585#ENSBTAG00000013214#705699#Budorcas_taxicolor__takin__HLbudTax1__GCA_023091745.1	ENSBTAG00000013214	Budorcas_taxicolor__takin__HLbudTax1__GCA_023091745.1	4	4
HLbosTau10.ENSBTAT00000013786_PAG7_294487_Budorcas_taxicolor__takin__HLbudTax1__GCA_023091745.1	HLbosTau10.ENSBTAT00000013786#PAG7#294487#Budorcas_taxicolor__takin__HLbudTax1__GCA_023091745.1	PAG7	Budorcas_taxicolor__takin__HLbudTax1__GCA_023091745.1	5	4
HLbosTau10.ENSBTAT00000025517_PAG2_185227_Budorcas_taxicolor__takin__HLbudTax1__GCA_023091745.1	HLbosTau10.ENSBTAT00000025517#PAG2#185227#Budorcas_taxicolor__takin__HLbudTax1__GCA_023091745.1	PAG2	Budorcas_taxicolor__takin__HLbudTax1__GCA_023091745.1	5	4
HLbosTau10.ENSBTAT00000030188_ENSBTAG00000024611_292_Budorcas_taxicolor__takin__HLbudTax1__GCA_023091745.1	HLbosTau10.ENSBTAT00000030188#ENSBTAG00000024611#292#Budorcas_taxicolor__takin__HLbudTax1__GCA_023091745.1	ENSBTAG00000024611	Budorcas_taxicolor__takin__HLbudTax1__GCA_023091745.1	5	4
HLbosTau10.ENSBTAT00000005399_PAG11_4903_Budorcas_taxicolor__takin__HLbudTax1__GCA_023091745.1	HLbosTau10.ENSBTAT00000005399#PAG11#4903#Budorcas_taxicolor__takin__HLbudTax1__GCA_023091745.1	PAG11	Budorcas_taxicolor__takin__HLbudTax1__GCA_023091745.1	5	4
hg38.ENST00000312403.10_PGA5_6567_Budorcas_taxicolor__takin__HLbudTax1__GCA_023091745.1	hg38.ENST00000312403.10#PGA5#6567#Budorcas_taxicolor__takin__HLbudTax1__GCA_023091745.1	PGA5	Budorcas_taxicolor__takin__HLbudTax1__GCA_023091745.1	56	38
HLbosTau10.ENSBTAT00000027020_ENSBTAG00000035736_2635_Callithrix_jacchus__White-tufted-ear_marmoset__HLcalJacc6__GCA_049354715.1	HLbosTau10.ENSBTAT00000027020#ENSBTAG00000035736#2635#Callithrix_jacchus__White-tufted-ear_marmoset__HLcalJacc6__GCA_049354715.1	ENSBTAG00000035736	Callithrix_jacchus__White-tufted-ear_marmoset__HLcalJacc6__GCA_049354715.1	32	22
hg38.ENST00000312403.10_PGA5_9108_Callithrix_jacchus__White-tufted-ear_marmoset__HLcalJacc6__GCA_049354715.1	hg38.ENST00000312403.10#PGA5#9108#Callithrix_jacchus__White-tufted-ear_marmoset__HLcalJacc6__GCA_049354715.1	PGA5	Callithrix_jacchus__White-tufted-ear_marmoset__HLcalJacc6__GCA_049354715.1	58	38
HLbosTau10.NM_176625_PAG16_18966_Callithrix_jacchus__white-tufted-ear_marmoset__HLcalJac5__GCF_011100555.1	HLbosTau10.NM_176625#PAG16#18966#Callithrix_jacchus__white-tufted-ear_marmoset__HLcalJac5__GCF_011100555.1	PAG16	Callithrix_jacchus__white-tufted-ear_marmoset__HLcalJac5__GCF_011100555.1	32	22
hg38.ENST00000312403.10_PGA5_8406_Callithrix_jacchus__white-tufted-ear_marmoset__HLcalJac5__GCF_011100555.1	hg38.ENST00000312403.10#PGA5#8406#Callithrix_jacchus__white-tufted-ear_marmoset__HLcalJac5__GCF_011100555.1	PGA5	Callithrix_jacchus__white-tufted-ear_marmoset__HLcalJac5__GCF_011100555.1	58	38
HLbosTau10.NM_176625_PAG16_2886_Callithrix_jacchus__white-tufted-ear_marmoset__calJac4__GCF_009663435.1	HLbosTau10.NM_176625#PAG16#2886#Callithrix_jacchus__white-tufted-ear_marmoset__calJac4__GCF_009663435.1	PAG16	Callithrix_jacchus__white-tufted-ear_marmoset__calJac4__GCF_009663435.1	32	22
hg38.ENST00000312403.10_PGA5_9094_Callithrix_jacchus__white-tufted-ear_marmoset__calJac4__GCF_009663435.1	hg38.ENST00000312403.10#PGA5#9094#Callithrix_jacchus__white-tufted-ear_marmoset__calJac4__GCF_009663435.1	PGA5	Callithrix_jacchus__white-tufted-ear_marmoset__calJac4__GCF_009663435.1	58	38
HLbosTau10.NM_176625_PAG16_9050_Callospermophilus_lateralis__Golden-mantled_ground_squirrel__HLcalLat1A__GCA_048772815.1	HLbosTau10.NM_176625#PAG16#9050#Callospermophilus_lateralis__Golden-mantled_ground_squirrel__HLcalLat1A__GCA_048772815.1	PAG16	Callospermophilus_lateralis__Golden-mantled_ground_squirrel__HLcalLat1A__GCA_048772815.1	37	26
HLbosTau10.ENSBTAT00000030466_PAG18_122982_Callospermophilus_lateralis__Golden-mantled_ground_squirrel__HLcalLat1B__GCA_048772825.1	HLbosTau10.ENSBTAT00000030466#PAG18#122982#Callospermophilus_lateralis__Golden-mantled_ground_squirrel__HLcalLat1B__GCA_048772825.1	PAG18	Callospermophilus_lateralis__Golden-mantled_ground_squirrel__HLcalLat1B__GCA_048772825.1	37	26
hg38.ENST00000312403.10_PGA5_4744_Camelus_dromedarius__Arabian_camel__HLcamDro2__GCA_000803125.3	hg38.ENST00000312403.10#PGA5#4744#Camelus_dromedarius__Arabian_camel__HLcamDro2__GCA_000803125.3	PGA5	Camelus_dromedarius__Arabian_camel__HLcamDro2__GCA_000803125.3	56	38
mm10.ENSMUST00000025647_Pga5_123_Camelus_dromedarius__Arabian_camel__HLcamDro2__GCA_000803125.3	mm10.ENSMUST00000025647#Pga5#123#Camelus_dromedarius__Arabian_camel__HLcamDro2__GCA_000803125.3	Pga5	Camelus_dromedarius__Arabian_camel__HLcamDro2__GCA_000803125.3	10	4
hg38.ENST00000325558.11_PGA3_12_Camelus_dromedarius__Arabian_camel__HLcamDro3A__GCF_036321535.1	hg38.ENST00000325558.11#PGA3#12#Camelus_dromedarius__Arabian_camel__HLcamDro3A__GCF_036321535.1	PGA3	Camelus_dromedarius__Arabian_camel__HLcamDro3A__GCF_036321535.1	56	38
mm10.ENSMUST00000025647_Pga5_68_Camelus_dromedarius__Arabian_camel__HLcamDro3A__GCF_036321535.1	mm10.ENSMUST00000025647#Pga5#68#Camelus_dromedarius__Arabian_camel__HLcamDro3A__GCF_036321535.1	Pga5	Camelus_dromedarius__Arabian_camel__HLcamDro3A__GCF_036321535.1	10	4
hg38.ENST00000312403.10_PGA5_5422_Camelus_dromedarius__Arabian_camel__HLcamDro3B__GCA_036321565.1	hg38.ENST00000312403.10#PGA5#5422#Camelus_dromedarius__Arabian_camel__HLcamDro3B__GCA_036321565.1	PGA5	Camelus_dromedarius__Arabian_camel__HLcamDro3B__GCA_036321565.1	56	38
mm10.ENSMUST00000025647_Pga5_64_Camelus_dromedarius__Arabian_camel__HLcamDro3B__GCA_036321565.1	mm10.ENSMUST00000025647#Pga5#64#Camelus_dromedarius__Arabian_camel__HLcamDro3B__GCA_036321565.1	Pga5	Camelus_dromedarius__Arabian_camel__HLcamDro3B__GCA_036321565.1	10	4
mm10.ENSMUST00000025647_Pga5_76_Camelus_ferus__Wild_Bactrian_camel__HLcamFer3__GCA_009834535.1	mm10.ENSMUST00000025647#Pga5#76#Camelus_ferus__Wild_Bactrian_camel__HLcamFer3__GCA_009834535.1	Pga5	Camelus_ferus__Wild_Bactrian_camel__HLcamFer3__GCA_009834535.1	10	4
hg38.ENST00000312403.10_PGA5_3868_Camelus_ferus__Wild_Bactrian_camel__HLcamFer3__GCA_009834535.1	hg38.ENST00000312403.10#PGA5#3868#Camelus_ferus__Wild_Bactrian_camel__HLcamFer3__GCA_009834535.1	PGA5	Camelus_ferus__Wild_Bactrian_camel__HLcamFer3__GCA_009834535.1	56	38
mm10.ENSMUST00000025647_Pga5_92_Canis_aureus__Golden_jackal__HLcanAure1__GCF_053574225.1	mm10.ENSMUST00000025647#Pga5#92#Canis_aureus__Golden_jackal__HLcanAure1__GCF_053574225.1	Pga5	Canis_aureus__Golden_jackal__HLcanAure1__GCF_053574225.1	20	13
hg38.ENST00000325558.11_PGA3_4870_Canis_aureus__Golden_jackal__HLcanAure1__GCF_053574225.1	hg38.ENST00000325558.11#PGA3#4870#Canis_aureus__Golden_jackal__HLcanAure1__GCF_053574225.1	PGA3	Canis_aureus__Golden_jackal__HLcanAure1__GCF_053574225.1	54	38
hg38.ENST00000312403.10_PGA5_3313_Canis_latrans__Coyote__HLcanLat1__GCA_034620425.1	hg38.ENST00000312403.10#PGA5#3313#Canis_latrans__Coyote__HLcanLat1__GCA_034620425.1	PGA5	Canis_latrans__Coyote__HLcanLat1__GCA_034620425.1	54	38
mm10.ENSMUST00000025647_Pga5_91_Canis_latrans__Coyote__HLcanLat1__GCA_034620425.1	mm10.ENSMUST00000025647#Pga5#91#Canis_latrans__Coyote__HLcanLat1__GCA_034620425.1	Pga5	Canis_latrans__Coyote__HLcanLat1__GCA_034620425.1	20	13
mm10.ENSMUST00000025647_Pga5_92_Canis_lupus_baileyi__Mexican_gray_wolf__HLcanLupBai8A__GCF_048164855.1	mm10.ENSMUST00000025647#Pga5#92#Canis_lupus_baileyi__Mexican_gray_wolf__HLcanLupBai8A__GCF_048164855.1	Pga5	Canis_lupus_baileyi__Mexican_gray_wolf__HLcanLupBai8A__GCF_048164855.1	20	13
hg38.ENST00000312403.10_PGA5_4398_Canis_lupus_baileyi__Mexican_gray_wolf__HLcanLupBai8A__GCF_048164855.1	hg38.ENST00000312403.10#PGA5#4398#Canis_lupus_baileyi__Mexican_gray_wolf__HLcanLupBai8A__GCF_048164855.1	PGA5	Canis_lupus_baileyi__Mexican_gray_wolf__HLcanLupBai8A__GCF_048164855.1	54	38
hg38.ENST00000325558.11_PGA3_4382_Canis_lupus_dingo__dingo__HLcanLupDin2	hg38.ENST00000325558.11#PGA3#4382#Canis_lupus_dingo__dingo__HLcanLupDin2	PGA3	Canis_lupus_dingo__dingo__HLcanLupDin2	54	38
mm10.ENSMUST00000025647_Pga5_91_Canis_lupus_dingo__dingo__HLcanLupDin2	mm10.ENSMUST00000025647#Pga5#91#Canis_lupus_dingo__dingo__HLcanLupDin2	Pga5	Canis_lupus_dingo__dingo__HLcanLupDin2	20	13
hg38.ENST00000325558.11_PGA3_3746_Canis_lupus_familiaris__Dog__HLcanLupFam7__GCF_014441545.1	hg38.ENST00000325558.11#PGA3#3746#Canis_lupus_familiaris__Dog__HLcanLupFam7__GCF_014441545.1	PGA3	Canis_lupus_familiaris__Dog__HLcanLupFam7__GCF_014441545.1	54	38
mm10.ENSMUST00000025647_Pga5_91_Canis_lupus_familiaris__Dog__HLcanLupFam7__GCF_014441545.1	mm10.ENSMUST00000025647#Pga5#91#Canis_lupus_familiaris__Dog__HLcanLupFam7__GCF_014441545.1	Pga5	Canis_lupus_familiaris__Dog__HLcanLupFam7__GCF_014441545.1	20	13
hg38.ENST00000312403.10_PGA5_7260_Canis_lupus_familiaris__dog__canFam4__GCA_011100685.1	hg38.ENST00000312403.10#PGA5#7260#Canis_lupus_familiaris__dog__canFam4__GCA_011100685.1	PGA5	Canis_lupus_familiaris__dog__canFam4__GCA_011100685.1	54	38
mm10.ENSMUST00000025647_Pga5_91_Canis_lupus_familiaris__dog__canFam4__GCA_011100685.1	mm10.ENSMUST00000025647#Pga5#91#Canis_lupus_familiaris__dog__canFam4__GCA_011100685.1	Pga5	Canis_lupus_familiaris__dog__canFam4__GCA_011100685.1	20	13
hg38.ENST00000312403.10_PGA5_3053_Canis_lupus_familiaris__dog__canFam5__GCA_005444595.1	hg38.ENST00000312403.10#PGA5#3053#Canis_lupus_familiaris__dog__canFam5__GCA_005444595.1	PGA5	Canis_lupus_familiaris__dog__canFam5__GCA_005444595.1	54	38
mm10.ENSMUST00000025647_Pga5_91_Canis_lupus_familiaris__dog__canFam5__GCA_005444595.1	mm10.ENSMUST00000025647#Pga5#91#Canis_lupus_familiaris__dog__canFam5__GCA_005444595.1	Pga5	Canis_lupus_familiaris__dog__canFam5__GCA_005444595.1	20	13
hg38.ENST00000312403.10_PGA5_2632_Canis_lupus_familiaris__dog__canFam6__GCF_000002285.5	hg38.ENST00000312403.10#PGA5#2632#Canis_lupus_familiaris__dog__canFam6__GCF_000002285.5	PGA5	Canis_lupus_familiaris__dog__canFam6__GCF_000002285.5	54	38
mm10.ENSMUST00000025647_Pga5_90_Canis_lupus_familiaris__dog__canFam6__GCF_000002285.5	mm10.ENSMUST00000025647#Pga5#90#Canis_lupus_familiaris__dog__canFam6__GCF_000002285.5	Pga5	Canis_lupus_familiaris__dog__canFam6__GCF_000002285.5	20	13
mm10.ENSMUST00000025647_Pga5_90_Canis_lupus__Gray_wolf__HLcanLup8__GCA_905319855.2	mm10.ENSMUST00000025647#Pga5#90#Canis_lupus__Gray_wolf__HLcanLup8__GCA_905319855.2	Pga5	Canis_lupus__Gray_wolf__HLcanLup8__GCA_905319855.2	20	13
hg38.ENST00000325558.11_PGA3_3572_Canis_lupus__Gray_wolf__HLcanLup8__GCA_905319855.2	hg38.ENST00000325558.11#PGA3#3572#Canis_lupus__Gray_wolf__HLcanLup8__GCA_905319855.2	PGA3	Canis_lupus__Gray_wolf__HLcanLup8__GCA_905319855.2	54	38
HLbosTau10.ENSBTAT00000063428_ENSBTAG00000051196_9926_Capra_hircus__Goat__HLcapHirc3__GCA_041735815.1	HLbosTau10.ENSBTAT00000063428#ENSBTAG00000051196#9926#Capra_hircus__Goat__HLcapHirc3__GCA_041735815.1	ENSBTAG00000051196	Capra_hircus__Goat__HLcapHirc3__GCA_041735815.1	6	4
HLbosTau10.ENSBTAT00000030244_ENSBTAG00000050440_1526_Capra_hircus__Goat__HLcapHirc3__GCA_041735815.1	HLbosTau10.ENSBTAT00000030244#ENSBTAG00000050440#1526#Capra_hircus__Goat__HLcapHirc3__GCA_041735815.1	ENSBTAG00000050440	Capra_hircus__Goat__HLcapHirc3__GCA_041735815.1	10	4
HLbosTau10.ENSBTAT00000013786_PAG7_37946_Capra_hircus__Goat__HLcapHirc3__GCA_041735815.1	HLbosTau10.ENSBTAT00000013786#PAG7#37946#Capra_hircus__Goat__HLcapHirc3__GCA_041735815.1	PAG7	Capra_hircus__Goat__HLcapHirc3__GCA_041735815.1	10	4
HLbosTau10.ENSBTAT00000025517_PAG2_27_Capra_hircus__Goat__HLcapHirc3__GCA_041735815.1	HLbosTau10.ENSBTAT00000025517#PAG2#27#Capra_hircus__Goat__HLcapHirc3__GCA_041735815.1	PAG2	Capra_hircus__Goat__HLcapHirc3__GCA_041735815.1	2	2
HLbosTau10.ENSBTAT00000025597_PAG8_50636_Capra_hircus__Goat__HLcapHirc3__GCA_041735815.1	HLbosTau10.ENSBTAT00000025597#PAG8#50636#Capra_hircus__Goat__HLcapHirc3__GCA_041735815.1	PAG8	Capra_hircus__Goat__HLcapHirc3__GCA_041735815.1	2	2
HLbosTau10.ENSBTAT00000013786_PAG7_19602_Capra_hircus__Goat__HLcapHirc3__GCA_041735815.1	HLbosTau10.ENSBTAT00000013786#PAG7#19602#Capra_hircus__Goat__HLcapHirc3__GCA_041735815.1	PAG7	Capra_hircus__Goat__HLcapHirc3__GCA_041735815.1	2	2
HLbosTau10.ENSBTAT00000007506_MGC157408_29365_Capra_hircus__Goat__HLcapHirc3__GCA_041735815.1	HLbosTau10.ENSBTAT00000007506#MGC157408#29365#Capra_hircus__Goat__HLcapHirc3__GCA_041735815.1	MGC157408	Capra_hircus__Goat__HLcapHirc3__GCA_041735815.1	2	2
HLbosTau10.ENSBTAT00000005384_PAG10_29762_Capra_hircus__Goat__HLcapHirc3__GCA_041735815.1	HLbosTau10.ENSBTAT00000005384#PAG10#29762#Capra_hircus__Goat__HLcapHirc3__GCA_041735815.1	PAG10	Capra_hircus__Goat__HLcapHirc3__GCA_041735815.1	10	4
HLbosTau10.ENSBTAT00000013786_PAG7_332_Capra_hircus__Goat__HLcapHirc3__GCA_041735815.1	HLbosTau10.ENSBTAT00000013786#PAG7#332#Capra_hircus__Goat__HLcapHirc3__GCA_041735815.1	PAG7	Capra_hircus__Goat__HLcapHirc3__GCA_041735815.1	2	2
HLbosTau10.ENSBTAT00000013786_PAG7_106_Capra_hircus__Goat__HLcapHirc3__GCA_041735815.1	HLbosTau10.ENSBTAT00000013786#PAG7#106#Capra_hircus__Goat__HLcapHirc3__GCA_041735815.1	PAG7	Capra_hircus__Goat__HLcapHirc3__GCA_041735815.1	2	2
HLbosTau10.NM_001109978_PAG7_21886_Capra_hircus__Goat__HLcapHirc3__GCA_041735815.1	HLbosTau10.NM_001109978#PAG7#21886#Capra_hircus__Goat__HLcapHirc3__GCA_041735815.1	PAG7	Capra_hircus__Goat__HLcapHirc3__GCA_041735815.1	2	2
HLbosTau10.ENSBTAT00000013786_PAG7_889_Capra_hircus__Goat__HLcapHirc3__GCA_041735815.1	HLbosTau10.ENSBTAT00000013786#PAG7#889#Capra_hircus__Goat__HLcapHirc3__GCA_041735815.1	PAG7	Capra_hircus__Goat__HLcapHirc3__GCA_041735815.1	2	2
HLbosTau10.ENSBTAT00000013786_PAG7_636_Capra_hircus__Goat__HLcapHirc3__GCA_041735815.1	HLbosTau10.ENSBTAT00000013786#PAG7#636#Capra_hircus__Goat__HLcapHirc3__GCA_041735815.1	PAG7	Capra_hircus__Goat__HLcapHirc3__GCA_041735815.1	10	4
HLbosTau10.ENSBTAT00000025517_PAG2_823371_Capra_hircus__Goat__HLcapHirc3__GCA_041735815.1	HLbosTau10.ENSBTAT00000025517#PAG2#823371#Capra_hircus__Goat__HLcapHirc3__GCA_041735815.1	PAG2	Capra_hircus__Goat__HLcapHirc3__GCA_041735815.1	2	2
HLbosTau10.ENSBTAT00000013786_PAG7_144_Capra_hircus__Goat__HLcapHirc3__GCA_041735815.1	HLbosTau10.ENSBTAT00000013786#PAG7#144#Capra_hircus__Goat__HLcapHirc3__GCA_041735815.1	PAG7	Capra_hircus__Goat__HLcapHirc3__GCA_041735815.1	2	2
HLbosTau10.ENSBTAT00000005384_PAG10_234662_Capra_hircus__Goat__HLcapHirc3__GCA_041735815.1	HLbosTau10.ENSBTAT00000005384#PAG10#234662#Capra_hircus__Goat__HLcapHirc3__GCA_041735815.1	PAG10	Capra_hircus__Goat__HLcapHirc3__GCA_041735815.1	2	2
HLbosTau10.ENSBTAT00000013786_PAG7_473_Capra_hircus__Goat__HLcapHirc3__GCA_041735815.1	HLbosTau10.ENSBTAT00000013786#PAG7#473#Capra_hircus__Goat__HLcapHirc3__GCA_041735815.1	PAG7	Capra_hircus__Goat__HLcapHirc3__GCA_041735815.1	2	2
HLbosTau10.ENSBTAT00000005384_PAG10_7717_Capra_hircus__Goat__HLcapHirc3__GCA_041735815.1	HLbosTau10.ENSBTAT00000005384#PAG10#7717#Capra_hircus__Goat__HLcapHirc3__GCA_041735815.1	PAG10	Capra_hircus__Goat__HLcapHirc3__GCA_041735815.1	2	2
HLbosTau10.XM_002707800_ENSBTAG00000051501_2716_Capra_hircus__Goat__HLcapHirc3__GCA_041735815.1	HLbosTau10.XM_002707800#ENSBTAG00000051501#2716#Capra_hircus__Goat__HLcapHirc3__GCA_041735815.1	ENSBTAG00000051501	Capra_hircus__Goat__HLcapHirc3__GCA_041735815.1	2	2
HLbosTau10.NM_176630_PAG21_572_Capra_hircus__Goat__HLcapHirc3__GCA_041735815.1	HLbosTau10.NM_176630#PAG21#572#Capra_hircus__Goat__HLcapHirc3__GCA_041735815.1	PAG21	Capra_hircus__Goat__HLcapHirc3__GCA_041735815.1	2	2
HLbosTau10.ENSBTAT00000025567_PAG12_417380_Capra_hircus__Goat__HLcapHirc3__GCA_041735815.1	HLbosTau10.ENSBTAT00000025567#PAG12#417380#Capra_hircus__Goat__HLcapHirc3__GCA_041735815.1	PAG12	Capra_hircus__Goat__HLcapHirc3__GCA_041735815.1	2	2
HLbosTau10.ENSBTAT00000005384_PAG10_9257_Capra_hircus__Goat__HLcapHirc3__GCA_041735815.1	HLbosTau10.ENSBTAT00000005384#PAG10#9257#Capra_hircus__Goat__HLcapHirc3__GCA_041735815.1	PAG10	Capra_hircus__Goat__HLcapHirc3__GCA_041735815.1	2	2
HLbosTau10.NM_001109978_PAG7_2291_Capra_hircus__Goat__HLcapHirc3__GCA_041735815.1	HLbosTau10.NM_001109978#PAG7#2291#Capra_hircus__Goat__HLcapHirc3__GCA_041735815.1	PAG7	Capra_hircus__Goat__HLcapHirc3__GCA_041735815.1	2	2
HLbosTau10.ENSBTAT00000013786_PAG7_27_Capra_hircus__Goat__HLcapHirc3__GCA_041735815.1	HLbosTau10.ENSBTAT00000013786#PAG7#27#Capra_hircus__Goat__HLcapHirc3__GCA_041735815.1	PAG7	Capra_hircus__Goat__HLcapHirc3__GCA_041735815.1	2	2
HLbosTau10.ENSBTAT00000077609_ENSBTAG00000053183_19776_Capra_hircus__Goat__HLcapHirc3__GCA_041735815.1	HLbosTau10.ENSBTAT00000077609#ENSBTAG00000053183#19776#Capra_hircus__Goat__HLcapHirc3__GCA_041735815.1	ENSBTAG00000053183	Capra_hircus__Goat__HLcapHirc3__GCA_041735815.1	2	2
HLbosTau10.ENSBTAT00000005384_PAG10_6796_Capra_hircus__Goat__HLcapHirc3__GCA_041735815.1	HLbosTau10.ENSBTAT00000005384#PAG10#6796#Capra_hircus__Goat__HLcapHirc3__GCA_041735815.1	PAG10	Capra_hircus__Goat__HLcapHirc3__GCA_041735815.1	2	2
HLbosTau10.ENSBTAT00000013786_PAG7_12792_Capra_hircus__Goat__HLcapHirc3__GCA_041735815.1	HLbosTau10.ENSBTAT00000013786#PAG7#12792#Capra_hircus__Goat__HLcapHirc3__GCA_041735815.1	PAG7	Capra_hircus__Goat__HLcapHirc3__GCA_041735815.1	2	2
HLbosTau10.ENSBTAT00000009701_ENSBTAG00000038506_3727_Capra_hircus__Goat__HLcapHirc3__GCA_041735815.1	HLbosTau10.ENSBTAT00000009701#ENSBTAG00000038506#3727#Capra_hircus__Goat__HLcapHirc3__GCA_041735815.1	ENSBTAG00000038506	Capra_hircus__Goat__HLcapHirc3__GCA_041735815.1	2	2
HLbosTau10.ENSBTAT00000007506_MGC157408_130_Capra_hircus__Goat__HLcapHirc3__GCA_041735815.1	HLbosTau10.ENSBTAT00000007506#MGC157408#130#Capra_hircus__Goat__HLcapHirc3__GCA_041735815.1	MGC157408	Capra_hircus__Goat__HLcapHirc3__GCA_041735815.1	2	2
HLbosTau10.ENSBTAT00000050664_PAG15_13085_Capra_hircus__Goat__HLcapHirc3__GCA_041735815.1	HLbosTau10.ENSBTAT00000050664#PAG15#13085#Capra_hircus__Goat__HLcapHirc3__GCA_041735815.1	PAG15	Capra_hircus__Goat__HLcapHirc3__GCA_041735815.1	2	2
HLbosTau10.ENSBTAT00000025597_PAG8_78931_Capra_hircus__Goat__HLcapHirc3__GCA_041735815.1	HLbosTau10.ENSBTAT00000025597#PAG8#78931#Capra_hircus__Goat__HLcapHirc3__GCA_041735815.1	PAG8	Capra_hircus__Goat__HLcapHirc3__GCA_041735815.1	2	2
HLbosTau10.ENSBTAT00000005384_PAG10_9506_Capra_hircus__Goat__HLcapHirc3__GCA_041735815.1	HLbosTau10.ENSBTAT00000005384#PAG10#9506#Capra_hircus__Goat__HLcapHirc3__GCA_041735815.1	PAG10	Capra_hircus__Goat__HLcapHirc3__GCA_041735815.1	2	2
HLbosTau10.ENSBTAT00000025597_PAG8_1052831_Capra_hircus__Goat__HLcapHirc3__GCA_041735815.1	HLbosTau10.ENSBTAT00000025597#PAG8#1052831#Capra_hircus__Goat__HLcapHirc3__GCA_041735815.1	PAG8	Capra_hircus__Goat__HLcapHirc3__GCA_041735815.1	2	2
HLbosTau10.ENSBTAT00000025597_PAG8_9628_Capra_hircus__Goat__HLcapHirc3__GCA_041735815.1	HLbosTau10.ENSBTAT00000025597#PAG8#9628#Capra_hircus__Goat__HLcapHirc3__GCA_041735815.1	PAG8	Capra_hircus__Goat__HLcapHirc3__GCA_041735815.1	2	2
HLbosTau10.ENSBTAT00000030466_PAG18_857288_Capra_hircus__Goat__HLcapHirc3__GCA_041735815.1	HLbosTau10.ENSBTAT00000030466#PAG18#857288#Capra_hircus__Goat__HLcapHirc3__GCA_041735815.1	PAG18	Capra_hircus__Goat__HLcapHirc3__GCA_041735815.1	2	2
HLbosTau10.ENSBTAT00000007506_MGC157408_1057_Capra_hircus__Goat__HLcapHirc3__GCA_041735815.1	HLbosTau10.ENSBTAT00000007506#MGC157408#1057#Capra_hircus__Goat__HLcapHirc3__GCA_041735815.1	MGC157408	Capra_hircus__Goat__HLcapHirc3__GCA_041735815.1	2	2
HLbosTau10.NM_176630_PAG21_552_Capra_hircus__Goat__HLcapHirc3__GCA_041735815.1	HLbosTau10.NM_176630#PAG21#552#Capra_hircus__Goat__HLcapHirc3__GCA_041735815.1	PAG21	Capra_hircus__Goat__HLcapHirc3__GCA_041735815.1	2	2
HLbosTau10.ENSBTAT00000050664_PAG15_61046_Capra_hircus__Goat__HLcapHirc3__GCA_041735815.1	HLbosTau10.ENSBTAT00000050664#PAG15#61046#Capra_hircus__Goat__HLcapHirc3__GCA_041735815.1	PAG15	Capra_hircus__Goat__HLcapHirc3__GCA_041735815.1	2	2
HLbosTau10.ENSBTAT00000038878_PAG6_1095_Capra_hircus__Goat__HLcapHirc3__GCA_041735815.1	HLbosTau10.ENSBTAT00000038878#PAG6#1095#Capra_hircus__Goat__HLcapHirc3__GCA_041735815.1	PAG6	Capra_hircus__Goat__HLcapHirc3__GCA_041735815.1	2	2
HLbosTau10.ENSBTAT00000005384_PAG10_50056_Capra_hircus__Goat__HLcapHirc3__GCA_041735815.1	HLbosTau10.ENSBTAT00000005384#PAG10#50056#Capra_hircus__Goat__HLcapHirc3__GCA_041735815.1	PAG10	Capra_hircus__Goat__HLcapHirc3__GCA_041735815.1	2	2
HLbosTau10.ENSBTAT00000025567_PAG12_219295_Capra_hircus__Goat__HLcapHirc3__GCA_041735815.1	HLbosTau10.ENSBTAT00000025567#PAG12#219295#Capra_hircus__Goat__HLcapHirc3__GCA_041735815.1	PAG12	Capra_hircus__Goat__HLcapHirc3__GCA_041735815.1	2	2
HLbosTau10.ENSBTAT00000030243_PAG3_2692_Capra_hircus__Goat__HLcapHirc3__GCA_041735815.1	HLbosTau10.ENSBTAT00000030243#PAG3#2692#Capra_hircus__Goat__HLcapHirc3__GCA_041735815.1	PAG3	Capra_hircus__Goat__HLcapHirc3__GCA_041735815.1	2	2
HLbosTau10.ENSBTAT00000030466_PAG18_873772_Capra_hircus__Goat__HLcapHirc3__GCA_041735815.1	HLbosTau10.ENSBTAT00000030466#PAG18#873772#Capra_hircus__Goat__HLcapHirc3__GCA_041735815.1	PAG18	Capra_hircus__Goat__HLcapHirc3__GCA_041735815.1	2	2
HLbosTau10.ENSBTAT00000050648_PAG9_1210_Capra_hircus__Goat__HLcapHirc3__GCA_041735815.1	HLbosTau10.ENSBTAT00000050648#PAG9#1210#Capra_hircus__Goat__HLcapHirc3__GCA_041735815.1	PAG9	Capra_hircus__Goat__HLcapHirc3__GCA_041735815.1	2	2
HLbosTau10.NM_176625_PAG16_13938_Capra_hircus__Goat__HLcapHirc3__GCA_041735815.1	HLbosTau10.NM_176625#PAG16#13938#Capra_hircus__Goat__HLcapHirc3__GCA_041735815.1	PAG16	Capra_hircus__Goat__HLcapHirc3__GCA_041735815.1	2	2
HLbosTau10.ENSBTAT00000005384_PAG10_11201_Capra_hircus__Goat__HLcapHirc3__GCA_041735815.1	HLbosTau10.ENSBTAT00000005384#PAG10#11201#Capra_hircus__Goat__HLcapHirc3__GCA_041735815.1	PAG10	Capra_hircus__Goat__HLcapHirc3__GCA_041735815.1	2	2
HLbosTau10.ENSBTAT00000017669_ENSBTAG00000035736_300_Capra_hircus__Goat__HLcapHirc3__GCA_041735815.1	HLbosTau10.ENSBTAT00000017669#ENSBTAG00000035736#300#Capra_hircus__Goat__HLcapHirc3__GCA_041735815.1	ENSBTAG00000035736	Capra_hircus__Goat__HLcapHirc3__GCA_041735815.1	2	2
HLbosTau10.ENSBTAT00000013786_PAG7_1088_Capra_hircus__Goat__HLcapHirc3__GCA_041735815.1	HLbosTau10.ENSBTAT00000013786#PAG7#1088#Capra_hircus__Goat__HLcapHirc3__GCA_041735815.1	PAG7	Capra_hircus__Goat__HLcapHirc3__GCA_041735815.1	2	2
HLbosTau10.ENSBTAT00000005384_PAG10_12039_Capra_hircus__Goat__HLcapHirc3__GCA_041735815.1	HLbosTau10.ENSBTAT00000005384#PAG10#12039#Capra_hircus__Goat__HLcapHirc3__GCA_041735815.1	PAG10	Capra_hircus__Goat__HLcapHirc3__GCA_041735815.1	2	2
HLbosTau10.ENSBTAT00000025517_PAG2_1558_Capra_hircus__Goat__HLcapHirc3__GCA_041735815.1	HLbosTau10.ENSBTAT00000025517#PAG2#1558#Capra_hircus__Goat__HLcapHirc3__GCA_041735815.1	PAG2	Capra_hircus__Goat__HLcapHirc3__GCA_041735815.1	2	2
HLbosTau10.ENSBTAT00000030188_ENSBTAG00000024611_1772_Capra_hircus__Goat__HLcapHirc3__GCA_041735815.1	HLbosTau10.ENSBTAT00000030188#ENSBTAG00000024611#1772#Capra_hircus__Goat__HLcapHirc3__GCA_041735815.1	ENSBTAG00000024611	Capra_hircus__Goat__HLcapHirc3__GCA_041735815.1	2	2
HLbosTau10.ENSBTAT00000018996_ENSBTAG00000040257_10223_Capra_hircus__Goat__HLcapHirc3__GCA_041735815.1	HLbosTau10.ENSBTAT00000018996#ENSBTAG00000040257#10223#Capra_hircus__Goat__HLcapHirc3__GCA_041735815.1	ENSBTAG00000040257	Capra_hircus__Goat__HLcapHirc3__GCA_041735815.1	2	2
HLbosTau10.ENSBTAT00000038954_PAG21_1542_Capra_hircus__Goat__HLcapHirc3__GCA_041735815.1	HLbosTau10.ENSBTAT00000038954#PAG21#1542#Capra_hircus__Goat__HLcapHirc3__GCA_041735815.1	PAG21	Capra_hircus__Goat__HLcapHirc3__GCA_041735815.1	2	2
HLbosTau10.NM_001105381_MGC157408_136_Capra_hircus__Goat__HLcapHirc3__GCA_041735815.1	HLbosTau10.NM_001105381#MGC157408#136#Capra_hircus__Goat__HLcapHirc3__GCA_041735815.1	MGC157408	Capra_hircus__Goat__HLcapHirc3__GCA_041735815.1	2	2
HLbosTau10.ENSBTAT00000030188_ENSBTAG00000024611_17703_Capra_hircus__Goat__HLcapHirc3__GCA_041735815.1	HLbosTau10.ENSBTAT00000030188#ENSBTAG00000024611#17703#Capra_hircus__Goat__HLcapHirc3__GCA_041735815.1	ENSBTAG00000024611	Capra_hircus__Goat__HLcapHirc3__GCA_041735815.1	2	2
HLbosTau10.ENSBTAT00000052386_MGC157405_81436_Capra_hircus__Goat__HLcapHirc3__GCA_041735815.1	HLbosTau10.ENSBTAT00000052386#MGC157405#81436#Capra_hircus__Goat__HLcapHirc3__GCA_041735815.1	MGC157405	Capra_hircus__Goat__HLcapHirc3__GCA_041735815.1	2	2
HLbosTau10.ENSBTAT00000063428_ENSBTAG00000051196_365279_Capra_hircus__Goat__HLcapHirc3__GCA_041735815.1	HLbosTau10.ENSBTAT00000063428#ENSBTAG00000051196#365279#Capra_hircus__Goat__HLcapHirc3__GCA_041735815.1	ENSBTAG00000051196	Capra_hircus__Goat__HLcapHirc3__GCA_041735815.1	2	2
HLbosTau10.ENSBTAT00000063428_ENSBTAG00000051196_11188_Capra_hircus__Goat__HLcapHirc3__GCA_041735815.1	HLbosTau10.ENSBTAT00000063428#ENSBTAG00000051196#11188#Capra_hircus__Goat__HLcapHirc3__GCA_041735815.1	ENSBTAG00000051196	Capra_hircus__Goat__HLcapHirc3__GCA_041735815.1	2	2
HLbosTau10.ENSBTAT00000007506_MGC157408_399_Capra_hircus__Goat__HLcapHirc3__GCA_041735815.1	HLbosTau10.ENSBTAT00000007506#MGC157408#399#Capra_hircus__Goat__HLcapHirc3__GCA_041735815.1	MGC157408	Capra_hircus__Goat__HLcapHirc3__GCA_041735815.1	2	2
HLbosTau10.ENSBTAT00000063428_ENSBTAG00000051196_1232_Capra_hircus__Goat__HLcapHirc3__GCA_041735815.1	HLbosTau10.ENSBTAT00000063428#ENSBTAG00000051196#1232#Capra_hircus__Goat__HLcapHirc3__GCA_041735815.1	ENSBTAG00000051196	Capra_hircus__Goat__HLcapHirc3__GCA_041735815.1	2	2
HLbosTau10.ENSBTAT00000025567_PAG12_310975_Capra_hircus__Goat__HLcapHirc3__GCA_041735815.1	HLbosTau10.ENSBTAT00000025567#PAG12#310975#Capra_hircus__Goat__HLcapHirc3__GCA_041735815.1	PAG12	Capra_hircus__Goat__HLcapHirc3__GCA_041735815.1	2	2
HLbosTau10.ENSBTAT00000050648_PAG9_1996_Capra_hircus__Goat__HLcapHirc3__GCA_041735815.1	HLbosTau10.ENSBTAT00000050648#PAG9#1996#Capra_hircus__Goat__HLcapHirc3__GCA_041735815.1	PAG9	Capra_hircus__Goat__HLcapHirc3__GCA_041735815.1	2	2
HLbosTau10.ENSBTAT00000025567_PAG12_10975_Capra_hircus__Goat__HLcapHirc3__GCA_041735815.1	HLbosTau10.ENSBTAT00000025567#PAG12#10975#Capra_hircus__Goat__HLcapHirc3__GCA_041735815.1	PAG12	Capra_hircus__Goat__HLcapHirc3__GCA_041735815.1	2	2
HLbosTau10.ENSBTAT00000013786_PAG7_62877_Capra_hircus__Goat__HLcapHirc3__GCA_041735815.1	HLbosTau10.ENSBTAT00000013786#PAG7#62877#Capra_hircus__Goat__HLcapHirc3__GCA_041735815.1	PAG7	Capra_hircus__Goat__HLcapHirc3__GCA_041735815.1	2	2
HLbosTau10.ENSBTAT00000017669_ENSBTAG00000035736_67600_Capra_hircus__Goat__HLcapHirc3__GCA_041735815.1	HLbosTau10.ENSBTAT00000017669#ENSBTAG00000035736#67600#Capra_hircus__Goat__HLcapHirc3__GCA_041735815.1	ENSBTAG00000035736	Capra_hircus__Goat__HLcapHirc3__GCA_041735815.1	2	2
HLbosTau10.ENSBTAT00000005384_PAG10_14371_Capra_hircus__Goat__HLcapHirc3__GCA_041735815.1	HLbosTau10.ENSBTAT00000005384#PAG10#14371#Capra_hircus__Goat__HLcapHirc3__GCA_041735815.1	PAG10	Capra_hircus__Goat__HLcapHirc3__GCA_041735815.1	2	2
HLbosTau10.ENSBTAT00000005399_PAG11_336_Capra_hircus__Goat__HLcapHirc3__GCA_041735815.1	HLbosTau10.ENSBTAT00000005399#PAG11#336#Capra_hircus__Goat__HLcapHirc3__GCA_041735815.1	PAG11	Capra_hircus__Goat__HLcapHirc3__GCA_041735815.1	2	2
HLbosTau10.ENSBTAT00000025567_PAG12_60577_Capra_hircus__Goat__HLcapHirc3__GCA_041735815.1	HLbosTau10.ENSBTAT00000025567#PAG12#60577#Capra_hircus__Goat__HLcapHirc3__GCA_041735815.1	PAG12	Capra_hircus__Goat__HLcapHirc3__GCA_041735815.1	2	2
HLbosTau10.ENSBTAT00000063428_ENSBTAG00000051196_1064_Capra_hircus__Goat__HLcapHirc3__GCA_041735815.1	HLbosTau10.ENSBTAT00000063428#ENSBTAG00000051196#1064#Capra_hircus__Goat__HLcapHirc3__GCA_041735815.1	ENSBTAG00000051196	Capra_hircus__Goat__HLcapHirc3__GCA_041735815.1	2	2
HLbosTau10.ENSBTAT00000005384_PAG10_547529_Capra_hircus__Goat__HLcapHirc3__GCA_041735815.1	HLbosTau10.ENSBTAT00000005384#PAG10#547529#Capra_hircus__Goat__HLcapHirc3__GCA_041735815.1	PAG10	Capra_hircus__Goat__HLcapHirc3__GCA_041735815.1	2	2
HLbosTau10.ENSBTAT00000005384_PAG10_41743_Capra_hircus__Goat__HLcapHirc3__GCA_041735815.1	HLbosTau10.ENSBTAT00000005384#PAG10#41743#Capra_hircus__Goat__HLcapHirc3__GCA_041735815.1	PAG10	Capra_hircus__Goat__HLcapHirc3__GCA_041735815.1	9	4
HLbosTau10.ENSBTAT00000018996_ENSBTAG00000040257_6368_Capra_hircus__Goat__HLcapHirc3__GCA_041735815.1	HLbosTau10.ENSBTAT00000018996#ENSBTAG00000040257#6368#Capra_hircus__Goat__HLcapHirc3__GCA_041735815.1	ENSBTAG00000040257	Capra_hircus__Goat__HLcapHirc3__GCA_041735815.1	2	2
HLbosTau10.ENSBTAT00000025597_PAG8_18454_Capra_hircus__Goat__HLcapHirc3__GCA_041735815.1	HLbosTau10.ENSBTAT00000025597#PAG8#18454#Capra_hircus__Goat__HLcapHirc3__GCA_041735815.1	PAG8	Capra_hircus__Goat__HLcapHirc3__GCA_041735815.1	7	4
HLbosTau10.ENSBTAT00000050664_PAG15_138965_Capra_hircus__Goat__HLcapHirc3__GCA_041735815.1	HLbosTau10.ENSBTAT00000050664#PAG15#138965#Capra_hircus__Goat__HLcapHirc3__GCA_041735815.1	PAG15	Capra_hircus__Goat__HLcapHirc3__GCA_041735815.1	8	4
HLbosTau10.ENSBTAT00000030244_ENSBTAG00000050440_11113_Capra_hircus__Goat__HLcapHirc3__GCA_041735815.1	HLbosTau10.ENSBTAT00000030244#ENSBTAG00000050440#11113#Capra_hircus__Goat__HLcapHirc3__GCA_041735815.1	ENSBTAG00000050440	Capra_hircus__Goat__HLcapHirc3__GCA_041735815.1	4	4
HLbosTau10.ENSBTAT00000030188_ENSBTAG00000024611_300_Capra_hircus__Goat__HLcapHirc3__GCA_041735815.1	HLbosTau10.ENSBTAT00000030188#ENSBTAG00000024611#300#Capra_hircus__Goat__HLcapHirc3__GCA_041735815.1	ENSBTAG00000024611	Capra_hircus__Goat__HLcapHirc3__GCA_041735815.1	5	4
HLbosTau10.ENSBTAT00000005399_PAG11_4572_Capra_hircus__Goat__HLcapHirc3__GCA_041735815.1	HLbosTau10.ENSBTAT00000005399#PAG11#4572#Capra_hircus__Goat__HLcapHirc3__GCA_041735815.1	PAG11	Capra_hircus__Goat__HLcapHirc3__GCA_041735815.1	5	4
HLbosTau10.ENSBTAT00000005399_PAG11_410656_Capra_hircus__Goat__HLcapHirc3__GCA_041735815.1	HLbosTau10.ENSBTAT00000005399#PAG11#410656#Capra_hircus__Goat__HLcapHirc3__GCA_041735815.1	PAG11	Capra_hircus__Goat__HLcapHirc3__GCA_041735815.1	5	4
HLbosTau10.ENSBTAT00000027020_ENSBTAG00000035736_59178_Capra_hircus__Goat__HLcapHirc3__GCA_041735815.1	HLbosTau10.ENSBTAT00000027020#ENSBTAG00000035736#59178#Capra_hircus__Goat__HLcapHirc3__GCA_041735815.1	ENSBTAG00000035736	Capra_hircus__Goat__HLcapHirc3__GCA_041735815.1	5	4
hg38.ENST00000312403.10_PGA5_4436_Capra_hircus__Goat__HLcapHirc3__GCA_041735815.1	hg38.ENST00000312403.10#PGA5#4436#Capra_hircus__Goat__HLcapHirc3__GCA_041735815.1	PGA5	Capra_hircus__Goat__HLcapHirc3__GCA_041735815.1	56	38
HLbosTau10.ENSBTAT00000017669_ENSBTAG00000035736_1326_Capra_hircus__goat__HLcapHir2__GCA_001704415.1	HLbosTau10.ENSBTAT00000017669#ENSBTAG00000035736#1326#Capra_hircus__goat__HLcapHir2__GCA_001704415.1	ENSBTAG00000035736	Capra_hircus__goat__HLcapHir2__GCA_001704415.1	6	4
HLbosTau10.ENSBTAT00000013786_PAG7_571321_Capra_hircus__goat__HLcapHir2__GCA_001704415.1	HLbosTau10.ENSBTAT00000013786#PAG7#571321#Capra_hircus__goat__HLcapHir2__GCA_001704415.1	PAG7	Capra_hircus__goat__HLcapHir2__GCA_001704415.1	10	4
HLbosTau10.ENSBTAT00000013786_PAG7_294_Capra_hircus__goat__HLcapHir2__GCA_001704415.1	HLbosTau10.ENSBTAT00000013786#PAG7#294#Capra_hircus__goat__HLcapHir2__GCA_001704415.1	PAG7	Capra_hircus__goat__HLcapHir2__GCA_001704415.1	10	4
mm10.ENSMUST00000025647_Pga5_23484_Capra_hircus__goat__HLcapHir2__GCA_001704415.1	mm10.ENSMUST00000025647#Pga5#23484#Capra_hircus__goat__HLcapHir2__GCA_001704415.1	Pga5	Capra_hircus__goat__HLcapHir2__GCA_001704415.1	2	2
mm10.ENSMUST00000025647_Pga5_26522_Capra_hircus__goat__HLcapHir2__GCA_001704415.1	mm10.ENSMUST00000025647#Pga5#26522#Capra_hircus__goat__HLcapHir2__GCA_001704415.1	Pga5	Capra_hircus__goat__HLcapHir2__GCA_001704415.1	2	2
HLbosTau10.ENSBTAT00000005384_PAG10_71210_Capra_hircus__goat__HLcapHir2__GCA_001704415.1	HLbosTau10.ENSBTAT00000005384#PAG10#71210#Capra_hircus__goat__HLcapHir2__GCA_001704415.1	PAG10	Capra_hircus__goat__HLcapHir2__GCA_001704415.1	2	2
HLbosTau10.ENSBTAT00000005384_PAG10_4303_Capra_hircus__goat__HLcapHir2__GCA_001704415.1	HLbosTau10.ENSBTAT00000005384#PAG10#4303#Capra_hircus__goat__HLcapHir2__GCA_001704415.1	PAG10	Capra_hircus__goat__HLcapHir2__GCA_001704415.1	2	2
mm10.ENSMUST00000025647_Pga5_357583_Capra_hircus__goat__HLcapHir2__GCA_001704415.1	mm10.ENSMUST00000025647#Pga5#357583#Capra_hircus__goat__HLcapHir2__GCA_001704415.1	Pga5	Capra_hircus__goat__HLcapHir2__GCA_001704415.1	2	2
HLbosTau10.NM_001105381_MGC157408_16660_Capra_hircus__goat__HLcapHir2__GCA_001704415.1	HLbosTau10.NM_001105381#MGC157408#16660#Capra_hircus__goat__HLcapHir2__GCA_001704415.1	MGC157408	Capra_hircus__goat__HLcapHir2__GCA_001704415.1	2	2
HLbosTau10.ENSBTAT00000050664_PAG15_76122_Capra_hircus__goat__HLcapHir2__GCA_001704415.1	HLbosTau10.ENSBTAT00000050664#PAG15#76122#Capra_hircus__goat__HLcapHir2__GCA_001704415.1	PAG15	Capra_hircus__goat__HLcapHir2__GCA_001704415.1	2	2
mm10.ENSMUST00000025647_Pga5_25976_Capra_hircus__goat__HLcapHir2__GCA_001704415.1	mm10.ENSMUST00000025647#Pga5#25976#Capra_hircus__goat__HLcapHir2__GCA_001704415.1	Pga5	Capra_hircus__goat__HLcapHir2__GCA_001704415.1	2	2
HLbosTau10.ENSBTAT00000017669_ENSBTAG00000035736_44990_Capra_hircus__goat__HLcapHir2__GCA_001704415.1	HLbosTau10.ENSBTAT00000017669#ENSBTAG00000035736#44990#Capra_hircus__goat__HLcapHir2__GCA_001704415.1	ENSBTAG00000035736	Capra_hircus__goat__HLcapHir2__GCA_001704415.1	2	2
HLbosTau10.ENSBTAT00000038954_PAG21_375039_Capra_hircus__goat__HLcapHir2__GCA_001704415.1	HLbosTau10.ENSBTAT00000038954#PAG21#375039#Capra_hircus__goat__HLcapHir2__GCA_001704415.1	PAG21	Capra_hircus__goat__HLcapHir2__GCA_001704415.1	2	2
HLbosTau10.ENSBTAT00000013786_PAG7_25_Capra_hircus__goat__HLcapHir2__GCA_001704415.1	HLbosTau10.ENSBTAT00000013786#PAG7#25#Capra_hircus__goat__HLcapHir2__GCA_001704415.1	PAG7	Capra_hircus__goat__HLcapHir2__GCA_001704415.1	2	2
mm10.ENSMUST00000025647_Pga5_59595_Capra_hircus__goat__HLcapHir2__GCA_001704415.1	mm10.ENSMUST00000025647#Pga5#59595#Capra_hircus__goat__HLcapHir2__GCA_001704415.1	Pga5	Capra_hircus__goat__HLcapHir2__GCA_001704415.1	2	2
HLbosTau10.ENSBTAT00000025597_PAG8_23118_Capra_hircus__goat__HLcapHir2__GCA_001704415.1	HLbosTau10.ENSBTAT00000025597#PAG8#23118#Capra_hircus__goat__HLcapHir2__GCA_001704415.1	PAG8	Capra_hircus__goat__HLcapHir2__GCA_001704415.1	2	2
mm10.ENSMUST00000025647_Pga5_32483_Capra_hircus__goat__HLcapHir2__GCA_001704415.1	mm10.ENSMUST00000025647#Pga5#32483#Capra_hircus__goat__HLcapHir2__GCA_001704415.1	Pga5	Capra_hircus__goat__HLcapHir2__GCA_001704415.1	2	2
HLbosTau10.ENSBTAT00000038954_PAG21_1368_Capra_hircus__goat__HLcapHir2__GCA_001704415.1	HLbosTau10.ENSBTAT00000038954#PAG21#1368#Capra_hircus__goat__HLcapHir2__GCA_001704415.1	PAG21	Capra_hircus__goat__HLcapHir2__GCA_001704415.1	2	2
HLbosTau10.NM_174411_ENSBTAG00000054180_1362_Capra_hircus__goat__HLcapHir2__GCA_001704415.1	HLbosTau10.NM_174411#ENSBTAG00000054180#1362#Capra_hircus__goat__HLcapHir2__GCA_001704415.1	ENSBTAG00000054180	Capra_hircus__goat__HLcapHir2__GCA_001704415.1	2	2
HLbosTau10.NM_176619_PAG8_377587_Capra_hircus__goat__HLcapHir2__GCA_001704415.1	HLbosTau10.NM_176619#PAG8#377587#Capra_hircus__goat__HLcapHir2__GCA_001704415.1	PAG8	Capra_hircus__goat__HLcapHir2__GCA_001704415.1	2	2
HLbosTau10.NM_176619_PAG8_4318_Capra_hircus__goat__HLcapHir2__GCA_001704415.1	HLbosTau10.NM_176619#PAG8#4318#Capra_hircus__goat__HLcapHir2__GCA_001704415.1	PAG8	Capra_hircus__goat__HLcapHir2__GCA_001704415.1	2	2
mm10.ENSMUST00000025647_Pga5_25265_Capra_hircus__goat__HLcapHir2__GCA_001704415.1	mm10.ENSMUST00000025647#Pga5#25265#Capra_hircus__goat__HLcapHir2__GCA_001704415.1	Pga5	Capra_hircus__goat__HLcapHir2__GCA_001704415.1	2	2
mm10.ENSMUST00000025647_Pga5_29607_Capra_hircus__goat__HLcapHir2__GCA_001704415.1	mm10.ENSMUST00000025647#Pga5#29607#Capra_hircus__goat__HLcapHir2__GCA_001704415.1	Pga5	Capra_hircus__goat__HLcapHir2__GCA_001704415.1	2	2
HLbosTau10.NM_176619_PAG8_477627_Capra_hircus__goat__HLcapHir2__GCA_001704415.1	HLbosTau10.NM_176619#PAG8#477627#Capra_hircus__goat__HLcapHir2__GCA_001704415.1	PAG8	Capra_hircus__goat__HLcapHir2__GCA_001704415.1	2	2
HLbosTau10.ENSBTAT00000005384_PAG10_4874_Capra_hircus__goat__HLcapHir2__GCA_001704415.1	HLbosTau10.ENSBTAT00000005384#PAG10#4874#Capra_hircus__goat__HLcapHir2__GCA_001704415.1	PAG10	Capra_hircus__goat__HLcapHir2__GCA_001704415.1	2	2
mm10.ENSMUST00000025647_Pga5_28971_Capra_hircus__goat__HLcapHir2__GCA_001704415.1	mm10.ENSMUST00000025647#Pga5#28971#Capra_hircus__goat__HLcapHir2__GCA_001704415.1	Pga5	Capra_hircus__goat__HLcapHir2__GCA_001704415.1	2	2
HLbosTau10.ENSBTAT00000018996_ENSBTAG00000040257_10403_Capra_hircus__goat__HLcapHir2__GCA_001704415.1	HLbosTau10.ENSBTAT00000018996#ENSBTAG00000040257#10403#Capra_hircus__goat__HLcapHir2__GCA_001704415.1	ENSBTAG00000040257	Capra_hircus__goat__HLcapHir2__GCA_001704415.1	2	2
mm10.ENSMUST00000025647_Pga5_26101_Capra_hircus__goat__HLcapHir2__GCA_001704415.1	mm10.ENSMUST00000025647#Pga5#26101#Capra_hircus__goat__HLcapHir2__GCA_001704415.1	Pga5	Capra_hircus__goat__HLcapHir2__GCA_001704415.1	2	2
HLbosTau10.XM_002707800_ENSBTAG00000051501_2103_Capra_hircus__goat__HLcapHir2__GCA_001704415.1	HLbosTau10.XM_002707800#ENSBTAG00000051501#2103#Capra_hircus__goat__HLcapHir2__GCA_001704415.1	ENSBTAG00000051501	Capra_hircus__goat__HLcapHir2__GCA_001704415.1	2	2
mm10.ENSMUST00000025647_Pga5_27628_Capra_hircus__goat__HLcapHir2__GCA_001704415.1	mm10.ENSMUST00000025647#Pga5#27628#Capra_hircus__goat__HLcapHir2__GCA_001704415.1	Pga5	Capra_hircus__goat__HLcapHir2__GCA_001704415.1	2	2
HLbosTau10.ENSBTAT00000063428_ENSBTAG00000051196_167_Capra_hircus__goat__HLcapHir2__GCA_001704415.1	HLbosTau10.ENSBTAT00000063428#ENSBTAG00000051196#167#Capra_hircus__goat__HLcapHir2__GCA_001704415.1	ENSBTAG00000051196	Capra_hircus__goat__HLcapHir2__GCA_001704415.1	2	2
HLbosTau10.ENSBTAT00000017669_ENSBTAG00000035736_779_Capra_hircus__goat__HLcapHir2__GCA_001704415.1	HLbosTau10.ENSBTAT00000017669#ENSBTAG00000035736#779#Capra_hircus__goat__HLcapHir2__GCA_001704415.1	ENSBTAG00000035736	Capra_hircus__goat__HLcapHir2__GCA_001704415.1	2	2
mm10.ENSMUST00000025647_Pga5_26119_Capra_hircus__goat__HLcapHir2__GCA_001704415.1	mm10.ENSMUST00000025647#Pga5#26119#Capra_hircus__goat__HLcapHir2__GCA_001704415.1	Pga5	Capra_hircus__goat__HLcapHir2__GCA_001704415.1	2	2
HLbosTau10.ENSBTAT00000005384_PAG10_17449_Capra_hircus__goat__HLcapHir2__GCA_001704415.1	HLbosTau10.ENSBTAT00000005384#PAG10#17449#Capra_hircus__goat__HLcapHir2__GCA_001704415.1	PAG10	Capra_hircus__goat__HLcapHir2__GCA_001704415.1	2	2
HLbosTau10.ENSBTAT00000050648_PAG9_123_Capra_hircus__goat__HLcapHir2__GCA_001704415.1	HLbosTau10.ENSBTAT00000050648#PAG9#123#Capra_hircus__goat__HLcapHir2__GCA_001704415.1	PAG9	Capra_hircus__goat__HLcapHir2__GCA_001704415.1	2	2
HLbosTau10.NM_001109978_PAG7_15706_Capra_hircus__goat__HLcapHir2__GCA_001704415.1	HLbosTau10.NM_001109978#PAG7#15706#Capra_hircus__goat__HLcapHir2__GCA_001704415.1	PAG7	Capra_hircus__goat__HLcapHir2__GCA_001704415.1	2	2
HLbosTau10.NM_176625_PAG16_3302_Capra_hircus__goat__HLcapHir2__GCA_001704415.1	HLbosTau10.NM_176625#PAG16#3302#Capra_hircus__goat__HLcapHir2__GCA_001704415.1	PAG16	Capra_hircus__goat__HLcapHir2__GCA_001704415.1	2	2
HLbosTau10.ENSBTAT00000030243_PAG3_1219_Capra_hircus__goat__HLcapHir2__GCA_001704415.1	HLbosTau10.ENSBTAT00000030243#PAG3#1219#Capra_hircus__goat__HLcapHir2__GCA_001704415.1	PAG3	Capra_hircus__goat__HLcapHir2__GCA_001704415.1	2	2
HLbosTau10.ENSBTAT00000038878_PAG6_1254_Capra_hircus__goat__HLcapHir2__GCA_001704415.1	HLbosTau10.ENSBTAT00000038878#PAG6#1254#Capra_hircus__goat__HLcapHir2__GCA_001704415.1	PAG6	Capra_hircus__goat__HLcapHir2__GCA_001704415.1	2	2
mm10.ENSMUST00000025647_Pga5_24323_Capra_hircus__goat__HLcapHir2__GCA_001704415.1	mm10.ENSMUST00000025647#Pga5#24323#Capra_hircus__goat__HLcapHir2__GCA_001704415.1	Pga5	Capra_hircus__goat__HLcapHir2__GCA_001704415.1	2	2
mm10.ENSMUST00000025647_Pga5_33047_Capra_hircus__goat__HLcapHir2__GCA_001704415.1	mm10.ENSMUST00000025647#Pga5#33047#Capra_hircus__goat__HLcapHir2__GCA_001704415.1	Pga5	Capra_hircus__goat__HLcapHir2__GCA_001704415.1	2	2
HLbosTau10.ENSBTAT00000009701_ENSBTAG00000038506_163_Capra_hircus__goat__HLcapHir2__GCA_001704415.1	HLbosTau10.ENSBTAT00000009701#ENSBTAG00000038506#163#Capra_hircus__goat__HLcapHir2__GCA_001704415.1	ENSBTAG00000038506	Capra_hircus__goat__HLcapHir2__GCA_001704415.1	2	2
mm10.ENSMUST00000025647_Pga5_36301_Capra_hircus__goat__HLcapHir2__GCA_001704415.1	mm10.ENSMUST00000025647#Pga5#36301#Capra_hircus__goat__HLcapHir2__GCA_001704415.1	Pga5	Capra_hircus__goat__HLcapHir2__GCA_001704415.1	2	2
mm10.ENSMUST00000025647_Pga5_27275_Capra_hircus__goat__HLcapHir2__GCA_001704415.1	mm10.ENSMUST00000025647#Pga5#27275#Capra_hircus__goat__HLcapHir2__GCA_001704415.1	Pga5	Capra_hircus__goat__HLcapHir2__GCA_001704415.1	2	2
HLbosTau10.ENSBTAT00000005384_PAG10_8470_Capra_hircus__goat__HLcapHir2__GCA_001704415.1	HLbosTau10.ENSBTAT00000005384#PAG10#8470#Capra_hircus__goat__HLcapHir2__GCA_001704415.1	PAG10	Capra_hircus__goat__HLcapHir2__GCA_001704415.1	2	2
HLbosTau10.ENSBTAT00000030244_ENSBTAG00000050440_124_Capra_hircus__goat__HLcapHir2__GCA_001704415.1	HLbosTau10.ENSBTAT00000030244#ENSBTAG00000050440#124#Capra_hircus__goat__HLcapHir2__GCA_001704415.1	ENSBTAG00000050440	Capra_hircus__goat__HLcapHir2__GCA_001704415.1	2	2
mm10.ENSMUST00000025647_Pga5_33957_Capra_hircus__goat__HLcapHir2__GCA_001704415.1	mm10.ENSMUST00000025647#Pga5#33957#Capra_hircus__goat__HLcapHir2__GCA_001704415.1	Pga5	Capra_hircus__goat__HLcapHir2__GCA_001704415.1	2	2
mm10.ENSMUST00000025647_Pga5_33100_Capra_hircus__goat__HLcapHir2__GCA_001704415.1	mm10.ENSMUST00000025647#Pga5#33100#Capra_hircus__goat__HLcapHir2__GCA_001704415.1	Pga5	Capra_hircus__goat__HLcapHir2__GCA_001704415.1	2	2
HLbosTau10.ENSBTAT00000017669_ENSBTAG00000035736_181_Capra_hircus__goat__HLcapHir2__GCA_001704415.1	HLbosTau10.ENSBTAT00000017669#ENSBTAG00000035736#181#Capra_hircus__goat__HLcapHir2__GCA_001704415.1	ENSBTAG00000035736	Capra_hircus__goat__HLcapHir2__GCA_001704415.1	2	2
HLbosTau10.ENSBTAT00000064112_ENSBTAG00000054180_224_Capra_hircus__goat__HLcapHir2__GCA_001704415.1	HLbosTau10.ENSBTAT00000064112#ENSBTAG00000054180#224#Capra_hircus__goat__HLcapHir2__GCA_001704415.1	ENSBTAG00000054180	Capra_hircus__goat__HLcapHir2__GCA_001704415.1	2	2
HLbosTau10.ENSBTAT00000079331_ENSBTAG00000051501_6498_Capra_hircus__goat__HLcapHir2__GCA_001704415.1	HLbosTau10.ENSBTAT00000079331#ENSBTAG00000051501#6498#Capra_hircus__goat__HLcapHir2__GCA_001704415.1	ENSBTAG00000051501	Capra_hircus__goat__HLcapHir2__GCA_001704415.1	2	2
HLbosTau10.ENSBTAT00000005399_PAG11_4383_Capra_hircus__goat__HLcapHir2__GCA_001704415.1	HLbosTau10.ENSBTAT00000005399#PAG11#4383#Capra_hircus__goat__HLcapHir2__GCA_001704415.1	PAG11	Capra_hircus__goat__HLcapHir2__GCA_001704415.1	2	2
HLbosTau10.ENSBTAT00000038954_PAG21_2795_Capra_hircus__goat__HLcapHir2__GCA_001704415.1	HLbosTau10.ENSBTAT00000038954#PAG21#2795#Capra_hircus__goat__HLcapHir2__GCA_001704415.1	PAG21	Capra_hircus__goat__HLcapHir2__GCA_001704415.1	2	2
HLbosTau10.ENSBTAT00000063428_ENSBTAG00000051196_8132_Capra_hircus__goat__HLcapHir2__GCA_001704415.1	HLbosTau10.ENSBTAT00000063428#ENSBTAG00000051196#8132#Capra_hircus__goat__HLcapHir2__GCA_001704415.1	ENSBTAG00000051196	Capra_hircus__goat__HLcapHir2__GCA_001704415.1	2	2
HLbosTau10.ENSBTAT00000009701_ENSBTAG00000038506_21466_Capra_hircus__goat__HLcapHir2__GCA_001704415.1	HLbosTau10.ENSBTAT00000009701#ENSBTAG00000038506#21466#Capra_hircus__goat__HLcapHir2__GCA_001704415.1	ENSBTAG00000038506	Capra_hircus__goat__HLcapHir2__GCA_001704415.1	2	2
HLbosTau10.ENSBTAT00000027020_ENSBTAG00000035736_13087_Capra_hircus__goat__HLcapHir2__GCA_001704415.1	HLbosTau10.ENSBTAT00000027020#ENSBTAG00000035736#13087#Capra_hircus__goat__HLcapHir2__GCA_001704415.1	ENSBTAG00000035736	Capra_hircus__goat__HLcapHir2__GCA_001704415.1	2	2
mm10.ENSMUST00000025647_Pga5_31184_Capra_hircus__goat__HLcapHir2__GCA_001704415.1	mm10.ENSMUST00000025647#Pga5#31184#Capra_hircus__goat__HLcapHir2__GCA_001704415.1	Pga5	Capra_hircus__goat__HLcapHir2__GCA_001704415.1	2	2
mm10.ENSMUST00000025647_Pga5_34210_Capra_hircus__goat__HLcapHir2__GCA_001704415.1	mm10.ENSMUST00000025647#Pga5#34210#Capra_hircus__goat__HLcapHir2__GCA_001704415.1	Pga5	Capra_hircus__goat__HLcapHir2__GCA_001704415.1	2	2
mm10.ENSMUST00000025647_Pga5_31422_Capra_hircus__goat__HLcapHir2__GCA_001704415.1	mm10.ENSMUST00000025647#Pga5#31422#Capra_hircus__goat__HLcapHir2__GCA_001704415.1	Pga5	Capra_hircus__goat__HLcapHir2__GCA_001704415.1	2	2
mm10.ENSMUST00000025647_Pga5_26273_Capra_hircus__goat__HLcapHir2__GCA_001704415.1	mm10.ENSMUST00000025647#Pga5#26273#Capra_hircus__goat__HLcapHir2__GCA_001704415.1	Pga5	Capra_hircus__goat__HLcapHir2__GCA_001704415.1	2	2
HLbosTau10.ENSBTAT00000025567_PAG12_2613_Capra_hircus__goat__HLcapHir2__GCA_001704415.1	HLbosTau10.ENSBTAT00000025567#PAG12#2613#Capra_hircus__goat__HLcapHir2__GCA_001704415.1	PAG12	Capra_hircus__goat__HLcapHir2__GCA_001704415.1	2	2
mm10.ENSMUST00000025647_Pga5_33019_Capra_hircus__goat__HLcapHir2__GCA_001704415.1	mm10.ENSMUST00000025647#Pga5#33019#Capra_hircus__goat__HLcapHir2__GCA_001704415.1	Pga5	Capra_hircus__goat__HLcapHir2__GCA_001704415.1	2	2
HLbosTau10.ENSBTAT00000030243_PAG3_14872_Capra_hircus__goat__HLcapHir2__GCA_001704415.1	HLbosTau10.ENSBTAT00000030243#PAG3#14872#Capra_hircus__goat__HLcapHir2__GCA_001704415.1	PAG3	Capra_hircus__goat__HLcapHir2__GCA_001704415.1	2	2
HLbosTau10.ENSBTAT00000063428_ENSBTAG00000051196_77_Capra_hircus__goat__HLcapHir2__GCA_001704415.1	HLbosTau10.ENSBTAT00000063428#ENSBTAG00000051196#77#Capra_hircus__goat__HLcapHir2__GCA_001704415.1	ENSBTAG00000051196	Capra_hircus__goat__HLcapHir2__GCA_001704415.1	2	2
mm10.ENSMUST00000025647_Pga5_10499_Capra_hircus__goat__HLcapHir2__GCA_001704415.1	mm10.ENSMUST00000025647#Pga5#10499#Capra_hircus__goat__HLcapHir2__GCA_001704415.1	Pga5	Capra_hircus__goat__HLcapHir2__GCA_001704415.1	7	4
HLbosTau10.ENSBTAT00000025567_PAG12_42720_Capra_hircus__goat__HLcapHir2__GCA_001704415.1	HLbosTau10.ENSBTAT00000025567#PAG12#42720#Capra_hircus__goat__HLcapHir2__GCA_001704415.1	PAG12	Capra_hircus__goat__HLcapHir2__GCA_001704415.1	9	4
HLbosTau10.ENSBTAT00000025593_PAG5_224_Capra_hircus__goat__HLcapHir2__GCA_001704415.1	HLbosTau10.ENSBTAT00000025593#PAG5#224#Capra_hircus__goat__HLcapHir2__GCA_001704415.1	PAG5	Capra_hircus__goat__HLcapHir2__GCA_001704415.1	8	4
HLbosTau10.ENSBTAT00000038878_PAG6_171850_Capra_hircus__goat__HLcapHir2__GCA_001704415.1	HLbosTau10.ENSBTAT00000038878#PAG6#171850#Capra_hircus__goat__HLcapHir2__GCA_001704415.1	PAG6	Capra_hircus__goat__HLcapHir2__GCA_001704415.1	5	4
HLbosTau10.ENSBTAT00000030244_ENSBTAG00000050440_336252_Capra_hircus__goat__HLcapHir2__GCA_001704415.1	HLbosTau10.ENSBTAT00000030244#ENSBTAG00000050440#336252#Capra_hircus__goat__HLcapHir2__GCA_001704415.1	ENSBTAG00000050440	Capra_hircus__goat__HLcapHir2__GCA_001704415.1	4	4
HLbosTau10.ENSBTAT00000030188_ENSBTAG00000024611_44081_Capra_hircus__goat__HLcapHir2__GCA_001704415.1	HLbosTau10.ENSBTAT00000030188#ENSBTAG00000024611#44081#Capra_hircus__goat__HLcapHir2__GCA_001704415.1	ENSBTAG00000024611	Capra_hircus__goat__HLcapHir2__GCA_001704415.1	5	4
HLbosTau10.ENSBTAT00000005399_PAG11_3603_Capra_hircus__goat__HLcapHir2__GCA_001704415.1	HLbosTau10.ENSBTAT00000005399#PAG11#3603#Capra_hircus__goat__HLcapHir2__GCA_001704415.1	PAG11	Capra_hircus__goat__HLcapHir2__GCA_001704415.1	5	4
HLbosTau10.ENSBTAT00000030188_ENSBTAG00000024611_181_Capra_hircus__goat__HLcapHir2__GCA_001704415.1	HLbosTau10.ENSBTAT00000030188#ENSBTAG00000024611#181#Capra_hircus__goat__HLcapHir2__GCA_001704415.1	ENSBTAG00000024611	Capra_hircus__goat__HLcapHir2__GCA_001704415.1	5	4
hg38.ENST00000312403.10_PGA5_4647_Capra_hircus__goat__HLcapHir2__GCA_001704415.1	hg38.ENST00000312403.10#PGA5#4647#Capra_hircus__goat__HLcapHir2__GCA_001704415.1	PGA5	Capra_hircus__goat__HLcapHir2__GCA_001704415.1	56	38
hg38.ENST00000312403.10_PGA5_4133_Capra_ibex__Alpine_ibex__HLcapIbex2__GCA_054642885.1	hg38.ENST00000312403.10#PGA5#4133#Capra_ibex__Alpine_ibex__HLcapIbex2__GCA_054642885.1	PGA5	Capra_ibex__Alpine_ibex__HLcapIbex2__GCA_054642885.1	56	38
HLbosTau10.ENSBTAT00000005399_PAG11_2137_Capra_ibex__Alpine_ibex__HLcapIbex2__GCA_054642885.1	HLbosTau10.ENSBTAT00000005399#PAG11#2137#Capra_ibex__Alpine_ibex__HLcapIbex2__GCA_054642885.1	PAG11	Capra_ibex__Alpine_ibex__HLcapIbex2__GCA_054642885.1	5	4
HLbosTau10.ENSBTAT00000030188_ENSBTAG00000024611_101_Capra_ibex__Alpine_ibex__HLcapIbex2__GCA_054642885.1	HLbosTau10.ENSBTAT00000030188#ENSBTAG00000024611#101#Capra_ibex__Alpine_ibex__HLcapIbex2__GCA_054642885.1	ENSBTAG00000024611	Capra_ibex__Alpine_ibex__HLcapIbex2__GCA_054642885.1	5	4
HLbosTau10.ENSBTAT00000017585_ENSBTAG00000013214_2137_Capra_ibex__Alpine_ibex__HLcapIbex2__GCA_054642885.1	HLbosTau10.ENSBTAT00000017585#ENSBTAG00000013214#2137#Capra_ibex__Alpine_ibex__HLcapIbex2__GCA_054642885.1	ENSBTAG00000013214	Capra_ibex__Alpine_ibex__HLcapIbex2__GCA_054642885.1	5	4
HLbosTau10.NM_001109978_PAG7_571_Capra_ibex__Alpine_ibex__HLcapIbex2__GCA_054642885.1	HLbosTau10.NM_001109978#PAG7#571#Capra_ibex__Alpine_ibex__HLcapIbex2__GCA_054642885.1	PAG7	Capra_ibex__Alpine_ibex__HLcapIbex2__GCA_054642885.1	8	4
HLbosTau10.ENSBTAT00000013786_PAG7_4269_Capra_ibex__Alpine_ibex__HLcapIbex2__GCA_054642885.1	HLbosTau10.ENSBTAT00000013786#PAG7#4269#Capra_ibex__Alpine_ibex__HLcapIbex2__GCA_054642885.1	PAG7	Capra_ibex__Alpine_ibex__HLcapIbex2__GCA_054642885.1	5	4
mm10.ENSMUST00000025647_Pga5_50194_Capra_ibex__Alpine_ibex__HLcapIbex2__GCA_054642885.1	mm10.ENSMUST00000025647#Pga5#50194#Capra_ibex__Alpine_ibex__HLcapIbex2__GCA_054642885.1	Pga5	Capra_ibex__Alpine_ibex__HLcapIbex2__GCA_054642885.1	9	4
HLbosTau10.ENSBTAT00000005384_PAG10_2467_Capra_ibex__Alpine_ibex__HLcapIbex2__GCA_054642885.1	HLbosTau10.ENSBTAT00000005384#PAG10#2467#Capra_ibex__Alpine_ibex__HLcapIbex2__GCA_054642885.1	PAG10	Capra_ibex__Alpine_ibex__HLcapIbex2__GCA_054642885.1	7	4
HLbosTau10.ENSBTAT00000017669_ENSBTAG00000035736_471_Capra_ibex__Alpine_ibex__HLcapIbex2__GCA_054642885.1	HLbosTau10.ENSBTAT00000017669#ENSBTAG00000035736#471#Capra_ibex__Alpine_ibex__HLcapIbex2__GCA_054642885.1	ENSBTAG00000035736	Capra_ibex__Alpine_ibex__HLcapIbex2__GCA_054642885.1	7	4
mm10.ENSMUST00000025647_Pga5_19971_Capra_ibex__Alpine_ibex__HLcapIbex2__GCA_054642885.1	mm10.ENSMUST00000025647#Pga5#19971#Capra_ibex__Alpine_ibex__HLcapIbex2__GCA_054642885.1	Pga5	Capra_ibex__Alpine_ibex__HLcapIbex2__GCA_054642885.1	2	2
HLbosTau10.ENSBTAT00000017585_ENSBTAG00000013214_142_Capra_ibex__Alpine_ibex__HLcapIbex2__GCA_054642885.1	HLbosTau10.ENSBTAT00000017585#ENSBTAG00000013214#142#Capra_ibex__Alpine_ibex__HLcapIbex2__GCA_054642885.1	ENSBTAG00000013214	Capra_ibex__Alpine_ibex__HLcapIbex2__GCA_054642885.1	2	2
HLbosTau10.ENSBTAT00000030466_PAG18_130167_Capra_ibex__Alpine_ibex__HLcapIbex2__GCA_054642885.1	HLbosTau10.ENSBTAT00000030466#PAG18#130167#Capra_ibex__Alpine_ibex__HLcapIbex2__GCA_054642885.1	PAG18	Capra_ibex__Alpine_ibex__HLcapIbex2__GCA_054642885.1	2	2
HLbosTau10.ENSBTAT00000017585_ENSBTAG00000013214_2183_Capra_ibex__Alpine_ibex__HLcapIbex2__GCA_054642885.1	HLbosTau10.ENSBTAT00000017585#ENSBTAG00000013214#2183#Capra_ibex__Alpine_ibex__HLcapIbex2__GCA_054642885.1	ENSBTAG00000013214	Capra_ibex__Alpine_ibex__HLcapIbex2__GCA_054642885.1	2	2
HLbosTau10.ENSBTAT00000005384_PAG10_90491_Capra_ibex__Alpine_ibex__HLcapIbex2__GCA_054642885.1	HLbosTau10.ENSBTAT00000005384#PAG10#90491#Capra_ibex__Alpine_ibex__HLcapIbex2__GCA_054642885.1	PAG10	Capra_ibex__Alpine_ibex__HLcapIbex2__GCA_054642885.1	2	2
mm10.ENSMUST00000025647_Pga5_21532_Capra_ibex__Alpine_ibex__HLcapIbex2__GCA_054642885.1	mm10.ENSMUST00000025647#Pga5#21532#Capra_ibex__Alpine_ibex__HLcapIbex2__GCA_054642885.1	Pga5	Capra_ibex__Alpine_ibex__HLcapIbex2__GCA_054642885.1	2	2
HLbosTau10.ENSBTAT00000063428_ENSBTAG00000051196_634_Capra_ibex__Alpine_ibex__HLcapIbex2__GCA_054642885.1	HLbosTau10.ENSBTAT00000063428#ENSBTAG00000051196#634#Capra_ibex__Alpine_ibex__HLcapIbex2__GCA_054642885.1	ENSBTAG00000051196	Capra_ibex__Alpine_ibex__HLcapIbex2__GCA_054642885.1	2	2
HLbosTau10.ENSBTAT00000013786_PAG7_151726_Capra_ibex__Alpine_ibex__HLcapIbex2__GCA_054642885.1	HLbosTau10.ENSBTAT00000013786#PAG7#151726#Capra_ibex__Alpine_ibex__HLcapIbex2__GCA_054642885.1	PAG7	Capra_ibex__Alpine_ibex__HLcapIbex2__GCA_054642885.1	2	2
HLbosTau10.ENSBTAT00000025597_PAG8_1926_Capra_ibex__Alpine_ibex__HLcapIbex2__GCA_054642885.1	HLbosTau10.ENSBTAT00000025597#PAG8#1926#Capra_ibex__Alpine_ibex__HLcapIbex2__GCA_054642885.1	PAG8	Capra_ibex__Alpine_ibex__HLcapIbex2__GCA_054642885.1	2	2
mm10.ENSMUST00000025647_Pga5_20416_Capra_ibex__Alpine_ibex__HLcapIbex2__GCA_054642885.1	mm10.ENSMUST00000025647#Pga5#20416#Capra_ibex__Alpine_ibex__HLcapIbex2__GCA_054642885.1	Pga5	Capra_ibex__Alpine_ibex__HLcapIbex2__GCA_054642885.1	2	2
HLbosTau10.NM_001083697_MGC157405_931_Capra_ibex__Alpine_ibex__HLcapIbex2__GCA_054642885.1	HLbosTau10.NM_001083697#MGC157405#931#Capra_ibex__Alpine_ibex__HLcapIbex2__GCA_054642885.1	MGC157405	Capra_ibex__Alpine_ibex__HLcapIbex2__GCA_054642885.1	2	2
mm10.ENSMUST00000025647_Pga5_25228_Capra_ibex__Alpine_ibex__HLcapIbex2__GCA_054642885.1	mm10.ENSMUST00000025647#Pga5#25228#Capra_ibex__Alpine_ibex__HLcapIbex2__GCA_054642885.1	Pga5	Capra_ibex__Alpine_ibex__HLcapIbex2__GCA_054642885.1	2	2
HLbosTau10.ENSBTAT00000063428_ENSBTAG00000051196_273466_Capra_ibex__Alpine_ibex__HLcapIbex2__GCA_054642885.1	HLbosTau10.ENSBTAT00000063428#ENSBTAG00000051196#273466#Capra_ibex__Alpine_ibex__HLcapIbex2__GCA_054642885.1	ENSBTAG00000051196	Capra_ibex__Alpine_ibex__HLcapIbex2__GCA_054642885.1	2	2
mm10.ENSMUST00000025647_Pga5_25806_Capra_ibex__Alpine_ibex__HLcapIbex2__GCA_054642885.1	mm10.ENSMUST00000025647#Pga5#25806#Capra_ibex__Alpine_ibex__HLcapIbex2__GCA_054642885.1	Pga5	Capra_ibex__Alpine_ibex__HLcapIbex2__GCA_054642885.1	2	2
HLbosTau10.ENSBTAT00000027020_ENSBTAG00000035736_3964_Capra_ibex__Alpine_ibex__HLcapIbex2__GCA_054642885.1	HLbosTau10.ENSBTAT00000027020#ENSBTAG00000035736#3964#Capra_ibex__Alpine_ibex__HLcapIbex2__GCA_054642885.1	ENSBTAG00000035736	Capra_ibex__Alpine_ibex__HLcapIbex2__GCA_054642885.1	2	2
HLbosTau10.ENSBTAT00000005384_PAG10_175034_Capra_ibex__Alpine_ibex__HLcapIbex2__GCA_054642885.1	HLbosTau10.ENSBTAT00000005384#PAG10#175034#Capra_ibex__Alpine_ibex__HLcapIbex2__GCA_054642885.1	PAG10	Capra_ibex__Alpine_ibex__HLcapIbex2__GCA_054642885.1	2	2
mm10.ENSMUST00000025647_Pga5_27184_Capra_ibex__Alpine_ibex__HLcapIbex2__GCA_054642885.1	mm10.ENSMUST00000025647#Pga5#27184#Capra_ibex__Alpine_ibex__HLcapIbex2__GCA_054642885.1	Pga5	Capra_ibex__Alpine_ibex__HLcapIbex2__GCA_054642885.1	2	2
HLbosTau10.ENSBTAT00000017585_ENSBTAG00000013214_404564_Capra_ibex__Alpine_ibex__HLcapIbex2__GCA_054642885.1	HLbosTau10.ENSBTAT00000017585#ENSBTAG00000013214#404564#Capra_ibex__Alpine_ibex__HLcapIbex2__GCA_054642885.1	ENSBTAG00000013214	Capra_ibex__Alpine_ibex__HLcapIbex2__GCA_054642885.1	2	2
HLbosTau10.XM_002707800_ENSBTAG00000051501_3691_Capra_ibex__Alpine_ibex__HLcapIbex2__GCA_054642885.1	HLbosTau10.XM_002707800#ENSBTAG00000051501#3691#Capra_ibex__Alpine_ibex__HLcapIbex2__GCA_054642885.1	ENSBTAG00000051501	Capra_ibex__Alpine_ibex__HLcapIbex2__GCA_054642885.1	2	2
HLbosTau10.ENSBTAT00000030243_PAG3_39_Capra_ibex__Alpine_ibex__HLcapIbex2__GCA_054642885.1	HLbosTau10.ENSBTAT00000030243#PAG3#39#Capra_ibex__Alpine_ibex__HLcapIbex2__GCA_054642885.1	PAG3	Capra_ibex__Alpine_ibex__HLcapIbex2__GCA_054642885.1	2	2
HLbosTau10.ENSBTAT00000013786_PAG7_277016_Capra_ibex__Alpine_ibex__HLcapIbex2__GCA_054642885.1	HLbosTau10.ENSBTAT00000013786#PAG7#277016#Capra_ibex__Alpine_ibex__HLcapIbex2__GCA_054642885.1	PAG7	Capra_ibex__Alpine_ibex__HLcapIbex2__GCA_054642885.1	2	2
HLbosTau10.ENSBTAT00000030188_ENSBTAG00000024611_326_Capra_ibex__Alpine_ibex__HLcapIbex2__GCA_054642885.1	HLbosTau10.ENSBTAT00000030188#ENSBTAG00000024611#326#Capra_ibex__Alpine_ibex__HLcapIbex2__GCA_054642885.1	ENSBTAG00000024611	Capra_ibex__Alpine_ibex__HLcapIbex2__GCA_054642885.1	2	2
HLbosTau10.ENSBTAT00000038878_PAG6_80792_Capra_ibex__Alpine_ibex__HLcapIbex2__GCA_054642885.1	HLbosTau10.ENSBTAT00000038878#PAG6#80792#Capra_ibex__Alpine_ibex__HLcapIbex2__GCA_054642885.1	PAG6	Capra_ibex__Alpine_ibex__HLcapIbex2__GCA_054642885.1	2	2
HLbosTau10.ENSBTAT00000030188_ENSBTAG00000024611_2635_Capra_ibex__Alpine_ibex__HLcapIbex2__GCA_054642885.1	HLbosTau10.ENSBTAT00000030188#ENSBTAG00000024611#2635#Capra_ibex__Alpine_ibex__HLcapIbex2__GCA_054642885.1	ENSBTAG00000024611	Capra_ibex__Alpine_ibex__HLcapIbex2__GCA_054642885.1	2	2
mm10.ENSMUST00000025647_Pga5_16308_Capra_ibex__Alpine_ibex__HLcapIbex2__GCA_054642885.1	mm10.ENSMUST00000025647#Pga5#16308#Capra_ibex__Alpine_ibex__HLcapIbex2__GCA_054642885.1	Pga5	Capra_ibex__Alpine_ibex__HLcapIbex2__GCA_054642885.1	2	2
HLbosTau10.XM_002699310_LOC524173_380035_Capra_ibex__Alpine_ibex__HLcapIbex2__GCA_054642885.1	HLbosTau10.XM_002699310#LOC524173#380035#Capra_ibex__Alpine_ibex__HLcapIbex2__GCA_054642885.1	LOC524173	Capra_ibex__Alpine_ibex__HLcapIbex2__GCA_054642885.1	2	2
HLeleMaxInd3A.XM_049891846.1_LOC126080666_2888_Capra_ibex__Alpine_ibex__HLcapIbex2__GCA_054642885.1	HLeleMaxInd3A.XM_049891846.1#LOC126080666#2888#Capra_ibex__Alpine_ibex__HLcapIbex2__GCA_054642885.1	LOC126080666	Capra_ibex__Alpine_ibex__HLcapIbex2__GCA_054642885.1	2	2
HLbosTau10.XM_002699310_LOC524173_378688_Capra_ibex__Alpine_ibex__HLcapIbex2__GCA_054642885.1	HLbosTau10.XM_002699310#LOC524173#378688#Capra_ibex__Alpine_ibex__HLcapIbex2__GCA_054642885.1	LOC524173	Capra_ibex__Alpine_ibex__HLcapIbex2__GCA_054642885.1	2	2
HLbosTau10.NM_176630_PAG21_7884_Capra_ibex__Alpine_ibex__HLcapIbex2__GCA_054642885.1	HLbosTau10.NM_176630#PAG21#7884#Capra_ibex__Alpine_ibex__HLcapIbex2__GCA_054642885.1	PAG21	Capra_ibex__Alpine_ibex__HLcapIbex2__GCA_054642885.1	2	2
mm10.ENSMUST00000025647_Pga5_19675_Capra_ibex__Alpine_ibex__HLcapIbex2__GCA_054642885.1	mm10.ENSMUST00000025647#Pga5#19675#Capra_ibex__Alpine_ibex__HLcapIbex2__GCA_054642885.1	Pga5	Capra_ibex__Alpine_ibex__HLcapIbex2__GCA_054642885.1	2	2
HLbosTau10.ENSBTAT00000013786_PAG7_146444_Capra_ibex__Alpine_ibex__HLcapIbex2__GCA_054642885.1	HLbosTau10.ENSBTAT00000013786#PAG7#146444#Capra_ibex__Alpine_ibex__HLcapIbex2__GCA_054642885.1	PAG7	Capra_ibex__Alpine_ibex__HLcapIbex2__GCA_054642885.1	2	2
HLbosTau10.XM_024987413_ENSBTAG00000046686_103_Capra_ibex__Alpine_ibex__HLcapIbex2__GCA_054642885.1	HLbosTau10.XM_024987413#ENSBTAG00000046686#103#Capra_ibex__Alpine_ibex__HLcapIbex2__GCA_054642885.1	ENSBTAG00000046686	Capra_ibex__Alpine_ibex__HLcapIbex2__GCA_054642885.1	2	2
HLbosTau10.ENSBTAT00000052386_MGC157405_5644_Capra_ibex__Alpine_ibex__HLcapIbex2__GCA_054642885.1	HLbosTau10.ENSBTAT00000052386#MGC157405#5644#Capra_ibex__Alpine_ibex__HLcapIbex2__GCA_054642885.1	MGC157405	Capra_ibex__Alpine_ibex__HLcapIbex2__GCA_054642885.1	2	2
HLbosTau10.ENSBTAT00000017669_ENSBTAG00000035736_101_Capra_ibex__Alpine_ibex__HLcapIbex2__GCA_054642885.1	HLbosTau10.ENSBTAT00000017669#ENSBTAG00000035736#101#Capra_ibex__Alpine_ibex__HLcapIbex2__GCA_054642885.1	ENSBTAG00000035736	Capra_ibex__Alpine_ibex__HLcapIbex2__GCA_054642885.1	2	2
HLbosTau10.ENSBTAT00000050648_PAG9_81_Capra_ibex__Alpine_ibex__HLcapIbex2__GCA_054642885.1	HLbosTau10.ENSBTAT00000050648#PAG9#81#Capra_ibex__Alpine_ibex__HLcapIbex2__GCA_054642885.1	PAG9	Capra_ibex__Alpine_ibex__HLcapIbex2__GCA_054642885.1	2	2
HLbosTau10.ENSBTAT00000025567_PAG12_9584_Capra_ibex__Alpine_ibex__HLcapIbex2__GCA_054642885.1	HLbosTau10.ENSBTAT00000025567#PAG12#9584#Capra_ibex__Alpine_ibex__HLcapIbex2__GCA_054642885.1	PAG12	Capra_ibex__Alpine_ibex__HLcapIbex2__GCA_054642885.1	2	2
mm10.ENSMUST00000025647_Pga5_20256_Capra_ibex__Alpine_ibex__HLcapIbex2__GCA_054642885.1	mm10.ENSMUST00000025647#Pga5#20256#Capra_ibex__Alpine_ibex__HLcapIbex2__GCA_054642885.1	Pga5	Capra_ibex__Alpine_ibex__HLcapIbex2__GCA_054642885.1	2	2
HLbosTau10.ENSBTAT00000025593_PAG5_3101_Capra_ibex__Alpine_ibex__HLcapIbex2__GCA_054642885.1	HLbosTau10.ENSBTAT00000025593#PAG5#3101#Capra_ibex__Alpine_ibex__HLcapIbex2__GCA_054642885.1	PAG5	Capra_ibex__Alpine_ibex__HLcapIbex2__GCA_054642885.1	2	2
HLbosTau10.XM_002707800_ENSBTAG00000051501_1900_Capra_ibex__Alpine_ibex__HLcapIbex2__GCA_054642885.1	HLbosTau10.XM_002707800#ENSBTAG00000051501#1900#Capra_ibex__Alpine_ibex__HLcapIbex2__GCA_054642885.1	ENSBTAG00000051501	Capra_ibex__Alpine_ibex__HLcapIbex2__GCA_054642885.1	2	2
HLbosTau10.ENSBTAT00000025597_PAG8_1294_Capra_ibex__Alpine_ibex__HLcapIbex2__GCA_054642885.1	HLbosTau10.ENSBTAT00000025597#PAG8#1294#Capra_ibex__Alpine_ibex__HLcapIbex2__GCA_054642885.1	PAG8	Capra_ibex__Alpine_ibex__HLcapIbex2__GCA_054642885.1	2	2
HLbosTau10.XM_024987413_ENSBTAG00000046686_45_Capra_ibex__Alpine_ibex__HLcapIbex2__GCA_054642885.1	HLbosTau10.XM_024987413#ENSBTAG00000046686#45#Capra_ibex__Alpine_ibex__HLcapIbex2__GCA_054642885.1	ENSBTAG00000046686	Capra_ibex__Alpine_ibex__HLcapIbex2__GCA_054642885.1	2	2
HLbosTau10.ENSBTAT00000050664_PAG15_109404_Capra_ibex__Alpine_ibex__HLcapIbex2__GCA_054642885.1	HLbosTau10.ENSBTAT00000050664#PAG15#109404#Capra_ibex__Alpine_ibex__HLcapIbex2__GCA_054642885.1	PAG15	Capra_ibex__Alpine_ibex__HLcapIbex2__GCA_054642885.1	2	2
HLbosTau10.ENSBTAT00000025601_ENSBTAG00000026016_172360_Capra_ibex__Alpine_ibex__HLcapIbex2__GCA_054642885.1	HLbosTau10.ENSBTAT00000025601#ENSBTAG00000026016#172360#Capra_ibex__Alpine_ibex__HLcapIbex2__GCA_054642885.1	ENSBTAG00000026016	Capra_ibex__Alpine_ibex__HLcapIbex2__GCA_054642885.1	2	2
mm10.ENSMUST00000025647_Pga5_24243_Capra_ibex__Alpine_ibex__HLcapIbex2__GCA_054642885.1	mm10.ENSMUST00000025647#Pga5#24243#Capra_ibex__Alpine_ibex__HLcapIbex2__GCA_054642885.1	Pga5	Capra_ibex__Alpine_ibex__HLcapIbex2__GCA_054642885.1	2	2
HLbosTau10.XM_002707800_ENSBTAG00000051501_1247_Capra_ibex__Alpine_ibex__HLcapIbex2__GCA_054642885.1	HLbosTau10.XM_002707800#ENSBTAG00000051501#1247#Capra_ibex__Alpine_ibex__HLcapIbex2__GCA_054642885.1	ENSBTAG00000051501	Capra_ibex__Alpine_ibex__HLcapIbex2__GCA_054642885.1	2	2
HLbosTau10.ENSBTAT00000025597_PAG8_6847_Capra_ibex__Alpine_ibex__HLcapIbex2__GCA_054642885.1	HLbosTau10.ENSBTAT00000025597#PAG8#6847#Capra_ibex__Alpine_ibex__HLcapIbex2__GCA_054642885.1	PAG8	Capra_ibex__Alpine_ibex__HLcapIbex2__GCA_054642885.1	2	2
HLbosTau10.XM_002707800_ENSBTAG00000051501_111859_Capra_ibex__Alpine_ibex__HLcapIbex2__GCA_054642885.1	HLbosTau10.XM_002707800#ENSBTAG00000051501#111859#Capra_ibex__Alpine_ibex__HLcapIbex2__GCA_054642885.1	ENSBTAG00000051501	Capra_ibex__Alpine_ibex__HLcapIbex2__GCA_054642885.1	2	2
mm10.ENSMUST00000025647_Pga5_23754_Capra_ibex__Alpine_ibex__HLcapIbex2__GCA_054642885.1	mm10.ENSMUST00000025647#Pga5#23754#Capra_ibex__Alpine_ibex__HLcapIbex2__GCA_054642885.1	Pga5	Capra_ibex__Alpine_ibex__HLcapIbex2__GCA_054642885.1	2	2
HLbosTau10.ENSBTAT00000038954_PAG21_4258_Capra_ibex__Alpine_ibex__HLcapIbex2__GCA_054642885.1	HLbosTau10.ENSBTAT00000038954#PAG21#4258#Capra_ibex__Alpine_ibex__HLcapIbex2__GCA_054642885.1	PAG21	Capra_ibex__Alpine_ibex__HLcapIbex2__GCA_054642885.1	2	2
HLbosTau10.ENSBTAT00000050664_PAG15_13819_Capra_ibex__Alpine_ibex__HLcapIbex2__GCA_054642885.1	HLbosTau10.ENSBTAT00000050664#PAG15#13819#Capra_ibex__Alpine_ibex__HLcapIbex2__GCA_054642885.1	PAG15	Capra_ibex__Alpine_ibex__HLcapIbex2__GCA_054642885.1	2	2
HLbosTau10.ENSBTAT00000052386_MGC157405_956_Capra_ibex__Alpine_ibex__HLcapIbex2__GCA_054642885.1	HLbosTau10.ENSBTAT00000052386#MGC157405#956#Capra_ibex__Alpine_ibex__HLcapIbex2__GCA_054642885.1	MGC157405	Capra_ibex__Alpine_ibex__HLcapIbex2__GCA_054642885.1	2	2
HLbosTau10.ENSBTAT00000013786_PAG7_214279_Capra_ibex__Alpine_ibex__HLcapIbex2__GCA_054642885.1	HLbosTau10.ENSBTAT00000013786#PAG7#214279#Capra_ibex__Alpine_ibex__HLcapIbex2__GCA_054642885.1	PAG7	Capra_ibex__Alpine_ibex__HLcapIbex2__GCA_054642885.1	2	2
HLbosTau10.ENSBTAT00000013786_PAG7_27_Capra_ibex__Alpine_ibex__HLcapIbex2__GCA_054642885.1	HLbosTau10.ENSBTAT00000013786#PAG7#27#Capra_ibex__Alpine_ibex__HLcapIbex2__GCA_054642885.1	PAG7	Capra_ibex__Alpine_ibex__HLcapIbex2__GCA_054642885.1	2	2
HLbosTau10.ENSBTAT00000025597_PAG8_81751_Capra_ibex__Alpine_ibex__HLcapIbex2__GCA_054642885.1	HLbosTau10.ENSBTAT00000025597#PAG8#81751#Capra_ibex__Alpine_ibex__HLcapIbex2__GCA_054642885.1	PAG8	Capra_ibex__Alpine_ibex__HLcapIbex2__GCA_054642885.1	2	2
HLbosTau10.ENSBTAT00000007506_MGC157408_6359_Capra_ibex__Alpine_ibex__HLcapIbex2__GCA_054642885.1	HLbosTau10.ENSBTAT00000007506#MGC157408#6359#Capra_ibex__Alpine_ibex__HLcapIbex2__GCA_054642885.1	MGC157408	Capra_ibex__Alpine_ibex__HLcapIbex2__GCA_054642885.1	2	2
HLbosTau10.ENSBTAT00000013786_PAG7_242374_Capra_ibex__Alpine_ibex__HLcapIbex2__GCA_054642885.1	HLbosTau10.ENSBTAT00000013786#PAG7#242374#Capra_ibex__Alpine_ibex__HLcapIbex2__GCA_054642885.1	PAG7	Capra_ibex__Alpine_ibex__HLcapIbex2__GCA_054642885.1	2	2
HLbosTau10.ENSBTAT00000052386_MGC157405_5337_Capra_ibex__Alpine_ibex__HLcapIbex2__GCA_054642885.1	HLbosTau10.ENSBTAT00000052386#MGC157405#5337#Capra_ibex__Alpine_ibex__HLcapIbex2__GCA_054642885.1	MGC157405	Capra_ibex__Alpine_ibex__HLcapIbex2__GCA_054642885.1	2	2
HLbosTau10.ENSBTAT00000063428_ENSBTAG00000051196_621_Capra_ibex__Alpine_ibex__HLcapIbex2__GCA_054642885.1	HLbosTau10.ENSBTAT00000063428#ENSBTAG00000051196#621#Capra_ibex__Alpine_ibex__HLcapIbex2__GCA_054642885.1	ENSBTAG00000051196	Capra_ibex__Alpine_ibex__HLcapIbex2__GCA_054642885.1	2	2
HLbosTau10.ENSBTAT00000077448_ENSBTAG00000048542_222056_Capra_ibex__Alpine_ibex__HLcapIbex2__GCA_054642885.1	HLbosTau10.ENSBTAT00000077448#ENSBTAG00000048542#222056#Capra_ibex__Alpine_ibex__HLcapIbex2__GCA_054642885.1	ENSBTAG00000048542	Capra_ibex__Alpine_ibex__HLcapIbex2__GCA_054642885.1	2	2
HLeleMaxInd3A.XM_049891846.1_LOC126080666_19952_Capra_ibex__Alpine_ibex__HLcapIbex2__GCA_054642885.1	HLeleMaxInd3A.XM_049891846.1#LOC126080666#19952#Capra_ibex__Alpine_ibex__HLcapIbex2__GCA_054642885.1	LOC126080666	Capra_ibex__Alpine_ibex__HLcapIbex2__GCA_054642885.1	2	2
mm10.ENSMUST00000025647_Pga5_15583_Capra_ibex__Alpine_ibex__HLcapIbex2__GCA_054642885.1	mm10.ENSMUST00000025647#Pga5#15583#Capra_ibex__Alpine_ibex__HLcapIbex2__GCA_054642885.1	Pga5	Capra_ibex__Alpine_ibex__HLcapIbex2__GCA_054642885.1	2	2
HLbosTau10.ENSBTAT00000005384_PAG10_2764_Capra_ibex__Alpine_ibex__HLcapIbex2__GCA_054642885.1	HLbosTau10.ENSBTAT00000005384#PAG10#2764#Capra_ibex__Alpine_ibex__HLcapIbex2__GCA_054642885.1	PAG10	Capra_ibex__Alpine_ibex__HLcapIbex2__GCA_054642885.1	2	2
mm10.ENSMUST00000025647_Pga5_14663_Capra_ibex__Alpine_ibex__HLcapIbex2__GCA_054642885.1	mm10.ENSMUST00000025647#Pga5#14663#Capra_ibex__Alpine_ibex__HLcapIbex2__GCA_054642885.1	Pga5	Capra_ibex__Alpine_ibex__HLcapIbex2__GCA_054642885.1	2	2
mm10.ENSMUST00000025647_Pga5_116875_Capra_ibex__Alpine_ibex__HLcapIbex2__GCA_054642885.1	mm10.ENSMUST00000025647#Pga5#116875#Capra_ibex__Alpine_ibex__HLcapIbex2__GCA_054642885.1	Pga5	Capra_ibex__Alpine_ibex__HLcapIbex2__GCA_054642885.1	2	2
HLbosTau10.ENSBTAT00000005384_PAG10_243692_Capra_ibex__Alpine_ibex__HLcapIbex2__GCA_054642885.1	HLbosTau10.ENSBTAT00000005384#PAG10#243692#Capra_ibex__Alpine_ibex__HLcapIbex2__GCA_054642885.1	PAG10	Capra_ibex__Alpine_ibex__HLcapIbex2__GCA_054642885.1	2	2
HLbosTau10.ENSBTAT00000025517_PAG2_768538_Capra_ibex__Alpine_ibex__HLcapIbex2__GCA_054642885.1	HLbosTau10.ENSBTAT00000025517#PAG2#768538#Capra_ibex__Alpine_ibex__HLcapIbex2__GCA_054642885.1	PAG2	Capra_ibex__Alpine_ibex__HLcapIbex2__GCA_054642885.1	2	2
HLbosTau10.ENSBTAT00000063428_ENSBTAG00000051196_126_Capra_ibex__Alpine_ibex__HLcapIbex2__GCA_054642885.1	HLbosTau10.ENSBTAT00000063428#ENSBTAG00000051196#126#Capra_ibex__Alpine_ibex__HLcapIbex2__GCA_054642885.1	ENSBTAG00000051196	Capra_ibex__Alpine_ibex__HLcapIbex2__GCA_054642885.1	6	4
HLbosTau10.NM_176625_PAG16_97116_Capra_ibex__Alpine_ibex__HLcapIbex2__GCA_054642885.1	HLbosTau10.NM_176625#PAG16#97116#Capra_ibex__Alpine_ibex__HLcapIbex2__GCA_054642885.1	PAG16	Capra_ibex__Alpine_ibex__HLcapIbex2__GCA_054642885.1	10	4
HLbosTau10.ENSBTAT00000013786_PAG7_242_Capra_ibex__Alpine_ibex__HLcapIbex2__GCA_054642885.1	HLbosTau10.ENSBTAT00000013786#PAG7#242#Capra_ibex__Alpine_ibex__HLcapIbex2__GCA_054642885.1	PAG7	Capra_ibex__Alpine_ibex__HLcapIbex2__GCA_054642885.1	10	4
HLbosTau10.ENSBTAT00000013786_PAG7_28639_Capra_nubiana__Nubian_ibex__HLcapNubi1A__GCA_054855995.1	HLbosTau10.ENSBTAT00000013786#PAG7#28639#Capra_nubiana__Nubian_ibex__HLcapNubi1A__GCA_054855995.1	PAG7	Capra_nubiana__Nubian_ibex__HLcapNubi1A__GCA_054855995.1	10	4
HLbosTau10.ENSBTAT00000063428_ENSBTAG00000051196_50309_Capra_nubiana__Nubian_ibex__HLcapNubi1A__GCA_054855995.1	HLbosTau10.ENSBTAT00000063428#ENSBTAG00000051196#50309#Capra_nubiana__Nubian_ibex__HLcapNubi1A__GCA_054855995.1	ENSBTAG00000051196	Capra_nubiana__Nubian_ibex__HLcapNubi1A__GCA_054855995.1	6	4
HLbosTau10.ENSBTAT00000013786_PAG7_709_Capra_nubiana__Nubian_ibex__HLcapNubi1A__GCA_054855995.1	HLbosTau10.ENSBTAT00000013786#PAG7#709#Capra_nubiana__Nubian_ibex__HLcapNubi1A__GCA_054855995.1	PAG7	Capra_nubiana__Nubian_ibex__HLcapNubi1A__GCA_054855995.1	10	4
HLbosTau10.ENSBTAT00000005384_PAG10_203793_Capra_nubiana__Nubian_ibex__HLcapNubi1A__GCA_054855995.1	HLbosTau10.ENSBTAT00000005384#PAG10#203793#Capra_nubiana__Nubian_ibex__HLcapNubi1A__GCA_054855995.1	PAG10	Capra_nubiana__Nubian_ibex__HLcapNubi1A__GCA_054855995.1	2	2
HLbosTau10.ENSBTAT00000025517_PAG2_27_Capra_nubiana__Nubian_ibex__HLcapNubi1A__GCA_054855995.1	HLbosTau10.ENSBTAT00000025517#PAG2#27#Capra_nubiana__Nubian_ibex__HLcapNubi1A__GCA_054855995.1	PAG2	Capra_nubiana__Nubian_ibex__HLcapNubi1A__GCA_054855995.1	2	2
HLbosTau10.ENSBTAT00000005399_PAG11_21764_Capra_nubiana__Nubian_ibex__HLcapNubi1A__GCA_054855995.1	HLbosTau10.ENSBTAT00000005399#PAG11#21764#Capra_nubiana__Nubian_ibex__HLcapNubi1A__GCA_054855995.1	PAG11	Capra_nubiana__Nubian_ibex__HLcapNubi1A__GCA_054855995.1	2	2
HLbosTau10.ENSBTAT00000025567_PAG12_10988_Capra_nubiana__Nubian_ibex__HLcapNubi1A__GCA_054855995.1	HLbosTau10.ENSBTAT00000025567#PAG12#10988#Capra_nubiana__Nubian_ibex__HLcapNubi1A__GCA_054855995.1	PAG12	Capra_nubiana__Nubian_ibex__HLcapNubi1A__GCA_054855995.1	2	2
HLbosTau10.ENSBTAT00000005384_PAG10_3232_Capra_nubiana__Nubian_ibex__HLcapNubi1A__GCA_054855995.1	HLbosTau10.ENSBTAT00000005384#PAG10#3232#Capra_nubiana__Nubian_ibex__HLcapNubi1A__GCA_054855995.1	PAG10	Capra_nubiana__Nubian_ibex__HLcapNubi1A__GCA_054855995.1	2	2
HLbosTau10.ENSBTAT00000025567_PAG12_92204_Capra_nubiana__Nubian_ibex__HLcapNubi1A__GCA_054855995.1	HLbosTau10.ENSBTAT00000025567#PAG12#92204#Capra_nubiana__Nubian_ibex__HLcapNubi1A__GCA_054855995.1	PAG12	Capra_nubiana__Nubian_ibex__HLcapNubi1A__GCA_054855995.1	2	2
HLbosTau10.NM_001083697_MGC157405_11340_Capra_nubiana__Nubian_ibex__HLcapNubi1A__GCA_054855995.1	HLbosTau10.NM_001083697#MGC157405#11340#Capra_nubiana__Nubian_ibex__HLcapNubi1A__GCA_054855995.1	MGC157405	Capra_nubiana__Nubian_ibex__HLcapNubi1A__GCA_054855995.1	2	2
HLbosTau10.ENSBTAT00000030243_PAG3_28568_Capra_nubiana__Nubian_ibex__HLcapNubi1A__GCA_054855995.1	HLbosTau10.ENSBTAT00000030243#PAG3#28568#Capra_nubiana__Nubian_ibex__HLcapNubi1A__GCA_054855995.1	PAG3	Capra_nubiana__Nubian_ibex__HLcapNubi1A__GCA_054855995.1	2	2
HLbosTau10.NM_001109978_PAG7_9041_Capra_nubiana__Nubian_ibex__HLcapNubi1A__GCA_054855995.1	HLbosTau10.NM_001109978#PAG7#9041#Capra_nubiana__Nubian_ibex__HLcapNubi1A__GCA_054855995.1	PAG7	Capra_nubiana__Nubian_ibex__HLcapNubi1A__GCA_054855995.1	2	2
HLbosTau10.NM_001109978_PAG7_2465_Capra_nubiana__Nubian_ibex__HLcapNubi1A__GCA_054855995.1	HLbosTau10.NM_001109978#PAG7#2465#Capra_nubiana__Nubian_ibex__HLcapNubi1A__GCA_054855995.1	PAG7	Capra_nubiana__Nubian_ibex__HLcapNubi1A__GCA_054855995.1	2	2
HLbosTau10.ENSBTAT00000013786_PAG7_277245_Capra_nubiana__Nubian_ibex__HLcapNubi1A__GCA_054855995.1	HLbosTau10.ENSBTAT00000013786#PAG7#277245#Capra_nubiana__Nubian_ibex__HLcapNubi1A__GCA_054855995.1	PAG7	Capra_nubiana__Nubian_ibex__HLcapNubi1A__GCA_054855995.1	2	2
HLbosTau10.ENSBTAT00000013786_PAG7_27_Capra_nubiana__Nubian_ibex__HLcapNubi1A__GCA_054855995.1	HLbosTau10.ENSBTAT00000013786#PAG7#27#Capra_nubiana__Nubian_ibex__HLcapNubi1A__GCA_054855995.1	PAG7	Capra_nubiana__Nubian_ibex__HLcapNubi1A__GCA_054855995.1	2	2
HLbosTau10.ENSBTAT00000005384_PAG10_17536_Capra_nubiana__Nubian_ibex__HLcapNubi1A__GCA_054855995.1	HLbosTau10.ENSBTAT00000005384#PAG10#17536#Capra_nubiana__Nubian_ibex__HLcapNubi1A__GCA_054855995.1	PAG10	Capra_nubiana__Nubian_ibex__HLcapNubi1A__GCA_054855995.1	2	2
HLbosTau10.ENSBTAT00000038878_PAG6_6641_Capra_nubiana__Nubian_ibex__HLcapNubi1A__GCA_054855995.1	HLbosTau10.ENSBTAT00000038878#PAG6#6641#Capra_nubiana__Nubian_ibex__HLcapNubi1A__GCA_054855995.1	PAG6	Capra_nubiana__Nubian_ibex__HLcapNubi1A__GCA_054855995.1	2	2
HLbosTau10.NM_176629_ENSBTAG00000050440_85_Capra_nubiana__Nubian_ibex__HLcapNubi1A__GCA_054855995.1	HLbosTau10.NM_176629#ENSBTAG00000050440#85#Capra_nubiana__Nubian_ibex__HLcapNubi1A__GCA_054855995.1	ENSBTAG00000050440	Capra_nubiana__Nubian_ibex__HLcapNubi1A__GCA_054855995.1	2	2
HLbosTau10.ENSBTAT00000017669_ENSBTAG00000035736_7961_Capra_nubiana__Nubian_ibex__HLcapNubi1A__GCA_054855995.1	HLbosTau10.ENSBTAT00000017669#ENSBTAG00000035736#7961#Capra_nubiana__Nubian_ibex__HLcapNubi1A__GCA_054855995.1	ENSBTAG00000035736	Capra_nubiana__Nubian_ibex__HLcapNubi1A__GCA_054855995.1	2	2
HLbosTau10.ENSBTAT00000005384_PAG10_352723_Capra_nubiana__Nubian_ibex__HLcapNubi1A__GCA_054855995.1	HLbosTau10.ENSBTAT00000005384#PAG10#352723#Capra_nubiana__Nubian_ibex__HLcapNubi1A__GCA_054855995.1	PAG10	Capra_nubiana__Nubian_ibex__HLcapNubi1A__GCA_054855995.1	2	2
HLbosTau10.ENSBTAT00000063428_ENSBTAG00000051196_353_Capra_nubiana__Nubian_ibex__HLcapNubi1A__GCA_054855995.1	HLbosTau10.ENSBTAT00000063428#ENSBTAG00000051196#353#Capra_nubiana__Nubian_ibex__HLcapNubi1A__GCA_054855995.1	ENSBTAG00000051196	Capra_nubiana__Nubian_ibex__HLcapNubi1A__GCA_054855995.1	2	2
HLbosTau10.ENSBTAT00000077609_ENSBTAG00000053183_500_Capra_nubiana__Nubian_ibex__HLcapNubi1A__GCA_054855995.1	HLbosTau10.ENSBTAT00000077609#ENSBTAG00000053183#500#Capra_nubiana__Nubian_ibex__HLcapNubi1A__GCA_054855995.1	ENSBTAG00000053183	Capra_nubiana__Nubian_ibex__HLcapNubi1A__GCA_054855995.1	2	2
HLbosTau10.ENSBTAT00000018996_ENSBTAG00000040257_257477_Capra_nubiana__Nubian_ibex__HLcapNubi1A__GCA_054855995.1	HLbosTau10.ENSBTAT00000018996#ENSBTAG00000040257#257477#Capra_nubiana__Nubian_ibex__HLcapNubi1A__GCA_054855995.1	ENSBTAG00000040257	Capra_nubiana__Nubian_ibex__HLcapNubi1A__GCA_054855995.1	2	2
HLbosTau10.ENSBTAT00000063428_ENSBTAG00000051196_741_Capra_nubiana__Nubian_ibex__HLcapNubi1A__GCA_054855995.1	HLbosTau10.ENSBTAT00000063428#ENSBTAG00000051196#741#Capra_nubiana__Nubian_ibex__HLcapNubi1A__GCA_054855995.1	ENSBTAG00000051196	Capra_nubiana__Nubian_ibex__HLcapNubi1A__GCA_054855995.1	2	2
HLbosTau10.ENSBTAT00000007506_MGC157408_103_Capra_nubiana__Nubian_ibex__HLcapNubi1A__GCA_054855995.1	HLbosTau10.ENSBTAT00000007506#MGC157408#103#Capra_nubiana__Nubian_ibex__HLcapNubi1A__GCA_054855995.1	MGC157408	Capra_nubiana__Nubian_ibex__HLcapNubi1A__GCA_054855995.1	2	2
HLbosTau10.NM_176630_PAG21_461_Capra_nubiana__Nubian_ibex__HLcapNubi1A__GCA_054855995.1	HLbosTau10.NM_176630#PAG21#461#Capra_nubiana__Nubian_ibex__HLcapNubi1A__GCA_054855995.1	PAG21	Capra_nubiana__Nubian_ibex__HLcapNubi1A__GCA_054855995.1	2	2
HLbosTau10.ENSBTAT00000007506_MGC157408_2092_Capra_nubiana__Nubian_ibex__HLcapNubi1A__GCA_054855995.1	HLbosTau10.ENSBTAT00000007506#MGC157408#2092#Capra_nubiana__Nubian_ibex__HLcapNubi1A__GCA_054855995.1	MGC157408	Capra_nubiana__Nubian_ibex__HLcapNubi1A__GCA_054855995.1	2	2
HLbosTau10.ENSBTAT00000038954_PAG21_1062931_Capra_nubiana__Nubian_ibex__HLcapNubi1A__GCA_054855995.1	HLbosTau10.ENSBTAT00000038954#PAG21#1062931#Capra_nubiana__Nubian_ibex__HLcapNubi1A__GCA_054855995.1	PAG21	Capra_nubiana__Nubian_ibex__HLcapNubi1A__GCA_054855995.1	2	2
HLbosTau10.ENSBTAT00000025567_PAG12_121400_Capra_nubiana__Nubian_ibex__HLcapNubi1A__GCA_054855995.1	HLbosTau10.ENSBTAT00000025567#PAG12#121400#Capra_nubiana__Nubian_ibex__HLcapNubi1A__GCA_054855995.1	PAG12	Capra_nubiana__Nubian_ibex__HLcapNubi1A__GCA_054855995.1	2	2
HLbosTau10.ENSBTAT00000007506_MGC157408_353_Capra_nubiana__Nubian_ibex__HLcapNubi1A__GCA_054855995.1	HLbosTau10.ENSBTAT00000007506#MGC157408#353#Capra_nubiana__Nubian_ibex__HLcapNubi1A__GCA_054855995.1	MGC157408	Capra_nubiana__Nubian_ibex__HLcapNubi1A__GCA_054855995.1	2	2
HLbosTau10.ENSBTAT00000025567_PAG12_41724_Capra_nubiana__Nubian_ibex__HLcapNubi1A__GCA_054855995.1	HLbosTau10.ENSBTAT00000025567#PAG12#41724#Capra_nubiana__Nubian_ibex__HLcapNubi1A__GCA_054855995.1	PAG12	Capra_nubiana__Nubian_ibex__HLcapNubi1A__GCA_054855995.1	2	2
HLbosTau10.NM_001105381_MGC157408_4271_Capra_nubiana__Nubian_ibex__HLcapNubi1A__GCA_054855995.1	HLbosTau10.NM_001105381#MGC157408#4271#Capra_nubiana__Nubian_ibex__HLcapNubi1A__GCA_054855995.1	MGC157408	Capra_nubiana__Nubian_ibex__HLcapNubi1A__GCA_054855995.1	2	2
HLbosTau10.NM_176628_PAG19_106_Capra_nubiana__Nubian_ibex__HLcapNubi1A__GCA_054855995.1	HLbosTau10.NM_176628#PAG19#106#Capra_nubiana__Nubian_ibex__HLcapNubi1A__GCA_054855995.1	PAG19	Capra_nubiana__Nubian_ibex__HLcapNubi1A__GCA_054855995.1	2	2
HLbosTau10.ENSBTAT00000013786_PAG7_1347_Capra_nubiana__Nubian_ibex__HLcapNubi1A__GCA_054855995.1	HLbosTau10.ENSBTAT00000013786#PAG7#1347#Capra_nubiana__Nubian_ibex__HLcapNubi1A__GCA_054855995.1	PAG7	Capra_nubiana__Nubian_ibex__HLcapNubi1A__GCA_054855995.1	2	2
HLbosTau10.ENSBTAT00000009701_ENSBTAG00000038506_4626_Capra_nubiana__Nubian_ibex__HLcapNubi1A__GCA_054855995.1	HLbosTau10.ENSBTAT00000009701#ENSBTAG00000038506#4626#Capra_nubiana__Nubian_ibex__HLcapNubi1A__GCA_054855995.1	ENSBTAG00000038506	Capra_nubiana__Nubian_ibex__HLcapNubi1A__GCA_054855995.1	2	2
HLbosTau10.ENSBTAT00000038954_PAG21_7094_Capra_nubiana__Nubian_ibex__HLcapNubi1A__GCA_054855995.1	HLbosTau10.ENSBTAT00000038954#PAG21#7094#Capra_nubiana__Nubian_ibex__HLcapNubi1A__GCA_054855995.1	PAG21	Capra_nubiana__Nubian_ibex__HLcapNubi1A__GCA_054855995.1	2	2
HLbosTau10.ENSBTAT00000007506_MGC157408_299_Capra_nubiana__Nubian_ibex__HLcapNubi1A__GCA_054855995.1	HLbosTau10.ENSBTAT00000007506#MGC157408#299#Capra_nubiana__Nubian_ibex__HLcapNubi1A__GCA_054855995.1	MGC157408	Capra_nubiana__Nubian_ibex__HLcapNubi1A__GCA_054855995.1	2	2
HLbosTau10.ENSBTAT00000063428_ENSBTAG00000051196_27_Capra_nubiana__Nubian_ibex__HLcapNubi1A__GCA_054855995.1	HLbosTau10.ENSBTAT00000063428#ENSBTAG00000051196#27#Capra_nubiana__Nubian_ibex__HLcapNubi1A__GCA_054855995.1	ENSBTAG00000051196	Capra_nubiana__Nubian_ibex__HLcapNubi1A__GCA_054855995.1	2	2
HLbosTau10.ENSBTAT00000025567_PAG12_141302_Capra_nubiana__Nubian_ibex__HLcapNubi1A__GCA_054855995.1	HLbosTau10.ENSBTAT00000025567#PAG12#141302#Capra_nubiana__Nubian_ibex__HLcapNubi1A__GCA_054855995.1	PAG12	Capra_nubiana__Nubian_ibex__HLcapNubi1A__GCA_054855995.1	2	2
HLbosTau10.ENSBTAT00000030188_ENSBTAG00000024611_63809_Capra_nubiana__Nubian_ibex__HLcapNubi1A__GCA_054855995.1	HLbosTau10.ENSBTAT00000030188#ENSBTAG00000024611#63809#Capra_nubiana__Nubian_ibex__HLcapNubi1A__GCA_054855995.1	ENSBTAG00000024611	Capra_nubiana__Nubian_ibex__HLcapNubi1A__GCA_054855995.1	2	2
HLbosTau10.ENSBTAT00000007506_MGC157408_132_Capra_nubiana__Nubian_ibex__HLcapNubi1A__GCA_054855995.1	HLbosTau10.ENSBTAT00000007506#MGC157408#132#Capra_nubiana__Nubian_ibex__HLcapNubi1A__GCA_054855995.1	MGC157408	Capra_nubiana__Nubian_ibex__HLcapNubi1A__GCA_054855995.1	2	2
HLbosTau10.ENSBTAT00000038878_PAG6_175_Capra_nubiana__Nubian_ibex__HLcapNubi1A__GCA_054855995.1	HLbosTau10.ENSBTAT00000038878#PAG6#175#Capra_nubiana__Nubian_ibex__HLcapNubi1A__GCA_054855995.1	PAG6	Capra_nubiana__Nubian_ibex__HLcapNubi1A__GCA_054855995.1	2	2
HLbosTau10.ENSBTAT00000052386_MGC157405_5811_Capra_nubiana__Nubian_ibex__HLcapNubi1A__GCA_054855995.1	HLbosTau10.ENSBTAT00000052386#MGC157405#5811#Capra_nubiana__Nubian_ibex__HLcapNubi1A__GCA_054855995.1	MGC157405	Capra_nubiana__Nubian_ibex__HLcapNubi1A__GCA_054855995.1	2	2
HLbosTau10.ENSBTAT00000052386_MGC157405_144_Capra_nubiana__Nubian_ibex__HLcapNubi1A__GCA_054855995.1	HLbosTau10.ENSBTAT00000052386#MGC157405#144#Capra_nubiana__Nubian_ibex__HLcapNubi1A__GCA_054855995.1	MGC157405	Capra_nubiana__Nubian_ibex__HLcapNubi1A__GCA_054855995.1	2	2
HLbosTau10.NM_176628_PAG19_132_Capra_nubiana__Nubian_ibex__HLcapNubi1A__GCA_054855995.1	HLbosTau10.NM_176628#PAG19#132#Capra_nubiana__Nubian_ibex__HLcapNubi1A__GCA_054855995.1	PAG19	Capra_nubiana__Nubian_ibex__HLcapNubi1A__GCA_054855995.1	2	2
HLbosTau10.ENSBTAT00000050648_PAG9_272_Capra_nubiana__Nubian_ibex__HLcapNubi1A__GCA_054855995.1	HLbosTau10.ENSBTAT00000050648#PAG9#272#Capra_nubiana__Nubian_ibex__HLcapNubi1A__GCA_054855995.1	PAG9	Capra_nubiana__Nubian_ibex__HLcapNubi1A__GCA_054855995.1	2	2
HLbosTau10.ENSBTAT00000013786_PAG7_1606_Capra_nubiana__Nubian_ibex__HLcapNubi1A__GCA_054855995.1	HLbosTau10.ENSBTAT00000013786#PAG7#1606#Capra_nubiana__Nubian_ibex__HLcapNubi1A__GCA_054855995.1	PAG7	Capra_nubiana__Nubian_ibex__HLcapNubi1A__GCA_054855995.1	2	2
HLbosTau10.ENSBTAT00000025567_PAG12_40501_Capra_nubiana__Nubian_ibex__HLcapNubi1A__GCA_054855995.1	HLbosTau10.ENSBTAT00000025567#PAG12#40501#Capra_nubiana__Nubian_ibex__HLcapNubi1A__GCA_054855995.1	PAG12	Capra_nubiana__Nubian_ibex__HLcapNubi1A__GCA_054855995.1	2	2
HLbosTau10.ENSBTAT00000009701_ENSBTAG00000038506_144_Capra_nubiana__Nubian_ibex__HLcapNubi1A__GCA_054855995.1	HLbosTau10.ENSBTAT00000009701#ENSBTAG00000038506#144#Capra_nubiana__Nubian_ibex__HLcapNubi1A__GCA_054855995.1	ENSBTAG00000038506	Capra_nubiana__Nubian_ibex__HLcapNubi1A__GCA_054855995.1	2	2
HLbosTau10.ENSBTAT00000038878_PAG6_1908_Capra_nubiana__Nubian_ibex__HLcapNubi1A__GCA_054855995.1	HLbosTau10.ENSBTAT00000038878#PAG6#1908#Capra_nubiana__Nubian_ibex__HLcapNubi1A__GCA_054855995.1	PAG6	Capra_nubiana__Nubian_ibex__HLcapNubi1A__GCA_054855995.1	2	2
HLbosTau10.ENSBTAT00000030188_ENSBTAG00000024611_7080_Capra_nubiana__Nubian_ibex__HLcapNubi1A__GCA_054855995.1	HLbosTau10.ENSBTAT00000030188#ENSBTAG00000024611#7080#Capra_nubiana__Nubian_ibex__HLcapNubi1A__GCA_054855995.1	ENSBTAG00000024611	Capra_nubiana__Nubian_ibex__HLcapNubi1A__GCA_054855995.1	2	2
HLbosTau10.ENSBTAT00000025567_PAG12_14051_Capra_nubiana__Nubian_ibex__HLcapNubi1A__GCA_054855995.1	HLbosTau10.ENSBTAT00000025567#PAG12#14051#Capra_nubiana__Nubian_ibex__HLcapNubi1A__GCA_054855995.1	PAG12	Capra_nubiana__Nubian_ibex__HLcapNubi1A__GCA_054855995.1	2	2
HLbosTau10.ENSBTAT00000005384_PAG10_138761_Capra_nubiana__Nubian_ibex__HLcapNubi1A__GCA_054855995.1	HLbosTau10.ENSBTAT00000005384#PAG10#138761#Capra_nubiana__Nubian_ibex__HLcapNubi1A__GCA_054855995.1	PAG10	Capra_nubiana__Nubian_ibex__HLcapNubi1A__GCA_054855995.1	2	2
HLbosTau10.ENSBTAT00000005384_PAG10_53054_Capra_nubiana__Nubian_ibex__HLcapNubi1A__GCA_054855995.1	HLbosTau10.ENSBTAT00000005384#PAG10#53054#Capra_nubiana__Nubian_ibex__HLcapNubi1A__GCA_054855995.1	PAG10	Capra_nubiana__Nubian_ibex__HLcapNubi1A__GCA_054855995.1	2	2
HLbosTau10.ENSBTAT00000005384_PAG10_14051_Capra_nubiana__Nubian_ibex__HLcapNubi1A__GCA_054855995.1	HLbosTau10.ENSBTAT00000005384#PAG10#14051#Capra_nubiana__Nubian_ibex__HLcapNubi1A__GCA_054855995.1	PAG10	Capra_nubiana__Nubian_ibex__HLcapNubi1A__GCA_054855995.1	2	2
HLbosTau10.ENSBTAT00000063428_ENSBTAG00000051196_1002_Capra_nubiana__Nubian_ibex__HLcapNubi1A__GCA_054855995.1	HLbosTau10.ENSBTAT00000063428#ENSBTAG00000051196#1002#Capra_nubiana__Nubian_ibex__HLcapNubi1A__GCA_054855995.1	ENSBTAG00000051196	Capra_nubiana__Nubian_ibex__HLcapNubi1A__GCA_054855995.1	2	2
HLbosTau10.ENSBTAT00000013786_PAG7_31463_Capra_nubiana__Nubian_ibex__HLcapNubi1A__GCA_054855995.1	HLbosTau10.ENSBTAT00000013786#PAG7#31463#Capra_nubiana__Nubian_ibex__HLcapNubi1A__GCA_054855995.1	PAG7	Capra_nubiana__Nubian_ibex__HLcapNubi1A__GCA_054855995.1	2	2
HLbosTau10.ENSBTAT00000017669_ENSBTAG00000035736_40393_Capra_nubiana__Nubian_ibex__HLcapNubi1A__GCA_054855995.1	HLbosTau10.ENSBTAT00000017669#ENSBTAG00000035736#40393#Capra_nubiana__Nubian_ibex__HLcapNubi1A__GCA_054855995.1	ENSBTAG00000035736	Capra_nubiana__Nubian_ibex__HLcapNubi1A__GCA_054855995.1	2	2
HLbosTau10.NM_176619_PAG8_16938_Capra_nubiana__Nubian_ibex__HLcapNubi1A__GCA_054855995.1	HLbosTau10.NM_176619#PAG8#16938#Capra_nubiana__Nubian_ibex__HLcapNubi1A__GCA_054855995.1	PAG8	Capra_nubiana__Nubian_ibex__HLcapNubi1A__GCA_054855995.1	7	4
HLbosTau10.ENSBTAT00000005384_PAG10_31811_Capra_nubiana__Nubian_ibex__HLcapNubi1A__GCA_054855995.1	HLbosTau10.ENSBTAT00000005384#PAG10#31811#Capra_nubiana__Nubian_ibex__HLcapNubi1A__GCA_054855995.1	PAG10	Capra_nubiana__Nubian_ibex__HLcapNubi1A__GCA_054855995.1	9	4
HLbosTau10.ENSBTAT00000038878_PAG6_13674_Capra_nubiana__Nubian_ibex__HLcapNubi1A__GCA_054855995.1	HLbosTau10.ENSBTAT00000038878#PAG6#13674#Capra_nubiana__Nubian_ibex__HLcapNubi1A__GCA_054855995.1	PAG6	Capra_nubiana__Nubian_ibex__HLcapNubi1A__GCA_054855995.1	8	4
HLbosTau10.ENSBTAT00000038878_PAG6_57160_Capra_nubiana__Nubian_ibex__HLcapNubi1A__GCA_054855995.1	HLbosTau10.ENSBTAT00000038878#PAG6#57160#Capra_nubiana__Nubian_ibex__HLcapNubi1A__GCA_054855995.1	PAG6	Capra_nubiana__Nubian_ibex__HLcapNubi1A__GCA_054855995.1	5	4
HLbosTau10.ENSBTAT00000017585_ENSBTAG00000013214_5671_Capra_nubiana__Nubian_ibex__HLcapNubi1A__GCA_054855995.1	HLbosTau10.ENSBTAT00000017585#ENSBTAG00000013214#5671#Capra_nubiana__Nubian_ibex__HLcapNubi1A__GCA_054855995.1	ENSBTAG00000013214	Capra_nubiana__Nubian_ibex__HLcapNubi1A__GCA_054855995.1	5	4
HLbosTau10.ENSBTAT00000030466_PAG18_384_Capra_nubiana__Nubian_ibex__HLcapNubi1A__GCA_054855995.1	HLbosTau10.ENSBTAT00000030466#PAG18#384#Capra_nubiana__Nubian_ibex__HLcapNubi1A__GCA_054855995.1	PAG18	Capra_nubiana__Nubian_ibex__HLcapNubi1A__GCA_054855995.1	4	4
HLbosTau10.ENSBTAT00000030188_ENSBTAG00000024611_384_Capra_nubiana__Nubian_ibex__HLcapNubi1A__GCA_054855995.1	HLbosTau10.ENSBTAT00000030188#ENSBTAG00000024611#384#Capra_nubiana__Nubian_ibex__HLcapNubi1A__GCA_054855995.1	ENSBTAG00000024611	Capra_nubiana__Nubian_ibex__HLcapNubi1A__GCA_054855995.1	5	4
HLbosTau10.ENSBTAT00000063428_ENSBTAG00000051196_23908_Capra_nubiana__Nubian_ibex__HLcapNubi1A__GCA_054855995.1	HLbosTau10.ENSBTAT00000063428#ENSBTAG00000051196#23908#Capra_nubiana__Nubian_ibex__HLcapNubi1A__GCA_054855995.1	ENSBTAG00000051196	Capra_nubiana__Nubian_ibex__HLcapNubi1A__GCA_054855995.1	5	4
hg38.ENST00000312403.10_PGA5_4305_Capra_nubiana__Nubian_ibex__HLcapNubi1A__GCA_054855995.1	hg38.ENST00000312403.10#PGA5#4305#Capra_nubiana__Nubian_ibex__HLcapNubi1A__GCA_054855995.1	PGA5	Capra_nubiana__Nubian_ibex__HLcapNubi1A__GCA_054855995.1	56	38
HLbosTau10.ENSBTAT00000064112_ENSBTAG00000054180_3194_Capreolus_capreolus__Western_roe_deer__HLcapCap1__GCA_951849835.1	HLbosTau10.ENSBTAT00000064112#ENSBTAG00000054180#3194#Capreolus_capreolus__Western_roe_deer__HLcapCap1__GCA_951849835.1	ENSBTAG00000054180	Capreolus_capreolus__Western_roe_deer__HLcapCap1__GCA_951849835.1	10	4
HLbosTau10.ENSBTAT00000025593_PAG5_55186_Capreolus_capreolus__Western_roe_deer__HLcapCap1__GCA_951849835.1	HLbosTau10.ENSBTAT00000025593#PAG5#55186#Capreolus_capreolus__Western_roe_deer__HLcapCap1__GCA_951849835.1	PAG5	Capreolus_capreolus__Western_roe_deer__HLcapCap1__GCA_951849835.1	6	4
HLbosTau10.ENSBTAT00000017669_ENSBTAG00000035736_3221_Capreolus_capreolus__Western_roe_deer__HLcapCap1__GCA_951849835.1	HLbosTau10.ENSBTAT00000017669#ENSBTAG00000035736#3221#Capreolus_capreolus__Western_roe_deer__HLcapCap1__GCA_951849835.1	ENSBTAG00000035736	Capreolus_capreolus__Western_roe_deer__HLcapCap1__GCA_951849835.1	2	2
mm10.ENSMUST00000025647_Pga5_9910_Capreolus_capreolus__Western_roe_deer__HLcapCap1__GCA_951849835.1	mm10.ENSMUST00000025647#Pga5#9910#Capreolus_capreolus__Western_roe_deer__HLcapCap1__GCA_951849835.1	Pga5	Capreolus_capreolus__Western_roe_deer__HLcapCap1__GCA_951849835.1	2	2
HLbosTau10.ENSBTAT00000025567_PAG12_13402_Capreolus_capreolus__Western_roe_deer__HLcapCap1__GCA_951849835.1	HLbosTau10.ENSBTAT00000025567#PAG12#13402#Capreolus_capreolus__Western_roe_deer__HLcapCap1__GCA_951849835.1	PAG12	Capreolus_capreolus__Western_roe_deer__HLcapCap1__GCA_951849835.1	2	2
HLbosTau10.ENSBTAT00000005384_PAG10_45001_Capreolus_capreolus__Western_roe_deer__HLcapCap1__GCA_951849835.1	HLbosTau10.ENSBTAT00000005384#PAG10#45001#Capreolus_capreolus__Western_roe_deer__HLcapCap1__GCA_951849835.1	PAG10	Capreolus_capreolus__Western_roe_deer__HLcapCap1__GCA_951849835.1	2	2
mm10.ENSMUST00000025647_Pga5_12901_Capreolus_capreolus__Western_roe_deer__HLcapCap1__GCA_951849835.1	mm10.ENSMUST00000025647#Pga5#12901#Capreolus_capreolus__Western_roe_deer__HLcapCap1__GCA_951849835.1	Pga5	Capreolus_capreolus__Western_roe_deer__HLcapCap1__GCA_951849835.1	2	2
HLbosTau10.ENSBTAT00000030243_PAG3_51668_Capreolus_capreolus__Western_roe_deer__HLcapCap1__GCA_951849835.1	HLbosTau10.ENSBTAT00000030243#PAG3#51668#Capreolus_capreolus__Western_roe_deer__HLcapCap1__GCA_951849835.1	PAG3	Capreolus_capreolus__Western_roe_deer__HLcapCap1__GCA_951849835.1	2	2
HLbosTau10.ENSBTAT00000013786_PAG7_84_Capreolus_capreolus__Western_roe_deer__HLcapCap1__GCA_951849835.1	HLbosTau10.ENSBTAT00000013786#PAG7#84#Capreolus_capreolus__Western_roe_deer__HLcapCap1__GCA_951849835.1	PAG7	Capreolus_capreolus__Western_roe_deer__HLcapCap1__GCA_951849835.1	2	2
HLbosTau10.ENSBTAT00000013786_PAG7_27_Capreolus_capreolus__Western_roe_deer__HLcapCap1__GCA_951849835.1	HLbosTau10.ENSBTAT00000013786#PAG7#27#Capreolus_capreolus__Western_roe_deer__HLcapCap1__GCA_951849835.1	PAG7	Capreolus_capreolus__Western_roe_deer__HLcapCap1__GCA_951849835.1	2	2
mm10.ENSMUST00000025647_Pga5_17001_Capreolus_capreolus__Western_roe_deer__HLcapCap1__GCA_951849835.1	mm10.ENSMUST00000025647#Pga5#17001#Capreolus_capreolus__Western_roe_deer__HLcapCap1__GCA_951849835.1	Pga5	Capreolus_capreolus__Western_roe_deer__HLcapCap1__GCA_951849835.1	2	2
mm10.ENSMUST00000025647_Pga5_245145_Capreolus_capreolus__Western_roe_deer__HLcapCap1__GCA_951849835.1	mm10.ENSMUST00000025647#Pga5#245145#Capreolus_capreolus__Western_roe_deer__HLcapCap1__GCA_951849835.1	Pga5	Capreolus_capreolus__Western_roe_deer__HLcapCap1__GCA_951849835.1	2	2
HLbosTau10.ENSBTAT00000025593_PAG5_353_Capreolus_capreolus__Western_roe_deer__HLcapCap1__GCA_951849835.1	HLbosTau10.ENSBTAT00000025593#PAG5#353#Capreolus_capreolus__Western_roe_deer__HLcapCap1__GCA_951849835.1	PAG5	Capreolus_capreolus__Western_roe_deer__HLcapCap1__GCA_951849835.1	2	2
HLbosTau10.ENSBTAT00000013786_PAG7_88_Capreolus_capreolus__Western_roe_deer__HLcapCap1__GCA_951849835.1	HLbosTau10.ENSBTAT00000013786#PAG7#88#Capreolus_capreolus__Western_roe_deer__HLcapCap1__GCA_951849835.1	PAG7	Capreolus_capreolus__Western_roe_deer__HLcapCap1__GCA_951849835.1	2	2
HLbosTau10.ENSBTAT00000027020_ENSBTAG00000035736_118_Capreolus_capreolus__Western_roe_deer__HLcapCap1__GCA_951849835.1	HLbosTau10.ENSBTAT00000027020#ENSBTAG00000035736#118#Capreolus_capreolus__Western_roe_deer__HLcapCap1__GCA_951849835.1	ENSBTAG00000035736	Capreolus_capreolus__Western_roe_deer__HLcapCap1__GCA_951849835.1	2	2
HLbosTau10.ENSBTAT00000025597_PAG8_54633_Capreolus_capreolus__Western_roe_deer__HLcapCap1__GCA_951849835.1	HLbosTau10.ENSBTAT00000025597#PAG8#54633#Capreolus_capreolus__Western_roe_deer__HLcapCap1__GCA_951849835.1	PAG8	Capreolus_capreolus__Western_roe_deer__HLcapCap1__GCA_951849835.1	2	2
HLbosTau10.XM_002707800_ENSBTAG00000051501_599782_Capreolus_capreolus__Western_roe_deer__HLcapCap1__GCA_951849835.1	HLbosTau10.XM_002707800#ENSBTAG00000051501#599782#Capreolus_capreolus__Western_roe_deer__HLcapCap1__GCA_951849835.1	ENSBTAG00000051501	Capreolus_capreolus__Western_roe_deer__HLcapCap1__GCA_951849835.1	2	2
HLbosTau10.NM_176625_PAG16_110_Capreolus_capreolus__Western_roe_deer__HLcapCap1__GCA_951849835.1	HLbosTau10.NM_176625#PAG16#110#Capreolus_capreolus__Western_roe_deer__HLcapCap1__GCA_951849835.1	PAG16	Capreolus_capreolus__Western_roe_deer__HLcapCap1__GCA_951849835.1	2	2
HLbosTau10.ENSBTAT00000017669_ENSBTAG00000035736_84_Capreolus_capreolus__Western_roe_deer__HLcapCap1__GCA_951849835.1	HLbosTau10.ENSBTAT00000017669#ENSBTAG00000035736#84#Capreolus_capreolus__Western_roe_deer__HLcapCap1__GCA_951849835.1	ENSBTAG00000035736	Capreolus_capreolus__Western_roe_deer__HLcapCap1__GCA_951849835.1	2	2
HLbosTau10.ENSBTAT00000064112_ENSBTAG00000054180_11323_Capreolus_capreolus__Western_roe_deer__HLcapCap1__GCA_951849835.1	HLbosTau10.ENSBTAT00000064112#ENSBTAG00000054180#11323#Capreolus_capreolus__Western_roe_deer__HLcapCap1__GCA_951849835.1	ENSBTAG00000054180	Capreolus_capreolus__Western_roe_deer__HLcapCap1__GCA_951849835.1	2	2
HLbosTau10.ENSBTAT00000005384_PAG10_432251_Capreolus_capreolus__Western_roe_deer__HLcapCap1__GCA_951849835.1	HLbosTau10.ENSBTAT00000005384#PAG10#432251#Capreolus_capreolus__Western_roe_deer__HLcapCap1__GCA_951849835.1	PAG10	Capreolus_capreolus__Western_roe_deer__HLcapCap1__GCA_951849835.1	2	2
HLbosTau10.NM_001105381_MGC157408_149_Capreolus_capreolus__Western_roe_deer__HLcapCap1__GCA_951849835.1	HLbosTau10.NM_001105381#MGC157408#149#Capreolus_capreolus__Western_roe_deer__HLcapCap1__GCA_951849835.1	MGC157408	Capreolus_capreolus__Western_roe_deer__HLcapCap1__GCA_951849835.1	2	2
HLbosTau10.ENSBTAT00000005384_PAG10_259486_Capreolus_capreolus__Western_roe_deer__HLcapCap1__GCA_951849835.1	HLbosTau10.ENSBTAT00000005384#PAG10#259486#Capreolus_capreolus__Western_roe_deer__HLcapCap1__GCA_951849835.1	PAG10	Capreolus_capreolus__Western_roe_deer__HLcapCap1__GCA_951849835.1	2	2
mm10.ENSMUST00000025647_Pga5_17433_Capreolus_capreolus__Western_roe_deer__HLcapCap1__GCA_951849835.1	mm10.ENSMUST00000025647#Pga5#17433#Capreolus_capreolus__Western_roe_deer__HLcapCap1__GCA_951849835.1	Pga5	Capreolus_capreolus__Western_roe_deer__HLcapCap1__GCA_951849835.1	2	2
HLbosTau10.ENSBTAT00000005384_PAG10_353_Capreolus_capreolus__Western_roe_deer__HLcapCap1__GCA_951849835.1	HLbosTau10.ENSBTAT00000005384#PAG10#353#Capreolus_capreolus__Western_roe_deer__HLcapCap1__GCA_951849835.1	PAG10	Capreolus_capreolus__Western_roe_deer__HLcapCap1__GCA_951849835.1	2	2
mm10.ENSMUST00000025647_Pga5_22521_Capreolus_capreolus__Western_roe_deer__HLcapCap1__GCA_951849835.1	mm10.ENSMUST00000025647#Pga5#22521#Capreolus_capreolus__Western_roe_deer__HLcapCap1__GCA_951849835.1	Pga5	Capreolus_capreolus__Western_roe_deer__HLcapCap1__GCA_951849835.1	2	2
HLbosTau10.NM_001304571_PAG14_622995_Capreolus_capreolus__Western_roe_deer__HLcapCap1__GCA_951849835.1	HLbosTau10.NM_001304571#PAG14#622995#Capreolus_capreolus__Western_roe_deer__HLcapCap1__GCA_951849835.1	PAG14	Capreolus_capreolus__Western_roe_deer__HLcapCap1__GCA_951849835.1	2	2
HLbosTau10.ENSBTAT00000005384_PAG10_402298_Capreolus_capreolus__Western_roe_deer__HLcapCap1__GCA_951849835.1	HLbosTau10.ENSBTAT00000005384#PAG10#402298#Capreolus_capreolus__Western_roe_deer__HLcapCap1__GCA_951849835.1	PAG10	Capreolus_capreolus__Western_roe_deer__HLcapCap1__GCA_951849835.1	2	2
mm10.ENSMUST00000025647_Pga5_4779_Capreolus_capreolus__Western_roe_deer__HLcapCap1__GCA_951849835.1	mm10.ENSMUST00000025647#Pga5#4779#Capreolus_capreolus__Western_roe_deer__HLcapCap1__GCA_951849835.1	Pga5	Capreolus_capreolus__Western_roe_deer__HLcapCap1__GCA_951849835.1	7	4
mm10.ENSMUST00000025647_Pga5_9346_Capreolus_capreolus__Western_roe_deer__HLcapCap1__GCA_951849835.1	mm10.ENSMUST00000025647#Pga5#9346#Capreolus_capreolus__Western_roe_deer__HLcapCap1__GCA_951849835.1	Pga5	Capreolus_capreolus__Western_roe_deer__HLcapCap1__GCA_951849835.1	9	4
HLbosTau10.ENSBTAT00000030243_PAG3_1012_Capreolus_capreolus__Western_roe_deer__HLcapCap1__GCA_951849835.1	HLbosTau10.ENSBTAT00000030243#PAG3#1012#Capreolus_capreolus__Western_roe_deer__HLcapCap1__GCA_951849835.1	PAG3	Capreolus_capreolus__Western_roe_deer__HLcapCap1__GCA_951849835.1	7	4
HLbosTau10.ENSBTAT00000025517_PAG2_1616051_Capreolus_capreolus__Western_roe_deer__HLcapCap1__GCA_951849835.1	HLbosTau10.ENSBTAT00000025517#PAG2#1616051#Capreolus_capreolus__Western_roe_deer__HLcapCap1__GCA_951849835.1	PAG2	Capreolus_capreolus__Western_roe_deer__HLcapCap1__GCA_951849835.1	8	4
HLbosTau10.ENSBTAT00000013786_PAG7_334_Capreolus_capreolus__Western_roe_deer__HLcapCap1__GCA_951849835.1	HLbosTau10.ENSBTAT00000013786#PAG7#334#Capreolus_capreolus__Western_roe_deer__HLcapCap1__GCA_951849835.1	PAG7	Capreolus_capreolus__Western_roe_deer__HLcapCap1__GCA_951849835.1	8	4
HLbosTau10.ENSBTAT00000038878_PAG6_117631_Capreolus_capreolus__Western_roe_deer__HLcapCap1__GCA_951849835.1	HLbosTau10.ENSBTAT00000038878#PAG6#117631#Capreolus_capreolus__Western_roe_deer__HLcapCap1__GCA_951849835.1	PAG6	Capreolus_capreolus__Western_roe_deer__HLcapCap1__GCA_951849835.1	4	4
HLbosTau10.ENSBTAT00000013786_PAG7_203_Capreolus_capreolus__Western_roe_deer__HLcapCap1__GCA_951849835.1	HLbosTau10.ENSBTAT00000013786#PAG7#203#Capreolus_capreolus__Western_roe_deer__HLcapCap1__GCA_951849835.1	PAG7	Capreolus_capreolus__Western_roe_deer__HLcapCap1__GCA_951849835.1	5	4
HLbosTau10.ENSBTAT00000005399_PAG11_22218_Capreolus_capreolus__Western_roe_deer__HLcapCap1__GCA_951849835.1	HLbosTau10.ENSBTAT00000005399#PAG11#22218#Capreolus_capreolus__Western_roe_deer__HLcapCap1__GCA_951849835.1	PAG11	Capreolus_capreolus__Western_roe_deer__HLcapCap1__GCA_951849835.1	5	4
HLbosTau10.ENSBTAT00000005399_PAG11_3064_Capreolus_capreolus__Western_roe_deer__HLcapCap1__GCA_951849835.1	HLbosTau10.ENSBTAT00000005399#PAG11#3064#Capreolus_capreolus__Western_roe_deer__HLcapCap1__GCA_951849835.1	PAG11	Capreolus_capreolus__Western_roe_deer__HLcapCap1__GCA_951849835.1	5	4
HLbosTau10.ENSBTAT00000030466_PAG18_965071_Capreolus_capreolus__Western_roe_deer__HLcapCap1__GCA_951849835.1	HLbosTau10.ENSBTAT00000030466#PAG18#965071#Capreolus_capreolus__Western_roe_deer__HLcapCap1__GCA_951849835.1	PAG18	Capreolus_capreolus__Western_roe_deer__HLcapCap1__GCA_951849835.1	5	4
hg38.ENST00000312403.10_PGA5_4394_Capreolus_capreolus__Western_roe_deer__HLcapCap1__GCA_951849835.1	hg38.ENST00000312403.10#PGA5#4394#Capreolus_capreolus__Western_roe_deer__HLcapCap1__GCA_951849835.1	PGA5	Capreolus_capreolus__Western_roe_deer__HLcapCap1__GCA_951849835.1	56	38
hg38.ENST00000325558.11_PGA3_69_Capricornis_sumatraensis__Sumatran_serow__HLcapSum1__GCF_032405125.1	hg38.ENST00000325558.11#PGA3#69#Capricornis_sumatraensis__Sumatran_serow__HLcapSum1__GCF_032405125.1	PGA3	Capricornis_sumatraensis__Sumatran_serow__HLcapSum1__GCF_032405125.1	56	38
HLbosTau10.ENSBTAT00000005399_PAG11_7824_Capricornis_sumatraensis__Sumatran_serow__HLcapSum1__GCF_032405125.1	HLbosTau10.ENSBTAT00000005399#PAG11#7824#Capricornis_sumatraensis__Sumatran_serow__HLcapSum1__GCF_032405125.1	PAG11	Capricornis_sumatraensis__Sumatran_serow__HLcapSum1__GCF_032405125.1	5	4
HLbosTau10.ENSBTAT00000064112_ENSBTAG00000054180_104332_Capricornis_sumatraensis__Sumatran_serow__HLcapSum1__GCF_032405125.1	HLbosTau10.ENSBTAT00000064112#ENSBTAG00000054180#104332#Capricornis_sumatraensis__Sumatran_serow__HLcapSum1__GCF_032405125.1	ENSBTAG00000054180	Capricornis_sumatraensis__Sumatran_serow__HLcapSum1__GCF_032405125.1	5	4
HLbosTau10.ENSBTAT00000038878_PAG6_8259_Capricornis_sumatraensis__Sumatran_serow__HLcapSum1__GCF_032405125.1	HLbosTau10.ENSBTAT00000038878#PAG6#8259#Capricornis_sumatraensis__Sumatran_serow__HLcapSum1__GCF_032405125.1	PAG6	Capricornis_sumatraensis__Sumatran_serow__HLcapSum1__GCF_032405125.1	5	4
HLbosTau10.NM_174411_ENSBTAG00000054180_1371122_Capricornis_sumatraensis__Sumatran_serow__HLcapSum1__GCF_032405125.1	HLbosTau10.NM_174411#ENSBTAG00000054180#1371122#Capricornis_sumatraensis__Sumatran_serow__HLcapSum1__GCF_032405125.1	ENSBTAG00000054180	Capricornis_sumatraensis__Sumatran_serow__HLcapSum1__GCF_032405125.1	8	4
HLbosTau10.ENSBTAT00000030188_ENSBTAG00000024611_398_Capricornis_sumatraensis__Sumatran_serow__HLcapSum1__GCF_032405125.1	HLbosTau10.ENSBTAT00000030188#ENSBTAG00000024611#398#Capricornis_sumatraensis__Sumatran_serow__HLcapSum1__GCF_032405125.1	ENSBTAG00000024611	Capricornis_sumatraensis__Sumatran_serow__HLcapSum1__GCF_032405125.1	5	4
HLbosTau10.ENSBTAT00000017585_ENSBTAG00000013214_6288_Capricornis_sumatraensis__Sumatran_serow__HLcapSum1__GCF_032405125.1	HLbosTau10.ENSBTAT00000017585#ENSBTAG00000013214#6288#Capricornis_sumatraensis__Sumatran_serow__HLcapSum1__GCF_032405125.1	ENSBTAG00000013214	Capricornis_sumatraensis__Sumatran_serow__HLcapSum1__GCF_032405125.1	2	2
HLbosTau10.ENSBTAT00000018996_ENSBTAG00000040257_6980_Capricornis_sumatraensis__Sumatran_serow__HLcapSum1__GCF_032405125.1	HLbosTau10.ENSBTAT00000018996#ENSBTAG00000040257#6980#Capricornis_sumatraensis__Sumatran_serow__HLcapSum1__GCF_032405125.1	ENSBTAG00000040257	Capricornis_sumatraensis__Sumatran_serow__HLcapSum1__GCF_032405125.1	2	2
HLbosTau10.ENSBTAT00000005384_PAG10_430873_Capricornis_sumatraensis__Sumatran_serow__HLcapSum1__GCF_032405125.1	HLbosTau10.ENSBTAT00000005384#PAG10#430873#Capricornis_sumatraensis__Sumatran_serow__HLcapSum1__GCF_032405125.1	PAG10	Capricornis_sumatraensis__Sumatran_serow__HLcapSum1__GCF_032405125.1	9	4
HLbosTau10.ENSBTAT00000025597_PAG8_36804_Capricornis_sumatraensis__Sumatran_serow__HLcapSum1__GCF_032405125.1	HLbosTau10.ENSBTAT00000025597#PAG8#36804#Capricornis_sumatraensis__Sumatran_serow__HLcapSum1__GCF_032405125.1	PAG8	Capricornis_sumatraensis__Sumatran_serow__HLcapSum1__GCF_032405125.1	7	4
HLbosTau10.ENSBTAT00000007506_MGC157408_90_Capricornis_sumatraensis__Sumatran_serow__HLcapSum1__GCF_032405125.1	HLbosTau10.ENSBTAT00000007506#MGC157408#90#Capricornis_sumatraensis__Sumatran_serow__HLcapSum1__GCF_032405125.1	MGC157408	Capricornis_sumatraensis__Sumatran_serow__HLcapSum1__GCF_032405125.1	2	2
HLbosTau10.ENSBTAT00000030244_ENSBTAG00000050440_106_Capricornis_sumatraensis__Sumatran_serow__HLcapSum1__GCF_032405125.1	HLbosTau10.ENSBTAT00000030244#ENSBTAG00000050440#106#Capricornis_sumatraensis__Sumatran_serow__HLcapSum1__GCF_032405125.1	ENSBTAG00000050440	Capricornis_sumatraensis__Sumatran_serow__HLcapSum1__GCF_032405125.1	2	2
HLbosTau10.NM_176628_PAG19_49_Capricornis_sumatraensis__Sumatran_serow__HLcapSum1__GCF_032405125.1	HLbosTau10.NM_176628#PAG19#49#Capricornis_sumatraensis__Sumatran_serow__HLcapSum1__GCF_032405125.1	PAG19	Capricornis_sumatraensis__Sumatran_serow__HLcapSum1__GCF_032405125.1	2	2
HLbosTau10.ENSBTAT00000009701_ENSBTAG00000038506_538_Capricornis_sumatraensis__Sumatran_serow__HLcapSum1__GCF_032405125.1	HLbosTau10.ENSBTAT00000009701#ENSBTAG00000038506#538#Capricornis_sumatraensis__Sumatran_serow__HLcapSum1__GCF_032405125.1	ENSBTAG00000038506	Capricornis_sumatraensis__Sumatran_serow__HLcapSum1__GCF_032405125.1	2	2
HLbosTau10.ENSBTAT00000017669_ENSBTAG00000035736_26_Capricornis_sumatraensis__Sumatran_serow__HLcapSum1__GCF_032405125.1	HLbosTau10.ENSBTAT00000017669#ENSBTAG00000035736#26#Capricornis_sumatraensis__Sumatran_serow__HLcapSum1__GCF_032405125.1	ENSBTAG00000035736	Capricornis_sumatraensis__Sumatran_serow__HLcapSum1__GCF_032405125.1	2	2
HLbosTau10.ENSBTAT00000030244_ENSBTAG00000050440_24226_Capricornis_sumatraensis__Sumatran_serow__HLcapSum1__GCF_032405125.1	HLbosTau10.ENSBTAT00000030244#ENSBTAG00000050440#24226#Capricornis_sumatraensis__Sumatran_serow__HLcapSum1__GCF_032405125.1	ENSBTAG00000050440	Capricornis_sumatraensis__Sumatran_serow__HLcapSum1__GCF_032405125.1	2	2
HLbosTau10.NM_176630_PAG21_3824_Capricornis_sumatraensis__Sumatran_serow__HLcapSum1__GCF_032405125.1	HLbosTau10.NM_176630#PAG21#3824#Capricornis_sumatraensis__Sumatran_serow__HLcapSum1__GCF_032405125.1	PAG21	Capricornis_sumatraensis__Sumatran_serow__HLcapSum1__GCF_032405125.1	2	2
HLbosTau10.ENSBTAT00000005399_PAG11_429_Capricornis_sumatraensis__Sumatran_serow__HLcapSum1__GCF_032405125.1	HLbosTau10.ENSBTAT00000005399#PAG11#429#Capricornis_sumatraensis__Sumatran_serow__HLcapSum1__GCF_032405125.1	PAG11	Capricornis_sumatraensis__Sumatran_serow__HLcapSum1__GCF_032405125.1	2	2
HLbosTau10.ENSBTAT00000005384_PAG10_360328_Capricornis_sumatraensis__Sumatran_serow__HLcapSum1__GCF_032405125.1	HLbosTau10.ENSBTAT00000005384#PAG10#360328#Capricornis_sumatraensis__Sumatran_serow__HLcapSum1__GCF_032405125.1	PAG10	Capricornis_sumatraensis__Sumatran_serow__HLcapSum1__GCF_032405125.1	2	2
HLbosTau10.ENSBTAT00000013786_PAG7_558789_Capricornis_sumatraensis__Sumatran_serow__HLcapSum1__GCF_032405125.1	HLbosTau10.ENSBTAT00000013786#PAG7#558789#Capricornis_sumatraensis__Sumatran_serow__HLcapSum1__GCF_032405125.1	PAG7	Capricornis_sumatraensis__Sumatran_serow__HLcapSum1__GCF_032405125.1	2	2
HLbosTau10.ENSBTAT00000009701_ENSBTAG00000038506_63_Capricornis_sumatraensis__Sumatran_serow__HLcapSum1__GCF_032405125.1	HLbosTau10.ENSBTAT00000009701#ENSBTAG00000038506#63#Capricornis_sumatraensis__Sumatran_serow__HLcapSum1__GCF_032405125.1	ENSBTAG00000038506	Capricornis_sumatraensis__Sumatran_serow__HLcapSum1__GCF_032405125.1	2	2
HLbosTau10.ENSBTAT00000005384_PAG10_1317658_Capricornis_sumatraensis__Sumatran_serow__HLcapSum1__GCF_032405125.1	HLbosTau10.ENSBTAT00000005384#PAG10#1317658#Capricornis_sumatraensis__Sumatran_serow__HLcapSum1__GCF_032405125.1	PAG10	Capricornis_sumatraensis__Sumatran_serow__HLcapSum1__GCF_032405125.1	2	2
HLbosTau10.ENSBTAT00000005399_PAG11_85388_Capricornis_sumatraensis__Sumatran_serow__HLcapSum1__GCF_032405125.1	HLbosTau10.ENSBTAT00000005399#PAG11#85388#Capricornis_sumatraensis__Sumatran_serow__HLcapSum1__GCF_032405125.1	PAG11	Capricornis_sumatraensis__Sumatran_serow__HLcapSum1__GCF_032405125.1	2	2
HLbosTau10.ENSBTAT00000017669_ENSBTAG00000035736_1440_Capricornis_sumatraensis__Sumatran_serow__HLcapSum1__GCF_032405125.1	HLbosTau10.ENSBTAT00000017669#ENSBTAG00000035736#1440#Capricornis_sumatraensis__Sumatran_serow__HLcapSum1__GCF_032405125.1	ENSBTAG00000035736	Capricornis_sumatraensis__Sumatran_serow__HLcapSum1__GCF_032405125.1	2	2
HLbosTau10.ENSBTAT00000030244_ENSBTAG00000050440_49_Capricornis_sumatraensis__Sumatran_serow__HLcapSum1__GCF_032405125.1	HLbosTau10.ENSBTAT00000030244#ENSBTAG00000050440#49#Capricornis_sumatraensis__Sumatran_serow__HLcapSum1__GCF_032405125.1	ENSBTAG00000050440	Capricornis_sumatraensis__Sumatran_serow__HLcapSum1__GCF_032405125.1	2	2
HLbosTau10.ENSBTAT00000005399_PAG11_88_Capricornis_sumatraensis__Sumatran_serow__HLcapSum1__GCF_032405125.1	HLbosTau10.ENSBTAT00000005399#PAG11#88#Capricornis_sumatraensis__Sumatran_serow__HLcapSum1__GCF_032405125.1	PAG11	Capricornis_sumatraensis__Sumatran_serow__HLcapSum1__GCF_032405125.1	2	2
HLbosTau10.ENSBTAT00000030244_ENSBTAG00000050440_276_Capricornis_sumatraensis__Sumatran_serow__HLcapSum1__GCF_032405125.1	HLbosTau10.ENSBTAT00000030244#ENSBTAG00000050440#276#Capricornis_sumatraensis__Sumatran_serow__HLcapSum1__GCF_032405125.1	ENSBTAG00000050440	Capricornis_sumatraensis__Sumatran_serow__HLcapSum1__GCF_032405125.1	2	2
HLbosTau10.ENSBTAT00000013786_PAG7_525477_Capricornis_sumatraensis__Sumatran_serow__HLcapSum1__GCF_032405125.1	HLbosTau10.ENSBTAT00000013786#PAG7#525477#Capricornis_sumatraensis__Sumatran_serow__HLcapSum1__GCF_032405125.1	PAG7	Capricornis_sumatraensis__Sumatran_serow__HLcapSum1__GCF_032405125.1	2	2
HLbosTau10.ENSBTAT00000005399_PAG11_54946_Capricornis_sumatraensis__Sumatran_serow__HLcapSum1__GCF_032405125.1	HLbosTau10.ENSBTAT00000005399#PAG11#54946#Capricornis_sumatraensis__Sumatran_serow__HLcapSum1__GCF_032405125.1	PAG11	Capricornis_sumatraensis__Sumatran_serow__HLcapSum1__GCF_032405125.1	2	2
HLbosTau10.ENSBTAT00000009701_ENSBTAG00000038506_1450_Capricornis_sumatraensis__Sumatran_serow__HLcapSum1__GCF_032405125.1	HLbosTau10.ENSBTAT00000009701#ENSBTAG00000038506#1450#Capricornis_sumatraensis__Sumatran_serow__HLcapSum1__GCF_032405125.1	ENSBTAG00000038506	Capricornis_sumatraensis__Sumatran_serow__HLcapSum1__GCF_032405125.1	2	2
HLbosTau10.NM_176625_PAG16_684_Capricornis_sumatraensis__Sumatran_serow__HLcapSum1__GCF_032405125.1	HLbosTau10.NM_176625#PAG16#684#Capricornis_sumatraensis__Sumatran_serow__HLcapSum1__GCF_032405125.1	PAG16	Capricornis_sumatraensis__Sumatran_serow__HLcapSum1__GCF_032405125.1	2	2
HLbosTau10.ENSBTAT00000030244_ENSBTAG00000050440_491_Capricornis_sumatraensis__Sumatran_serow__HLcapSum1__GCF_032405125.1	HLbosTau10.ENSBTAT00000030244#ENSBTAG00000050440#491#Capricornis_sumatraensis__Sumatran_serow__HLcapSum1__GCF_032405125.1	ENSBTAG00000050440	Capricornis_sumatraensis__Sumatran_serow__HLcapSum1__GCF_032405125.1	2	2
HLbosTau10.ENSBTAT00000013786_PAG7_1953_Capricornis_sumatraensis__Sumatran_serow__HLcapSum1__GCF_032405125.1	HLbosTau10.ENSBTAT00000013786#PAG7#1953#Capricornis_sumatraensis__Sumatran_serow__HLcapSum1__GCF_032405125.1	PAG7	Capricornis_sumatraensis__Sumatran_serow__HLcapSum1__GCF_032405125.1	2	2
HLbosTau10.ENSBTAT00000025567_PAG12_83427_Capricornis_sumatraensis__Sumatran_serow__HLcapSum1__GCF_032405125.1	HLbosTau10.ENSBTAT00000025567#PAG12#83427#Capricornis_sumatraensis__Sumatran_serow__HLcapSum1__GCF_032405125.1	PAG12	Capricornis_sumatraensis__Sumatran_serow__HLcapSum1__GCF_032405125.1	2	2
HLbosTau10.ENSBTAT00000063428_ENSBTAG00000051196_2190_Capricornis_sumatraensis__Sumatran_serow__HLcapSum1__GCF_032405125.1	HLbosTau10.ENSBTAT00000063428#ENSBTAG00000051196#2190#Capricornis_sumatraensis__Sumatran_serow__HLcapSum1__GCF_032405125.1	ENSBTAG00000051196	Capricornis_sumatraensis__Sumatran_serow__HLcapSum1__GCF_032405125.1	2	2
HLbosTau10.NM_176619_PAG8_3525_Capricornis_sumatraensis__Sumatran_serow__HLcapSum1__GCF_032405125.1	HLbosTau10.NM_176619#PAG8#3525#Capricornis_sumatraensis__Sumatran_serow__HLcapSum1__GCF_032405125.1	PAG8	Capricornis_sumatraensis__Sumatran_serow__HLcapSum1__GCF_032405125.1	2	2
HLbosTau10.ENSBTAT00000050648_PAG9_312_Capricornis_sumatraensis__Sumatran_serow__HLcapSum1__GCF_032405125.1	HLbosTau10.ENSBTAT00000050648#PAG9#312#Capricornis_sumatraensis__Sumatran_serow__HLcapSum1__GCF_032405125.1	PAG9	Capricornis_sumatraensis__Sumatran_serow__HLcapSum1__GCF_032405125.1	2	2
HLbosTau10.ENSBTAT00000030244_ENSBTAG00000050440_67_Capricornis_sumatraensis__Sumatran_serow__HLcapSum1__GCF_032405125.1	HLbosTau10.ENSBTAT00000030244#ENSBTAG00000050440#67#Capricornis_sumatraensis__Sumatran_serow__HLcapSum1__GCF_032405125.1	ENSBTAG00000050440	Capricornis_sumatraensis__Sumatran_serow__HLcapSum1__GCF_032405125.1	2	2
HLbosTau10.ENSBTAT00000025597_PAG8_1827_Capricornis_sumatraensis__Sumatran_serow__HLcapSum1__GCF_032405125.1	HLbosTau10.ENSBTAT00000025597#PAG8#1827#Capricornis_sumatraensis__Sumatran_serow__HLcapSum1__GCF_032405125.1	PAG8	Capricornis_sumatraensis__Sumatran_serow__HLcapSum1__GCF_032405125.1	2	2
HLbosTau10.ENSBTAT00000013786_PAG7_343614_Capricornis_sumatraensis__Sumatran_serow__HLcapSum1__GCF_032405125.1	HLbosTau10.ENSBTAT00000013786#PAG7#343614#Capricornis_sumatraensis__Sumatran_serow__HLcapSum1__GCF_032405125.1	PAG7	Capricornis_sumatraensis__Sumatran_serow__HLcapSum1__GCF_032405125.1	2	2
HLbosTau10.ENSBTAT00000025567_PAG12_279574_Capricornis_sumatraensis__Sumatran_serow__HLcapSum1__GCF_032405125.1	HLbosTau10.ENSBTAT00000025567#PAG12#279574#Capricornis_sumatraensis__Sumatran_serow__HLcapSum1__GCF_032405125.1	PAG12	Capricornis_sumatraensis__Sumatran_serow__HLcapSum1__GCF_032405125.1	2	2
HLbosTau10.ENSBTAT00000013786_PAG7_64_Capricornis_sumatraensis__Sumatran_serow__HLcapSum1__GCF_032405125.1	HLbosTau10.ENSBTAT00000013786#PAG7#64#Capricornis_sumatraensis__Sumatran_serow__HLcapSum1__GCF_032405125.1	PAG7	Capricornis_sumatraensis__Sumatran_serow__HLcapSum1__GCF_032405125.1	2	2
HLbosTau10.ENSBTAT00000007506_MGC157408_575_Capricornis_sumatraensis__Sumatran_serow__HLcapSum1__GCF_032405125.1	HLbosTau10.ENSBTAT00000007506#MGC157408#575#Capricornis_sumatraensis__Sumatran_serow__HLcapSum1__GCF_032405125.1	MGC157408	Capricornis_sumatraensis__Sumatran_serow__HLcapSum1__GCF_032405125.1	2	2
HLbosTau10.XM_002707800_ENSBTAG00000051501_9991_Capricornis_sumatraensis__Sumatran_serow__HLcapSum1__GCF_032405125.1	HLbosTau10.XM_002707800#ENSBTAG00000051501#9991#Capricornis_sumatraensis__Sumatran_serow__HLcapSum1__GCF_032405125.1	ENSBTAG00000051501	Capricornis_sumatraensis__Sumatran_serow__HLcapSum1__GCF_032405125.1	2	2
HLbosTau10.ENSBTAT00000005384_PAG10_2942_Capricornis_sumatraensis__Sumatran_serow__HLcapSum1__GCF_032405125.1	HLbosTau10.ENSBTAT00000005384#PAG10#2942#Capricornis_sumatraensis__Sumatran_serow__HLcapSum1__GCF_032405125.1	PAG10	Capricornis_sumatraensis__Sumatran_serow__HLcapSum1__GCF_032405125.1	2	2
HLbosTau10.ENSBTAT00000025597_PAG8_9780_Capricornis_sumatraensis__Sumatran_serow__HLcapSum1__GCF_032405125.1	HLbosTau10.ENSBTAT00000025597#PAG8#9780#Capricornis_sumatraensis__Sumatran_serow__HLcapSum1__GCF_032405125.1	PAG8	Capricornis_sumatraensis__Sumatran_serow__HLcapSum1__GCF_032405125.1	2	2
HLbosTau10.ENSBTAT00000013786_PAG7_26_Capricornis_sumatraensis__Sumatran_serow__HLcapSum1__GCF_032405125.1	HLbosTau10.ENSBTAT00000013786#PAG7#26#Capricornis_sumatraensis__Sumatran_serow__HLcapSum1__GCF_032405125.1	PAG7	Capricornis_sumatraensis__Sumatran_serow__HLcapSum1__GCF_032405125.1	2	2
HLbosTau10.ENSBTAT00000013786_PAG7_237921_Capricornis_sumatraensis__Sumatran_serow__HLcapSum1__GCF_032405125.1	HLbosTau10.ENSBTAT00000013786#PAG7#237921#Capricornis_sumatraensis__Sumatran_serow__HLcapSum1__GCF_032405125.1	PAG7	Capricornis_sumatraensis__Sumatran_serow__HLcapSum1__GCF_032405125.1	2	2
HLeleMaxInd3A.XM_049891846.1_LOC126080666_2653_Capricornis_sumatraensis__Sumatran_serow__HLcapSum1__GCF_032405125.1	HLeleMaxInd3A.XM_049891846.1#LOC126080666#2653#Capricornis_sumatraensis__Sumatran_serow__HLcapSum1__GCF_032405125.1	LOC126080666	Capricornis_sumatraensis__Sumatran_serow__HLcapSum1__GCF_032405125.1	2	2
HLbosTau10.ENSBTAT00000030188_ENSBTAG00000024611_6752_Capricornis_sumatraensis__Sumatran_serow__HLcapSum1__GCF_032405125.1	HLbosTau10.ENSBTAT00000030188#ENSBTAG00000024611#6752#Capricornis_sumatraensis__Sumatran_serow__HLcapSum1__GCF_032405125.1	ENSBTAG00000024611	Capricornis_sumatraensis__Sumatran_serow__HLcapSum1__GCF_032405125.1	2	2
HLbosTau10.ENSBTAT00000013786_PAG7_10388_Capricornis_sumatraensis__Sumatran_serow__HLcapSum1__GCF_032405125.1	HLbosTau10.ENSBTAT00000013786#PAG7#10388#Capricornis_sumatraensis__Sumatran_serow__HLcapSum1__GCF_032405125.1	PAG7	Capricornis_sumatraensis__Sumatran_serow__HLcapSum1__GCF_032405125.1	2	2
HLbosTau10.ENSBTAT00000013786_PAG7_100499_Capricornis_sumatraensis__Sumatran_serow__HLcapSum1__GCF_032405125.1	HLbosTau10.ENSBTAT00000013786#PAG7#100499#Capricornis_sumatraensis__Sumatran_serow__HLcapSum1__GCF_032405125.1	PAG7	Capricornis_sumatraensis__Sumatran_serow__HLcapSum1__GCF_032405125.1	2	2
HLbosTau10.ENSBTAT00000018996_ENSBTAG00000040257_30972_Capricornis_sumatraensis__Sumatran_serow__HLcapSum1__GCF_032405125.1	HLbosTau10.ENSBTAT00000018996#ENSBTAG00000040257#30972#Capricornis_sumatraensis__Sumatran_serow__HLcapSum1__GCF_032405125.1	ENSBTAG00000040257	Capricornis_sumatraensis__Sumatran_serow__HLcapSum1__GCF_032405125.1	2	2
HLbosTau10.ENSBTAT00000013786_PAG7_2313_Capricornis_sumatraensis__Sumatran_serow__HLcapSum1__GCF_032405125.1	HLbosTau10.ENSBTAT00000013786#PAG7#2313#Capricornis_sumatraensis__Sumatran_serow__HLcapSum1__GCF_032405125.1	PAG7	Capricornis_sumatraensis__Sumatran_serow__HLcapSum1__GCF_032405125.1	10	4
HLbosTau10.ENSBTAT00000013786_PAG7_38055_Capricornis_sumatraensis__Sumatran_serow__HLcapSum1__GCF_032405125.1	HLbosTau10.ENSBTAT00000013786#PAG7#38055#Capricornis_sumatraensis__Sumatran_serow__HLcapSum1__GCF_032405125.1	PAG7	Capricornis_sumatraensis__Sumatran_serow__HLcapSum1__GCF_032405125.1	10	4
mm10.ENSMUST00000025647_Pga5_67_Castor_canadensis__American_beaver__HLcasCan3	mm10.ENSMUST00000025647#Pga5#67#Castor_canadensis__American_beaver__HLcasCan3	Pga5	Castor_canadensis__American_beaver__HLcasCan3	34	23
mm10.ENSMUST00000025647_Pga5_63_Castor_canadensis__American_beaver__HLcasCana4A__GCA_047511655.2	mm10.ENSMUST00000025647#Pga5#63#Castor_canadensis__American_beaver__HLcasCana4A__GCA_047511655.2	Pga5	Castor_canadensis__American_beaver__HLcasCana4A__GCA_047511655.2	34	23
mm10.ENSMUST00000025647_Pga5_63_Castor_canadensis__American_beaver__HLcasCana5__GCA_001984765.2	mm10.ENSMUST00000025647#Pga5#63#Castor_canadensis__American_beaver__HLcasCana5__GCA_001984765.2	Pga5	Castor_canadensis__American_beaver__HLcasCana5__GCA_001984765.2	34	23
mm10.ENSMUST00000025647_Pga5_62_Castor_fiber__Eurasian_beaver__HLcasFibe1__GCA_977036005.1	mm10.ENSMUST00000025647#Pga5#62#Castor_fiber__Eurasian_beaver__HLcasFibe1__GCA_977036005.1	Pga5	Castor_fiber__Eurasian_beaver__HLcasFibe1__GCA_977036005.1	34	23
HLbosTau10.ENSBTAT00000063428_ENSBTAG00000051196_3488_Cebus_albifrons__white-fronted_capuchin__HLcebAlb2__GCA_023783575.1	HLbosTau10.ENSBTAT00000063428#ENSBTAG00000051196#3488#Cebus_albifrons__white-fronted_capuchin__HLcebAlb2__GCA_023783575.1	ENSBTAG00000051196	Cebus_albifrons__white-fronted_capuchin__HLcebAlb2__GCA_023783575.1	32	22
hg38.ENST00000325558.11_PGA3_7369_Cebus_albifrons__white-fronted_capuchin__HLcebAlb2__GCA_023783575.1	hg38.ENST00000325558.11#PGA3#7369#Cebus_albifrons__white-fronted_capuchin__HLcebAlb2__GCA_023783575.1	PGA3	Cebus_albifrons__white-fronted_capuchin__HLcebAlb2__GCA_023783575.1	58	38
hg38.ENST00000312403.10_PGA5_21662_Cephalopachus_bancanus__Horsfields_tarsier__HLcepBan1__GCA_027257055.1	hg38.ENST00000312403.10#PGA5#21662#Cephalopachus_bancanus__Horsfields_tarsier__HLcepBan1__GCA_027257055.1	PGA5	Cephalopachus_bancanus__Horsfields_tarsier__HLcepBan1__GCA_027257055.1	30	21
HLbosTau10.ENSBTAT00000063428_ENSBTAG00000051196_12321_Cephalopachus_bancanus__Horsfields_tarsier__HLcepBan1__GCA_027257055.1	HLbosTau10.ENSBTAT00000063428#ENSBTAG00000051196#12321#Cephalopachus_bancanus__Horsfields_tarsier__HLcepBan1__GCA_027257055.1	ENSBTAG00000051196	Cephalopachus_bancanus__Horsfields_tarsier__HLcepBan1__GCA_027257055.1	31	21
hg38.ENST00000312403.10_PGA5_5843_Cephalophula_zebra__Zebra_duiker__HLcepZebr1A__GCA_054099735.1	hg38.ENST00000312403.10#PGA5#5843#Cephalophula_zebra__Zebra_duiker__HLcepZebr1A__GCA_054099735.1	PGA5	Cephalophula_zebra__Zebra_duiker__HLcepZebr1A__GCA_054099735.1	56	38
HLbosTau10.ENSBTAT00000030243_PAG3_95190_Cephalophula_zebra__Zebra_duiker__HLcepZebr1A__GCA_054099735.1	HLbosTau10.ENSBTAT00000030243#PAG3#95190#Cephalophula_zebra__Zebra_duiker__HLcepZebr1A__GCA_054099735.1	PAG3	Cephalophula_zebra__Zebra_duiker__HLcepZebr1A__GCA_054099735.1	5	4
HLbosTau10.ENSBTAT00000030188_ENSBTAG00000024611_821_Cephalophula_zebra__Zebra_duiker__HLcepZebr1A__GCA_054099735.1	HLbosTau10.ENSBTAT00000030188#ENSBTAG00000024611#821#Cephalophula_zebra__Zebra_duiker__HLcepZebr1A__GCA_054099735.1	ENSBTAG00000024611	Cephalophula_zebra__Zebra_duiker__HLcepZebr1A__GCA_054099735.1	5	4
HLbosTau10.ENSBTAT00000018996_ENSBTAG00000040257_52508_Cephalophula_zebra__Zebra_duiker__HLcepZebr1A__GCA_054099735.1	HLbosTau10.ENSBTAT00000018996#ENSBTAG00000040257#52508#Cephalophula_zebra__Zebra_duiker__HLcepZebr1A__GCA_054099735.1	ENSBTAG00000040257	Cephalophula_zebra__Zebra_duiker__HLcepZebr1A__GCA_054099735.1	4	4
HLbosTau10.ENSBTAT00000038878_PAG6_2389_Cephalophula_zebra__Zebra_duiker__HLcepZebr1A__GCA_054099735.1	HLbosTau10.ENSBTAT00000038878#PAG6#2389#Cephalophula_zebra__Zebra_duiker__HLcepZebr1A__GCA_054099735.1	PAG6	Cephalophula_zebra__Zebra_duiker__HLcepZebr1A__GCA_054099735.1	2	2
HLbosTau10.ENSBTAT00000005384_PAG10_154138_Cephalophula_zebra__Zebra_duiker__HLcepZebr1A__GCA_054099735.1	HLbosTau10.ENSBTAT00000005384#PAG10#154138#Cephalophula_zebra__Zebra_duiker__HLcepZebr1A__GCA_054099735.1	PAG10	Cephalophula_zebra__Zebra_duiker__HLcepZebr1A__GCA_054099735.1	9	4
mm10.ENSMUST00000025647_Pga5_78498_Cephalophula_zebra__Zebra_duiker__HLcepZebr1A__GCA_054099735.1	mm10.ENSMUST00000025647#Pga5#78498#Cephalophula_zebra__Zebra_duiker__HLcepZebr1A__GCA_054099735.1	Pga5	Cephalophula_zebra__Zebra_duiker__HLcepZebr1A__GCA_054099735.1	2	2
HLbosTau10.XM_002699310_LOC524173_297956_Cephalophula_zebra__Zebra_duiker__HLcepZebr1A__GCA_054099735.1	HLbosTau10.XM_002699310#LOC524173#297956#Cephalophula_zebra__Zebra_duiker__HLcepZebr1A__GCA_054099735.1	LOC524173	Cephalophula_zebra__Zebra_duiker__HLcepZebr1A__GCA_054099735.1	7	4
HLbosTau10.ENSBTAT00000005384_PAG10_14410_Cephalophula_zebra__Zebra_duiker__HLcepZebr1A__GCA_054099735.1	HLbosTau10.ENSBTAT00000005384#PAG10#14410#Cephalophula_zebra__Zebra_duiker__HLcepZebr1A__GCA_054099735.1	PAG10	Cephalophula_zebra__Zebra_duiker__HLcepZebr1A__GCA_054099735.1	2	2
HLbosTau10.ENSBTAT00000005399_PAG11_41862_Cephalophula_zebra__Zebra_duiker__HLcepZebr1A__GCA_054099735.1	HLbosTau10.ENSBTAT00000005399#PAG11#41862#Cephalophula_zebra__Zebra_duiker__HLcepZebr1A__GCA_054099735.1	PAG11	Cephalophula_zebra__Zebra_duiker__HLcepZebr1A__GCA_054099735.1	2	2
HLbosTau10.ENSBTAT00000030243_PAG3_3125_Cephalophula_zebra__Zebra_duiker__HLcepZebr1A__GCA_054099735.1	HLbosTau10.ENSBTAT00000030243#PAG3#3125#Cephalophula_zebra__Zebra_duiker__HLcepZebr1A__GCA_054099735.1	PAG3	Cephalophula_zebra__Zebra_duiker__HLcepZebr1A__GCA_054099735.1	2	2
HLbosTau10.ENSBTAT00000013786_PAG7_107419_Cephalophula_zebra__Zebra_duiker__HLcepZebr1A__GCA_054099735.1	HLbosTau10.ENSBTAT00000013786#PAG7#107419#Cephalophula_zebra__Zebra_duiker__HLcepZebr1A__GCA_054099735.1	PAG7	Cephalophula_zebra__Zebra_duiker__HLcepZebr1A__GCA_054099735.1	2	2
mm10.ENSMUST00000025647_Pga5_18535_Cephalophula_zebra__Zebra_duiker__HLcepZebr1A__GCA_054099735.1	mm10.ENSMUST00000025647#Pga5#18535#Cephalophula_zebra__Zebra_duiker__HLcepZebr1A__GCA_054099735.1	Pga5	Cephalophula_zebra__Zebra_duiker__HLcepZebr1A__GCA_054099735.1	2	2
HLbosTau10.ENSBTAT00000013786_PAG7_155041_Cephalophula_zebra__Zebra_duiker__HLcepZebr1A__GCA_054099735.1	HLbosTau10.ENSBTAT00000013786#PAG7#155041#Cephalophula_zebra__Zebra_duiker__HLcepZebr1A__GCA_054099735.1	PAG7	Cephalophula_zebra__Zebra_duiker__HLcepZebr1A__GCA_054099735.1	2	2
HLbosTau10.ENSBTAT00000064112_ENSBTAG00000054180_798347_Cephalophula_zebra__Zebra_duiker__HLcepZebr1A__GCA_054099735.1	HLbosTau10.ENSBTAT00000064112#ENSBTAG00000054180#798347#Cephalophula_zebra__Zebra_duiker__HLcepZebr1A__GCA_054099735.1	ENSBTAG00000054180	Cephalophula_zebra__Zebra_duiker__HLcepZebr1A__GCA_054099735.1	2	2
mm10.ENSMUST00000025647_Pga5_19405_Cephalophula_zebra__Zebra_duiker__HLcepZebr1A__GCA_054099735.1	mm10.ENSMUST00000025647#Pga5#19405#Cephalophula_zebra__Zebra_duiker__HLcepZebr1A__GCA_054099735.1	Pga5	Cephalophula_zebra__Zebra_duiker__HLcepZebr1A__GCA_054099735.1	2	2
HLbosTau10.ENSBTAT00000013786_PAG7_260_Cephalophula_zebra__Zebra_duiker__HLcepZebr1A__GCA_054099735.1	HLbosTau10.ENSBTAT00000013786#PAG7#260#Cephalophula_zebra__Zebra_duiker__HLcepZebr1A__GCA_054099735.1	PAG7	Cephalophula_zebra__Zebra_duiker__HLcepZebr1A__GCA_054099735.1	2	2
HLbosTau10.ENSBTAT00000017585_ENSBTAG00000013214_1862_Cephalophula_zebra__Zebra_duiker__HLcepZebr1A__GCA_054099735.1	HLbosTau10.ENSBTAT00000017585#ENSBTAG00000013214#1862#Cephalophula_zebra__Zebra_duiker__HLcepZebr1A__GCA_054099735.1	ENSBTAG00000013214	Cephalophula_zebra__Zebra_duiker__HLcepZebr1A__GCA_054099735.1	2	2
HLbosTau10.ENSBTAT00000025567_PAG12_352990_Cephalophula_zebra__Zebra_duiker__HLcepZebr1A__GCA_054099735.1	HLbosTau10.ENSBTAT00000025567#PAG12#352990#Cephalophula_zebra__Zebra_duiker__HLcepZebr1A__GCA_054099735.1	PAG12	Cephalophula_zebra__Zebra_duiker__HLcepZebr1A__GCA_054099735.1	2	2
mm10.ENSMUST00000025647_Pga5_18145_Cephalophula_zebra__Zebra_duiker__HLcepZebr1A__GCA_054099735.1	mm10.ENSMUST00000025647#Pga5#18145#Cephalophula_zebra__Zebra_duiker__HLcepZebr1A__GCA_054099735.1	Pga5	Cephalophula_zebra__Zebra_duiker__HLcepZebr1A__GCA_054099735.1	2	2
HLbosTau10.ENSBTAT00000013786_PAG7_354439_Cephalophula_zebra__Zebra_duiker__HLcepZebr1A__GCA_054099735.1	HLbosTau10.ENSBTAT00000013786#PAG7#354439#Cephalophula_zebra__Zebra_duiker__HLcepZebr1A__GCA_054099735.1	PAG7	Cephalophula_zebra__Zebra_duiker__HLcepZebr1A__GCA_054099735.1	2	2
HLbosTau10.ENSBTAT00000038954_PAG21_137068_Cephalophula_zebra__Zebra_duiker__HLcepZebr1A__GCA_054099735.1	HLbosTau10.ENSBTAT00000038954#PAG21#137068#Cephalophula_zebra__Zebra_duiker__HLcepZebr1A__GCA_054099735.1	PAG21	Cephalophula_zebra__Zebra_duiker__HLcepZebr1A__GCA_054099735.1	2	2
HLbosTau10.NM_176625_PAG16_299493_Cephalophula_zebra__Zebra_duiker__HLcepZebr1A__GCA_054099735.1	HLbosTau10.NM_176625#PAG16#299493#Cephalophula_zebra__Zebra_duiker__HLcepZebr1A__GCA_054099735.1	PAG16	Cephalophula_zebra__Zebra_duiker__HLcepZebr1A__GCA_054099735.1	2	2
HLbosTau10.ENSBTAT00000013786_PAG7_255913_Cephalophula_zebra__Zebra_duiker__HLcepZebr1A__GCA_054099735.1	HLbosTau10.ENSBTAT00000013786#PAG7#255913#Cephalophula_zebra__Zebra_duiker__HLcepZebr1A__GCA_054099735.1	PAG7	Cephalophula_zebra__Zebra_duiker__HLcepZebr1A__GCA_054099735.1	2	2
HLbosTau10.ENSBTAT00000063428_ENSBTAG00000051196_37311_Cephalophula_zebra__Zebra_duiker__HLcepZebr1A__GCA_054099735.1	HLbosTau10.ENSBTAT00000063428#ENSBTAG00000051196#37311#Cephalophula_zebra__Zebra_duiker__HLcepZebr1A__GCA_054099735.1	ENSBTAG00000051196	Cephalophula_zebra__Zebra_duiker__HLcepZebr1A__GCA_054099735.1	2	2
HLbosTau10.ENSBTAT00000038878_PAG6_1853_Cephalophula_zebra__Zebra_duiker__HLcepZebr1A__GCA_054099735.1	HLbosTau10.ENSBTAT00000038878#PAG6#1853#Cephalophula_zebra__Zebra_duiker__HLcepZebr1A__GCA_054099735.1	PAG6	Cephalophula_zebra__Zebra_duiker__HLcepZebr1A__GCA_054099735.1	2	2
HLbosTau10.ENSBTAT00000013786_PAG7_967_Cephalophula_zebra__Zebra_duiker__HLcepZebr1A__GCA_054099735.1	HLbosTau10.ENSBTAT00000013786#PAG7#967#Cephalophula_zebra__Zebra_duiker__HLcepZebr1A__GCA_054099735.1	PAG7	Cephalophula_zebra__Zebra_duiker__HLcepZebr1A__GCA_054099735.1	2	2
HLbosTau10.ENSBTAT00000013786_PAG7_77_Cephalophula_zebra__Zebra_duiker__HLcepZebr1A__GCA_054099735.1	HLbosTau10.ENSBTAT00000013786#PAG7#77#Cephalophula_zebra__Zebra_duiker__HLcepZebr1A__GCA_054099735.1	PAG7	Cephalophula_zebra__Zebra_duiker__HLcepZebr1A__GCA_054099735.1	2	2
HLbosTau10.XM_024987413_ENSBTAG00000046686_95_Cephalophula_zebra__Zebra_duiker__HLcepZebr1A__GCA_054099735.1	HLbosTau10.XM_024987413#ENSBTAG00000046686#95#Cephalophula_zebra__Zebra_duiker__HLcepZebr1A__GCA_054099735.1	ENSBTAG00000046686	Cephalophula_zebra__Zebra_duiker__HLcepZebr1A__GCA_054099735.1	2	2
HLbosTau10.ENSBTAT00000030188_ENSBTAG00000024611_28727_Cephalophula_zebra__Zebra_duiker__HLcepZebr1A__GCA_054099735.1	HLbosTau10.ENSBTAT00000030188#ENSBTAG00000024611#28727#Cephalophula_zebra__Zebra_duiker__HLcepZebr1A__GCA_054099735.1	ENSBTAG00000024611	Cephalophula_zebra__Zebra_duiker__HLcepZebr1A__GCA_054099735.1	2	2
HLbosTau10.XM_024987413_ENSBTAG00000046686_10859_Cephalophula_zebra__Zebra_duiker__HLcepZebr1A__GCA_054099735.1	HLbosTau10.XM_024987413#ENSBTAG00000046686#10859#Cephalophula_zebra__Zebra_duiker__HLcepZebr1A__GCA_054099735.1	ENSBTAG00000046686	Cephalophula_zebra__Zebra_duiker__HLcepZebr1A__GCA_054099735.1	2	2
HLbosTau10.ENSBTAT00000025593_PAG5_206289_Cephalophula_zebra__Zebra_duiker__HLcepZebr1A__GCA_054099735.1	HLbosTau10.ENSBTAT00000025593#PAG5#206289#Cephalophula_zebra__Zebra_duiker__HLcepZebr1A__GCA_054099735.1	PAG5	Cephalophula_zebra__Zebra_duiker__HLcepZebr1A__GCA_054099735.1	2	2
HLbosTau10.ENSBTAT00000013786_PAG7_761_Cephalophula_zebra__Zebra_duiker__HLcepZebr1A__GCA_054099735.1	HLbosTau10.ENSBTAT00000013786#PAG7#761#Cephalophula_zebra__Zebra_duiker__HLcepZebr1A__GCA_054099735.1	PAG7	Cephalophula_zebra__Zebra_duiker__HLcepZebr1A__GCA_054099735.1	2	2
HLbosTau10.NM_001109978_PAG7_177587_Cephalophula_zebra__Zebra_duiker__HLcepZebr1A__GCA_054099735.1	HLbosTau10.NM_001109978#PAG7#177587#Cephalophula_zebra__Zebra_duiker__HLcepZebr1A__GCA_054099735.1	PAG7	Cephalophula_zebra__Zebra_duiker__HLcepZebr1A__GCA_054099735.1	2	2
HLbosTau10.ENSBTAT00000025593_PAG5_5496_Cephalophula_zebra__Zebra_duiker__HLcepZebr1A__GCA_054099735.1	HLbosTau10.ENSBTAT00000025593#PAG5#5496#Cephalophula_zebra__Zebra_duiker__HLcepZebr1A__GCA_054099735.1	PAG5	Cephalophula_zebra__Zebra_duiker__HLcepZebr1A__GCA_054099735.1	2	2
HLbosTau10.ENSBTAT00000013786_PAG7_182_Cephalophula_zebra__Zebra_duiker__HLcepZebr1A__GCA_054099735.1	HLbosTau10.ENSBTAT00000013786#PAG7#182#Cephalophula_zebra__Zebra_duiker__HLcepZebr1A__GCA_054099735.1	PAG7	Cephalophula_zebra__Zebra_duiker__HLcepZebr1A__GCA_054099735.1	2	2
HLbosTau10.ENSBTAT00000013786_PAG7_4528_Cephalophula_zebra__Zebra_duiker__HLcepZebr1A__GCA_054099735.1	HLbosTau10.ENSBTAT00000013786#PAG7#4528#Cephalophula_zebra__Zebra_duiker__HLcepZebr1A__GCA_054099735.1	PAG7	Cephalophula_zebra__Zebra_duiker__HLcepZebr1A__GCA_054099735.1	2	2
mm10.ENSMUST00000025647_Pga5_15658_Cephalophula_zebra__Zebra_duiker__HLcepZebr1A__GCA_054099735.1	mm10.ENSMUST00000025647#Pga5#15658#Cephalophula_zebra__Zebra_duiker__HLcepZebr1A__GCA_054099735.1	Pga5	Cephalophula_zebra__Zebra_duiker__HLcepZebr1A__GCA_054099735.1	2	2
HLbosTau10.ENSBTAT00000017669_ENSBTAG00000035736_8312_Cephalophula_zebra__Zebra_duiker__HLcepZebr1A__GCA_054099735.1	HLbosTau10.ENSBTAT00000017669#ENSBTAG00000035736#8312#Cephalophula_zebra__Zebra_duiker__HLcepZebr1A__GCA_054099735.1	ENSBTAG00000035736	Cephalophula_zebra__Zebra_duiker__HLcepZebr1A__GCA_054099735.1	2	2
HLbosTau10.NM_176628_PAG19_3933_Cephalophula_zebra__Zebra_duiker__HLcepZebr1A__GCA_054099735.1	HLbosTau10.NM_176628#PAG19#3933#Cephalophula_zebra__Zebra_duiker__HLcepZebr1A__GCA_054099735.1	PAG19	Cephalophula_zebra__Zebra_duiker__HLcepZebr1A__GCA_054099735.1	2	2
HLbosTau10.NM_176628_PAG19_953_Cephalophula_zebra__Zebra_duiker__HLcepZebr1A__GCA_054099735.1	HLbosTau10.NM_176628#PAG19#953#Cephalophula_zebra__Zebra_duiker__HLcepZebr1A__GCA_054099735.1	PAG19	Cephalophula_zebra__Zebra_duiker__HLcepZebr1A__GCA_054099735.1	2	2
HLbosTau10.ENSBTAT00000064112_ENSBTAG00000054180_45368_Cephalophula_zebra__Zebra_duiker__HLcepZebr1A__GCA_054099735.1	HLbosTau10.ENSBTAT00000064112#ENSBTAG00000054180#45368#Cephalophula_zebra__Zebra_duiker__HLcepZebr1A__GCA_054099735.1	ENSBTAG00000054180	Cephalophula_zebra__Zebra_duiker__HLcepZebr1A__GCA_054099735.1	2	2
mm10.ENSMUST00000025647_Pga5_16269_Cephalophula_zebra__Zebra_duiker__HLcepZebr1A__GCA_054099735.1	mm10.ENSMUST00000025647#Pga5#16269#Cephalophula_zebra__Zebra_duiker__HLcepZebr1A__GCA_054099735.1	Pga5	Cephalophula_zebra__Zebra_duiker__HLcepZebr1A__GCA_054099735.1	2	2
HLbosTau10.NM_176619_PAG8_2084_Cephalophula_zebra__Zebra_duiker__HLcepZebr1A__GCA_054099735.1	HLbosTau10.NM_176619#PAG8#2084#Cephalophula_zebra__Zebra_duiker__HLcepZebr1A__GCA_054099735.1	PAG8	Cephalophula_zebra__Zebra_duiker__HLcepZebr1A__GCA_054099735.1	2	2
HLbosTau10.ENSBTAT00000013786_PAG7_39_Cephalophula_zebra__Zebra_duiker__HLcepZebr1A__GCA_054099735.1	HLbosTau10.ENSBTAT00000013786#PAG7#39#Cephalophula_zebra__Zebra_duiker__HLcepZebr1A__GCA_054099735.1	PAG7	Cephalophula_zebra__Zebra_duiker__HLcepZebr1A__GCA_054099735.1	2	2
HLbosTau10.ENSBTAT00000025593_PAG5_152582_Cephalophula_zebra__Zebra_duiker__HLcepZebr1A__GCA_054099735.1	HLbosTau10.ENSBTAT00000025593#PAG5#152582#Cephalophula_zebra__Zebra_duiker__HLcepZebr1A__GCA_054099735.1	PAG5	Cephalophula_zebra__Zebra_duiker__HLcepZebr1A__GCA_054099735.1	2	2
HLbosTau10.ENSBTAT00000013786_PAG7_7043_Cephalophula_zebra__Zebra_duiker__HLcepZebr1A__GCA_054099735.1	HLbosTau10.ENSBTAT00000013786#PAG7#7043#Cephalophula_zebra__Zebra_duiker__HLcepZebr1A__GCA_054099735.1	PAG7	Cephalophula_zebra__Zebra_duiker__HLcepZebr1A__GCA_054099735.1	2	2
HLbosTau10.ENSBTAT00000025597_PAG8_5016_Cephalophula_zebra__Zebra_duiker__HLcepZebr1A__GCA_054099735.1	HLbosTau10.ENSBTAT00000025597#PAG8#5016#Cephalophula_zebra__Zebra_duiker__HLcepZebr1A__GCA_054099735.1	PAG8	Cephalophula_zebra__Zebra_duiker__HLcepZebr1A__GCA_054099735.1	2	2
HLbosTau10.ENSBTAT00000009701_ENSBTAG00000038506_815_Cephalophula_zebra__Zebra_duiker__HLcepZebr1A__GCA_054099735.1	HLbosTau10.ENSBTAT00000009701#ENSBTAG00000038506#815#Cephalophula_zebra__Zebra_duiker__HLcepZebr1A__GCA_054099735.1	ENSBTAG00000038506	Cephalophula_zebra__Zebra_duiker__HLcepZebr1A__GCA_054099735.1	2	2
mm10.ENSMUST00000025647_Pga5_17149_Cephalophula_zebra__Zebra_duiker__HLcepZebr1A__GCA_054099735.1	mm10.ENSMUST00000025647#Pga5#17149#Cephalophula_zebra__Zebra_duiker__HLcepZebr1A__GCA_054099735.1	Pga5	Cephalophula_zebra__Zebra_duiker__HLcepZebr1A__GCA_054099735.1	2	2
HLbosTau10.ENSBTAT00000063428_ENSBTAG00000051196_1364_Cephalophula_zebra__Zebra_duiker__HLcepZebr1A__GCA_054099735.1	HLbosTau10.ENSBTAT00000063428#ENSBTAG00000051196#1364#Cephalophula_zebra__Zebra_duiker__HLcepZebr1A__GCA_054099735.1	ENSBTAG00000051196	Cephalophula_zebra__Zebra_duiker__HLcepZebr1A__GCA_054099735.1	2	2
HLbosTau10.NM_176625_PAG16_3481_Cephalophula_zebra__Zebra_duiker__HLcepZebr1A__GCA_054099735.1	HLbosTau10.NM_176625#PAG16#3481#Cephalophula_zebra__Zebra_duiker__HLcepZebr1A__GCA_054099735.1	PAG16	Cephalophula_zebra__Zebra_duiker__HLcepZebr1A__GCA_054099735.1	2	2
HLbosTau10.ENSBTAT00000013786_PAG7_4734_Cephalophula_zebra__Zebra_duiker__HLcepZebr1A__GCA_054099735.1	HLbosTau10.ENSBTAT00000013786#PAG7#4734#Cephalophula_zebra__Zebra_duiker__HLcepZebr1A__GCA_054099735.1	PAG7	Cephalophula_zebra__Zebra_duiker__HLcepZebr1A__GCA_054099735.1	2	2
mm10.ENSMUST00000025647_Pga5_13832_Cephalophula_zebra__Zebra_duiker__HLcepZebr1A__GCA_054099735.1	mm10.ENSMUST00000025647#Pga5#13832#Cephalophula_zebra__Zebra_duiker__HLcepZebr1A__GCA_054099735.1	Pga5	Cephalophula_zebra__Zebra_duiker__HLcepZebr1A__GCA_054099735.1	2	2
HLbosTau10.ENSBTAT00000063428_ENSBTAG00000051196_4331_Cephalophula_zebra__Zebra_duiker__HLcepZebr1A__GCA_054099735.1	HLbosTau10.ENSBTAT00000063428#ENSBTAG00000051196#4331#Cephalophula_zebra__Zebra_duiker__HLcepZebr1A__GCA_054099735.1	ENSBTAG00000051196	Cephalophula_zebra__Zebra_duiker__HLcepZebr1A__GCA_054099735.1	2	2
mm10.ENSMUST00000025647_Pga5_15056_Cephalophula_zebra__Zebra_duiker__HLcepZebr1A__GCA_054099735.1	mm10.ENSMUST00000025647#Pga5#15056#Cephalophula_zebra__Zebra_duiker__HLcepZebr1A__GCA_054099735.1	Pga5	Cephalophula_zebra__Zebra_duiker__HLcepZebr1A__GCA_054099735.1	2	2
HLbosTau10.ENSBTAT00000038954_PAG21_234623_Cephalophula_zebra__Zebra_duiker__HLcepZebr1A__GCA_054099735.1	HLbosTau10.ENSBTAT00000038954#PAG21#234623#Cephalophula_zebra__Zebra_duiker__HLcepZebr1A__GCA_054099735.1	PAG21	Cephalophula_zebra__Zebra_duiker__HLcepZebr1A__GCA_054099735.1	2	2
mm10.ENSMUST00000025647_Pga5_23329_Cephalophula_zebra__Zebra_duiker__HLcepZebr1A__GCA_054099735.1	mm10.ENSMUST00000025647#Pga5#23329#Cephalophula_zebra__Zebra_duiker__HLcepZebr1A__GCA_054099735.1	Pga5	Cephalophula_zebra__Zebra_duiker__HLcepZebr1A__GCA_054099735.1	2	2
HLbosTau10.ENSBTAT00000027020_ENSBTAG00000035736_291_Cephalophula_zebra__Zebra_duiker__HLcepZebr1A__GCA_054099735.1	HLbosTau10.ENSBTAT00000027020#ENSBTAG00000035736#291#Cephalophula_zebra__Zebra_duiker__HLcepZebr1A__GCA_054099735.1	ENSBTAG00000035736	Cephalophula_zebra__Zebra_duiker__HLcepZebr1A__GCA_054099735.1	2	2
mm10.ENSMUST00000025647_Pga5_16475_Cephalophula_zebra__Zebra_duiker__HLcepZebr1A__GCA_054099735.1	mm10.ENSMUST00000025647#Pga5#16475#Cephalophula_zebra__Zebra_duiker__HLcepZebr1A__GCA_054099735.1	Pga5	Cephalophula_zebra__Zebra_duiker__HLcepZebr1A__GCA_054099735.1	2	2
mm10.ENSMUST00000025647_Pga5_18147_Cephalophula_zebra__Zebra_duiker__HLcepZebr1A__GCA_054099735.1	mm10.ENSMUST00000025647#Pga5#18147#Cephalophula_zebra__Zebra_duiker__HLcepZebr1A__GCA_054099735.1	Pga5	Cephalophula_zebra__Zebra_duiker__HLcepZebr1A__GCA_054099735.1	2	2
HLbosTau10.ENSBTAT00000025593_PAG5_1463_Cephalophula_zebra__Zebra_duiker__HLcepZebr1A__GCA_054099735.1	HLbosTau10.ENSBTAT00000025593#PAG5#1463#Cephalophula_zebra__Zebra_duiker__HLcepZebr1A__GCA_054099735.1	PAG5	Cephalophula_zebra__Zebra_duiker__HLcepZebr1A__GCA_054099735.1	2	2
mm10.ENSMUST00000025647_Pga5_10590_Cephalophula_zebra__Zebra_duiker__HLcepZebr1A__GCA_054099735.1	mm10.ENSMUST00000025647#Pga5#10590#Cephalophula_zebra__Zebra_duiker__HLcepZebr1A__GCA_054099735.1	Pga5	Cephalophula_zebra__Zebra_duiker__HLcepZebr1A__GCA_054099735.1	2	2
mm10.ENSMUST00000025647_Pga5_15709_Cephalophula_zebra__Zebra_duiker__HLcepZebr1A__GCA_054099735.1	mm10.ENSMUST00000025647#Pga5#15709#Cephalophula_zebra__Zebra_duiker__HLcepZebr1A__GCA_054099735.1	Pga5	Cephalophula_zebra__Zebra_duiker__HLcepZebr1A__GCA_054099735.1	2	2
mm10.ENSMUST00000025647_Pga5_15233_Cephalophula_zebra__Zebra_duiker__HLcepZebr1A__GCA_054099735.1	mm10.ENSMUST00000025647#Pga5#15233#Cephalophula_zebra__Zebra_duiker__HLcepZebr1A__GCA_054099735.1	Pga5	Cephalophula_zebra__Zebra_duiker__HLcepZebr1A__GCA_054099735.1	2	2
mm10.ENSMUST00000025647_Pga5_119174_Cephalophula_zebra__Zebra_duiker__HLcepZebr1A__GCA_054099735.1	mm10.ENSMUST00000025647#Pga5#119174#Cephalophula_zebra__Zebra_duiker__HLcepZebr1A__GCA_054099735.1	Pga5	Cephalophula_zebra__Zebra_duiker__HLcepZebr1A__GCA_054099735.1	10	4
HLbosTau10.ENSBTAT00000005399_PAG11_24708_Cephalophula_zebra__Zebra_duiker__HLcepZebr1A__GCA_054099735.1	HLbosTau10.ENSBTAT00000005399#PAG11#24708#Cephalophula_zebra__Zebra_duiker__HLcepZebr1A__GCA_054099735.1	PAG11	Cephalophula_zebra__Zebra_duiker__HLcepZebr1A__GCA_054099735.1	10	4
HLbosTau10.ENSBTAT00000013786_PAG7_4897_Ceratotherium_simum_cottoni__northern_white_rhinoceros__HLcerSimCot2__GCA_021442165.1	HLbosTau10.ENSBTAT00000013786#PAG7#4897#Ceratotherium_simum_cottoni__northern_white_rhinoceros__HLcerSimCot2__GCA_021442165.1	PAG7	Ceratotherium_simum_cottoni__northern_white_rhinoceros__HLcerSimCot2__GCA_021442165.1	23	14
hg38.ENST00000312403.10_PGA5_4894_Ceratotherium_simum_cottoni__northern_white_rhinoceros__HLcerSimCot2__GCA_021442165.1	hg38.ENST00000312403.10#PGA5#4894#Ceratotherium_simum_cottoni__northern_white_rhinoceros__HLcerSimCot2__GCA_021442165.1	PGA5	Ceratotherium_simum_cottoni__northern_white_rhinoceros__HLcerSimCot2__GCA_021442165.1	55	38
hg38.ENST00000312403.10_PGA5_1018_Ceratotherium_simum_cottoni__northern_white_rhinoceros__HLcerSimCot2__GCA_021442165.1	hg38.ENST00000312403.10#PGA5#1018#Ceratotherium_simum_cottoni__northern_white_rhinoceros__HLcerSimCot2__GCA_021442165.1	PGA5	Ceratotherium_simum_cottoni__northern_white_rhinoceros__HLcerSimCot2__GCA_021442165.1	55	38
hg38.ENST00000312403.10_PGA5_4645_Ceratotherium_simum_cottoni__northern_white_rhinoceros__HLcerSimCot2__GCA_021442165.1	hg38.ENST00000312403.10#PGA5#4645#Ceratotherium_simum_cottoni__northern_white_rhinoceros__HLcerSimCot2__GCA_021442165.1	PGA5	Ceratotherium_simum_cottoni__northern_white_rhinoceros__HLcerSimCot2__GCA_021442165.1	55	38
hg38.ENST00000312403.10_PGA5_4790_Ceratotherium_simum_cottoni__northern_white_rhinoceros__HLcerSimCot2__GCA_021442165.1	hg38.ENST00000312403.10#PGA5#4790#Ceratotherium_simum_cottoni__northern_white_rhinoceros__HLcerSimCot2__GCA_021442165.1	PGA5	Ceratotherium_simum_cottoni__northern_white_rhinoceros__HLcerSimCot2__GCA_021442165.1	55	38
hg38.ENST00000312403.10_PGA5_38_Ceratotherium_simum_cottoni__northern_white_rhinoceros__HLcerSimCot2__GCA_021442165.1	hg38.ENST00000312403.10#PGA5#38#Ceratotherium_simum_cottoni__northern_white_rhinoceros__HLcerSimCot2__GCA_021442165.1	PGA5	Ceratotherium_simum_cottoni__northern_white_rhinoceros__HLcerSimCot2__GCA_021442165.1	55	38
hg38.ENST00000325558.11_PGA3_40949_Ceratotherium_simum_cottoni__northern_white_rhinoceros__HLcerSimCot2__GCA_021442165.1	hg38.ENST00000325558.11#PGA3#40949#Ceratotherium_simum_cottoni__northern_white_rhinoceros__HLcerSimCot2__GCA_021442165.1	PGA3	Ceratotherium_simum_cottoni__northern_white_rhinoceros__HLcerSimCot2__GCA_021442165.1	55	38
hg38.ENST00000312403.10_PGA5_3824_Ceratotherium_simum_cottoni__northern_white_rhinoceros__HLcerSimCot2__GCA_021442165.1	hg38.ENST00000312403.10#PGA5#3824#Ceratotherium_simum_cottoni__northern_white_rhinoceros__HLcerSimCot2__GCA_021442165.1	PGA5	Ceratotherium_simum_cottoni__northern_white_rhinoceros__HLcerSimCot2__GCA_021442165.1	55	38
HLbosTau10.ENSBTAT00000013786_PAG7_7046_Ceratotherium_simum_simum__Southern_white_rhinoceros__HLcerSimuSim3__GCA_023653735.1	HLbosTau10.ENSBTAT00000013786#PAG7#7046#Ceratotherium_simum_simum__Southern_white_rhinoceros__HLcerSimuSim3__GCA_023653735.1	PAG7	Ceratotherium_simum_simum__Southern_white_rhinoceros__HLcerSimuSim3__GCA_023653735.1	23	14
hg38.ENST00000312403.10_PGA5_7310_Ceratotherium_simum_simum__Southern_white_rhinoceros__HLcerSimuSim3__GCA_023653735.1	hg38.ENST00000312403.10#PGA5#7310#Ceratotherium_simum_simum__Southern_white_rhinoceros__HLcerSimuSim3__GCA_023653735.1	PGA5	Ceratotherium_simum_simum__Southern_white_rhinoceros__HLcerSimuSim3__GCA_023653735.1	55	38
hg38.ENST00000312403.10_PGA5_1539_Ceratotherium_simum_simum__Southern_white_rhinoceros__HLcerSimuSim3__GCA_023653735.1	hg38.ENST00000312403.10#PGA5#1539#Ceratotherium_simum_simum__Southern_white_rhinoceros__HLcerSimuSim3__GCA_023653735.1	PGA5	Ceratotherium_simum_simum__Southern_white_rhinoceros__HLcerSimuSim3__GCA_023653735.1	55	38
hg38.ENST00000312403.10_PGA5_6817_Ceratotherium_simum_simum__Southern_white_rhinoceros__HLcerSimuSim3__GCA_023653735.1	hg38.ENST00000312403.10#PGA5#6817#Ceratotherium_simum_simum__Southern_white_rhinoceros__HLcerSimuSim3__GCA_023653735.1	PGA5	Ceratotherium_simum_simum__Southern_white_rhinoceros__HLcerSimuSim3__GCA_023653735.1	55	38
hg38.ENST00000312403.10_PGA5_7120_Ceratotherium_simum_simum__Southern_white_rhinoceros__HLcerSimuSim3__GCA_023653735.1	hg38.ENST00000312403.10#PGA5#7120#Ceratotherium_simum_simum__Southern_white_rhinoceros__HLcerSimuSim3__GCA_023653735.1	PGA5	Ceratotherium_simum_simum__Southern_white_rhinoceros__HLcerSimuSim3__GCA_023653735.1	55	38
hg38.ENST00000312403.10_PGA5_2614_Ceratotherium_simum_simum__Southern_white_rhinoceros__HLcerSimuSim3__GCA_023653735.1	hg38.ENST00000312403.10#PGA5#2614#Ceratotherium_simum_simum__Southern_white_rhinoceros__HLcerSimuSim3__GCA_023653735.1	PGA5	Ceratotherium_simum_simum__Southern_white_rhinoceros__HLcerSimuSim3__GCA_023653735.1	55	38
hg38.ENST00000312403.10_PGA5_39_Ceratotherium_simum_simum__Southern_white_rhinoceros__HLcerSimuSim3__GCA_023653735.1	hg38.ENST00000312403.10#PGA5#39#Ceratotherium_simum_simum__Southern_white_rhinoceros__HLcerSimuSim3__GCA_023653735.1	PGA5	Ceratotherium_simum_simum__Southern_white_rhinoceros__HLcerSimuSim3__GCA_023653735.1	55	38
hg38.ENST00000312403.10_PGA5_5730_Ceratotherium_simum_simum__Southern_white_rhinoceros__HLcerSimuSim3__GCA_023653735.1	hg38.ENST00000312403.10#PGA5#5730#Ceratotherium_simum_simum__Southern_white_rhinoceros__HLcerSimuSim3__GCA_023653735.1	PGA5	Ceratotherium_simum_simum__Southern_white_rhinoceros__HLcerSimuSim3__GCA_023653735.1	55	38
HLbosTau10.NM_176630_PAG21_5064_Cervus_albirostris__White-lipped_deer__HLprzAlb2__GCA_046563475.1	HLbosTau10.NM_176630#PAG21#5064#Cervus_albirostris__White-lipped_deer__HLprzAlb2__GCA_046563475.1	PAG21	Cervus_albirostris__White-lipped_deer__HLprzAlb2__GCA_046563475.1	6	4
HLbosTau10.ENSBTAT00000005384_PAG10_31_Cervus_albirostris__White-lipped_deer__HLprzAlb2__GCA_046563475.1	HLbosTau10.ENSBTAT00000005384#PAG10#31#Cervus_albirostris__White-lipped_deer__HLprzAlb2__GCA_046563475.1	PAG10	Cervus_albirostris__White-lipped_deer__HLprzAlb2__GCA_046563475.1	10	4
HLbosTau10.ENSBTAT00000025517_PAG2_31_Cervus_albirostris__White-lipped_deer__HLprzAlb2__GCA_046563475.1	HLbosTau10.ENSBTAT00000025517#PAG2#31#Cervus_albirostris__White-lipped_deer__HLprzAlb2__GCA_046563475.1	PAG2	Cervus_albirostris__White-lipped_deer__HLprzAlb2__GCA_046563475.1	2	2
HLbosTau10.ENSBTAT00000025567_PAG12_31_Cervus_albirostris__White-lipped_deer__HLprzAlb2__GCA_046563475.1	HLbosTau10.ENSBTAT00000025567#PAG12#31#Cervus_albirostris__White-lipped_deer__HLprzAlb2__GCA_046563475.1	PAG12	Cervus_albirostris__White-lipped_deer__HLprzAlb2__GCA_046563475.1	2	2
HLbosTau10.ENSBTAT00000030188_ENSBTAG00000024611_31_Cervus_albirostris__White-lipped_deer__HLprzAlb2__GCA_046563475.1	HLbosTau10.ENSBTAT00000030188#ENSBTAG00000024611#31#Cervus_albirostris__White-lipped_deer__HLprzAlb2__GCA_046563475.1	ENSBTAG00000024611	Cervus_albirostris__White-lipped_deer__HLprzAlb2__GCA_046563475.1	2	2
HLbosTau10.ENSBTAT00000018996_ENSBTAG00000040257_200992_Cervus_albirostris__White-lipped_deer__HLprzAlb2__GCA_046563475.1	HLbosTau10.ENSBTAT00000018996#ENSBTAG00000040257#200992#Cervus_albirostris__White-lipped_deer__HLprzAlb2__GCA_046563475.1	ENSBTAG00000040257	Cervus_albirostris__White-lipped_deer__HLprzAlb2__GCA_046563475.1	2	2
HLbosTau10.ENSBTAT00000030188_ENSBTAG00000024611_748_Cervus_albirostris__White-lipped_deer__HLprzAlb2__GCA_046563475.1	HLbosTau10.ENSBTAT00000030188#ENSBTAG00000024611#748#Cervus_albirostris__White-lipped_deer__HLprzAlb2__GCA_046563475.1	ENSBTAG00000024611	Cervus_albirostris__White-lipped_deer__HLprzAlb2__GCA_046563475.1	2	2
HLbosTau10.ENSBTAT00000025517_PAG2_13597_Cervus_albirostris__White-lipped_deer__HLprzAlb2__GCA_046563475.1	HLbosTau10.ENSBTAT00000025517#PAG2#13597#Cervus_albirostris__White-lipped_deer__HLprzAlb2__GCA_046563475.1	PAG2	Cervus_albirostris__White-lipped_deer__HLprzAlb2__GCA_046563475.1	2	2
HLbosTau10.ENSBTAT00000025567_PAG12_39091_Cervus_albirostris__White-lipped_deer__HLprzAlb2__GCA_046563475.1	HLbosTau10.ENSBTAT00000025567#PAG12#39091#Cervus_albirostris__White-lipped_deer__HLprzAlb2__GCA_046563475.1	PAG12	Cervus_albirostris__White-lipped_deer__HLprzAlb2__GCA_046563475.1	2	2
HLbosTau10.ENSBTAT00000013786_PAG7_31_Cervus_albirostris__White-lipped_deer__HLprzAlb2__GCA_046563475.1	HLbosTau10.ENSBTAT00000013786#PAG7#31#Cervus_albirostris__White-lipped_deer__HLprzAlb2__GCA_046563475.1	PAG7	Cervus_albirostris__White-lipped_deer__HLprzAlb2__GCA_046563475.1	2	2
HLbosTau10.ENSBTAT00000013786_PAG7_60_Cervus_albirostris__White-lipped_deer__HLprzAlb2__GCA_046563475.1	HLbosTau10.ENSBTAT00000013786#PAG7#60#Cervus_albirostris__White-lipped_deer__HLprzAlb2__GCA_046563475.1	PAG7	Cervus_albirostris__White-lipped_deer__HLprzAlb2__GCA_046563475.1	2	2
HLbosTau10.ENSBTAT00000013786_PAG7_950_Cervus_albirostris__White-lipped_deer__HLprzAlb2__GCA_046563475.1	HLbosTau10.ENSBTAT00000013786#PAG7#950#Cervus_albirostris__White-lipped_deer__HLprzAlb2__GCA_046563475.1	PAG7	Cervus_albirostris__White-lipped_deer__HLprzAlb2__GCA_046563475.1	2	2
HLbosTau10.ENSBTAT00000064112_ENSBTAG00000054180_158_Cervus_albirostris__White-lipped_deer__HLprzAlb2__GCA_046563475.1	HLbosTau10.ENSBTAT00000064112#ENSBTAG00000054180#158#Cervus_albirostris__White-lipped_deer__HLprzAlb2__GCA_046563475.1	ENSBTAG00000054180	Cervus_albirostris__White-lipped_deer__HLprzAlb2__GCA_046563475.1	2	2
HLbosTau10.ENSBTAT00000013786_PAG7_88_Cervus_albirostris__White-lipped_deer__HLprzAlb2__GCA_046563475.1	HLbosTau10.ENSBTAT00000013786#PAG7#88#Cervus_albirostris__White-lipped_deer__HLprzAlb2__GCA_046563475.1	PAG7	Cervus_albirostris__White-lipped_deer__HLprzAlb2__GCA_046563475.1	2	2
HLbosTau10.ENSBTAT00000030243_PAG3_9350_Cervus_albirostris__White-lipped_deer__HLprzAlb2__GCA_046563475.1	HLbosTau10.ENSBTAT00000030243#PAG3#9350#Cervus_albirostris__White-lipped_deer__HLprzAlb2__GCA_046563475.1	PAG3	Cervus_albirostris__White-lipped_deer__HLprzAlb2__GCA_046563475.1	2	2
HLbosTau10.ENSBTAT00000063428_ENSBTAG00000051196_104_Cervus_albirostris__White-lipped_deer__HLprzAlb2__GCA_046563475.1	HLbosTau10.ENSBTAT00000063428#ENSBTAG00000051196#104#Cervus_albirostris__White-lipped_deer__HLprzAlb2__GCA_046563475.1	ENSBTAG00000051196	Cervus_albirostris__White-lipped_deer__HLprzAlb2__GCA_046563475.1	2	2
HLbosTau10.ENSBTAT00000025567_PAG12_12421_Cervus_albirostris__White-lipped_deer__HLprzAlb2__GCA_046563475.1	HLbosTau10.ENSBTAT00000025567#PAG12#12421#Cervus_albirostris__White-lipped_deer__HLprzAlb2__GCA_046563475.1	PAG12	Cervus_albirostris__White-lipped_deer__HLprzAlb2__GCA_046563475.1	2	2
HLbosTau10.ENSBTAT00000063428_ENSBTAG00000051196_22835_Cervus_albirostris__White-lipped_deer__HLprzAlb2__GCA_046563475.1	HLbosTau10.ENSBTAT00000063428#ENSBTAG00000051196#22835#Cervus_albirostris__White-lipped_deer__HLprzAlb2__GCA_046563475.1	ENSBTAG00000051196	Cervus_albirostris__White-lipped_deer__HLprzAlb2__GCA_046563475.1	2	2
HLbosTau10.ENSBTAT00000013786_PAG7_86_Cervus_albirostris__White-lipped_deer__HLprzAlb2__GCA_046563475.1	HLbosTau10.ENSBTAT00000013786#PAG7#86#Cervus_albirostris__White-lipped_deer__HLprzAlb2__GCA_046563475.1	PAG7	Cervus_albirostris__White-lipped_deer__HLprzAlb2__GCA_046563475.1	2	2
HLbosTau10.ENSBTAT00000017669_ENSBTAG00000035736_76_Cervus_albirostris__White-lipped_deer__HLprzAlb2__GCA_046563475.1	HLbosTau10.ENSBTAT00000017669#ENSBTAG00000035736#76#Cervus_albirostris__White-lipped_deer__HLprzAlb2__GCA_046563475.1	ENSBTAG00000035736	Cervus_albirostris__White-lipped_deer__HLprzAlb2__GCA_046563475.1	2	2
HLbosTau10.ENSBTAT00000013786_PAG7_460010_Cervus_albirostris__White-lipped_deer__HLprzAlb2__GCA_046563475.1	HLbosTau10.ENSBTAT00000013786#PAG7#460010#Cervus_albirostris__White-lipped_deer__HLprzAlb2__GCA_046563475.1	PAG7	Cervus_albirostris__White-lipped_deer__HLprzAlb2__GCA_046563475.1	2	2
HLbosTau10.ENSBTAT00000030243_PAG3_69469_Cervus_albirostris__White-lipped_deer__HLprzAlb2__GCA_046563475.1	HLbosTau10.ENSBTAT00000030243#PAG3#69469#Cervus_albirostris__White-lipped_deer__HLprzAlb2__GCA_046563475.1	PAG3	Cervus_albirostris__White-lipped_deer__HLprzAlb2__GCA_046563475.1	2	2
HLbosTau10.ENSBTAT00000013786_PAG7_66809_Cervus_albirostris__White-lipped_deer__HLprzAlb2__GCA_046563475.1	HLbosTau10.ENSBTAT00000013786#PAG7#66809#Cervus_albirostris__White-lipped_deer__HLprzAlb2__GCA_046563475.1	PAG7	Cervus_albirostris__White-lipped_deer__HLprzAlb2__GCA_046563475.1	2	2
HLbosTau10.NM_174411_ENSBTAG00000054180_143_Cervus_albirostris__White-lipped_deer__HLprzAlb2__GCA_046563475.1	HLbosTau10.NM_174411#ENSBTAG00000054180#143#Cervus_albirostris__White-lipped_deer__HLprzAlb2__GCA_046563475.1	ENSBTAG00000054180	Cervus_albirostris__White-lipped_deer__HLprzAlb2__GCA_046563475.1	2	2
HLbosTau10.ENSBTAT00000025567_PAG12_62546_Cervus_albirostris__White-lipped_deer__HLprzAlb2__GCA_046563475.1	HLbosTau10.ENSBTAT00000025567#PAG12#62546#Cervus_albirostris__White-lipped_deer__HLprzAlb2__GCA_046563475.1	PAG12	Cervus_albirostris__White-lipped_deer__HLprzAlb2__GCA_046563475.1	2	2
HLbosTau10.ENSBTAT00000030243_PAG3_31627_Cervus_albirostris__White-lipped_deer__HLprzAlb2__GCA_046563475.1	HLbosTau10.ENSBTAT00000030243#PAG3#31627#Cervus_albirostris__White-lipped_deer__HLprzAlb2__GCA_046563475.1	PAG3	Cervus_albirostris__White-lipped_deer__HLprzAlb2__GCA_046563475.1	2	2
HLbosTau10.NM_176630_PAG21_571_Cervus_albirostris__White-lipped_deer__HLprzAlb2__GCA_046563475.1	HLbosTau10.NM_176630#PAG21#571#Cervus_albirostris__White-lipped_deer__HLprzAlb2__GCA_046563475.1	PAG21	Cervus_albirostris__White-lipped_deer__HLprzAlb2__GCA_046563475.1	2	2
HLbosTau10.ENSBTAT00000038878_PAG6_76_Cervus_albirostris__White-lipped_deer__HLprzAlb2__GCA_046563475.1	HLbosTau10.ENSBTAT00000038878#PAG6#76#Cervus_albirostris__White-lipped_deer__HLprzAlb2__GCA_046563475.1	PAG6	Cervus_albirostris__White-lipped_deer__HLprzAlb2__GCA_046563475.1	2	2
HLbosTau10.ENSBTAT00000025567_PAG12_15325_Cervus_albirostris__White-lipped_deer__HLprzAlb2__GCA_046563475.1	HLbosTau10.ENSBTAT00000025567#PAG12#15325#Cervus_albirostris__White-lipped_deer__HLprzAlb2__GCA_046563475.1	PAG12	Cervus_albirostris__White-lipped_deer__HLprzAlb2__GCA_046563475.1	2	2
HLbosTau10.ENSBTAT00000013786_PAG7_204_Cervus_albirostris__White-lipped_deer__HLprzAlb2__GCA_046563475.1	HLbosTau10.ENSBTAT00000013786#PAG7#204#Cervus_albirostris__White-lipped_deer__HLprzAlb2__GCA_046563475.1	PAG7	Cervus_albirostris__White-lipped_deer__HLprzAlb2__GCA_046563475.1	2	2
HLbosTau10.ENSBTAT00000013786_PAG7_5153_Cervus_albirostris__White-lipped_deer__HLprzAlb2__GCA_046563475.1	HLbosTau10.ENSBTAT00000013786#PAG7#5153#Cervus_albirostris__White-lipped_deer__HLprzAlb2__GCA_046563475.1	PAG7	Cervus_albirostris__White-lipped_deer__HLprzAlb2__GCA_046563475.1	2	2
HLbosTau10.ENSBTAT00000013786_PAG7_258_Cervus_albirostris__White-lipped_deer__HLprzAlb2__GCA_046563475.1	HLbosTau10.ENSBTAT00000013786#PAG7#258#Cervus_albirostris__White-lipped_deer__HLprzAlb2__GCA_046563475.1	PAG7	Cervus_albirostris__White-lipped_deer__HLprzAlb2__GCA_046563475.1	2	2
HLbosTau10.ENSBTAT00000025517_PAG2_748_Cervus_albirostris__White-lipped_deer__HLprzAlb2__GCA_046563475.1	HLbosTau10.ENSBTAT00000025517#PAG2#748#Cervus_albirostris__White-lipped_deer__HLprzAlb2__GCA_046563475.1	PAG2	Cervus_albirostris__White-lipped_deer__HLprzAlb2__GCA_046563475.1	2	2
HLbosTau10.ENSBTAT00000063428_ENSBTAG00000051196_65_Cervus_albirostris__White-lipped_deer__HLprzAlb2__GCA_046563475.1	HLbosTau10.ENSBTAT00000063428#ENSBTAG00000051196#65#Cervus_albirostris__White-lipped_deer__HLprzAlb2__GCA_046563475.1	ENSBTAG00000051196	Cervus_albirostris__White-lipped_deer__HLprzAlb2__GCA_046563475.1	2	2
HLbosTau10.ENSBTAT00000063428_ENSBTAG00000051196_1349_Cervus_albirostris__White-lipped_deer__HLprzAlb2__GCA_046563475.1	HLbosTau10.ENSBTAT00000063428#ENSBTAG00000051196#1349#Cervus_albirostris__White-lipped_deer__HLprzAlb2__GCA_046563475.1	ENSBTAG00000051196	Cervus_albirostris__White-lipped_deer__HLprzAlb2__GCA_046563475.1	2	2
HLbosTau10.ENSBTAT00000013786_PAG7_3524_Cervus_albirostris__White-lipped_deer__HLprzAlb2__GCA_046563475.1	HLbosTau10.ENSBTAT00000013786#PAG7#3524#Cervus_albirostris__White-lipped_deer__HLprzAlb2__GCA_046563475.1	PAG7	Cervus_albirostris__White-lipped_deer__HLprzAlb2__GCA_046563475.1	2	2
HLbosTau10.ENSBTAT00000007507_ENSBTAG00000046038_487_Cervus_albirostris__White-lipped_deer__HLprzAlb2__GCA_046563475.1	HLbosTau10.ENSBTAT00000007507#ENSBTAG00000046038#487#Cervus_albirostris__White-lipped_deer__HLprzAlb2__GCA_046563475.1	ENSBTAG00000046038	Cervus_albirostris__White-lipped_deer__HLprzAlb2__GCA_046563475.1	2	2
HLbosTau10.ENSBTAT00000005399_PAG11_31_Cervus_albirostris__White-lipped_deer__HLprzAlb2__GCA_046563475.1	HLbosTau10.ENSBTAT00000005399#PAG11#31#Cervus_albirostris__White-lipped_deer__HLprzAlb2__GCA_046563475.1	PAG11	Cervus_albirostris__White-lipped_deer__HLprzAlb2__GCA_046563475.1	7	4
HLbosTau10.ENSBTAT00000030466_PAG18_511_Cervus_albirostris__White-lipped_deer__HLprzAlb2__GCA_046563475.1	HLbosTau10.ENSBTAT00000030466#PAG18#511#Cervus_albirostris__White-lipped_deer__HLprzAlb2__GCA_046563475.1	PAG18	Cervus_albirostris__White-lipped_deer__HLprzAlb2__GCA_046563475.1	8	4
HLbosTau10.ENSBTAT00000018996_ENSBTAG00000040257_31_Cervus_albirostris__White-lipped_deer__HLprzAlb2__GCA_046563475.1	HLbosTau10.ENSBTAT00000018996#ENSBTAG00000040257#31#Cervus_albirostris__White-lipped_deer__HLprzAlb2__GCA_046563475.1	ENSBTAG00000040257	Cervus_albirostris__White-lipped_deer__HLprzAlb2__GCA_046563475.1	5	4
HLbosTau10.XM_002707800_ENSBTAG00000051501_31_Cervus_albirostris__White-lipped_deer__HLprzAlb2__GCA_046563475.1	HLbosTau10.XM_002707800#ENSBTAG00000051501#31#Cervus_albirostris__White-lipped_deer__HLprzAlb2__GCA_046563475.1	ENSBTAG00000051501	Cervus_albirostris__White-lipped_deer__HLprzAlb2__GCA_046563475.1	5	4
HLbosTau10.ENSBTAT00000017585_ENSBTAG00000013214_78563_Cervus_albirostris__White-lipped_deer__HLprzAlb2__GCA_046563475.1	HLbosTau10.ENSBTAT00000017585#ENSBTAG00000013214#78563#Cervus_albirostris__White-lipped_deer__HLprzAlb2__GCA_046563475.1	ENSBTAG00000013214	Cervus_albirostris__White-lipped_deer__HLprzAlb2__GCA_046563475.1	5	4
HLbosTau10.ENSBTAT00000005399_PAG11_5057_Cervus_albirostris__White-lipped_deer__HLprzAlb2__GCA_046563475.1	HLbosTau10.ENSBTAT00000005399#PAG11#5057#Cervus_albirostris__White-lipped_deer__HLprzAlb2__GCA_046563475.1	PAG11	Cervus_albirostris__White-lipped_deer__HLprzAlb2__GCA_046563475.1	5	4
hg38.ENST00000312403.10_PGA5_5830_Cervus_albirostris__White-lipped_deer__HLprzAlb2__GCA_046563475.1	hg38.ENST00000312403.10#PGA5#5830#Cervus_albirostris__White-lipped_deer__HLprzAlb2__GCA_046563475.1	PGA5	Cervus_albirostris__White-lipped_deer__HLprzAlb2__GCA_046563475.1	56	38
hg38.ENST00000312403.10_PGA5_5294_Cervus_elaphus__red_deer__HLcerEla2__GCF_910594005.1	hg38.ENST00000312403.10#PGA5#5294#Cervus_elaphus__red_deer__HLcerEla2__GCF_910594005.1	PGA5	Cervus_elaphus__red_deer__HLcerEla2__GCF_910594005.1	56	38
HLbosTau10.ENSBTAT00000005399_PAG11_2899_Cervus_elaphus__red_deer__HLcerEla2__GCF_910594005.1	HLbosTau10.ENSBTAT00000005399#PAG11#2899#Cervus_elaphus__red_deer__HLcerEla2__GCF_910594005.1	PAG11	Cervus_elaphus__red_deer__HLcerEla2__GCF_910594005.1	5	4
HLbosTau10.ENSBTAT00000005399_PAG11_4077_Cervus_elaphus__red_deer__HLcerEla2__GCF_910594005.1	HLbosTau10.ENSBTAT00000005399#PAG11#4077#Cervus_elaphus__red_deer__HLcerEla2__GCF_910594005.1	PAG11	Cervus_elaphus__red_deer__HLcerEla2__GCF_910594005.1	5	4
HLbosTau10.ENSBTAT00000005399_PAG11_413_Cervus_elaphus__red_deer__HLcerEla2__GCF_910594005.1	HLbosTau10.ENSBTAT00000005399#PAG11#413#Cervus_elaphus__red_deer__HLcerEla2__GCF_910594005.1	PAG11	Cervus_elaphus__red_deer__HLcerEla2__GCF_910594005.1	8	4
HLbosTau10.ENSBTAT00000005399_PAG11_44605_Cervus_elaphus__red_deer__HLcerEla2__GCF_910594005.1	HLbosTau10.ENSBTAT00000005399#PAG11#44605#Cervus_elaphus__red_deer__HLcerEla2__GCF_910594005.1	PAG11	Cervus_elaphus__red_deer__HLcerEla2__GCF_910594005.1	5	4
HLbosTau10.ENSBTAT00000017585_ENSBTAG00000013214_776982_Cervus_elaphus__red_deer__HLcerEla2__GCF_910594005.1	HLbosTau10.ENSBTAT00000017585#ENSBTAG00000013214#776982#Cervus_elaphus__red_deer__HLcerEla2__GCF_910594005.1	ENSBTAG00000013214	Cervus_elaphus__red_deer__HLcerEla2__GCF_910594005.1	8	4
HLbosTau10.ENSBTAT00000063428_ENSBTAG00000051196_72077_Cervus_elaphus__red_deer__HLcerEla2__GCF_910594005.1	HLbosTau10.ENSBTAT00000063428#ENSBTAG00000051196#72077#Cervus_elaphus__red_deer__HLcerEla2__GCF_910594005.1	ENSBTAG00000051196	Cervus_elaphus__red_deer__HLcerEla2__GCF_910594005.1	5	4
mm10.ENSMUST00000025647_Pga5_58392_Cervus_elaphus__red_deer__HLcerEla2__GCF_910594005.1	mm10.ENSMUST00000025647#Pga5#58392#Cervus_elaphus__red_deer__HLcerEla2__GCF_910594005.1	Pga5	Cervus_elaphus__red_deer__HLcerEla2__GCF_910594005.1	9	4
HLbosTau10.ENSBTAT00000025597_PAG8_6737_Cervus_elaphus__red_deer__HLcerEla2__GCF_910594005.1	HLbosTau10.ENSBTAT00000025597#PAG8#6737#Cervus_elaphus__red_deer__HLcerEla2__GCF_910594005.1	PAG8	Cervus_elaphus__red_deer__HLcerEla2__GCF_910594005.1	7	4
mm10.ENSMUST00000025647_Pga5_5306_Cervus_elaphus__red_deer__HLcerEla2__GCF_910594005.1	mm10.ENSMUST00000025647#Pga5#5306#Cervus_elaphus__red_deer__HLcerEla2__GCF_910594005.1	Pga5	Cervus_elaphus__red_deer__HLcerEla2__GCF_910594005.1	7	4
HLbosTau10.ENSBTAT00000025593_PAG5_392256_Cervus_elaphus__red_deer__HLcerEla2__GCF_910594005.1	HLbosTau10.ENSBTAT00000025593#PAG5#392256#Cervus_elaphus__red_deer__HLcerEla2__GCF_910594005.1	PAG5	Cervus_elaphus__red_deer__HLcerEla2__GCF_910594005.1	2	2
HLbosTau10.ENSBTAT00000005384_PAG10_6322_Cervus_elaphus__red_deer__HLcerEla2__GCF_910594005.1	HLbosTau10.ENSBTAT00000005384#PAG10#6322#Cervus_elaphus__red_deer__HLcerEla2__GCF_910594005.1	PAG10	Cervus_elaphus__red_deer__HLcerEla2__GCF_910594005.1	2	2
HLbosTau10.NM_176619_PAG8_413_Cervus_elaphus__red_deer__HLcerEla2__GCF_910594005.1	HLbosTau10.NM_176619#PAG8#413#Cervus_elaphus__red_deer__HLcerEla2__GCF_910594005.1	PAG8	Cervus_elaphus__red_deer__HLcerEla2__GCF_910594005.1	2	2
HLbosTau10.ENSBTAT00000025517_PAG2_193_Cervus_elaphus__red_deer__HLcerEla2__GCF_910594005.1	HLbosTau10.ENSBTAT00000025517#PAG2#193#Cervus_elaphus__red_deer__HLcerEla2__GCF_910594005.1	PAG2	Cervus_elaphus__red_deer__HLcerEla2__GCF_910594005.1	2	2
HLbosTau10.ENSBTAT00000005384_PAG10_139525_Cervus_elaphus__red_deer__HLcerEla2__GCF_910594005.1	HLbosTau10.ENSBTAT00000005384#PAG10#139525#Cervus_elaphus__red_deer__HLcerEla2__GCF_910594005.1	PAG10	Cervus_elaphus__red_deer__HLcerEla2__GCF_910594005.1	2	2
mm10.ENSMUST00000025647_Pga5_12015_Cervus_elaphus__red_deer__HLcerEla2__GCF_910594005.1	mm10.ENSMUST00000025647#Pga5#12015#Cervus_elaphus__red_deer__HLcerEla2__GCF_910594005.1	Pga5	Cervus_elaphus__red_deer__HLcerEla2__GCF_910594005.1	2	2
mm10.ENSMUST00000025647_Pga5_12959_Cervus_elaphus__red_deer__HLcerEla2__GCF_910594005.1	mm10.ENSMUST00000025647#Pga5#12959#Cervus_elaphus__red_deer__HLcerEla2__GCF_910594005.1	Pga5	Cervus_elaphus__red_deer__HLcerEla2__GCF_910594005.1	2	2
HLbosTau10.NM_176628_PAG19_71_Cervus_elaphus__red_deer__HLcerEla2__GCF_910594005.1	HLbosTau10.NM_176628#PAG19#71#Cervus_elaphus__red_deer__HLcerEla2__GCF_910594005.1	PAG19	Cervus_elaphus__red_deer__HLcerEla2__GCF_910594005.1	2	2
mm10.ENSMUST00000025647_Pga5_13063_Cervus_elaphus__red_deer__HLcerEla2__GCF_910594005.1	mm10.ENSMUST00000025647#Pga5#13063#Cervus_elaphus__red_deer__HLcerEla2__GCF_910594005.1	Pga5	Cervus_elaphus__red_deer__HLcerEla2__GCF_910594005.1	2	2
HLbosTau10.ENSBTAT00000005384_PAG10_79661_Cervus_elaphus__red_deer__HLcerEla2__GCF_910594005.1	HLbosTau10.ENSBTAT00000005384#PAG10#79661#Cervus_elaphus__red_deer__HLcerEla2__GCF_910594005.1	PAG10	Cervus_elaphus__red_deer__HLcerEla2__GCF_910594005.1	2	2
HLbosTau10.ENSBTAT00000063428_ENSBTAG00000051196_120_Cervus_elaphus__red_deer__HLcerEla2__GCF_910594005.1	HLbosTau10.ENSBTAT00000063428#ENSBTAG00000051196#120#Cervus_elaphus__red_deer__HLcerEla2__GCF_910594005.1	ENSBTAG00000051196	Cervus_elaphus__red_deer__HLcerEla2__GCF_910594005.1	2	2
HLbosTau10.XM_024987413_ENSBTAG00000046686_281761_Cervus_elaphus__red_deer__HLcerEla2__GCF_910594005.1	HLbosTau10.XM_024987413#ENSBTAG00000046686#281761#Cervus_elaphus__red_deer__HLcerEla2__GCF_910594005.1	ENSBTAG00000046686	Cervus_elaphus__red_deer__HLcerEla2__GCF_910594005.1	2	2
HLbosTau10.ENSBTAT00000013786_PAG7_319982_Cervus_elaphus__red_deer__HLcerEla2__GCF_910594005.1	HLbosTau10.ENSBTAT00000013786#PAG7#319982#Cervus_elaphus__red_deer__HLcerEla2__GCF_910594005.1	PAG7	Cervus_elaphus__red_deer__HLcerEla2__GCF_910594005.1	2	2
HLbosTau10.ENSBTAT00000013786_PAG7_107_Cervus_elaphus__red_deer__HLcerEla2__GCF_910594005.1	HLbosTau10.ENSBTAT00000013786#PAG7#107#Cervus_elaphus__red_deer__HLcerEla2__GCF_910594005.1	PAG7	Cervus_elaphus__red_deer__HLcerEla2__GCF_910594005.1	2	2
HLbosTau10.ENSBTAT00000030466_PAG18_47031_Cervus_elaphus__red_deer__HLcerEla2__GCF_910594005.1	HLbosTau10.ENSBTAT00000030466#PAG18#47031#Cervus_elaphus__red_deer__HLcerEla2__GCF_910594005.1	PAG18	Cervus_elaphus__red_deer__HLcerEla2__GCF_910594005.1	2	2
HLbosTau10.ENSBTAT00000013786_PAG7_247248_Cervus_elaphus__red_deer__HLcerEla2__GCF_910594005.1	HLbosTau10.ENSBTAT00000013786#PAG7#247248#Cervus_elaphus__red_deer__HLcerEla2__GCF_910594005.1	PAG7	Cervus_elaphus__red_deer__HLcerEla2__GCF_910594005.1	2	2
HLbosTau10.ENSBTAT00000017669_ENSBTAG00000035736_202_Cervus_elaphus__red_deer__HLcerEla2__GCF_910594005.1	HLbosTau10.ENSBTAT00000017669#ENSBTAG00000035736#202#Cervus_elaphus__red_deer__HLcerEla2__GCF_910594005.1	ENSBTAG00000035736	Cervus_elaphus__red_deer__HLcerEla2__GCF_910594005.1	2	2
HLbosTau10.ENSBTAT00000013786_PAG7_80_Cervus_elaphus__red_deer__HLcerEla2__GCF_910594005.1	HLbosTau10.ENSBTAT00000013786#PAG7#80#Cervus_elaphus__red_deer__HLcerEla2__GCF_910594005.1	PAG7	Cervus_elaphus__red_deer__HLcerEla2__GCF_910594005.1	2	2
HLbosTau10.ENSBTAT00000017669_ENSBTAG00000035736_13768_Cervus_elaphus__red_deer__HLcerEla2__GCF_910594005.1	HLbosTau10.ENSBTAT00000017669#ENSBTAG00000035736#13768#Cervus_elaphus__red_deer__HLcerEla2__GCF_910594005.1	ENSBTAG00000035736	Cervus_elaphus__red_deer__HLcerEla2__GCF_910594005.1	2	2
HLbosTau10.NM_176625_PAG16_322062_Cervus_elaphus__red_deer__HLcerEla2__GCF_910594005.1	HLbosTau10.NM_176625#PAG16#322062#Cervus_elaphus__red_deer__HLcerEla2__GCF_910594005.1	PAG16	Cervus_elaphus__red_deer__HLcerEla2__GCF_910594005.1	2	2
HLbosTau10.ENSBTAT00000013786_PAG7_20332_Cervus_elaphus__red_deer__HLcerEla2__GCF_910594005.1	HLbosTau10.ENSBTAT00000013786#PAG7#20332#Cervus_elaphus__red_deer__HLcerEla2__GCF_910594005.1	PAG7	Cervus_elaphus__red_deer__HLcerEla2__GCF_910594005.1	2	2
mm10.ENSMUST00000025647_Pga5_13835_Cervus_elaphus__red_deer__HLcerEla2__GCF_910594005.1	mm10.ENSMUST00000025647#Pga5#13835#Cervus_elaphus__red_deer__HLcerEla2__GCF_910594005.1	Pga5	Cervus_elaphus__red_deer__HLcerEla2__GCF_910594005.1	2	2
HLbosTau10.XM_002707800_ENSBTAG00000051501_4905_Cervus_elaphus__red_deer__HLcerEla2__GCF_910594005.1	HLbosTau10.XM_002707800#ENSBTAG00000051501#4905#Cervus_elaphus__red_deer__HLcerEla2__GCF_910594005.1	ENSBTAG00000051501	Cervus_elaphus__red_deer__HLcerEla2__GCF_910594005.1	2	2
HLbosTau10.NM_176630_PAG21_4478_Cervus_elaphus__red_deer__HLcerEla2__GCF_910594005.1	HLbosTau10.NM_176630#PAG21#4478#Cervus_elaphus__red_deer__HLcerEla2__GCF_910594005.1	PAG21	Cervus_elaphus__red_deer__HLcerEla2__GCF_910594005.1	2	2
HLbosTau10.ENSBTAT00000013786_PAG7_53_Cervus_elaphus__red_deer__HLcerEla2__GCF_910594005.1	HLbosTau10.ENSBTAT00000013786#PAG7#53#Cervus_elaphus__red_deer__HLcerEla2__GCF_910594005.1	PAG7	Cervus_elaphus__red_deer__HLcerEla2__GCF_910594005.1	2	2
mm10.ENSMUST00000025647_Pga5_19446_Cervus_elaphus__red_deer__HLcerEla2__GCF_910594005.1	mm10.ENSMUST00000025647#Pga5#19446#Cervus_elaphus__red_deer__HLcerEla2__GCF_910594005.1	Pga5	Cervus_elaphus__red_deer__HLcerEla2__GCF_910594005.1	2	2
HLbosTau10.ENSBTAT00000013786_PAG7_63_Cervus_elaphus__red_deer__HLcerEla2__GCF_910594005.1	HLbosTau10.ENSBTAT00000013786#PAG7#63#Cervus_elaphus__red_deer__HLcerEla2__GCF_910594005.1	PAG7	Cervus_elaphus__red_deer__HLcerEla2__GCF_910594005.1	2	2
HLbosTau10.ENSBTAT00000005384_PAG10_1346_Cervus_elaphus__red_deer__HLcerEla2__GCF_910594005.1	HLbosTau10.ENSBTAT00000005384#PAG10#1346#Cervus_elaphus__red_deer__HLcerEla2__GCF_910594005.1	PAG10	Cervus_elaphus__red_deer__HLcerEla2__GCF_910594005.1	2	2
HLbosTau10.XM_002699310_LOC524173_3016_Cervus_elaphus__red_deer__HLcerEla2__GCF_910594005.1	HLbosTau10.XM_002699310#LOC524173#3016#Cervus_elaphus__red_deer__HLcerEla2__GCF_910594005.1	LOC524173	Cervus_elaphus__red_deer__HLcerEla2__GCF_910594005.1	2	2
HLbosTau10.ENSBTAT00000018996_ENSBTAG00000040257_49901_Cervus_elaphus__red_deer__HLcerEla2__GCF_910594005.1	HLbosTau10.ENSBTAT00000018996#ENSBTAG00000040257#49901#Cervus_elaphus__red_deer__HLcerEla2__GCF_910594005.1	ENSBTAG00000040257	Cervus_elaphus__red_deer__HLcerEla2__GCF_910594005.1	2	2
HLbosTau10.NM_176625_PAG16_720_Cervus_elaphus__red_deer__HLcerEla2__GCF_910594005.1	HLbosTau10.NM_176625#PAG16#720#Cervus_elaphus__red_deer__HLcerEla2__GCF_910594005.1	PAG16	Cervus_elaphus__red_deer__HLcerEla2__GCF_910594005.1	2	2
HLbosTau10.ENSBTAT00000005399_PAG11_3145_Cervus_elaphus__red_deer__HLcerEla2__GCF_910594005.1	HLbosTau10.ENSBTAT00000005399#PAG11#3145#Cervus_elaphus__red_deer__HLcerEla2__GCF_910594005.1	PAG11	Cervus_elaphus__red_deer__HLcerEla2__GCF_910594005.1	2	2
HLbosTau10.ENSBTAT00000013786_PAG7_193_Cervus_elaphus__red_deer__HLcerEla2__GCF_910594005.1	HLbosTau10.ENSBTAT00000013786#PAG7#193#Cervus_elaphus__red_deer__HLcerEla2__GCF_910594005.1	PAG7	Cervus_elaphus__red_deer__HLcerEla2__GCF_910594005.1	2	2
HLbosTau10.ENSBTAT00000018996_ENSBTAG00000040257_1968_Cervus_elaphus__red_deer__HLcerEla2__GCF_910594005.1	HLbosTau10.ENSBTAT00000018996#ENSBTAG00000040257#1968#Cervus_elaphus__red_deer__HLcerEla2__GCF_910594005.1	ENSBTAG00000040257	Cervus_elaphus__red_deer__HLcerEla2__GCF_910594005.1	2	2
mm10.ENSMUST00000025647_Pga5_71270_Cervus_elaphus__red_deer__HLcerEla2__GCF_910594005.1	mm10.ENSMUST00000025647#Pga5#71270#Cervus_elaphus__red_deer__HLcerEla2__GCF_910594005.1	Pga5	Cervus_elaphus__red_deer__HLcerEla2__GCF_910594005.1	2	2
HLbosTau10.ENSBTAT00000050648_PAG9_5233_Cervus_elaphus__red_deer__HLcerEla2__GCF_910594005.1	HLbosTau10.ENSBTAT00000050648#PAG9#5233#Cervus_elaphus__red_deer__HLcerEla2__GCF_910594005.1	PAG9	Cervus_elaphus__red_deer__HLcerEla2__GCF_910594005.1	6	4
HLbosTau10.NM_176625_PAG16_1170_Cervus_elaphus__red_deer__HLcerEla2__GCF_910594005.1	HLbosTau10.NM_176625#PAG16#1170#Cervus_elaphus__red_deer__HLcerEla2__GCF_910594005.1	PAG16	Cervus_elaphus__red_deer__HLcerEla2__GCF_910594005.1	2	2
HLbosTau10.ENSBTAT00000038954_PAG21_5339_Cervus_elaphus__red_deer__HLcerEla2__GCF_910594005.1	HLbosTau10.ENSBTAT00000038954#PAG21#5339#Cervus_elaphus__red_deer__HLcerEla2__GCF_910594005.1	PAG21	Cervus_elaphus__red_deer__HLcerEla2__GCF_910594005.1	10	4
HLbosTau10.ENSBTAT00000005384_PAG10_31_Cervus_elaphus__red_deer__HLcerEla2__GCF_910594005.1	HLbosTau10.ENSBTAT00000005384#PAG10#31#Cervus_elaphus__red_deer__HLcerEla2__GCF_910594005.1	PAG10	Cervus_elaphus__red_deer__HLcerEla2__GCF_910594005.1	10	4
mm10.ENSMUST00000025647_Pga5_9307_Cervus_elaphus__red_deer__HLcerEla2__GCF_910594005.1	mm10.ENSMUST00000025647#Pga5#9307#Cervus_elaphus__red_deer__HLcerEla2__GCF_910594005.1	Pga5	Cervus_elaphus__red_deer__HLcerEla2__GCF_910594005.1	2	2
HLbosTau10.NM_176630_PAG21_56543_Cervus_nippon__Sika_deer__HLcerNip1__GCA_040085125.1	HLbosTau10.NM_176630#PAG21#56543#Cervus_nippon__Sika_deer__HLcerNip1__GCA_040085125.1	PAG21	Cervus_nippon__Sika_deer__HLcerNip1__GCA_040085125.1	6	4
HLbosTau10.ENSBTAT00000017585_ENSBTAG00000013214_604421_Cervus_nippon__Sika_deer__HLcerNip1__GCA_040085125.1	HLbosTau10.ENSBTAT00000017585#ENSBTAG00000013214#604421#Cervus_nippon__Sika_deer__HLcerNip1__GCA_040085125.1	ENSBTAG00000013214	Cervus_nippon__Sika_deer__HLcerNip1__GCA_040085125.1	10	4
HLbosTau10.ENSBTAT00000005384_PAG10_31_Cervus_nippon__Sika_deer__HLcerNip1__GCA_040085125.1	HLbosTau10.ENSBTAT00000005384#PAG10#31#Cervus_nippon__Sika_deer__HLcerNip1__GCA_040085125.1	PAG10	Cervus_nippon__Sika_deer__HLcerNip1__GCA_040085125.1	10	4
HLbosTau10.ENSBTAT00000018996_ENSBTAG00000040257_51023_Cervus_nippon__Sika_deer__HLcerNip1__GCA_040085125.1	HLbosTau10.ENSBTAT00000018996#ENSBTAG00000040257#51023#Cervus_nippon__Sika_deer__HLcerNip1__GCA_040085125.1	ENSBTAG00000040257	Cervus_nippon__Sika_deer__HLcerNip1__GCA_040085125.1	2	2
HLbosTau10.ENSBTAT00000005399_PAG11_3240_Cervus_nippon__Sika_deer__HLcerNip1__GCA_040085125.1	HLbosTau10.ENSBTAT00000005399#PAG11#3240#Cervus_nippon__Sika_deer__HLcerNip1__GCA_040085125.1	PAG11	Cervus_nippon__Sika_deer__HLcerNip1__GCA_040085125.1	2	2
HLbosTau10.ENSBTAT00000005399_PAG11_181581_Cervus_nippon__Sika_deer__HLcerNip1__GCA_040085125.1	HLbosTau10.ENSBTAT00000005399#PAG11#181581#Cervus_nippon__Sika_deer__HLcerNip1__GCA_040085125.1	PAG11	Cervus_nippon__Sika_deer__HLcerNip1__GCA_040085125.1	2	2
HLbosTau10.ENSBTAT00000005399_PAG11_260270_Cervus_nippon__Sika_deer__HLcerNip1__GCA_040085125.1	HLbosTau10.ENSBTAT00000005399#PAG11#260270#Cervus_nippon__Sika_deer__HLcerNip1__GCA_040085125.1	PAG11	Cervus_nippon__Sika_deer__HLcerNip1__GCA_040085125.1	2	2
HLbosTau10.ENSBTAT00000005399_PAG11_4314_Cervus_nippon__Sika_deer__HLcerNip1__GCA_040085125.1	HLbosTau10.ENSBTAT00000005399#PAG11#4314#Cervus_nippon__Sika_deer__HLcerNip1__GCA_040085125.1	PAG11	Cervus_nippon__Sika_deer__HLcerNip1__GCA_040085125.1	2	2
HLbosTau10.ENSBTAT00000018996_ENSBTAG00000040257_9772_Cervus_nippon__Sika_deer__HLcerNip1__GCA_040085125.1	HLbosTau10.ENSBTAT00000018996#ENSBTAG00000040257#9772#Cervus_nippon__Sika_deer__HLcerNip1__GCA_040085125.1	ENSBTAG00000040257	Cervus_nippon__Sika_deer__HLcerNip1__GCA_040085125.1	2	2
HLbosTau10.ENSBTAT00000025567_PAG12_51567_Cervus_nippon__Sika_deer__HLcerNip1__GCA_040085125.1	HLbosTau10.ENSBTAT00000025567#PAG12#51567#Cervus_nippon__Sika_deer__HLcerNip1__GCA_040085125.1	PAG12	Cervus_nippon__Sika_deer__HLcerNip1__GCA_040085125.1	2	2
HLbosTau10.ENSBTAT00000017585_ENSBTAG00000013214_1286717_Cervus_nippon__Sika_deer__HLcerNip1__GCA_040085125.1	HLbosTau10.ENSBTAT00000017585#ENSBTAG00000013214#1286717#Cervus_nippon__Sika_deer__HLcerNip1__GCA_040085125.1	ENSBTAG00000013214	Cervus_nippon__Sika_deer__HLcerNip1__GCA_040085125.1	2	2
HLbosTau10.ENSBTAT00000005384_PAG10_1897_Cervus_nippon__Sika_deer__HLcerNip1__GCA_040085125.1	HLbosTau10.ENSBTAT00000005384#PAG10#1897#Cervus_nippon__Sika_deer__HLcerNip1__GCA_040085125.1	PAG10	Cervus_nippon__Sika_deer__HLcerNip1__GCA_040085125.1	2	2
HLbosTau10.ENSBTAT00000013786_PAG7_59_Cervus_nippon__Sika_deer__HLcerNip1__GCA_040085125.1	HLbosTau10.ENSBTAT00000013786#PAG7#59#Cervus_nippon__Sika_deer__HLcerNip1__GCA_040085125.1	PAG7	Cervus_nippon__Sika_deer__HLcerNip1__GCA_040085125.1	2	2
HLbosTau10.ENSBTAT00000018996_ENSBTAG00000040257_33164_Cervus_nippon__Sika_deer__HLcerNip1__GCA_040085125.1	HLbosTau10.ENSBTAT00000018996#ENSBTAG00000040257#33164#Cervus_nippon__Sika_deer__HLcerNip1__GCA_040085125.1	ENSBTAG00000040257	Cervus_nippon__Sika_deer__HLcerNip1__GCA_040085125.1	2	2
HLbosTau10.ENSBTAT00000025597_PAG8_57928_Cervus_nippon__Sika_deer__HLcerNip1__GCA_040085125.1	HLbosTau10.ENSBTAT00000025597#PAG8#57928#Cervus_nippon__Sika_deer__HLcerNip1__GCA_040085125.1	PAG8	Cervus_nippon__Sika_deer__HLcerNip1__GCA_040085125.1	2	2
HLbosTau10.ENSBTAT00000018996_ENSBTAG00000040257_1762_Cervus_nippon__Sika_deer__HLcerNip1__GCA_040085125.1	HLbosTau10.ENSBTAT00000018996#ENSBTAG00000040257#1762#Cervus_nippon__Sika_deer__HLcerNip1__GCA_040085125.1	ENSBTAG00000040257	Cervus_nippon__Sika_deer__HLcerNip1__GCA_040085125.1	2	2
HLbosTau10.ENSBTAT00000005384_PAG10_561295_Cervus_nippon__Sika_deer__HLcerNip1__GCA_040085125.1	HLbosTau10.ENSBTAT00000005384#PAG10#561295#Cervus_nippon__Sika_deer__HLcerNip1__GCA_040085125.1	PAG10	Cervus_nippon__Sika_deer__HLcerNip1__GCA_040085125.1	2	2
HLbosTau10.ENSBTAT00000013786_PAG7_864_Cervus_nippon__Sika_deer__HLcerNip1__GCA_040085125.1	HLbosTau10.ENSBTAT00000013786#PAG7#864#Cervus_nippon__Sika_deer__HLcerNip1__GCA_040085125.1	PAG7	Cervus_nippon__Sika_deer__HLcerNip1__GCA_040085125.1	2	2
HLbosTau10.ENSBTAT00000017669_ENSBTAG00000035736_2177_Cervus_nippon__Sika_deer__HLcerNip1__GCA_040085125.1	HLbosTau10.ENSBTAT00000017669#ENSBTAG00000035736#2177#Cervus_nippon__Sika_deer__HLcerNip1__GCA_040085125.1	ENSBTAG00000035736	Cervus_nippon__Sika_deer__HLcerNip1__GCA_040085125.1	2	2
HLbosTau10.ENSBTAT00000013786_PAG7_66_Cervus_nippon__Sika_deer__HLcerNip1__GCA_040085125.1	HLbosTau10.ENSBTAT00000013786#PAG7#66#Cervus_nippon__Sika_deer__HLcerNip1__GCA_040085125.1	PAG7	Cervus_nippon__Sika_deer__HLcerNip1__GCA_040085125.1	2	2
HLbosTau10.ENSBTAT00000025593_PAG5_6170_Cervus_nippon__Sika_deer__HLcerNip1__GCA_040085125.1	HLbosTau10.ENSBTAT00000025593#PAG5#6170#Cervus_nippon__Sika_deer__HLcerNip1__GCA_040085125.1	PAG5	Cervus_nippon__Sika_deer__HLcerNip1__GCA_040085125.1	2	2
HLbosTau10.ENSBTAT00000013786_PAG7_875_Cervus_nippon__Sika_deer__HLcerNip1__GCA_040085125.1	HLbosTau10.ENSBTAT00000013786#PAG7#875#Cervus_nippon__Sika_deer__HLcerNip1__GCA_040085125.1	PAG7	Cervus_nippon__Sika_deer__HLcerNip1__GCA_040085125.1	2	2
HLbosTau10.ENSBTAT00000017669_ENSBTAG00000035736_120_Cervus_nippon__Sika_deer__HLcerNip1__GCA_040085125.1	HLbosTau10.ENSBTAT00000017669#ENSBTAG00000035736#120#Cervus_nippon__Sika_deer__HLcerNip1__GCA_040085125.1	ENSBTAG00000035736	Cervus_nippon__Sika_deer__HLcerNip1__GCA_040085125.1	2	2
HLbosTau10.ENSBTAT00000013786_PAG7_118_Cervus_nippon__Sika_deer__HLcerNip1__GCA_040085125.1	HLbosTau10.ENSBTAT00000013786#PAG7#118#Cervus_nippon__Sika_deer__HLcerNip1__GCA_040085125.1	PAG7	Cervus_nippon__Sika_deer__HLcerNip1__GCA_040085125.1	2	2
HLbosTau10.NM_176625_PAG16_70_Cervus_nippon__Sika_deer__HLcerNip1__GCA_040085125.1	HLbosTau10.NM_176625#PAG16#70#Cervus_nippon__Sika_deer__HLcerNip1__GCA_040085125.1	PAG16	Cervus_nippon__Sika_deer__HLcerNip1__GCA_040085125.1	2	2
HLbosTau10.ENSBTAT00000030466_PAG18_13441_Cervus_nippon__Sika_deer__HLcerNip1__GCA_040085125.1	HLbosTau10.ENSBTAT00000030466#PAG18#13441#Cervus_nippon__Sika_deer__HLcerNip1__GCA_040085125.1	PAG18	Cervus_nippon__Sika_deer__HLcerNip1__GCA_040085125.1	2	2
HLbosTau10.XM_024987413_ENSBTAG00000046686_249_Cervus_nippon__Sika_deer__HLcerNip1__GCA_040085125.1	HLbosTau10.XM_024987413#ENSBTAG00000046686#249#Cervus_nippon__Sika_deer__HLcerNip1__GCA_040085125.1	ENSBTAG00000046686	Cervus_nippon__Sika_deer__HLcerNip1__GCA_040085125.1	2	2
HLbosTau10.ENSBTAT00000025593_PAG5_60345_Cervus_nippon__Sika_deer__HLcerNip1__GCA_040085125.1	HLbosTau10.ENSBTAT00000025593#PAG5#60345#Cervus_nippon__Sika_deer__HLcerNip1__GCA_040085125.1	PAG5	Cervus_nippon__Sika_deer__HLcerNip1__GCA_040085125.1	2	2
HLbosTau10.ENSBTAT00000009701_ENSBTAG00000038506_78_Cervus_nippon__Sika_deer__HLcerNip1__GCA_040085125.1	HLbosTau10.ENSBTAT00000009701#ENSBTAG00000038506#78#Cervus_nippon__Sika_deer__HLcerNip1__GCA_040085125.1	ENSBTAG00000038506	Cervus_nippon__Sika_deer__HLcerNip1__GCA_040085125.1	2	2
HLbosTau10.ENSBTAT00000013786_PAG7_86_Cervus_nippon__Sika_deer__HLcerNip1__GCA_040085125.1	HLbosTau10.ENSBTAT00000013786#PAG7#86#Cervus_nippon__Sika_deer__HLcerNip1__GCA_040085125.1	PAG7	Cervus_nippon__Sika_deer__HLcerNip1__GCA_040085125.1	2	2
HLbosTau10.ENSBTAT00000007506_MGC157408_81_Cervus_nippon__Sika_deer__HLcerNip1__GCA_040085125.1	HLbosTau10.ENSBTAT00000007506#MGC157408#81#Cervus_nippon__Sika_deer__HLcerNip1__GCA_040085125.1	MGC157408	Cervus_nippon__Sika_deer__HLcerNip1__GCA_040085125.1	2	2
HLbosTau10.ENSBTAT00000025597_PAG8_30439_Cervus_nippon__Sika_deer__HLcerNip1__GCA_040085125.1	HLbosTau10.ENSBTAT00000025597#PAG8#30439#Cervus_nippon__Sika_deer__HLcerNip1__GCA_040085125.1	PAG8	Cervus_nippon__Sika_deer__HLcerNip1__GCA_040085125.1	2	2
HLbosTau10.ENSBTAT00000025567_PAG12_18793_Cervus_nippon__Sika_deer__HLcerNip1__GCA_040085125.1	HLbosTau10.ENSBTAT00000025567#PAG12#18793#Cervus_nippon__Sika_deer__HLcerNip1__GCA_040085125.1	PAG12	Cervus_nippon__Sika_deer__HLcerNip1__GCA_040085125.1	2	2
HLbosTau10.ENSBTAT00000025517_PAG2_58390_Cervus_nippon__Sika_deer__HLcerNip1__GCA_040085125.1	HLbosTau10.ENSBTAT00000025517#PAG2#58390#Cervus_nippon__Sika_deer__HLcerNip1__GCA_040085125.1	PAG2	Cervus_nippon__Sika_deer__HLcerNip1__GCA_040085125.1	2	2
HLbosTau10.ENSBTAT00000013786_PAG7_584_Cervus_nippon__Sika_deer__HLcerNip1__GCA_040085125.1	HLbosTau10.ENSBTAT00000013786#PAG7#584#Cervus_nippon__Sika_deer__HLcerNip1__GCA_040085125.1	PAG7	Cervus_nippon__Sika_deer__HLcerNip1__GCA_040085125.1	2	2
HLbosTau10.ENSBTAT00000025597_PAG8_2204_Cervus_nippon__Sika_deer__HLcerNip1__GCA_040085125.1	HLbosTau10.ENSBTAT00000025597#PAG8#2204#Cervus_nippon__Sika_deer__HLcerNip1__GCA_040085125.1	PAG8	Cervus_nippon__Sika_deer__HLcerNip1__GCA_040085125.1	2	2
HLbosTau10.ENSBTAT00000005384_PAG10_1661177_Cervus_nippon__Sika_deer__HLcerNip1__GCA_040085125.1	HLbosTau10.ENSBTAT00000005384#PAG10#1661177#Cervus_nippon__Sika_deer__HLcerNip1__GCA_040085125.1	PAG10	Cervus_nippon__Sika_deer__HLcerNip1__GCA_040085125.1	2	2
HLbosTau10.ENSBTAT00000063428_ENSBTAG00000051196_978_Cervus_nippon__Sika_deer__HLcerNip1__GCA_040085125.1	HLbosTau10.ENSBTAT00000063428#ENSBTAG00000051196#978#Cervus_nippon__Sika_deer__HLcerNip1__GCA_040085125.1	ENSBTAG00000051196	Cervus_nippon__Sika_deer__HLcerNip1__GCA_040085125.1	2	2
HLbosTau10.ENSBTAT00000013786_PAG7_619_Cervus_nippon__Sika_deer__HLcerNip1__GCA_040085125.1	HLbosTau10.ENSBTAT00000013786#PAG7#619#Cervus_nippon__Sika_deer__HLcerNip1__GCA_040085125.1	PAG7	Cervus_nippon__Sika_deer__HLcerNip1__GCA_040085125.1	2	2
HLbosTau10.ENSBTAT00000025567_PAG12_144962_Cervus_nippon__Sika_deer__HLcerNip1__GCA_040085125.1	HLbosTau10.ENSBTAT00000025567#PAG12#144962#Cervus_nippon__Sika_deer__HLcerNip1__GCA_040085125.1	PAG12	Cervus_nippon__Sika_deer__HLcerNip1__GCA_040085125.1	2	2
HLbosTau10.ENSBTAT00000009701_ENSBTAG00000038506_269_Cervus_nippon__Sika_deer__HLcerNip1__GCA_040085125.1	HLbosTau10.ENSBTAT00000009701#ENSBTAG00000038506#269#Cervus_nippon__Sika_deer__HLcerNip1__GCA_040085125.1	ENSBTAG00000038506	Cervus_nippon__Sika_deer__HLcerNip1__GCA_040085125.1	2	2
HLbosTau10.ENSBTAT00000005399_PAG11_94520_Cervus_nippon__Sika_deer__HLcerNip1__GCA_040085125.1	HLbosTau10.ENSBTAT00000005399#PAG11#94520#Cervus_nippon__Sika_deer__HLcerNip1__GCA_040085125.1	PAG11	Cervus_nippon__Sika_deer__HLcerNip1__GCA_040085125.1	2	2
HLbosTau10.ENSBTAT00000005384_PAG10_308184_Cervus_nippon__Sika_deer__HLcerNip1__GCA_040085125.1	HLbosTau10.ENSBTAT00000005384#PAG10#308184#Cervus_nippon__Sika_deer__HLcerNip1__GCA_040085125.1	PAG10	Cervus_nippon__Sika_deer__HLcerNip1__GCA_040085125.1	2	2
HLbosTau10.NM_176619_PAG8_560_Cervus_nippon__Sika_deer__HLcerNip1__GCA_040085125.1	HLbosTau10.NM_176619#PAG8#560#Cervus_nippon__Sika_deer__HLcerNip1__GCA_040085125.1	PAG8	Cervus_nippon__Sika_deer__HLcerNip1__GCA_040085125.1	2	2
HLbosTau10.ENSBTAT00000013786_PAG7_116206_Cervus_nippon__Sika_deer__HLcerNip1__GCA_040085125.1	HLbosTau10.ENSBTAT00000013786#PAG7#116206#Cervus_nippon__Sika_deer__HLcerNip1__GCA_040085125.1	PAG7	Cervus_nippon__Sika_deer__HLcerNip1__GCA_040085125.1	2	2
HLbosTau10.ENSBTAT00000013786_PAG7_23846_Cervus_nippon__Sika_deer__HLcerNip1__GCA_040085125.1	HLbosTau10.ENSBTAT00000013786#PAG7#23846#Cervus_nippon__Sika_deer__HLcerNip1__GCA_040085125.1	PAG7	Cervus_nippon__Sika_deer__HLcerNip1__GCA_040085125.1	2	2
HLbosTau10.ENSBTAT00000027020_ENSBTAG00000035736_460152_Cervus_nippon__Sika_deer__HLcerNip1__GCA_040085125.1	HLbosTau10.ENSBTAT00000027020#ENSBTAG00000035736#460152#Cervus_nippon__Sika_deer__HLcerNip1__GCA_040085125.1	ENSBTAG00000035736	Cervus_nippon__Sika_deer__HLcerNip1__GCA_040085125.1	2	2
HLbosTau10.ENSBTAT00000013786_PAG7_9217_Cervus_nippon__Sika_deer__HLcerNip1__GCA_040085125.1	HLbosTau10.ENSBTAT00000013786#PAG7#9217#Cervus_nippon__Sika_deer__HLcerNip1__GCA_040085125.1	PAG7	Cervus_nippon__Sika_deer__HLcerNip1__GCA_040085125.1	2	2
HLbosTau10.ENSBTAT00000013786_PAG7_158085_Cervus_nippon__Sika_deer__HLcerNip1__GCA_040085125.1	HLbosTau10.ENSBTAT00000013786#PAG7#158085#Cervus_nippon__Sika_deer__HLcerNip1__GCA_040085125.1	PAG7	Cervus_nippon__Sika_deer__HLcerNip1__GCA_040085125.1	2	2
HLbosTau10.ENSBTAT00000030466_PAG18_853746_Cervus_nippon__Sika_deer__HLcerNip1__GCA_040085125.1	HLbosTau10.ENSBTAT00000030466#PAG18#853746#Cervus_nippon__Sika_deer__HLcerNip1__GCA_040085125.1	PAG18	Cervus_nippon__Sika_deer__HLcerNip1__GCA_040085125.1	2	2
HLbosTau10.ENSBTAT00000017669_ENSBTAG00000035736_56_Cervus_nippon__Sika_deer__HLcerNip1__GCA_040085125.1	HLbosTau10.ENSBTAT00000017669#ENSBTAG00000035736#56#Cervus_nippon__Sika_deer__HLcerNip1__GCA_040085125.1	ENSBTAG00000035736	Cervus_nippon__Sika_deer__HLcerNip1__GCA_040085125.1	2	2
HLbosTau10.NM_176625_PAG16_1606_Cervus_nippon__Sika_deer__HLcerNip1__GCA_040085125.1	HLbosTau10.NM_176625#PAG16#1606#Cervus_nippon__Sika_deer__HLcerNip1__GCA_040085125.1	PAG16	Cervus_nippon__Sika_deer__HLcerNip1__GCA_040085125.1	2	2
HLbosTau10.ENSBTAT00000063428_ENSBTAG00000051196_748_Cervus_nippon__Sika_deer__HLcerNip1__GCA_040085125.1	HLbosTau10.ENSBTAT00000063428#ENSBTAG00000051196#748#Cervus_nippon__Sika_deer__HLcerNip1__GCA_040085125.1	ENSBTAG00000051196	Cervus_nippon__Sika_deer__HLcerNip1__GCA_040085125.1	2	2
HLbosTau10.ENSBTAT00000025517_PAG2_58391_Cervus_nippon__Sika_deer__HLcerNip1__GCA_040085125.1	HLbosTau10.ENSBTAT00000025517#PAG2#58391#Cervus_nippon__Sika_deer__HLcerNip1__GCA_040085125.1	PAG2	Cervus_nippon__Sika_deer__HLcerNip1__GCA_040085125.1	2	2
HLbosTau10.ENSBTAT00000025517_PAG2_1065_Cervus_nippon__Sika_deer__HLcerNip1__GCA_040085125.1	HLbosTau10.ENSBTAT00000025517#PAG2#1065#Cervus_nippon__Sika_deer__HLcerNip1__GCA_040085125.1	PAG2	Cervus_nippon__Sika_deer__HLcerNip1__GCA_040085125.1	2	2
HLbosTau10.NM_174411_ENSBTAG00000054180_185552_Cervus_nippon__Sika_deer__HLcerNip1__GCA_040085125.1	HLbosTau10.NM_174411#ENSBTAG00000054180#185552#Cervus_nippon__Sika_deer__HLcerNip1__GCA_040085125.1	ENSBTAG00000054180	Cervus_nippon__Sika_deer__HLcerNip1__GCA_040085125.1	2	2
HLbosTau10.ENSBTAT00000025567_PAG12_315182_Cervus_nippon__Sika_deer__HLcerNip1__GCA_040085125.1	HLbosTau10.ENSBTAT00000025567#PAG12#315182#Cervus_nippon__Sika_deer__HLcerNip1__GCA_040085125.1	PAG12	Cervus_nippon__Sika_deer__HLcerNip1__GCA_040085125.1	2	2
HLbosTau10.ENSBTAT00000007507_ENSBTAG00000046038_151793_Cervus_nippon__Sika_deer__HLcerNip1__GCA_040085125.1	HLbosTau10.ENSBTAT00000007507#ENSBTAG00000046038#151793#Cervus_nippon__Sika_deer__HLcerNip1__GCA_040085125.1	ENSBTAG00000046038	Cervus_nippon__Sika_deer__HLcerNip1__GCA_040085125.1	2	2
HLbosTau10.ENSBTAT00000005399_PAG11_21314_Cervus_nippon__Sika_deer__HLcerNip1__GCA_040085125.1	HLbosTau10.ENSBTAT00000005399#PAG11#21314#Cervus_nippon__Sika_deer__HLcerNip1__GCA_040085125.1	PAG11	Cervus_nippon__Sika_deer__HLcerNip1__GCA_040085125.1	2	2
HLbosTau10.ENSBTAT00000005399_PAG11_31_Cervus_nippon__Sika_deer__HLcerNip1__GCA_040085125.1	HLbosTau10.ENSBTAT00000005399#PAG11#31#Cervus_nippon__Sika_deer__HLcerNip1__GCA_040085125.1	PAG11	Cervus_nippon__Sika_deer__HLcerNip1__GCA_040085125.1	7	4
HLbosTau10.ENSBTAT00000025567_PAG12_87978_Cervus_nippon__Sika_deer__HLcerNip1__GCA_040085125.1	HLbosTau10.ENSBTAT00000025567#PAG12#87978#Cervus_nippon__Sika_deer__HLcerNip1__GCA_040085125.1	PAG12	Cervus_nippon__Sika_deer__HLcerNip1__GCA_040085125.1	9	4
HLbosTau10.NM_176619_PAG8_8166_Cervus_nippon__Sika_deer__HLcerNip1__GCA_040085125.1	HLbosTau10.NM_176619#PAG8#8166#Cervus_nippon__Sika_deer__HLcerNip1__GCA_040085125.1	PAG8	Cervus_nippon__Sika_deer__HLcerNip1__GCA_040085125.1	7	4
HLbosTau10.ENSBTAT00000013786_PAG7_105_Cervus_nippon__Sika_deer__HLcerNip1__GCA_040085125.1	HLbosTau10.ENSBTAT00000013786#PAG7#105#Cervus_nippon__Sika_deer__HLcerNip1__GCA_040085125.1	PAG7	Cervus_nippon__Sika_deer__HLcerNip1__GCA_040085125.1	8	4
HLbosTau10.ENSBTAT00000030188_ENSBTAG00000024611_800336_Cervus_nippon__Sika_deer__HLcerNip1__GCA_040085125.1	HLbosTau10.ENSBTAT00000030188#ENSBTAG00000024611#800336#Cervus_nippon__Sika_deer__HLcerNip1__GCA_040085125.1	ENSBTAG00000024611	Cervus_nippon__Sika_deer__HLcerNip1__GCA_040085125.1	5	4
HLbosTau10.ENSBTAT00000007506_MGC157408_166608_Cervus_nippon__Sika_deer__HLcerNip1__GCA_040085125.1	HLbosTau10.ENSBTAT00000007506#MGC157408#166608#Cervus_nippon__Sika_deer__HLcerNip1__GCA_040085125.1	MGC157408	Cervus_nippon__Sika_deer__HLcerNip1__GCA_040085125.1	8	4
HLbosTau10.ENSBTAT00000005399_PAG11_3015_Cervus_nippon__Sika_deer__HLcerNip1__GCA_040085125.1	HLbosTau10.ENSBTAT00000005399#PAG11#3015#Cervus_nippon__Sika_deer__HLcerNip1__GCA_040085125.1	PAG11	Cervus_nippon__Sika_deer__HLcerNip1__GCA_040085125.1	5	4
HLbosTau10.ENSBTAT00000005399_PAG11_2122_Cervus_nippon__Sika_deer__HLcerNip1__GCA_040085125.1	HLbosTau10.ENSBTAT00000005399#PAG11#2122#Cervus_nippon__Sika_deer__HLcerNip1__GCA_040085125.1	PAG11	Cervus_nippon__Sika_deer__HLcerNip1__GCA_040085125.1	5	4
HLbosTau10.ENSBTAT00000005399_PAG11_6274_Cervus_nippon__Sika_deer__HLcerNip1__GCA_040085125.1	HLbosTau10.ENSBTAT00000005399#PAG11#6274#Cervus_nippon__Sika_deer__HLcerNip1__GCA_040085125.1	PAG11	Cervus_nippon__Sika_deer__HLcerNip1__GCA_040085125.1	5	4
hg38.ENST00000312403.10_PGA5_5287_Cervus_nippon__Sika_deer__HLcerNip1__GCA_040085125.1	hg38.ENST00000312403.10#PGA5#5287#Cervus_nippon__Sika_deer__HLcerNip1__GCA_040085125.1	PGA5	Cervus_nippon__Sika_deer__HLcerNip1__GCA_040085125.1	56	38
hg38.ENST00000312403.10_PGA5_71_Chionomys_nivalis__European_snow_vole__HLchiNiv1__GCF_950005125.1	hg38.ENST00000312403.10#PGA5#71#Chionomys_nivalis__European_snow_vole__HLchiNiv1__GCF_950005125.1	PGA5	Chionomys_nivalis__European_snow_vole__HLchiNiv1__GCF_950005125.1	28	19
hg38.ENST00000312403.10_PGA5_14_Chlorocebus_sabaeus__green_monkey__HLchlSab3__GCF_015252025.1	hg38.ENST00000312403.10#PGA5#14#Chlorocebus_sabaeus__green_monkey__HLchlSab3__GCF_015252025.1	PGA5	Chlorocebus_sabaeus__green_monkey__HLchlSab3__GCF_015252025.1	58	38
hg38.ENST00000312403.10_PGA5_4593_Chlorocebus_sabaeus__green_monkey__HLchlSab3__GCF_015252025.1	hg38.ENST00000312403.10#PGA5#4593#Chlorocebus_sabaeus__green_monkey__HLchlSab3__GCF_015252025.1	PGA5	Chlorocebus_sabaeus__green_monkey__HLchlSab3__GCF_015252025.1	58	38
hg38.ENST00000312403.10_PGA5_14837_Chlorocebus_sabaeus__green_monkey__HLchlSab3__GCF_015252025.1	hg38.ENST00000312403.10#PGA5#14837#Chlorocebus_sabaeus__green_monkey__HLchlSab3__GCF_015252025.1	PGA5	Chlorocebus_sabaeus__green_monkey__HLchlSab3__GCF_015252025.1	58	38
hg38.ENST00000312403.10_PGA5_4105_Choloepus_didactylus__southern_two-toed_sloth__HLchoDid2__GCF_015220235.1	hg38.ENST00000312403.10#PGA5#4105#Choloepus_didactylus__southern_two-toed_sloth__HLchoDid2__GCF_015220235.1	PGA5	Choloepus_didactylus__southern_two-toed_sloth__HLchoDid2__GCF_015220235.1	47	33
mm10.ENSMUST00000025647_Pga5_67_Choloepus_didactylus__southern_two-toed_sloth__HLchoDid2__GCF_015220235.1	mm10.ENSMUST00000025647#Pga5#67#Choloepus_didactylus__southern_two-toed_sloth__HLchoDid2__GCF_015220235.1	Pga5	Choloepus_didactylus__southern_two-toed_sloth__HLchoDid2__GCF_015220235.1	13	6
hg38.ENST00000312403.10_PGA5_57_Clethrionomys_rutilus__Northern_red-backed_vole__HLcleRut1__GCA_040207285.1	hg38.ENST00000312403.10#PGA5#57#Clethrionomys_rutilus__Northern_red-backed_vole__HLcleRut1__GCA_040207285.1	PGA5	Clethrionomys_rutilus__Northern_red-backed_vole__HLcleRut1__GCA_040207285.1	28	19
hg38.ENST00000312403.10_PGA5_17_Colobus_guereza__Mantled_guereza__HLcolGuer2__GCA_030247045.1	hg38.ENST00000312403.10#PGA5#17#Colobus_guereza__Mantled_guereza__HLcolGuer2__GCA_030247045.1	PGA5	Colobus_guereza__Mantled_guereza__HLcolGuer2__GCA_030247045.1	58	38
hg38.ENST00000312403.10_PGA5_8241_Colobus_guereza__Mantled_guereza__HLcolGuer2__GCA_030247045.1	hg38.ENST00000312403.10#PGA5#8241#Colobus_guereza__Mantled_guereza__HLcolGuer2__GCA_030247045.1	PGA5	Colobus_guereza__Mantled_guereza__HLcolGuer2__GCA_030247045.1	58	38
hg38.ENST00000312403.10_PGA5_3699_Colobus_guereza__Mantled_guereza__HLcolGuer2__GCA_030247045.1	hg38.ENST00000312403.10#PGA5#3699#Colobus_guereza__Mantled_guereza__HLcolGuer2__GCA_030247045.1	PGA5	Colobus_guereza__Mantled_guereza__HLcolGuer2__GCA_030247045.1	58	38
HLbosTau10.ENSBTAT00000005399_PAG11_1200_Colobus_guereza__Mantled_guereza__HLcolGuer2__GCA_030247045.1	HLbosTau10.ENSBTAT00000005399#PAG11#1200#Colobus_guereza__Mantled_guereza__HLcolGuer2__GCA_030247045.1	PAG11	Colobus_guereza__Mantled_guereza__HLcolGuer2__GCA_030247045.1	32	22
hg38.ENST00000312403.10_PGA5_3387_Colobus_guereza__mantled_guereza__HLcolGue1__GCA_021498455.1	hg38.ENST00000312403.10#PGA5#3387#Colobus_guereza__mantled_guereza__HLcolGue1__GCA_021498455.1	PGA5	Colobus_guereza__mantled_guereza__HLcolGue1__GCA_021498455.1	58	38
hg38.ENST00000312403.10_PGA5_7149_Colobus_guereza__mantled_guereza__HLcolGue1__GCA_021498455.1	hg38.ENST00000312403.10#PGA5#7149#Colobus_guereza__mantled_guereza__HLcolGue1__GCA_021498455.1	PGA5	Colobus_guereza__mantled_guereza__HLcolGue1__GCA_021498455.1	58	38
hg38.ENST00000312403.10_PGA5_61_Colobus_guereza__mantled_guereza__HLcolGue1__GCA_021498455.1	hg38.ENST00000312403.10#PGA5#61#Colobus_guereza__mantled_guereza__HLcolGue1__GCA_021498455.1	PGA5	Colobus_guereza__mantled_guereza__HLcolGue1__GCA_021498455.1	58	38
HLbosTau10.ENSBTAT00000013786_PAG7_15653_Corynorhinus_townsendii__Townsends_big-eared_bat__HLcorTow1A__GCA_026230055.1	HLbosTau10.ENSBTAT00000013786#PAG7#15653#Corynorhinus_townsendii__Townsends_big-eared_bat__HLcorTow1A__GCA_026230055.1	PAG7	Corynorhinus_townsendii__Townsends_big-eared_bat__HLcorTow1A__GCA_026230055.1	19	12
HLbosTau10.ENSBTAT00000005384_PAG10_1397_Corynorhinus_townsendii__Townsends_big-eared_bat__HLcorTow1A__GCA_026230055.1	HLbosTau10.ENSBTAT00000005384#PAG10#1397#Corynorhinus_townsendii__Townsends_big-eared_bat__HLcorTow1A__GCA_026230055.1	PAG10	Corynorhinus_townsendii__Townsends_big-eared_bat__HLcorTow1A__GCA_026230055.1	19	12
mm10.ENSMUST00000025647_Pga5_96949_Corynorhinus_townsendii__Townsends_big-eared_bat__HLcorTow1A__GCA_026230055.1	mm10.ENSMUST00000025647#Pga5#96949#Corynorhinus_townsendii__Townsends_big-eared_bat__HLcorTow1A__GCA_026230055.1	Pga5	Corynorhinus_townsendii__Townsends_big-eared_bat__HLcorTow1A__GCA_026230055.1	19	12
HLbosTau10.ENSBTAT00000005384_PAG10_1452_Corynorhinus_townsendii__Townsends_big-eared_bat__HLcorTow1A__GCA_026230055.1	HLbosTau10.ENSBTAT00000005384#PAG10#1452#Corynorhinus_townsendii__Townsends_big-eared_bat__HLcorTow1A__GCA_026230055.1	PAG10	Corynorhinus_townsendii__Townsends_big-eared_bat__HLcorTow1A__GCA_026230055.1	19	12
HLbosTau10.ENSBTAT00000005384_PAG10_78_Corynorhinus_townsendii__Townsends_big-eared_bat__HLcorTow1A__GCA_026230055.1	HLbosTau10.ENSBTAT00000005384#PAG10#78#Corynorhinus_townsendii__Townsends_big-eared_bat__HLcorTow1A__GCA_026230055.1	PAG10	Corynorhinus_townsendii__Townsends_big-eared_bat__HLcorTow1A__GCA_026230055.1	19	12
mm10.ENSMUST00000025647_Pga5_23782_Corynorhinus_townsendii__Townsends_big-eared_bat__HLcorTow1A__GCA_026230055.1	mm10.ENSMUST00000025647#Pga5#23782#Corynorhinus_townsendii__Townsends_big-eared_bat__HLcorTow1A__GCA_026230055.1	Pga5	Corynorhinus_townsendii__Townsends_big-eared_bat__HLcorTow1A__GCA_026230055.1	19	12
hg38.ENST00000312403.10_PGA5_3477_Corynorhinus_townsendii__Townsends_big-eared_bat__HLcorTow1A__GCA_026230055.1	hg38.ENST00000312403.10#PGA5#3477#Corynorhinus_townsendii__Townsends_big-eared_bat__HLcorTow1A__GCA_026230055.1	PGA5	Corynorhinus_townsendii__Townsends_big-eared_bat__HLcorTow1A__GCA_026230055.1	50	36
HLbosTau10.ENSBTAT00000030243_PAG3_103339_Corynorhinus_townsendii__Townsends_big-eared_bat__HLcorTow1B__GCA_026230045.1	HLbosTau10.ENSBTAT00000030243#PAG3#103339#Corynorhinus_townsendii__Townsends_big-eared_bat__HLcorTow1B__GCA_026230045.1	PAG3	Corynorhinus_townsendii__Townsends_big-eared_bat__HLcorTow1B__GCA_026230045.1	19	12
HLbosTau10.ENSBTAT00000038878_PAG6_229878_Corynorhinus_townsendii__Townsends_big-eared_bat__HLcorTow1B__GCA_026230045.1	HLbosTau10.ENSBTAT00000038878#PAG6#229878#Corynorhinus_townsendii__Townsends_big-eared_bat__HLcorTow1B__GCA_026230045.1	PAG6	Corynorhinus_townsendii__Townsends_big-eared_bat__HLcorTow1B__GCA_026230045.1	19	12
HLbosTau10.ENSBTAT00000013786_PAG7_522_Corynorhinus_townsendii__Townsends_big-eared_bat__HLcorTow1B__GCA_026230045.1	HLbosTau10.ENSBTAT00000013786#PAG7#522#Corynorhinus_townsendii__Townsends_big-eared_bat__HLcorTow1B__GCA_026230045.1	PAG7	Corynorhinus_townsendii__Townsends_big-eared_bat__HLcorTow1B__GCA_026230045.1	19	12
mm10.ENSMUST00000025647_Pga5_261908_Corynorhinus_townsendii__Townsends_big-eared_bat__HLcorTow1B__GCA_026230045.1	mm10.ENSMUST00000025647#Pga5#261908#Corynorhinus_townsendii__Townsends_big-eared_bat__HLcorTow1B__GCA_026230045.1	Pga5	Corynorhinus_townsendii__Townsends_big-eared_bat__HLcorTow1B__GCA_026230045.1	19	12
HLbosTau10.ENSBTAT00000005384_PAG10_1631_Corynorhinus_townsendii__Townsends_big-eared_bat__HLcorTow1B__GCA_026230045.1	HLbosTau10.ENSBTAT00000005384#PAG10#1631#Corynorhinus_townsendii__Townsends_big-eared_bat__HLcorTow1B__GCA_026230045.1	PAG10	Corynorhinus_townsendii__Townsends_big-eared_bat__HLcorTow1B__GCA_026230045.1	19	12
HLbosTau10.ENSBTAT00000050664_PAG15_2834_Corynorhinus_townsendii__Townsends_big-eared_bat__HLcorTow1B__GCA_026230045.1	HLbosTau10.ENSBTAT00000050664#PAG15#2834#Corynorhinus_townsendii__Townsends_big-eared_bat__HLcorTow1B__GCA_026230045.1	PAG15	Corynorhinus_townsendii__Townsends_big-eared_bat__HLcorTow1B__GCA_026230045.1	19	12
HLbosTau10.ENSBTAT00000005384_PAG10_46611_Corynorhinus_townsendii__Townsends_big-eared_bat__HLcorTow1B__GCA_026230045.1	HLbosTau10.ENSBTAT00000005384#PAG10#46611#Corynorhinus_townsendii__Townsends_big-eared_bat__HLcorTow1B__GCA_026230045.1	PAG10	Corynorhinus_townsendii__Townsends_big-eared_bat__HLcorTow1B__GCA_026230045.1	19	12
HLbosTau10.ENSBTAT00000030466_PAG18_252738_Corynorhinus_townsendii__Townsends_big-eared_bat__HLcorTow1B__GCA_026230045.1	HLbosTau10.ENSBTAT00000030466#PAG18#252738#Corynorhinus_townsendii__Townsends_big-eared_bat__HLcorTow1B__GCA_026230045.1	PAG18	Corynorhinus_townsendii__Townsends_big-eared_bat__HLcorTow1B__GCA_026230045.1	19	12
HLbosTau10.ENSBTAT00000005384_PAG10_67877_Corynorhinus_townsendii__Townsends_big-eared_bat__HLcorTow1B__GCA_026230045.1	HLbosTau10.ENSBTAT00000005384#PAG10#67877#Corynorhinus_townsendii__Townsends_big-eared_bat__HLcorTow1B__GCA_026230045.1	PAG10	Corynorhinus_townsendii__Townsends_big-eared_bat__HLcorTow1B__GCA_026230045.1	19	12
mm10.ENSMUST00000025647_Pga5_10952_Corynorhinus_townsendii__Townsends_big-eared_bat__HLcorTow1B__GCA_026230045.1	mm10.ENSMUST00000025647#Pga5#10952#Corynorhinus_townsendii__Townsends_big-eared_bat__HLcorTow1B__GCA_026230045.1	Pga5	Corynorhinus_townsendii__Townsends_big-eared_bat__HLcorTow1B__GCA_026230045.1	19	12
mm10.ENSMUST00000025647_Pga5_19372_Corynorhinus_townsendii__Townsends_big-eared_bat__HLcorTow1B__GCA_026230045.1	mm10.ENSMUST00000025647#Pga5#19372#Corynorhinus_townsendii__Townsends_big-eared_bat__HLcorTow1B__GCA_026230045.1	Pga5	Corynorhinus_townsendii__Townsends_big-eared_bat__HLcorTow1B__GCA_026230045.1	19	12
hg38.ENST00000312403.10_PGA5_73_Corynorhinus_townsendii__Townsends_big-eared_bat__HLcorTow1B__GCA_026230045.1	hg38.ENST00000312403.10#PGA5#73#Corynorhinus_townsendii__Townsends_big-eared_bat__HLcorTow1B__GCA_026230045.1	PGA5	Corynorhinus_townsendii__Townsends_big-eared_bat__HLcorTow1B__GCA_026230045.1	50	36
hg38.ENST00000325558.11_PGA3_24_Cricetomys_ansorgei__southern_giant_pouched_rat__HLcriAns1	hg38.ENST00000325558.11#PGA3#24#Cricetomys_ansorgei__southern_giant_pouched_rat__HLcriAns1	PGA3	Cricetomys_ansorgei__southern_giant_pouched_rat__HLcriAns1	28	19
mm10.ENSMUST00000025647_Pga5_16_Cricetulus_griseus__Chinese_hamster__HLcriGri3__GCA_003668045.1	mm10.ENSMUST00000025647#Pga5#16#Cricetulus_griseus__Chinese_hamster__HLcriGri3__GCA_003668045.1	Pga5	Cricetulus_griseus__Chinese_hamster__HLcriGri3__GCA_003668045.1	28	19
mm10.ENSMUST00000025647_Pga5_15_Cricetus_cricetus__Black-bellied_hamster__HLcriCri1__GCA_964304595.1	mm10.ENSMUST00000025647#Pga5#15#Cricetus_cricetus__Black-bellied_hamster__HLcriCri1__GCA_964304595.1	Pga5	Cricetus_cricetus__Black-bellied_hamster__HLcriCri1__GCA_964304595.1	28	19
hg38.ENST00000312403.10_PGA5_4410_Crocidura_gueldenstaedtii__Guldenstadts_white-toothed_shrew__HLcroGuel1__GCA_965212715.2	hg38.ENST00000312403.10#PGA5#4410#Crocidura_gueldenstaedtii__Guldenstadts_white-toothed_shrew__HLcroGuel1__GCA_965212715.2	PGA5	Crocidura_gueldenstaedtii__Guldenstadts_white-toothed_shrew__HLcroGuel1__GCA_965212715.2	41	29
HLbosTau10.ENSBTAT00000025517_PAG2_7823_Crocidura_gueldenstaedtii__Guldenstadts_white-toothed_shrew__HLcroGuel1__GCA_965212715.2	HLbosTau10.ENSBTAT00000025517#PAG2#7823#Crocidura_gueldenstaedtii__Guldenstadts_white-toothed_shrew__HLcroGuel1__GCA_965212715.2	PAG2	Crocidura_gueldenstaedtii__Guldenstadts_white-toothed_shrew__HLcroGuel1__GCA_965212715.2	43	31
hg38.ENST00000312403.10_PGA5_3991_Crocidura_zimmermanni__Zimmermanns_shrew__HLcroZim1__GCA_965212715.1	hg38.ENST00000312403.10#PGA5#3991#Crocidura_zimmermanni__Zimmermanns_shrew__HLcroZim1__GCA_965212715.1	PGA5	Crocidura_zimmermanni__Zimmermanns_shrew__HLcroZim1__GCA_965212715.1	41	29
HLbosTau10.ENSBTAT00000005399_PAG11_11346_Crocidura_zimmermanni__Zimmermanns_shrew__HLcroZim1__GCA_965212715.1	HLbosTau10.ENSBTAT00000005399#PAG11#11346#Crocidura_zimmermanni__Zimmermanns_shrew__HLcroZim1__GCA_965212715.1	PAG11	Crocidura_zimmermanni__Zimmermanns_shrew__HLcroZim1__GCA_965212715.1	43	31
mm10.ENSMUST00000025647_Pga5_185_Ctenodactylus_gundi__Northern_gundi__HLcteGund2A__GCA_048771875.1	mm10.ENSMUST00000025647#Pga5#185#Ctenodactylus_gundi__Northern_gundi__HLcteGund2A__GCA_048771875.1	Pga5	Ctenodactylus_gundi__Northern_gundi__HLcteGund2A__GCA_048771875.1	25	16
hg38.ENST00000312403.10_PGA5_5434_Cynocephalus_volans__Philippine_flying_lemur__HLcynVol1__GCA_027409185.1	hg38.ENST00000312403.10#PGA5#5434#Cynocephalus_volans__Philippine_flying_lemur__HLcynVol1__GCA_027409185.1	PGA5	Cynocephalus_volans__Philippine_flying_lemur__HLcynVol1__GCA_027409185.1	59	38
HLbosTau10.ENSBTAT00000030466_PAG18_15159_Cynomys_gunnisoni__Gunnisons_prairie_dog__HLcynGun1__GCA_011316645.1	HLbosTau10.ENSBTAT00000030466#PAG18#15159#Cynomys_gunnisoni__Gunnisons_prairie_dog__HLcynGun1__GCA_011316645.1	PAG18	Cynomys_gunnisoni__Gunnisons_prairie_dog__HLcynGun1__GCA_011316645.1	37	26
mm10.ENSMUST00000025647_Pga5_1091_Cynomys_ludovicianus__Black-tailed_prairie_dog__HLcynLudo1__GCA_052576455.1	mm10.ENSMUST00000025647#Pga5#1091#Cynomys_ludovicianus__Black-tailed_prairie_dog__HLcynLudo1__GCA_052576455.1	Pga5	Cynomys_ludovicianus__Black-tailed_prairie_dog__HLcynLudo1__GCA_052576455.1	37	26
hg38.ENST00000325558.11_PGA3_1448_Cynomys_ludovicianus__Black-tailed_prairie_dog__HLcynLudo1__GCA_052576455.1	hg38.ENST00000325558.11#PGA3#1448#Cynomys_ludovicianus__Black-tailed_prairie_dog__HLcynLudo1__GCA_052576455.1	PGA3	Cynomys_ludovicianus__Black-tailed_prairie_dog__HLcynLudo1__GCA_052576455.1	60	39
hg38.ENST00000325558.11_PGA3_5_Cynopterus_sphinx__Indian_short-nosed_fruit_bat__HLcynSph1__GCA_030015415.1	hg38.ENST00000325558.11#PGA3#5#Cynopterus_sphinx__Indian_short-nosed_fruit_bat__HLcynSph1__GCA_030015415.1	PGA3	Cynopterus_sphinx__Indian_short-nosed_fruit_bat__HLcynSph1__GCA_030015415.1	53	38
mm10.ENSMUST00000025647_Pga5_158_Cynopterus_sphinx__Indian_short-nosed_fruit_bat__HLcynSph1__GCA_030015415.1	mm10.ENSMUST00000025647#Pga5#158#Cynopterus_sphinx__Indian_short-nosed_fruit_bat__HLcynSph1__GCA_030015415.1	Pga5	Cynopterus_sphinx__Indian_short-nosed_fruit_bat__HLcynSph1__GCA_030015415.1	22	14
hg38.ENST00000312403.10_PGA5_4391_Dama_dama__fallow_deer__HLdamDam1__GCF_033118175.1	hg38.ENST00000312403.10#PGA5#4391#Dama_dama__fallow_deer__HLdamDam1__GCF_033118175.1	PGA5	Dama_dama__fallow_deer__HLdamDam1__GCF_033118175.1	56	38
HLbosTau10.ENSBTAT00000005399_PAG11_12546_Dama_dama__fallow_deer__HLdamDam1__GCF_033118175.1	HLbosTau10.ENSBTAT00000005399#PAG11#12546#Dama_dama__fallow_deer__HLdamDam1__GCF_033118175.1	PAG11	Dama_dama__fallow_deer__HLdamDam1__GCF_033118175.1	5	4
HLbosTau10.ENSBTAT00000005399_PAG11_43723_Dama_dama__fallow_deer__HLdamDam1__GCF_033118175.1	HLbosTau10.ENSBTAT00000005399#PAG11#43723#Dama_dama__fallow_deer__HLdamDam1__GCF_033118175.1	PAG11	Dama_dama__fallow_deer__HLdamDam1__GCF_033118175.1	5	4
HLbosTau10.ENSBTAT00000005399_PAG11_329213_Dama_dama__fallow_deer__HLdamDam1__GCF_033118175.1	HLbosTau10.ENSBTAT00000005399#PAG11#329213#Dama_dama__fallow_deer__HLdamDam1__GCF_033118175.1	PAG11	Dama_dama__fallow_deer__HLdamDam1__GCF_033118175.1	5	4
HLbosTau10.ENSBTAT00000013786_PAG7_115230_Dama_dama__fallow_deer__HLdamDam1__GCF_033118175.1	HLbosTau10.ENSBTAT00000013786#PAG7#115230#Dama_dama__fallow_deer__HLdamDam1__GCF_033118175.1	PAG7	Dama_dama__fallow_deer__HLdamDam1__GCF_033118175.1	5	4
HLbosTau10.ENSBTAT00000005399_PAG11_7399_Dama_dama__fallow_deer__HLdamDam1__GCF_033118175.1	HLbosTau10.ENSBTAT00000005399#PAG11#7399#Dama_dama__fallow_deer__HLdamDam1__GCF_033118175.1	PAG11	Dama_dama__fallow_deer__HLdamDam1__GCF_033118175.1	8	4
HLbosTau10.ENSBTAT00000013786_PAG7_426_Dama_dama__fallow_deer__HLdamDam1__GCF_033118175.1	HLbosTau10.ENSBTAT00000013786#PAG7#426#Dama_dama__fallow_deer__HLdamDam1__GCF_033118175.1	PAG7	Dama_dama__fallow_deer__HLdamDam1__GCF_033118175.1	8	4
HLbosTau10.ENSBTAT00000005399_PAG11_31_Dama_dama__fallow_deer__HLdamDam1__GCF_033118175.1	HLbosTau10.ENSBTAT00000005399#PAG11#31#Dama_dama__fallow_deer__HLdamDam1__GCF_033118175.1	PAG11	Dama_dama__fallow_deer__HLdamDam1__GCF_033118175.1	7	4
HLbosTau10.ENSBTAT00000025567_PAG12_33685_Dama_dama__fallow_deer__HLdamDam1__GCF_033118175.1	HLbosTau10.ENSBTAT00000025567#PAG12#33685#Dama_dama__fallow_deer__HLdamDam1__GCF_033118175.1	PAG12	Dama_dama__fallow_deer__HLdamDam1__GCF_033118175.1	7	4
HLbosTau10.NM_176628_PAG19_169_Dama_dama__fallow_deer__HLdamDam1__GCF_033118175.1	HLbosTau10.NM_176628#PAG19#169#Dama_dama__fallow_deer__HLdamDam1__GCF_033118175.1	PAG19	Dama_dama__fallow_deer__HLdamDam1__GCF_033118175.1	2	2
HLbosTau10.ENSBTAT00000005384_PAG10_4875_Dama_dama__fallow_deer__HLdamDam1__GCF_033118175.1	HLbosTau10.ENSBTAT00000005384#PAG10#4875#Dama_dama__fallow_deer__HLdamDam1__GCF_033118175.1	PAG10	Dama_dama__fallow_deer__HLdamDam1__GCF_033118175.1	2	2
HLbosTau10.XM_024987413_ENSBTAG00000046686_251_Dama_dama__fallow_deer__HLdamDam1__GCF_033118175.1	HLbosTau10.XM_024987413#ENSBTAG00000046686#251#Dama_dama__fallow_deer__HLdamDam1__GCF_033118175.1	ENSBTAG00000046686	Dama_dama__fallow_deer__HLdamDam1__GCF_033118175.1	2	2
HLbosTau10.ENSBTAT00000025567_PAG12_323193_Dama_dama__fallow_deer__HLdamDam1__GCF_033118175.1	HLbosTau10.ENSBTAT00000025567#PAG12#323193#Dama_dama__fallow_deer__HLdamDam1__GCF_033118175.1	PAG12	Dama_dama__fallow_deer__HLdamDam1__GCF_033118175.1	2	2
HLbosTau10.ENSBTAT00000025597_PAG8_22964_Dama_dama__fallow_deer__HLdamDam1__GCF_033118175.1	HLbosTau10.ENSBTAT00000025597#PAG8#22964#Dama_dama__fallow_deer__HLdamDam1__GCF_033118175.1	PAG8	Dama_dama__fallow_deer__HLdamDam1__GCF_033118175.1	2	2
HLbosTau10.ENSBTAT00000005399_PAG11_907_Dama_dama__fallow_deer__HLdamDam1__GCF_033118175.1	HLbosTau10.ENSBTAT00000005399#PAG11#907#Dama_dama__fallow_deer__HLdamDam1__GCF_033118175.1	PAG11	Dama_dama__fallow_deer__HLdamDam1__GCF_033118175.1	2	2
HLbosTau10.ENSBTAT00000005399_PAG11_131247_Dama_dama__fallow_deer__HLdamDam1__GCF_033118175.1	HLbosTau10.ENSBTAT00000005399#PAG11#131247#Dama_dama__fallow_deer__HLdamDam1__GCF_033118175.1	PAG11	Dama_dama__fallow_deer__HLdamDam1__GCF_033118175.1	2	2
HLbosTau10.NM_176619_PAG8_655_Dama_dama__fallow_deer__HLdamDam1__GCF_033118175.1	HLbosTau10.NM_176619#PAG8#655#Dama_dama__fallow_deer__HLdamDam1__GCF_033118175.1	PAG8	Dama_dama__fallow_deer__HLdamDam1__GCF_033118175.1	2	2
HLbosTau10.ENSBTAT00000025517_PAG2_387_Dama_dama__fallow_deer__HLdamDam1__GCF_033118175.1	HLbosTau10.ENSBTAT00000025517#PAG2#387#Dama_dama__fallow_deer__HLdamDam1__GCF_033118175.1	PAG2	Dama_dama__fallow_deer__HLdamDam1__GCF_033118175.1	2	2
HLbosTau10.ENSBTAT00000007506_MGC157408_123_Dama_dama__fallow_deer__HLdamDam1__GCF_033118175.1	HLbosTau10.ENSBTAT00000007506#MGC157408#123#Dama_dama__fallow_deer__HLdamDam1__GCF_033118175.1	MGC157408	Dama_dama__fallow_deer__HLdamDam1__GCF_033118175.1	2	2
HLbosTau10.NM_176619_PAG8_42129_Dama_dama__fallow_deer__HLdamDam1__GCF_033118175.1	HLbosTau10.NM_176619#PAG8#42129#Dama_dama__fallow_deer__HLdamDam1__GCF_033118175.1	PAG8	Dama_dama__fallow_deer__HLdamDam1__GCF_033118175.1	2	2
HLbosTau10.NM_176628_PAG19_31_Dama_dama__fallow_deer__HLdamDam1__GCF_033118175.1	HLbosTau10.NM_176628#PAG19#31#Dama_dama__fallow_deer__HLdamDam1__GCF_033118175.1	PAG19	Dama_dama__fallow_deer__HLdamDam1__GCF_033118175.1	2	2
HLbosTau10.ENSBTAT00000013786_PAG7_134_Dama_dama__fallow_deer__HLdamDam1__GCF_033118175.1	HLbosTau10.ENSBTAT00000013786#PAG7#134#Dama_dama__fallow_deer__HLdamDam1__GCF_033118175.1	PAG7	Dama_dama__fallow_deer__HLdamDam1__GCF_033118175.1	2	2
HLbosTau10.ENSBTAT00000005384_PAG10_762349_Dama_dama__fallow_deer__HLdamDam1__GCF_033118175.1	HLbosTau10.ENSBTAT00000005384#PAG10#762349#Dama_dama__fallow_deer__HLdamDam1__GCF_033118175.1	PAG10	Dama_dama__fallow_deer__HLdamDam1__GCF_033118175.1	2	2
HLbosTau10.ENSBTAT00000050648_PAG9_991_Dama_dama__fallow_deer__HLdamDam1__GCF_033118175.1	HLbosTau10.ENSBTAT00000050648#PAG9#991#Dama_dama__fallow_deer__HLdamDam1__GCF_033118175.1	PAG9	Dama_dama__fallow_deer__HLdamDam1__GCF_033118175.1	2	2
HLbosTau10.ENSBTAT00000013786_PAG7_448286_Dama_dama__fallow_deer__HLdamDam1__GCF_033118175.1	HLbosTau10.ENSBTAT00000013786#PAG7#448286#Dama_dama__fallow_deer__HLdamDam1__GCF_033118175.1	PAG7	Dama_dama__fallow_deer__HLdamDam1__GCF_033118175.1	2	2
HLbosTau10.ENSBTAT00000007506_MGC157408_131_Dama_dama__fallow_deer__HLdamDam1__GCF_033118175.1	HLbosTau10.ENSBTAT00000007506#MGC157408#131#Dama_dama__fallow_deer__HLdamDam1__GCF_033118175.1	MGC157408	Dama_dama__fallow_deer__HLdamDam1__GCF_033118175.1	2	2
HLbosTau10.ENSBTAT00000013786_PAG7_112253_Dama_dama__fallow_deer__HLdamDam1__GCF_033118175.1	HLbosTau10.ENSBTAT00000013786#PAG7#112253#Dama_dama__fallow_deer__HLdamDam1__GCF_033118175.1	PAG7	Dama_dama__fallow_deer__HLdamDam1__GCF_033118175.1	2	2
HLbosTau10.ENSBTAT00000013786_PAG7_930_Dama_dama__fallow_deer__HLdamDam1__GCF_033118175.1	HLbosTau10.ENSBTAT00000013786#PAG7#930#Dama_dama__fallow_deer__HLdamDam1__GCF_033118175.1	PAG7	Dama_dama__fallow_deer__HLdamDam1__GCF_033118175.1	2	2
HLbosTau10.ENSBTAT00000030244_ENSBTAG00000050440_131_Dama_dama__fallow_deer__HLdamDam1__GCF_033118175.1	HLbosTau10.ENSBTAT00000030244#ENSBTAG00000050440#131#Dama_dama__fallow_deer__HLdamDam1__GCF_033118175.1	ENSBTAG00000050440	Dama_dama__fallow_deer__HLdamDam1__GCF_033118175.1	2	2
HLbosTau10.ENSBTAT00000005384_PAG10_323287_Dama_dama__fallow_deer__HLdamDam1__GCF_033118175.1	HLbosTau10.ENSBTAT00000005384#PAG10#323287#Dama_dama__fallow_deer__HLdamDam1__GCF_033118175.1	PAG10	Dama_dama__fallow_deer__HLdamDam1__GCF_033118175.1	2	2
HLbosTau10.ENSBTAT00000013786_PAG7_165787_Dama_dama__fallow_deer__HLdamDam1__GCF_033118175.1	HLbosTau10.ENSBTAT00000013786#PAG7#165787#Dama_dama__fallow_deer__HLdamDam1__GCF_033118175.1	PAG7	Dama_dama__fallow_deer__HLdamDam1__GCF_033118175.1	2	2
HLbosTau10.ENSBTAT00000013786_PAG7_62_Dama_dama__fallow_deer__HLdamDam1__GCF_033118175.1	HLbosTau10.ENSBTAT00000013786#PAG7#62#Dama_dama__fallow_deer__HLdamDam1__GCF_033118175.1	PAG7	Dama_dama__fallow_deer__HLdamDam1__GCF_033118175.1	2	2
HLbosTau10.XM_024987413_ENSBTAG00000046686_128_Dama_dama__fallow_deer__HLdamDam1__GCF_033118175.1	HLbosTau10.XM_024987413#ENSBTAG00000046686#128#Dama_dama__fallow_deer__HLdamDam1__GCF_033118175.1	ENSBTAG00000046686	Dama_dama__fallow_deer__HLdamDam1__GCF_033118175.1	2	2
HLbosTau10.ENSBTAT00000064112_ENSBTAG00000054180_156_Dama_dama__fallow_deer__HLdamDam1__GCF_033118175.1	HLbosTau10.ENSBTAT00000064112#ENSBTAG00000054180#156#Dama_dama__fallow_deer__HLdamDam1__GCF_033118175.1	ENSBTAG00000054180	Dama_dama__fallow_deer__HLdamDam1__GCF_033118175.1	2	2
HLbosTau10.ENSBTAT00000005384_PAG10_11892_Dama_dama__fallow_deer__HLdamDam1__GCF_033118175.1	HLbosTau10.ENSBTAT00000005384#PAG10#11892#Dama_dama__fallow_deer__HLdamDam1__GCF_033118175.1	PAG10	Dama_dama__fallow_deer__HLdamDam1__GCF_033118175.1	2	2
HLbosTau10.NM_176628_PAG19_31235_Dama_dama__fallow_deer__HLdamDam1__GCF_033118175.1	HLbosTau10.NM_176628#PAG19#31235#Dama_dama__fallow_deer__HLdamDam1__GCF_033118175.1	PAG19	Dama_dama__fallow_deer__HLdamDam1__GCF_033118175.1	2	2
HLbosTau10.ENSBTAT00000038954_PAG21_2281_Dama_dama__fallow_deer__HLdamDam1__GCF_033118175.1	HLbosTau10.ENSBTAT00000038954#PAG21#2281#Dama_dama__fallow_deer__HLdamDam1__GCF_033118175.1	PAG21	Dama_dama__fallow_deer__HLdamDam1__GCF_033118175.1	2	2
HLbosTau10.ENSBTAT00000013786_PAG7_61_Dama_dama__fallow_deer__HLdamDam1__GCF_033118175.1	HLbosTau10.ENSBTAT00000013786#PAG7#61#Dama_dama__fallow_deer__HLdamDam1__GCF_033118175.1	PAG7	Dama_dama__fallow_deer__HLdamDam1__GCF_033118175.1	2	2
HLbosTau10.ENSBTAT00000030244_ENSBTAG00000050440_609_Dama_dama__fallow_deer__HLdamDam1__GCF_033118175.1	HLbosTau10.ENSBTAT00000030244#ENSBTAG00000050440#609#Dama_dama__fallow_deer__HLdamDam1__GCF_033118175.1	ENSBTAG00000050440	Dama_dama__fallow_deer__HLdamDam1__GCF_033118175.1	2	2
HLbosTau10.ENSBTAT00000013786_PAG7_31_Dama_dama__fallow_deer__HLdamDam1__GCF_033118175.1	HLbosTau10.ENSBTAT00000013786#PAG7#31#Dama_dama__fallow_deer__HLdamDam1__GCF_033118175.1	PAG7	Dama_dama__fallow_deer__HLdamDam1__GCF_033118175.1	2	2
HLbosTau10.ENSBTAT00000013786_PAG7_51_Dama_dama__fallow_deer__HLdamDam1__GCF_033118175.1	HLbosTau10.ENSBTAT00000013786#PAG7#51#Dama_dama__fallow_deer__HLdamDam1__GCF_033118175.1	PAG7	Dama_dama__fallow_deer__HLdamDam1__GCF_033118175.1	2	2
HLbosTau10.ENSBTAT00000013786_PAG7_65_Dama_dama__fallow_deer__HLdamDam1__GCF_033118175.1	HLbosTau10.ENSBTAT00000013786#PAG7#65#Dama_dama__fallow_deer__HLdamDam1__GCF_033118175.1	PAG7	Dama_dama__fallow_deer__HLdamDam1__GCF_033118175.1	2	2
HLbosTau10.ENSBTAT00000005384_PAG10_1531_Dama_dama__fallow_deer__HLdamDam1__GCF_033118175.1	HLbosTau10.ENSBTAT00000005384#PAG10#1531#Dama_dama__fallow_deer__HLdamDam1__GCF_033118175.1	PAG10	Dama_dama__fallow_deer__HLdamDam1__GCF_033118175.1	2	2
HLbosTau10.ENSBTAT00000052386_MGC157405_44326_Dama_dama__fallow_deer__HLdamDam1__GCF_033118175.1	HLbosTau10.ENSBTAT00000052386#MGC157405#44326#Dama_dama__fallow_deer__HLdamDam1__GCF_033118175.1	MGC157405	Dama_dama__fallow_deer__HLdamDam1__GCF_033118175.1	2	2
HLbosTau10.ENSBTAT00000013786_PAG7_17673_Dama_dama__fallow_deer__HLdamDam1__GCF_033118175.1	HLbosTau10.ENSBTAT00000013786#PAG7#17673#Dama_dama__fallow_deer__HLdamDam1__GCF_033118175.1	PAG7	Dama_dama__fallow_deer__HLdamDam1__GCF_033118175.1	2	2
HLbosTau10.ENSBTAT00000013786_PAG7_1047_Dama_dama__fallow_deer__HLdamDam1__GCF_033118175.1	HLbosTau10.ENSBTAT00000013786#PAG7#1047#Dama_dama__fallow_deer__HLdamDam1__GCF_033118175.1	PAG7	Dama_dama__fallow_deer__HLdamDam1__GCF_033118175.1	2	2
HLbosTau10.ENSBTAT00000013786_PAG7_2613_Dama_dama__fallow_deer__HLdamDam1__GCF_033118175.1	HLbosTau10.ENSBTAT00000013786#PAG7#2613#Dama_dama__fallow_deer__HLdamDam1__GCF_033118175.1	PAG7	Dama_dama__fallow_deer__HLdamDam1__GCF_033118175.1	2	2
HLbosTau10.ENSBTAT00000025593_PAG5_44990_Dama_dama__fallow_deer__HLdamDam1__GCF_033118175.1	HLbosTau10.ENSBTAT00000025593#PAG5#44990#Dama_dama__fallow_deer__HLdamDam1__GCF_033118175.1	PAG5	Dama_dama__fallow_deer__HLdamDam1__GCF_033118175.1	2	2
HLbosTau10.ENSBTAT00000018996_ENSBTAG00000040257_3662_Dama_dama__fallow_deer__HLdamDam1__GCF_033118175.1	HLbosTau10.ENSBTAT00000018996#ENSBTAG00000040257#3662#Dama_dama__fallow_deer__HLdamDam1__GCF_033118175.1	ENSBTAG00000040257	Dama_dama__fallow_deer__HLdamDam1__GCF_033118175.1	2	2
HLbosTau10.ENSBTAT00000005384_PAG10_317728_Dama_dama__fallow_deer__HLdamDam1__GCF_033118175.1	HLbosTau10.ENSBTAT00000005384#PAG10#317728#Dama_dama__fallow_deer__HLdamDam1__GCF_033118175.1	PAG10	Dama_dama__fallow_deer__HLdamDam1__GCF_033118175.1	2	2
HLbosTau10.ENSBTAT00000018996_ENSBTAG00000040257_9180_Dama_dama__fallow_deer__HLdamDam1__GCF_033118175.1	HLbosTau10.ENSBTAT00000018996#ENSBTAG00000040257#9180#Dama_dama__fallow_deer__HLdamDam1__GCF_033118175.1	ENSBTAG00000040257	Dama_dama__fallow_deer__HLdamDam1__GCF_033118175.1	2	2
HLbosTau10.ENSBTAT00000025517_PAG2_26731_Dama_dama__fallow_deer__HLdamDam1__GCF_033118175.1	HLbosTau10.ENSBTAT00000025517#PAG2#26731#Dama_dama__fallow_deer__HLdamDam1__GCF_033118175.1	PAG2	Dama_dama__fallow_deer__HLdamDam1__GCF_033118175.1	2	2
HLbosTau10.ENSBTAT00000005384_PAG10_31_Dama_dama__fallow_deer__HLdamDam1__GCF_033118175.1	HLbosTau10.ENSBTAT00000005384#PAG10#31#Dama_dama__fallow_deer__HLdamDam1__GCF_033118175.1	PAG10	Dama_dama__fallow_deer__HLdamDam1__GCF_033118175.1	10	4
HLbosTau10.ENSBTAT00000077609_ENSBTAG00000053183_38492_Dama_dama__fallow_deer__HLdamDam1__GCF_033118175.1	HLbosTau10.ENSBTAT00000077609#ENSBTAG00000053183#38492#Dama_dama__fallow_deer__HLdamDam1__GCF_033118175.1	ENSBTAG00000053183	Dama_dama__fallow_deer__HLdamDam1__GCF_033118175.1	6	4
HLbosTau10.ENSBTAT00000025567_PAG12_128264_Dama_dama__fallow_deer__HLdamDam1__GCF_033118175.1	HLbosTau10.ENSBTAT00000025567#PAG12#128264#Dama_dama__fallow_deer__HLdamDam1__GCF_033118175.1	PAG12	Dama_dama__fallow_deer__HLdamDam1__GCF_033118175.1	10	4
hg38.ENST00000312403.10_PGA5_4650_Dasypus_novemcinctus__Nine-banded_armadillo__HLdasNove5A__GCF_030445035.2	hg38.ENST00000312403.10#PGA5#4650#Dasypus_novemcinctus__Nine-banded_armadillo__HLdasNove5A__GCF_030445035.2	PGA5	Dasypus_novemcinctus__Nine-banded_armadillo__HLdasNove5A__GCF_030445035.2	47	33
HLbosTau10.ENSBTAT00000005399_PAG11_824_Dasypus_novemcinctus__Nine-banded_armadillo__HLdasNove5A__GCF_030445035.2	HLbosTau10.ENSBTAT00000005399#PAG11#824#Dasypus_novemcinctus__Nine-banded_armadillo__HLdasNove5A__GCF_030445035.2	PAG11	Dasypus_novemcinctus__Nine-banded_armadillo__HLdasNove5A__GCF_030445035.2	11	5
HLbosTau10.ENSBTAT00000005399_PAG11_1053_Dasypus_novemcinctus__Nine-banded_armadillo__HLdasNove5A__GCF_030445035.2	HLbosTau10.ENSBTAT00000005399#PAG11#1053#Dasypus_novemcinctus__Nine-banded_armadillo__HLdasNove5A__GCF_030445035.2	PAG11	Dasypus_novemcinctus__Nine-banded_armadillo__HLdasNove5A__GCF_030445035.2	11	5
HLbosTau10.ENSBTAT00000005384_PAG10_11542_Dasypus_novemcinctus__Nine-banded_armadillo__HLdasNove5A__GCF_030445035.2	HLbosTau10.ENSBTAT00000005384#PAG10#11542#Dasypus_novemcinctus__Nine-banded_armadillo__HLdasNove5A__GCF_030445035.2	PAG10	Dasypus_novemcinctus__Nine-banded_armadillo__HLdasNove5A__GCF_030445035.2	11	5
HLbosTau10.ENSBTAT00000005384_PAG10_7607_Dasypus_novemcinctus__Nine-banded_armadillo__HLdasNove5A__GCF_030445035.2	HLbosTau10.ENSBTAT00000005384#PAG10#7607#Dasypus_novemcinctus__Nine-banded_armadillo__HLdasNove5A__GCF_030445035.2	PAG10	Dasypus_novemcinctus__Nine-banded_armadillo__HLdasNove5A__GCF_030445035.2	11	5
HLbosTau10.ENSBTAT00000018996_ENSBTAG00000040257_4150_Dasypus_novemcinctus__Nine-banded_armadillo__HLdasNove5A__GCF_030445035.2	HLbosTau10.ENSBTAT00000018996#ENSBTAG00000040257#4150#Dasypus_novemcinctus__Nine-banded_armadillo__HLdasNove5A__GCF_030445035.2	ENSBTAG00000040257	Dasypus_novemcinctus__Nine-banded_armadillo__HLdasNove5A__GCF_030445035.2	12	5
HLbosTau10.ENSBTAT00000005399_PAG11_529_Dasypus_novemcinctus__Nine-banded_armadillo__HLdasNove5A__GCF_030445035.2	HLbosTau10.ENSBTAT00000005399#PAG11#529#Dasypus_novemcinctus__Nine-banded_armadillo__HLdasNove5A__GCF_030445035.2	PAG11	Dasypus_novemcinctus__Nine-banded_armadillo__HLdasNove5A__GCF_030445035.2	11	5
HLbosTau10.ENSBTAT00000013786_PAG7_1527_Dasypus_novemcinctus__Nine-banded_armadillo__HLdasNove5A__GCF_030445035.2	HLbosTau10.ENSBTAT00000013786#PAG7#1527#Dasypus_novemcinctus__Nine-banded_armadillo__HLdasNove5A__GCF_030445035.2	PAG7	Dasypus_novemcinctus__Nine-banded_armadillo__HLdasNove5A__GCF_030445035.2	12	5
HLbosTau10.ENSBTAT00000064112_ENSBTAG00000054180_131275_Dasypus_novemcinctus__Nine-banded_armadillo__HLdasNove5A__GCF_030445035.2	HLbosTau10.ENSBTAT00000064112#ENSBTAG00000054180#131275#Dasypus_novemcinctus__Nine-banded_armadillo__HLdasNove5A__GCF_030445035.2	ENSBTAG00000054180	Dasypus_novemcinctus__Nine-banded_armadillo__HLdasNove5A__GCF_030445035.2	12	5
hg38.ENST00000312403.10_PGA5_4338_Dasypus_novemcinctus__nine-banded_armadillo__HLdasNov4__GCF_030445035.1	hg38.ENST00000312403.10#PGA5#4338#Dasypus_novemcinctus__nine-banded_armadillo__HLdasNov4__GCF_030445035.1	PGA5	Dasypus_novemcinctus__nine-banded_armadillo__HLdasNov4__GCF_030445035.1	47	33
HLbosTau10.ENSBTAT00000005384_PAG10_11305_Dasypus_novemcinctus__nine-banded_armadillo__HLdasNov4__GCF_030445035.1	HLbosTau10.ENSBTAT00000005384#PAG10#11305#Dasypus_novemcinctus__nine-banded_armadillo__HLdasNov4__GCF_030445035.1	PAG10	Dasypus_novemcinctus__nine-banded_armadillo__HLdasNov4__GCF_030445035.1	11	5
HLbosTau10.ENSBTAT00000005399_PAG11_1088_Dasypus_novemcinctus__nine-banded_armadillo__HLdasNov4__GCF_030445035.1	HLbosTau10.ENSBTAT00000005399#PAG11#1088#Dasypus_novemcinctus__nine-banded_armadillo__HLdasNov4__GCF_030445035.1	PAG11	Dasypus_novemcinctus__nine-banded_armadillo__HLdasNov4__GCF_030445035.1	11	5
HLbosTau10.ENSBTAT00000005399_PAG11_6248_Dasypus_novemcinctus__nine-banded_armadillo__HLdasNov4__GCF_030445035.1	HLbosTau10.ENSBTAT00000005399#PAG11#6248#Dasypus_novemcinctus__nine-banded_armadillo__HLdasNov4__GCF_030445035.1	PAG11	Dasypus_novemcinctus__nine-banded_armadillo__HLdasNov4__GCF_030445035.1	11	5
HLbosTau10.ENSBTAT00000005384_PAG10_7431_Dasypus_novemcinctus__nine-banded_armadillo__HLdasNov4__GCF_030445035.1	HLbosTau10.ENSBTAT00000005384#PAG10#7431#Dasypus_novemcinctus__nine-banded_armadillo__HLdasNov4__GCF_030445035.1	PAG10	Dasypus_novemcinctus__nine-banded_armadillo__HLdasNov4__GCF_030445035.1	11	5
HLbosTau10.ENSBTAT00000030243_PAG3_23634_Dasypus_novemcinctus__nine-banded_armadillo__HLdasNov4__GCF_030445035.1	HLbosTau10.ENSBTAT00000030243#PAG3#23634#Dasypus_novemcinctus__nine-banded_armadillo__HLdasNov4__GCF_030445035.1	PAG3	Dasypus_novemcinctus__nine-banded_armadillo__HLdasNov4__GCF_030445035.1	11	5
HLbosTau10.ENSBTAT00000009701_ENSBTAG00000038506_40685_Dasypus_novemcinctus__nine-banded_armadillo__HLdasNov4__GCF_030445035.1	HLbosTau10.ENSBTAT00000009701#ENSBTAG00000038506#40685#Dasypus_novemcinctus__nine-banded_armadillo__HLdasNov4__GCF_030445035.1	ENSBTAG00000038506	Dasypus_novemcinctus__nine-banded_armadillo__HLdasNov4__GCF_030445035.1	12	5
HLbosTau10.ENSBTAT00000013786_PAG7_1053_Dasypus_novemcinctus__nine-banded_armadillo__HLdasNov4__GCF_030445035.1	HLbosTau10.ENSBTAT00000013786#PAG7#1053#Dasypus_novemcinctus__nine-banded_armadillo__HLdasNov4__GCF_030445035.1	PAG7	Dasypus_novemcinctus__nine-banded_armadillo__HLdasNov4__GCF_030445035.1	12	5
mm10.ENSMUST00000025647_Pga5_627_Daubentonia_madagascariensis__aye-aye__HLdauMad1__GCA_004027145.1	mm10.ENSMUST00000025647#Pga5#627#Daubentonia_madagascariensis__aye-aye__HLdauMad1__GCA_004027145.1	Pga5	Daubentonia_madagascariensis__aye-aye__HLdauMad1__GCA_004027145.1	33	22
HLbosTau10.ENSBTAT00000019640_PGA5_658_Daubentonia_madagascariensis__aye-aye__HLdauMad1__GCA_004027145.1	HLbosTau10.ENSBTAT00000019640#PGA5#658#Daubentonia_madagascariensis__aye-aye__HLdauMad1__GCA_004027145.1	PGA5	Daubentonia_madagascariensis__aye-aye__HLdauMad1__GCA_004027145.1	58	38
mm10.ENSMUST00000025647_Pga5_157_Daubentonia_madagascariensis__aye-aye__HLdauMad2__GCA_023783475.1	mm10.ENSMUST00000025647#Pga5#157#Daubentonia_madagascariensis__aye-aye__HLdauMad2__GCA_023783475.1	Pga5	Daubentonia_madagascariensis__aye-aye__HLdauMad2__GCA_023783475.1	33	22
hg38.ENST00000312403.10_PGA5_4827_Daubentonia_madagascariensis__aye-aye__HLdauMad2__GCA_023783475.1	hg38.ENST00000312403.10#PGA5#4827#Daubentonia_madagascariensis__aye-aye__HLdauMad2__GCA_023783475.1	PGA5	Daubentonia_madagascariensis__aye-aye__HLdauMad2__GCA_023783475.1	58	38
HLbosTau10.NM_176625_PAG16_4778_Delphinapterus_leucas__beluga_whale__HLdelLeu4__GCA_035221355.1	HLbosTau10.NM_176625#PAG16#4778#Delphinapterus_leucas__beluga_whale__HLdelLeu4__GCA_035221355.1	PAG16	Delphinapterus_leucas__beluga_whale__HLdelLeu4__GCA_035221355.1	10	4
hg38.ENST00000312403.10_PGA5_3170_Delphinapterus_leucas__beluga_whale__HLdelLeu4__GCA_035221355.1	hg38.ENST00000312403.10#PGA5#3170#Delphinapterus_leucas__beluga_whale__HLdelLeu4__GCA_035221355.1	PGA5	Delphinapterus_leucas__beluga_whale__HLdelLeu4__GCA_035221355.1	56	38
HLbosTau10.ENSBTAT00000013786_PAG7_417_Delphinus_delphis__Saddleback_dolphin__HLdelDelp3__GCA_030062865.2	HLbosTau10.ENSBTAT00000013786#PAG7#417#Delphinus_delphis__Saddleback_dolphin__HLdelDelp3__GCA_030062865.2	PAG7	Delphinus_delphis__Saddleback_dolphin__HLdelDelp3__GCA_030062865.2	10	4
mm10.ENSMUST00000025647_Pga5_328962_Delphinus_delphis__Saddleback_dolphin__HLdelDelp3__GCA_030062865.2	mm10.ENSMUST00000025647#Pga5#328962#Delphinus_delphis__Saddleback_dolphin__HLdelDelp3__GCA_030062865.2	Pga5	Delphinus_delphis__Saddleback_dolphin__HLdelDelp3__GCA_030062865.2	10	4
mm10.ENSMUST00000025647_Pga5_180867_Delphinus_delphis__Saddleback_dolphin__HLdelDelp3__GCA_030062865.2	mm10.ENSMUST00000025647#Pga5#180867#Delphinus_delphis__Saddleback_dolphin__HLdelDelp3__GCA_030062865.2	Pga5	Delphinus_delphis__Saddleback_dolphin__HLdelDelp3__GCA_030062865.2	10	4
mm10.ENSMUST00000025647_Pga5_181681_Delphinus_delphis__Saddleback_dolphin__HLdelDelp3__GCA_030062865.2	mm10.ENSMUST00000025647#Pga5#181681#Delphinus_delphis__Saddleback_dolphin__HLdelDelp3__GCA_030062865.2	Pga5	Delphinus_delphis__Saddleback_dolphin__HLdelDelp3__GCA_030062865.2	10	4
mm10.ENSMUST00000025647_Pga5_169279_Delphinus_delphis__Saddleback_dolphin__HLdelDelp3__GCA_030062865.2	mm10.ENSMUST00000025647#Pga5#169279#Delphinus_delphis__Saddleback_dolphin__HLdelDelp3__GCA_030062865.2	Pga5	Delphinus_delphis__Saddleback_dolphin__HLdelDelp3__GCA_030062865.2	10	4
mm10.ENSMUST00000025647_Pga5_98330_Delphinus_delphis__Saddleback_dolphin__HLdelDelp3__GCA_030062865.2	mm10.ENSMUST00000025647#Pga5#98330#Delphinus_delphis__Saddleback_dolphin__HLdelDelp3__GCA_030062865.2	Pga5	Delphinus_delphis__Saddleback_dolphin__HLdelDelp3__GCA_030062865.2	10	4
HLbosTau10.ENSBTAT00000005384_PAG10_1878_Delphinus_delphis__Saddleback_dolphin__HLdelDelp3__GCA_030062865.2	HLbosTau10.ENSBTAT00000005384#PAG10#1878#Delphinus_delphis__Saddleback_dolphin__HLdelDelp3__GCA_030062865.2	PAG10	Delphinus_delphis__Saddleback_dolphin__HLdelDelp3__GCA_030062865.2	10	4
hg38.ENST00000312403.10_PGA5_3412_Delphinus_delphis__Saddleback_dolphin__HLdelDelp3__GCA_030062865.2	hg38.ENST00000312403.10#PGA5#3412#Delphinus_delphis__Saddleback_dolphin__HLdelDelp3__GCA_030062865.2	PGA5	Delphinus_delphis__Saddleback_dolphin__HLdelDelp3__GCA_030062865.2	56	38
HLbosTau10.ENSBTAT00000013786_PAG7_420_Delphinus_delphis__saddleback_dolphin__HLdelDel2__GCA_030062865.1	HLbosTau10.ENSBTAT00000013786#PAG7#420#Delphinus_delphis__saddleback_dolphin__HLdelDel2__GCA_030062865.1	PAG7	Delphinus_delphis__saddleback_dolphin__HLdelDel2__GCA_030062865.1	10	4
mm10.ENSMUST00000025647_Pga5_315178_Delphinus_delphis__saddleback_dolphin__HLdelDel2__GCA_030062865.1	mm10.ENSMUST00000025647#Pga5#315178#Delphinus_delphis__saddleback_dolphin__HLdelDel2__GCA_030062865.1	Pga5	Delphinus_delphis__saddleback_dolphin__HLdelDel2__GCA_030062865.1	10	4
mm10.ENSMUST00000025647_Pga5_170212_Delphinus_delphis__saddleback_dolphin__HLdelDel2__GCA_030062865.1	mm10.ENSMUST00000025647#Pga5#170212#Delphinus_delphis__saddleback_dolphin__HLdelDel2__GCA_030062865.1	Pga5	Delphinus_delphis__saddleback_dolphin__HLdelDel2__GCA_030062865.1	10	4
mm10.ENSMUST00000025647_Pga5_171002_Delphinus_delphis__saddleback_dolphin__HLdelDel2__GCA_030062865.1	mm10.ENSMUST00000025647#Pga5#171002#Delphinus_delphis__saddleback_dolphin__HLdelDel2__GCA_030062865.1	Pga5	Delphinus_delphis__saddleback_dolphin__HLdelDel2__GCA_030062865.1	10	4
mm10.ENSMUST00000025647_Pga5_158618_Delphinus_delphis__saddleback_dolphin__HLdelDel2__GCA_030062865.1	mm10.ENSMUST00000025647#Pga5#158618#Delphinus_delphis__saddleback_dolphin__HLdelDel2__GCA_030062865.1	Pga5	Delphinus_delphis__saddleback_dolphin__HLdelDel2__GCA_030062865.1	10	4
mm10.ENSMUST00000025647_Pga5_89280_Delphinus_delphis__saddleback_dolphin__HLdelDel2__GCA_030062865.1	mm10.ENSMUST00000025647#Pga5#89280#Delphinus_delphis__saddleback_dolphin__HLdelDel2__GCA_030062865.1	Pga5	Delphinus_delphis__saddleback_dolphin__HLdelDel2__GCA_030062865.1	10	4
HLbosTau10.ENSBTAT00000005384_PAG10_1891_Delphinus_delphis__saddleback_dolphin__HLdelDel2__GCA_030062865.1	HLbosTau10.ENSBTAT00000005384#PAG10#1891#Delphinus_delphis__saddleback_dolphin__HLdelDel2__GCA_030062865.1	PAG10	Delphinus_delphis__saddleback_dolphin__HLdelDel2__GCA_030062865.1	10	4
hg38.ENST00000312403.10_PGA5_3274_Delphinus_delphis__saddleback_dolphin__HLdelDel2__GCA_030062865.1	hg38.ENST00000312403.10#PGA5#3274#Delphinus_delphis__saddleback_dolphin__HLdelDel2__GCA_030062865.1	PGA5	Delphinus_delphis__saddleback_dolphin__HLdelDel2__GCA_030062865.1	56	38
mm10.ENSMUST00000025647_Pga5_70_Dermanura_phaeotis__Dwarf_fruit-eating_bat__HLderPhae1A__GCA_051107565.1	mm10.ENSMUST00000025647#Pga5#70#Dermanura_phaeotis__Dwarf_fruit-eating_bat__HLderPhae1A__GCA_051107565.1	Pga5	Dermanura_phaeotis__Dwarf_fruit-eating_bat__HLderPhae1A__GCA_051107565.1	21	14
hg38.ENST00000325558.11_PGA3_11_Dermanura_phaeotis__Dwarf_fruit-eating_bat__HLderPhae1A__GCA_051107565.1	hg38.ENST00000325558.11#PGA3#11#Dermanura_phaeotis__Dwarf_fruit-eating_bat__HLderPhae1A__GCA_051107565.1	PGA3	Dermanura_phaeotis__Dwarf_fruit-eating_bat__HLderPhae1A__GCA_051107565.1	53	38
hg38.ENST00000312403.10_PGA5_3003_Desmodus_rotundus__common_vampire_bat__HLdesRot15A	hg38.ENST00000312403.10#PGA5#3003#Desmodus_rotundus__common_vampire_bat__HLdesRot15A	PGA5	Desmodus_rotundus__common_vampire_bat__HLdesRot15A	53	38
mm10.ENSMUST00000025647_Pga5_71_Desmodus_rotundus__common_vampire_bat__HLdesRot15A	mm10.ENSMUST00000025647#Pga5#71#Desmodus_rotundus__common_vampire_bat__HLdesRot15A	Pga5	Desmodus_rotundus__common_vampire_bat__HLdesRot15A	21	14
hg38.ENST00000312403.10_PGA5_2071_Diceros_bicornis_minor__black_rhinoceros__HLdicBicMin2__GCA_020826845.1	hg38.ENST00000312403.10#PGA5#2071#Diceros_bicornis_minor__black_rhinoceros__HLdicBicMin2__GCA_020826845.1	PGA5	Diceros_bicornis_minor__black_rhinoceros__HLdicBicMin2__GCA_020826845.1	55	38
hg38.ENST00000312403.10_PGA5_2493_Diceros_bicornis_minor__black_rhinoceros__HLdicBicMin2__GCA_020826845.1	hg38.ENST00000312403.10#PGA5#2493#Diceros_bicornis_minor__black_rhinoceros__HLdicBicMin2__GCA_020826845.1	PGA5	Diceros_bicornis_minor__black_rhinoceros__HLdicBicMin2__GCA_020826845.1	55	38
hg38.ENST00000312403.10_PGA5_38_Diceros_bicornis_minor__black_rhinoceros__HLdicBicMin2__GCA_020826845.1	hg38.ENST00000312403.10#PGA5#38#Diceros_bicornis_minor__black_rhinoceros__HLdicBicMin2__GCA_020826845.1	PGA5	Diceros_bicornis_minor__black_rhinoceros__HLdicBicMin2__GCA_020826845.1	55	38
hg38.ENST00000312403.10_PGA5_4692_Diceros_bicornis_minor__black_rhinoceros__HLdicBicMin2__GCA_020826845.1	hg38.ENST00000312403.10#PGA5#4692#Diceros_bicornis_minor__black_rhinoceros__HLdicBicMin2__GCA_020826845.1	PGA5	Diceros_bicornis_minor__black_rhinoceros__HLdicBicMin2__GCA_020826845.1	55	38
hg38.ENST00000312403.10_PGA5_5617_Diceros_bicornis_minor__black_rhinoceros__HLdicBicMin2__GCA_020826845.1	hg38.ENST00000312403.10#PGA5#5617#Diceros_bicornis_minor__black_rhinoceros__HLdicBicMin2__GCA_020826845.1	PGA5	Diceros_bicornis_minor__black_rhinoceros__HLdicBicMin2__GCA_020826845.1	55	38
hg38.ENST00000312403.10_PGA5_1239_Diceros_bicornis_minor__black_rhinoceros__HLdicBicMin2__GCA_020826845.1	hg38.ENST00000312403.10#PGA5#1239#Diceros_bicornis_minor__black_rhinoceros__HLdicBicMin2__GCA_020826845.1	PGA5	Diceros_bicornis_minor__black_rhinoceros__HLdicBicMin2__GCA_020826845.1	55	38
hg38.ENST00000312403.10_PGA5_6169_Diceros_bicornis_minor__black_rhinoceros__HLdicBicMin2__GCA_020826845.1	hg38.ENST00000312403.10#PGA5#6169#Diceros_bicornis_minor__black_rhinoceros__HLdicBicMin2__GCA_020826845.1	PGA5	Diceros_bicornis_minor__black_rhinoceros__HLdicBicMin2__GCA_020826845.1	55	38
HLbosTau10.ENSBTAT00000050648_PAG9_6099_Diceros_bicornis_minor__black_rhinoceros__HLdicBicMin2__GCA_020826845.1	HLbosTau10.ENSBTAT00000050648#PAG9#6099#Diceros_bicornis_minor__black_rhinoceros__HLdicBicMin2__GCA_020826845.1	PAG9	Diceros_bicornis_minor__black_rhinoceros__HLdicBicMin2__GCA_020826845.1	23	14
mm10.ENSMUST00000025647_Pga5_145_Dipodomys_merriami__Merriams_kangaroo_rat__HLdipMer1__GCA_024711535.1	mm10.ENSMUST00000025647#Pga5#145#Dipodomys_merriami__Merriams_kangaroo_rat__HLdipMer1__GCA_024711535.1	Pga5	Dipodomys_merriami__Merriams_kangaroo_rat__HLdipMer1__GCA_024711535.1	35	24
HLbosTau10.ENSBTAT00000050664_PAG15_96905_Dipodomys_spectabilis__banner-tailed_kangaroo_rat__HLdipSpe1__GCF_019054845.1	HLbosTau10.ENSBTAT00000050664#PAG15#96905#Dipodomys_spectabilis__banner-tailed_kangaroo_rat__HLdipSpe1__GCF_019054845.1	PAG15	Dipodomys_spectabilis__banner-tailed_kangaroo_rat__HLdipSpe1__GCF_019054845.1	35	24
HLbosTau10.ENSBTAT00000027020_ENSBTAG00000035736_14456_Dipus_sagitta__northern_three-toed_jerboa__HLdipSag1__GCA_036346955.1	HLbosTau10.ENSBTAT00000027020#ENSBTAG00000035736#14456#Dipus_sagitta__northern_three-toed_jerboa__HLdipSag1__GCA_036346955.1	ENSBTAG00000035736	Dipus_sagitta__northern_three-toed_jerboa__HLdipSag1__GCA_036346955.1	26	17
hg38.ENST00000312403.10_PGA5_3583_Doryrhina_cyclops__cyclops_roundleaf_bat__HLhipCyc2__GCA_043880285.1	hg38.ENST00000312403.10#PGA5#3583#Doryrhina_cyclops__cyclops_roundleaf_bat__HLhipCyc2__GCA_043880285.1	PGA5	Doryrhina_cyclops__cyclops_roundleaf_bat__HLhipCyc2__GCA_043880285.1	53	38
mm10.ENSMUST00000025647_Pga5_72_Doryrhina_cyclops__cyclops_roundleaf_bat__HLhipCyc2__GCA_043880285.1	mm10.ENSMUST00000025647#Pga5#72#Doryrhina_cyclops__cyclops_roundleaf_bat__HLhipCyc2__GCA_043880285.1	Pga5	Doryrhina_cyclops__cyclops_roundleaf_bat__HLhipCyc2__GCA_043880285.1	22	14
HLbosTau10.ENSBTAT00000005384_PAG10_4437_Dugong_dugon__Dugong__HLdugDugo3A__GCA_030035585.1	HLbosTau10.ENSBTAT00000005384#PAG10#4437#Dugong_dugon__Dugong__HLdugDugo3A__GCA_030035585.1	PAG10	Dugong_dugon__Dugong__HLdugDugo3A__GCA_030035585.1	17	10
hg38.ENST00000312403.10_PGA5_3030_Dugong_dugon__Dugong__HLdugDugo3A__GCA_030035585.1	hg38.ENST00000312403.10#PGA5#3030#Dugong_dugon__Dugong__HLdugDugo3A__GCA_030035585.1	PGA5	Dugong_dugon__Dugong__HLdugDugo3A__GCA_030035585.1	52	37
hg38.ENST00000312403.10_PGA5_3829_Eira_barbara__Tayra__HLeirBar1__GCA_020311275.1	hg38.ENST00000312403.10#PGA5#3829#Eira_barbara__Tayra__HLeirBar1__GCA_020311275.1	PGA5	Eira_barbara__Tayra__HLeirBar1__GCA_020311275.1	54	38
mm10.ENSMUST00000025647_Pga5_82_Eira_barbara__Tayra__HLeirBar1__GCA_020311275.1	mm10.ENSMUST00000025647#Pga5#82#Eira_barbara__Tayra__HLeirBar1__GCA_020311275.1	Pga5	Eira_barbara__Tayra__HLeirBar1__GCA_020311275.1	20	13
mm10.ENSMUST00000025647_Pga5_65_Elephas_maximus_indicus__Asiatic_elephant__HLeleMax2__GCA_024166365.1	mm10.ENSMUST00000025647#Pga5#65#Elephas_maximus_indicus__Asiatic_elephant__HLeleMax2__GCA_024166365.1	Pga5	Elephas_maximus_indicus__Asiatic_elephant__HLeleMax2__GCA_024166365.1	17	10
hg38.ENST00000312403.10_PGA5_4341_Elephas_maximus_indicus__Asiatic_elephant__HLeleMax2__GCA_024166365.1	hg38.ENST00000312403.10#PGA5#4341#Elephas_maximus_indicus__Asiatic_elephant__HLeleMax2__GCA_024166365.1	PGA5	Elephas_maximus_indicus__Asiatic_elephant__HLeleMax2__GCA_024166365.1	52	37
HLbosTau10.ENSBTAT00000030466_PAG18_3135_Elephas_maximus_indicus__Asiatic_elephant__HLeleMaxInd3A__GCF_024166365.1	HLbosTau10.ENSBTAT00000030466#PAG18#3135#Elephas_maximus_indicus__Asiatic_elephant__HLeleMaxInd3A__GCF_024166365.1	PAG18	Elephas_maximus_indicus__Asiatic_elephant__HLeleMaxInd3A__GCF_024166365.1	17	10
hg38.ENST00000312403.10_PGA5_4597_Elephas_maximus_indicus__Asiatic_elephant__HLeleMaxInd3A__GCF_024166365.1	hg38.ENST00000312403.10#PGA5#4597#Elephas_maximus_indicus__Asiatic_elephant__HLeleMaxInd3A__GCF_024166365.1	PGA5	Elephas_maximus_indicus__Asiatic_elephant__HLeleMaxInd3A__GCF_024166365.1	52	37
hg38.ENST00000325558.11_PGA3_15_Eliomys_quercinus__garden_dormouse__HLeliQue1A__GCA_051143605.1	hg38.ENST00000325558.11#PGA3#15#Eliomys_quercinus__garden_dormouse__HLeliQue1A__GCA_051143605.1	PGA3	Eliomys_quercinus__garden_dormouse__HLeliQue1A__GCA_051143605.1	36	25
HLbosTau10.ENSBTAT00000027020_ENSBTAG00000035736_2345_Eliomys_quercinus__garden_dormouse__HLeliQue1B__GCA_051143595.1	HLbosTau10.ENSBTAT00000027020#ENSBTAG00000035736#2345#Eliomys_quercinus__garden_dormouse__HLeliQue1B__GCA_051143595.1	ENSBTAG00000035736	Eliomys_quercinus__garden_dormouse__HLeliQue1B__GCA_051143595.1	36	25
hg38.ENST00000312403.10_PGA5_3716_Enhydra_lutris_kenyoni__sea_otter__enhLutKen1__GCF_002288905.1	hg38.ENST00000312403.10#PGA5#3716#Enhydra_lutris_kenyoni__sea_otter__enhLutKen1__GCF_002288905.1	PGA5	Enhydra_lutris_kenyoni__sea_otter__enhLutKen1__GCF_002288905.1	54	38
mm10.ENSMUST00000025647_Pga5_71_Enhydra_lutris_kenyoni__sea_otter__enhLutKen1__GCF_002288905.1	mm10.ENSMUST00000025647#Pga5#71#Enhydra_lutris_kenyoni__sea_otter__enhLutKen1__GCF_002288905.1	Pga5	Enhydra_lutris_kenyoni__sea_otter__enhLutKen1__GCF_002288905.1	20	13
hg38.ENST00000312403.10_PGA5_22_Eospalax_fontanierii__Chinese_zokor__HLeosFon1__GCA_035773235.1	hg38.ENST00000312403.10#PGA5#22#Eospalax_fontanierii__Chinese_zokor__HLeosFon1__GCA_035773235.1	PGA5	Eospalax_fontanierii__Chinese_zokor__HLeosFon1__GCA_035773235.1	27	18
hg38.ENST00000312403.10_PGA5_4476_Eptesicus_fuscus__big_brown_bat__HLeptFus3__GCF_027574615.1	hg38.ENST00000312403.10#PGA5#4476#Eptesicus_fuscus__big_brown_bat__HLeptFus3__GCF_027574615.1	PGA5	Eptesicus_fuscus__big_brown_bat__HLeptFus3__GCF_027574615.1	50	36
HLbosTau10.ENSBTAT00000030466_PAG18_128796_Eptesicus_fuscus__big_brown_bat__HLeptFus3__GCF_027574615.1	HLbosTau10.ENSBTAT00000030466#PAG18#128796#Eptesicus_fuscus__big_brown_bat__HLeptFus3__GCF_027574615.1	PAG18	Eptesicus_fuscus__big_brown_bat__HLeptFus3__GCF_027574615.1	19	12
HLbosTau10.ENSBTAT00000005384_PAG10_1050_Eptesicus_fuscus__big_brown_bat__HLeptFus3__GCF_027574615.1	HLbosTau10.ENSBTAT00000005384#PAG10#1050#Eptesicus_fuscus__big_brown_bat__HLeptFus3__GCF_027574615.1	PAG10	Eptesicus_fuscus__big_brown_bat__HLeptFus3__GCF_027574615.1	19	12
HLbosTau10.ENSBTAT00000013786_PAG7_5385686_Eptesicus_fuscus__big_brown_bat__HLeptFus3__GCF_027574615.1	HLbosTau10.ENSBTAT00000013786#PAG7#5385686#Eptesicus_fuscus__big_brown_bat__HLeptFus3__GCF_027574615.1	PAG7	Eptesicus_fuscus__big_brown_bat__HLeptFus3__GCF_027574615.1	19	12
mm10.ENSMUST00000025647_Pga5_138964_Eptesicus_fuscus__big_brown_bat__HLeptFus3__GCF_027574615.1	mm10.ENSMUST00000025647#Pga5#138964#Eptesicus_fuscus__big_brown_bat__HLeptFus3__GCF_027574615.1	Pga5	Eptesicus_fuscus__big_brown_bat__HLeptFus3__GCF_027574615.1	19	12
HLbosTau10.ENSBTAT00000030243_PAG3_43_Eptesicus_fuscus__big_brown_bat__HLeptFus3__GCF_027574615.1	HLbosTau10.ENSBTAT00000030243#PAG3#43#Eptesicus_fuscus__big_brown_bat__HLeptFus3__GCF_027574615.1	PAG3	Eptesicus_fuscus__big_brown_bat__HLeptFus3__GCF_027574615.1	19	12
mm10.ENSMUST00000025647_Pga5_75_Equus_asinus__Ass__HLequAsin4__GCF_041296235.1	mm10.ENSMUST00000025647#Pga5#75#Equus_asinus__Ass__HLequAsin4__GCF_041296235.1	Pga5	Equus_asinus__Ass__HLequAsin4__GCF_041296235.1	23	14
hg38.ENST00000312403.10_PGA5_5541_Equus_asinus__Ass__HLequAsin4__GCF_041296235.1	hg38.ENST00000312403.10#PGA5#5541#Equus_asinus__Ass__HLequAsin4__GCF_041296235.1	PGA5	Equus_asinus__Ass__HLequAsin4__GCF_041296235.1	55	38
hg38.ENST00000312403.10_PGA5_1134_Equus_asinus__Ass__HLequAsin4__GCF_041296235.1	hg38.ENST00000312403.10#PGA5#1134#Equus_asinus__Ass__HLequAsin4__GCF_041296235.1	PGA5	Equus_asinus__Ass__HLequAsin4__GCF_041296235.1	55	38
hg38.ENST00000312403.10_PGA5_1122_Equus_asinus__Ass__HLequAsin4__GCF_041296235.1	hg38.ENST00000312403.10#PGA5#1122#Equus_asinus__Ass__HLequAsin4__GCF_041296235.1	PGA5	Equus_asinus__Ass__HLequAsin4__GCF_041296235.1	55	38
hg38.ENST00000312403.10_PGA5_1760_Equus_asinus__Ass__HLequAsin4__GCF_041296235.1	hg38.ENST00000312403.10#PGA5#1760#Equus_asinus__Ass__HLequAsin4__GCF_041296235.1	PGA5	Equus_asinus__Ass__HLequAsin4__GCF_041296235.1	55	38
hg38.ENST00000378149.9_PGA4_1760_Equus_asinus__Ass__HLequAsin4__GCF_041296235.1	hg38.ENST00000378149.9#PGA4#1760#Equus_asinus__Ass__HLequAsin4__GCF_041296235.1	PGA4	Equus_asinus__Ass__HLequAsin4__GCF_041296235.1	55	38
hg38.ENST00000312403.10_PGA5_1303_Equus_asinus__Ass__HLequAsin4__GCF_041296235.1	hg38.ENST00000312403.10#PGA5#1303#Equus_asinus__Ass__HLequAsin4__GCF_041296235.1	PGA5	Equus_asinus__Ass__HLequAsin4__GCF_041296235.1	55	38
hg38.ENST00000312403.10_PGA5_2144_Equus_asinus__Ass__HLequAsin4__GCF_041296235.1	hg38.ENST00000312403.10#PGA5#2144#Equus_asinus__Ass__HLequAsin4__GCF_041296235.1	PGA5	Equus_asinus__Ass__HLequAsin4__GCF_041296235.1	55	38
hg38.ENST00000312403.10_PGA5_37_Equus_asinus__Ass__HLequAsin4__GCF_041296235.1	hg38.ENST00000312403.10#PGA5#37#Equus_asinus__Ass__HLequAsin4__GCF_041296235.1	PGA5	Equus_asinus__Ass__HLequAsin4__GCF_041296235.1	55	38
HLeleMaxInd3A.XM_049889753.1_LOC126078931_3612_Equus_asinus__Ass__HLequAsin4__GCF_041296235.1	HLeleMaxInd3A.XM_049889753.1#LOC126078931#3612#Equus_asinus__Ass__HLequAsin4__GCF_041296235.1	LOC126078931	Equus_asinus__Ass__HLequAsin4__GCF_041296235.1	55	38
hg38.ENST00000378149.9_PGA4_3621_Equus_asinus__Ass__HLequAsin4__GCF_041296235.1	hg38.ENST00000378149.9#PGA4#3621#Equus_asinus__Ass__HLequAsin4__GCF_041296235.1	PGA4	Equus_asinus__Ass__HLequAsin4__GCF_041296235.1	55	38
mm10.ENSMUST00000025647_Pga5_74_Equus_caballus__Horse__HLequCaba4__GCF_041296265.1	mm10.ENSMUST00000025647#Pga5#74#Equus_caballus__Horse__HLequCaba4__GCF_041296265.1	Pga5	Equus_caballus__Horse__HLequCaba4__GCF_041296265.1	23	14
hg38.ENST00000325558.11_PGA3_41_Equus_caballus__Horse__HLequCaba4__GCF_041296265.1	hg38.ENST00000325558.11#PGA3#41#Equus_caballus__Horse__HLequCaba4__GCF_041296265.1	PGA3	Equus_caballus__Horse__HLequCaba4__GCF_041296265.1	55	38
hg38.ENST00000312403.10_PGA5_3959_Equus_caballus__Horse__HLequCaba4__GCF_041296265.1	hg38.ENST00000312403.10#PGA5#3959#Equus_caballus__Horse__HLequCaba4__GCF_041296265.1	PGA5	Equus_caballus__Horse__HLequCaba4__GCF_041296265.1	55	38
hg38.ENST00000312403.10_PGA5_1136_Equus_caballus__Horse__HLequCaba4__GCF_041296265.1	hg38.ENST00000312403.10#PGA5#1136#Equus_caballus__Horse__HLequCaba4__GCF_041296265.1	PGA5	Equus_caballus__Horse__HLequCaba4__GCF_041296265.1	55	38
hg38.ENST00000312403.10_PGA5_1792_Equus_caballus__Horse__HLequCaba4__GCF_041296265.1	hg38.ENST00000312403.10#PGA5#1792#Equus_caballus__Horse__HLequCaba4__GCF_041296265.1	PGA5	Equus_caballus__Horse__HLequCaba4__GCF_041296265.1	55	38
hg38.ENST00000378149.9_PGA4_1792_Equus_caballus__Horse__HLequCaba4__GCF_041296265.1	hg38.ENST00000378149.9#PGA4#1792#Equus_caballus__Horse__HLequCaba4__GCF_041296265.1	PGA4	Equus_caballus__Horse__HLequCaba4__GCF_041296265.1	55	38
hg38.ENST00000312403.10_PGA5_2446_Equus_caballus__Horse__HLequCaba4__GCF_041296265.1	hg38.ENST00000312403.10#PGA5#2446#Equus_caballus__Horse__HLequCaba4__GCF_041296265.1	PGA5	Equus_caballus__Horse__HLequCaba4__GCF_041296265.1	55	38
hg38.ENST00000312403.10_PGA5_2229_Equus_caballus__Horse__HLequCaba4__GCF_041296265.1	hg38.ENST00000312403.10#PGA5#2229#Equus_caballus__Horse__HLequCaba4__GCF_041296265.1	PGA5	Equus_caballus__Horse__HLequCaba4__GCF_041296265.1	55	38
hg38.ENST00000312403.10_PGA5_41_Equus_caballus__Horse__HLequCaba4__GCF_041296265.1	hg38.ENST00000312403.10#PGA5#41#Equus_caballus__Horse__HLequCaba4__GCF_041296265.1	PGA5	Equus_caballus__Horse__HLequCaba4__GCF_041296265.1	55	38
hg38.ENST00000312403.10_PGA5_4797_Equus_caballus__Horse__HLequCaba4__GCF_041296265.1	hg38.ENST00000312403.10#PGA5#4797#Equus_caballus__Horse__HLequCaba4__GCF_041296265.1	PGA5	Equus_caballus__Horse__HLequCaba4__GCF_041296265.1	55	38
hg38.ENST00000312403.10_PGA5_23886_Equus_caballus__Horse__HLequCaba4__GCF_041296265.1	hg38.ENST00000312403.10#PGA5#23886#Equus_caballus__Horse__HLequCaba4__GCF_041296265.1	PGA5	Equus_caballus__Horse__HLequCaba4__GCF_041296265.1	55	38
hg38.ENST00000312403.10_PGA5_41_Equus_kiang__Kiang__HLequKian1__GCA_052150635.1	hg38.ENST00000312403.10#PGA5#41#Equus_kiang__Kiang__HLequKian1__GCA_052150635.1	PGA5	Equus_kiang__Kiang__HLequKian1__GCA_052150635.1	55	38
HLeleMaxInd3A.XM_049889753.1_LOC126078931_2756_Equus_kiang__Kiang__HLequKian1__GCA_052150635.1	HLeleMaxInd3A.XM_049889753.1#LOC126078931#2756#Equus_kiang__Kiang__HLequKian1__GCA_052150635.1	LOC126078931	Equus_kiang__Kiang__HLequKian1__GCA_052150635.1	55	38
hg38.ENST00000378149.9_PGA4_1556_Equus_kiang__Kiang__HLequKian1__GCA_052150635.1	hg38.ENST00000378149.9#PGA4#1556#Equus_kiang__Kiang__HLequKian1__GCA_052150635.1	PGA4	Equus_kiang__Kiang__HLequKian1__GCA_052150635.1	55	38
hg38.ENST00000312403.10_PGA5_1556_Equus_kiang__Kiang__HLequKian1__GCA_052150635.1	hg38.ENST00000312403.10#PGA5#1556#Equus_kiang__Kiang__HLequKian1__GCA_052150635.1	PGA5	Equus_kiang__Kiang__HLequKian1__GCA_052150635.1	55	38
hg38.ENST00000312403.10_PGA5_1639_Equus_kiang__Kiang__HLequKian1__GCA_052150635.1	hg38.ENST00000312403.10#PGA5#1639#Equus_kiang__Kiang__HLequKian1__GCA_052150635.1	PGA5	Equus_kiang__Kiang__HLequKian1__GCA_052150635.1	55	38
hg38.ENST00000312403.10_PGA5_5376_Equus_kiang__Kiang__HLequKian1__GCA_052150635.1	hg38.ENST00000312403.10#PGA5#5376#Equus_kiang__Kiang__HLequKian1__GCA_052150635.1	PGA5	Equus_kiang__Kiang__HLequKian1__GCA_052150635.1	55	38
hg38.ENST00000312403.10_PGA5_2217_Equus_kiang__Kiang__HLequKian1__GCA_052150635.1	hg38.ENST00000312403.10#PGA5#2217#Equus_kiang__Kiang__HLequKian1__GCA_052150635.1	PGA5	Equus_kiang__Kiang__HLequKian1__GCA_052150635.1	55	38
hg38.ENST00000312403.10_PGA5_1104_Equus_kiang__Kiang__HLequKian1__GCA_052150635.1	hg38.ENST00000312403.10#PGA5#1104#Equus_kiang__Kiang__HLequKian1__GCA_052150635.1	PGA5	Equus_kiang__Kiang__HLequKian1__GCA_052150635.1	55	38
hg38.ENST00000312403.10_PGA5_1114_Equus_kiang__Kiang__HLequKian1__GCA_052150635.1	hg38.ENST00000312403.10#PGA5#1114#Equus_kiang__Kiang__HLequKian1__GCA_052150635.1	PGA5	Equus_kiang__Kiang__HLequKian1__GCA_052150635.1	55	38
hg38.ENST00000312403.10_PGA5_5063_Equus_kiang__Kiang__HLequKian1__GCA_052150635.1	hg38.ENST00000312403.10#PGA5#5063#Equus_kiang__Kiang__HLequKian1__GCA_052150635.1	PGA5	Equus_kiang__Kiang__HLequKian1__GCA_052150635.1	55	38
mm10.ENSMUST00000025647_Pga5_75_Equus_kiang__Kiang__HLequKian1__GCA_052150635.1	mm10.ENSMUST00000025647#Pga5#75#Equus_kiang__Kiang__HLequKian1__GCA_052150635.1	Pga5	Equus_kiang__Kiang__HLequKian1__GCA_052150635.1	23	14
hg38.ENST00000312403.10_PGA5_8626_Erythrocebus_patas__red_guenon__HLeryPat3__GCA_023783455.1	hg38.ENST00000312403.10#PGA5#8626#Erythrocebus_patas__red_guenon__HLeryPat3__GCA_023783455.1	PGA5	Erythrocebus_patas__red_guenon__HLeryPat3__GCA_023783455.1	58	38
hg38.ENST00000312403.10_PGA5_6369_Erythrocebus_patas__red_guenon__HLeryPat3__GCA_023783455.1	hg38.ENST00000312403.10#PGA5#6369#Erythrocebus_patas__red_guenon__HLeryPat3__GCA_023783455.1	PGA5	Erythrocebus_patas__red_guenon__HLeryPat3__GCA_023783455.1	58	38
hg38.ENST00000312403.10_PGA5_4328_Erythrocebus_patas__red_guenon__HLeryPat3__GCA_023783455.1	hg38.ENST00000312403.10#PGA5#4328#Erythrocebus_patas__red_guenon__HLeryPat3__GCA_023783455.1	PGA5	Erythrocebus_patas__red_guenon__HLeryPat3__GCA_023783455.1	58	38
hg38.ENST00000312403.10_PGA5_10_Erythrocebus_patas__red_guenon__HLeryPat3__GCA_023783455.1	hg38.ENST00000312403.10#PGA5#10#Erythrocebus_patas__red_guenon__HLeryPat3__GCA_023783455.1	PGA5	Erythrocebus_patas__red_guenon__HLeryPat3__GCA_023783455.1	58	38
mm10.ENSMUST00000025647_Pga5_3463_Eschrichtius_robustus__grey_whale__HLescRob3__GCA_028021215.1	mm10.ENSMUST00000025647#Pga5#3463#Eschrichtius_robustus__grey_whale__HLescRob3__GCA_028021215.1	Pga5	Eschrichtius_robustus__grey_whale__HLescRob3__GCA_028021215.1	10	4
mm10.ENSMUST00000025647_Pga5_66_Eschrichtius_robustus__grey_whale__HLescRob3__GCA_028021215.1	mm10.ENSMUST00000025647#Pga5#66#Eschrichtius_robustus__grey_whale__HLescRob3__GCA_028021215.1	Pga5	Eschrichtius_robustus__grey_whale__HLescRob3__GCA_028021215.1	10	4
hg38.ENST00000312403.10_PGA5_3335_Eschrichtius_robustus__grey_whale__HLescRob3__GCA_028021215.1	hg38.ENST00000312403.10#PGA5#3335#Eschrichtius_robustus__grey_whale__HLescRob3__GCA_028021215.1	PGA5	Eschrichtius_robustus__grey_whale__HLescRob3__GCA_028021215.1	56	38
HLbosTau10.NM_001109978_PAG7_660429_Eubalaena_glacialis__North_Atlantic_right_whale__HLeubGla2__GCF_028564815.1	HLbosTau10.NM_001109978#PAG7#660429#Eubalaena_glacialis__North_Atlantic_right_whale__HLeubGla2__GCF_028564815.1	PAG7	Eubalaena_glacialis__North_Atlantic_right_whale__HLeubGla2__GCF_028564815.1	10	4
HLbosTau10.ENSBTAT00000005384_PAG10_239178_Eubalaena_glacialis__North_Atlantic_right_whale__HLeubGla2__GCF_028564815.1	HLbosTau10.ENSBTAT00000005384#PAG10#239178#Eubalaena_glacialis__North_Atlantic_right_whale__HLeubGla2__GCF_028564815.1	PAG10	Eubalaena_glacialis__North_Atlantic_right_whale__HLeubGla2__GCF_028564815.1	10	4
hg38.ENST00000312403.10_PGA5_3084_Eubalaena_glacialis__North_Atlantic_right_whale__HLeubGla2__GCF_028564815.1	hg38.ENST00000312403.10#PGA5#3084#Eubalaena_glacialis__North_Atlantic_right_whale__HLeubGla2__GCF_028564815.1	PGA5	Eubalaena_glacialis__North_Atlantic_right_whale__HLeubGla2__GCF_028564815.1	56	38
mm10.ENSMUST00000025647_Pga5_129_Eulemur_flavifrons__Sclaters_lemur__HLeulFla1	mm10.ENSMUST00000025647#Pga5#129#Eulemur_flavifrons__Sclaters_lemur__HLeulFla1	Pga5	Eulemur_flavifrons__Sclaters_lemur__HLeulFla1	33	22
hg38.ENST00000325558.11_PGA3_2781_Eulemur_flavifrons__Sclaters_lemur__HLeulFla1	hg38.ENST00000325558.11#PGA3#2781#Eulemur_flavifrons__Sclaters_lemur__HLeulFla1	PGA3	Eulemur_flavifrons__Sclaters_lemur__HLeulFla1	58	38
mm10.ENSMUST00000025647_Pga5_129_Eulemur_rufifrons__Bennetts_brown_lemur__HLeulRuf1__GCA_041146395.1	mm10.ENSMUST00000025647#Pga5#129#Eulemur_rufifrons__Bennetts_brown_lemur__HLeulRuf1__GCA_041146395.1	Pga5	Eulemur_rufifrons__Bennetts_brown_lemur__HLeulRuf1__GCA_041146395.1	33	22
hg38.ENST00000325558.11_PGA3_5325_Eulemur_rufifrons__Bennetts_brown_lemur__HLeulRuf1__GCA_041146395.1	hg38.ENST00000325558.11#PGA3#5325#Eulemur_rufifrons__Bennetts_brown_lemur__HLeulRuf1__GCA_041146395.1	PGA3	Eulemur_rufifrons__Bennetts_brown_lemur__HLeulRuf1__GCA_041146395.1	58	38
hg38.ENST00000312403.10_PGA5_4035_Eumetopias_jubatus__Steller_sea_lion__HLeumJub1__GCA_004028035.1	hg38.ENST00000312403.10#PGA5#4035#Eumetopias_jubatus__Steller_sea_lion__HLeumJub1__GCA_004028035.1	PGA5	Eumetopias_jubatus__Steller_sea_lion__HLeumJub1__GCA_004028035.1	54	38
HLbosTau10.ENSBTAT00000038954_PAG21_8549_Eumetopias_jubatus__Steller_sea_lion__HLeumJub1__GCA_004028035.1	HLbosTau10.ENSBTAT00000038954#PAG21#8549#Eumetopias_jubatus__Steller_sea_lion__HLeumJub1__GCA_004028035.1	PAG21	Eumetopias_jubatus__Steller_sea_lion__HLeumJub1__GCA_004028035.1	20	13
mm10.ENSMUST00000025647_Pga5_69_Felis_catus__Domestic_cat__HLfelCatu10__GCA_051911835.1	mm10.ENSMUST00000025647#Pga5#69#Felis_catus__Domestic_cat__HLfelCatu10__GCA_051911835.1	Pga5	Felis_catus__Domestic_cat__HLfelCatu10__GCA_051911835.1	20	13
hg38.ENST00000325558.11_PGA3_16_Felis_catus__Domestic_cat__HLfelCatu10__GCA_051911835.1	hg38.ENST00000325558.11#PGA3#16#Felis_catus__Domestic_cat__HLfelCatu10__GCA_051911835.1	PGA3	Felis_catus__Domestic_cat__HLfelCatu10__GCA_051911835.1	54	38
mm10.ENSMUST00000025647_Pga5_69_Felis_catus__domestic_cat__felCat9__GCF_000181335.3	mm10.ENSMUST00000025647#Pga5#69#Felis_catus__domestic_cat__felCat9__GCF_000181335.3	Pga5	Felis_catus__domestic_cat__felCat9__GCF_000181335.3	20	13
hg38.ENST00000325558.11_PGA3_16_Felis_catus__domestic_cat__felCat9__GCF_000181335.3	hg38.ENST00000325558.11#PGA3#16#Felis_catus__domestic_cat__felCat9__GCF_000181335.3	PGA3	Felis_catus__domestic_cat__felCat9__GCF_000181335.3	54	38
HLbosTau10.ENSBTAT00000013786_PAG7_3015_Felis_chaus__jungle_cat__HLfelCha1__GCA_019924945.1	HLbosTau10.ENSBTAT00000013786#PAG7#3015#Felis_chaus__jungle_cat__HLfelCha1__GCA_019924945.1	PAG7	Felis_chaus__jungle_cat__HLfelCha1__GCA_019924945.1	20	13
hg38.ENST00000312403.10_PGA5_3166_Felis_chaus__jungle_cat__HLfelCha1__GCA_019924945.1	hg38.ENST00000312403.10#PGA5#3166#Felis_chaus__jungle_cat__HLfelCha1__GCA_019924945.1	PGA5	Felis_chaus__jungle_cat__HLfelCha1__GCA_019924945.1	54	38
mm10.ENSMUST00000025647_Pga5_71_Gardnerycteris_keenani__Keenans_Hairy-nosed_Bat__HLgarKeen1A__GCA_050655435.1	mm10.ENSMUST00000025647#Pga5#71#Gardnerycteris_keenani__Keenans_Hairy-nosed_Bat__HLgarKeen1A__GCA_050655435.1	Pga5	Gardnerycteris_keenani__Keenans_Hairy-nosed_Bat__HLgarKeen1A__GCA_050655435.1	21	14
hg38.ENST00000325558.11_PGA3_2912_Gardnerycteris_keenani__Keenans_Hairy-nosed_Bat__HLgarKeen1A__GCA_050655435.1	hg38.ENST00000325558.11#PGA3#2912#Gardnerycteris_keenani__Keenans_Hairy-nosed_Bat__HLgarKeen1A__GCA_050655435.1	PGA3	Gardnerycteris_keenani__Keenans_Hairy-nosed_Bat__HLgarKeen1A__GCA_050655435.1	53	38
mm10.ENSMUST00000025647_Pga5_100_Geomys_bursarius__Plains_pocket_gopher__HLgeoBur1__GCA_040207655.1	mm10.ENSMUST00000025647#Pga5#100#Geomys_bursarius__Plains_pocket_gopher__HLgeoBur1__GCA_040207655.1	Pga5	Geomys_bursarius__Plains_pocket_gopher__HLgeoBur1__GCA_040207655.1	35	24
hg38.ENST00000325558.11_PGA3_8_Gorilla_gorilla_gorilla__western_lowland_gorilla__gorGor6__GCF_008122165.1	hg38.ENST00000325558.11#PGA3#8#Gorilla_gorilla_gorilla__western_lowland_gorilla__gorGor6__GCF_008122165.1	PGA3	Gorilla_gorilla_gorilla__western_lowland_gorilla__gorGor6__GCF_008122165.1	58	38
hg38.ENST00000312403.10_PGA5_348430_Gorilla_gorilla_gorilla__western_lowland_gorilla__gorGor6__GCF_008122165.1	hg38.ENST00000312403.10#PGA5#348430#Gorilla_gorilla_gorilla__western_lowland_gorilla__gorGor6__GCF_008122165.1	PGA5	Gorilla_gorilla_gorilla__western_lowland_gorilla__gorGor6__GCF_008122165.1	58	38
hg38.ENST00000378149.9_PGA4_8_Gorilla_gorilla_gorilla__western_lowland_gorilla__gorGor6__GCF_008122165.1	hg38.ENST00000378149.9#PGA4#8#Gorilla_gorilla_gorilla__western_lowland_gorilla__gorGor6__GCF_008122165.1	PGA4	Gorilla_gorilla_gorilla__western_lowland_gorilla__gorGor6__GCF_008122165.1	58	38
hg38.ENST00000312403.10_PGA5_26499_Gorilla_gorilla_gorilla__western_lowland_gorilla__gorGor6__GCF_008122165.1	hg38.ENST00000312403.10#PGA5#26499#Gorilla_gorilla_gorilla__western_lowland_gorilla__gorGor6__GCF_008122165.1	PGA5	Gorilla_gorilla_gorilla__western_lowland_gorilla__gorGor6__GCF_008122165.1	58	38
hg38.ENST00000325558.11_PGA3_6_Gorilla_gorilla__western_gorilla__HLgorGor7__GCA_029281585.3	hg38.ENST00000325558.11#PGA3#6#Gorilla_gorilla__western_gorilla__HLgorGor7__GCA_029281585.3	PGA3	Gorilla_gorilla__western_gorilla__HLgorGor7__GCA_029281585.3	58	38
HLeleMaxInd3A.XM_049889753.1_LOC126078931_6706_Gorilla_gorilla__western_gorilla__HLgorGor7__GCA_029281585.3	HLeleMaxInd3A.XM_049889753.1#LOC126078931#6706#Gorilla_gorilla__western_gorilla__HLgorGor7__GCA_029281585.3	LOC126078931	Gorilla_gorilla__western_gorilla__HLgorGor7__GCA_029281585.3	58	38
hg38.ENST00000325558.11_PGA3_20103_Gorilla_gorilla__western_gorilla__HLgorGor7__GCA_029281585.3	hg38.ENST00000325558.11#PGA3#20103#Gorilla_gorilla__western_gorilla__HLgorGor7__GCA_029281585.3	PGA3	Gorilla_gorilla__western_gorilla__HLgorGor7__GCA_029281585.3	58	38
hg38.ENST00000312403.10_PGA5_41302_Gorilla_gorilla__western_gorilla__HLgorGor7__GCA_029281585.3	hg38.ENST00000312403.10#PGA5#41302#Gorilla_gorilla__western_gorilla__HLgorGor7__GCA_029281585.3	PGA5	Gorilla_gorilla__western_gorilla__HLgorGor7__GCA_029281585.3	58	38
mm10.ENSMUST00000025647_Pga5_267_Grammomys_surdaster__African_woodland_thicket_rat__HLgraSur1__GCA_004785775.1	mm10.ENSMUST00000025647#Pga5#267#Grammomys_surdaster__African_woodland_thicket_rat__HLgraSur1__GCA_004785775.1	Pga5	Grammomys_surdaster__African_woodland_thicket_rat__HLgraSur1__GCA_004785775.1	28	19
mm10.ENSMUST00000025647_Pga5_73_Grampus_griseus__Rissos_dolphin__HLgraGris2A__GCA_964374135.1	mm10.ENSMUST00000025647#Pga5#73#Grampus_griseus__Rissos_dolphin__HLgraGris2A__GCA_964374135.1	Pga5	Grampus_griseus__Rissos_dolphin__HLgraGris2A__GCA_964374135.1	10	4
hg38.ENST00000312403.10_PGA5_3197_Grampus_griseus__Rissos_dolphin__HLgraGris2A__GCA_964374135.1	hg38.ENST00000312403.10#PGA5#3197#Grampus_griseus__Rissos_dolphin__HLgraGris2A__GCA_964374135.1	PGA5	Grampus_griseus__Rissos_dolphin__HLgraGris2A__GCA_964374135.1	56	38
HLbosTau10.ENSBTAT00000013786_PAG7_2279_Gulo_gulo_luscus__American_wolverine__HLgulGulLus2__GCA_024510155.1	HLbosTau10.ENSBTAT00000013786#PAG7#2279#Gulo_gulo_luscus__American_wolverine__HLgulGulLus2__GCA_024510155.1	PAG7	Gulo_gulo_luscus__American_wolverine__HLgulGulLus2__GCA_024510155.1	20	13
hg38.ENST00000312403.10_PGA5_3467_Gulo_gulo_luscus__American_wolverine__HLgulGulLus2__GCA_024510155.1	hg38.ENST00000312403.10#PGA5#3467#Gulo_gulo_luscus__American_wolverine__HLgulGulLus2__GCA_024510155.1	PGA5	Gulo_gulo_luscus__American_wolverine__HLgulGulLus2__GCA_024510155.1	54	38
hg38.ENST00000325558.11_PGA3_20_Herpailurus_yagouaroundi__jaguarundi__HLpumYag1__GCA_014898765.1	hg38.ENST00000325558.11#PGA3#20#Herpailurus_yagouaroundi__jaguarundi__HLpumYag1__GCA_014898765.1	PGA3	Herpailurus_yagouaroundi__jaguarundi__HLpumYag1__GCA_014898765.1	54	38
mm10.ENSMUST00000025647_Pga5_163_Herpailurus_yagouaroundi__jaguarundi__HLpumYag1__GCA_014898765.1	mm10.ENSMUST00000025647#Pga5#163#Herpailurus_yagouaroundi__jaguarundi__HLpumYag1__GCA_014898765.1	Pga5	Herpailurus_yagouaroundi__jaguarundi__HLpumYag1__GCA_014898765.1	20	13
mm10.ENSMUST00000025647_Pga5_56_Heterohyrax_brucei__yellow-spotted_hyrax__HLhetBru2__GCA_028571685.1	mm10.ENSMUST00000025647#Pga5#56#Heterohyrax_brucei__yellow-spotted_hyrax__HLhetBru2__GCA_028571685.1	Pga5	Heterohyrax_brucei__yellow-spotted_hyrax__HLhetBru2__GCA_028571685.1	17	10
hg38.ENST00000312403.10_PGA5_3729_Heterohyrax_brucei__yellow-spotted_hyrax__HLhetBru2__GCA_028571685.1	hg38.ENST00000312403.10#PGA5#3729#Heterohyrax_brucei__yellow-spotted_hyrax__HLhetBru2__GCA_028571685.1	PGA5	Heterohyrax_brucei__yellow-spotted_hyrax__HLhetBru2__GCA_028571685.1	52	37
HLbosTau10.ENSBTAT00000005399_PAG11_2043_Hexaprotodon_liberiensis__pygmy_hippopotamus__HLhexLib1__GCA_023065765.1	HLbosTau10.ENSBTAT00000005399#PAG11#2043#Hexaprotodon_liberiensis__pygmy_hippopotamus__HLhexLib1__GCA_023065765.1	PAG11	Hexaprotodon_liberiensis__pygmy_hippopotamus__HLhexLib1__GCA_023065765.1	10	4
HLbosTau10.ENSBTAT00000005399_PAG11_4926_Hexaprotodon_liberiensis__pygmy_hippopotamus__HLhexLib1__GCA_023065765.1	HLbosTau10.ENSBTAT00000005399#PAG11#4926#Hexaprotodon_liberiensis__pygmy_hippopotamus__HLhexLib1__GCA_023065765.1	PAG11	Hexaprotodon_liberiensis__pygmy_hippopotamus__HLhexLib1__GCA_023065765.1	10	4
HLbosTau10.ENSBTAT00000018996_ENSBTAG00000040257_15240_Hexaprotodon_liberiensis__pygmy_hippopotamus__HLhexLib1__GCA_023065765.1	HLbosTau10.ENSBTAT00000018996#ENSBTAG00000040257#15240#Hexaprotodon_liberiensis__pygmy_hippopotamus__HLhexLib1__GCA_023065765.1	ENSBTAG00000040257	Hexaprotodon_liberiensis__pygmy_hippopotamus__HLhexLib1__GCA_023065765.1	10	4
hg38.ENST00000312403.10_PGA5_2987_Hexaprotodon_liberiensis__pygmy_hippopotamus__HLhexLib1__GCA_023065765.1	hg38.ENST00000312403.10#PGA5#2987#Hexaprotodon_liberiensis__pygmy_hippopotamus__HLhexLib1__GCA_023065765.1	PGA5	Hexaprotodon_liberiensis__pygmy_hippopotamus__HLhexLib1__GCA_023065765.1	56	38
HLbosTau10.ENSBTAT00000005399_PAG11_1070_Hexaprotodon_liberiensis__pygmy_hippopotamus__HLhexLib1__GCA_023065765.1	HLbosTau10.ENSBTAT00000005399#PAG11#1070#Hexaprotodon_liberiensis__pygmy_hippopotamus__HLhexLib1__GCA_023065765.1	PAG11	Hexaprotodon_liberiensis__pygmy_hippopotamus__HLhexLib1__GCA_023065765.1	10	4
HLbosTau10.ENSBTAT00000030188_ENSBTAG00000024611_119482_Hexaprotodon_liberiensis__pygmy_hippopotamus__HLhexLib1__GCA_023065765.1	HLbosTau10.ENSBTAT00000030188#ENSBTAG00000024611#119482#Hexaprotodon_liberiensis__pygmy_hippopotamus__HLhexLib1__GCA_023065765.1	ENSBTAG00000024611	Hexaprotodon_liberiensis__pygmy_hippopotamus__HLhexLib1__GCA_023065765.1	3	3
HLbosTau10.ENSBTAT00000025567_PAG12_67_Hexaprotodon_liberiensis__pygmy_hippopotamus__HLhexLib1__GCA_023065765.1	HLbosTau10.ENSBTAT00000025567#PAG12#67#Hexaprotodon_liberiensis__pygmy_hippopotamus__HLhexLib1__GCA_023065765.1	PAG12	Hexaprotodon_liberiensis__pygmy_hippopotamus__HLhexLib1__GCA_023065765.1	3	3
HLbosTau10.ENSBTAT00000005384_PAG10_54890_Hexaprotodon_liberiensis__pygmy_hippopotamus__HLhexLib1__GCA_023065765.1	HLbosTau10.ENSBTAT00000005384#PAG10#54890#Hexaprotodon_liberiensis__pygmy_hippopotamus__HLhexLib1__GCA_023065765.1	PAG10	Hexaprotodon_liberiensis__pygmy_hippopotamus__HLhexLib1__GCA_023065765.1	10	4
HLbosTau10.ENSBTAT00000025567_PAG12_304469_Hexaprotodon_liberiensis__pygmy_hippopotamus__HLhexLib1__GCA_023065765.1	HLbosTau10.ENSBTAT00000025567#PAG12#304469#Hexaprotodon_liberiensis__pygmy_hippopotamus__HLhexLib1__GCA_023065765.1	PAG12	Hexaprotodon_liberiensis__pygmy_hippopotamus__HLhexLib1__GCA_023065765.1	10	4
HLbosTau10.ENSBTAT00000025517_PAG2_3464_Hexaprotodon_liberiensis__pygmy_hippopotamus__HLhexLib1__GCA_023065765.1	HLbosTau10.ENSBTAT00000025517#PAG2#3464#Hexaprotodon_liberiensis__pygmy_hippopotamus__HLhexLib1__GCA_023065765.1	PAG2	Hexaprotodon_liberiensis__pygmy_hippopotamus__HLhexLib1__GCA_023065765.1	3	3
HLbosTau10.ENSBTAT00000005384_PAG10_1632_Hexaprotodon_liberiensis__pygmy_hippopotamus__HLhexLib1__GCA_023065765.1	HLbosTau10.ENSBTAT00000005384#PAG10#1632#Hexaprotodon_liberiensis__pygmy_hippopotamus__HLhexLib1__GCA_023065765.1	PAG10	Hexaprotodon_liberiensis__pygmy_hippopotamus__HLhexLib1__GCA_023065765.1	10	4
HLbosTau10.ENSBTAT00000005384_PAG10_2913_Hexaprotodon_liberiensis__pygmy_hippopotamus__HLhexLib1__GCA_023065765.1	HLbosTau10.ENSBTAT00000005384#PAG10#2913#Hexaprotodon_liberiensis__pygmy_hippopotamus__HLhexLib1__GCA_023065765.1	PAG10	Hexaprotodon_liberiensis__pygmy_hippopotamus__HLhexLib1__GCA_023065765.1	3	3
HLbosTau10.ENSBTAT00000005399_PAG11_9550_Hexaprotodon_liberiensis__pygmy_hippopotamus__HLhexLib1__GCA_023065765.1	HLbosTau10.ENSBTAT00000005399#PAG11#9550#Hexaprotodon_liberiensis__pygmy_hippopotamus__HLhexLib1__GCA_023065765.1	PAG11	Hexaprotodon_liberiensis__pygmy_hippopotamus__HLhexLib1__GCA_023065765.1	3	3
hg38.ENST00000325558.11_PGA3_4703_Hipposideros_larvatus__Intermediate_roundleaf_bat__HLhipLar2__GCA_043727955.1	hg38.ENST00000325558.11#PGA3#4703#Hipposideros_larvatus__Intermediate_roundleaf_bat__HLhipLar2__GCA_043727955.1	PGA3	Hipposideros_larvatus__Intermediate_roundleaf_bat__HLhipLar2__GCA_043727955.1	53	38
mm10.ENSMUST00000025647_Pga5_74_Hipposideros_larvatus__Intermediate_roundleaf_bat__HLhipLar2__GCA_043727955.1	mm10.ENSMUST00000025647#Pga5#74#Hipposideros_larvatus__Intermediate_roundleaf_bat__HLhipLar2__GCA_043727955.1	Pga5	Hipposideros_larvatus__Intermediate_roundleaf_bat__HLhipLar2__GCA_043727955.1	22	14
mm10.ENSMUST00000025647_Pga5_265_Hipposideros_pendleburyi__Pendleburys_leaf-nosed_bat__HLhipPen1__GCA_021464545.1	mm10.ENSMUST00000025647#Pga5#265#Hipposideros_pendleburyi__Pendleburys_leaf-nosed_bat__HLhipPen1__GCA_021464545.1	Pga5	Hipposideros_pendleburyi__Pendleburys_leaf-nosed_bat__HLhipPen1__GCA_021464545.1	22	14
hg38.ENST00000312403.10_PGA5_3714_Hipposideros_pendleburyi__Pendleburys_leaf-nosed_bat__HLhipPen1__GCA_021464545.1	hg38.ENST00000312403.10#PGA5#3714#Hipposideros_pendleburyi__Pendleburys_leaf-nosed_bat__HLhipPen1__GCA_021464545.1	PGA5	Hipposideros_pendleburyi__Pendleburys_leaf-nosed_bat__HLhipPen1__GCA_021464545.1	53	38
hg38.ENST00000312403.10_PGA5_145_Hoolock_leuconedys__eastern_hoolock_gibbon__HLhooLeu1__GCA_023748175.1	hg38.ENST00000312403.10#PGA5#145#Hoolock_leuconedys__eastern_hoolock_gibbon__HLhooLeu1__GCA_023748175.1	PGA5	Hoolock_leuconedys__eastern_hoolock_gibbon__HLhooLeu1__GCA_023748175.1	58	38
hg38.ENST00000312403.10_PGA5_2922_Hoolock_leuconedys__eastern_hoolock_gibbon__HLhooLeu1__GCA_023748175.1	hg38.ENST00000312403.10#PGA5#2922#Hoolock_leuconedys__eastern_hoolock_gibbon__HLhooLeu1__GCA_023748175.1	PGA5	Hoolock_leuconedys__eastern_hoolock_gibbon__HLhooLeu1__GCA_023748175.1	58	38
hg38.ENST00000325558.11_PGA3_145_Hoolock_leuconedys__eastern_hoolock_gibbon__HLhooLeu1__GCA_023748175.1	hg38.ENST00000325558.11#PGA3#145#Hoolock_leuconedys__eastern_hoolock_gibbon__HLhooLeu1__GCA_023748175.1	PGA3	Hoolock_leuconedys__eastern_hoolock_gibbon__HLhooLeu1__GCA_023748175.1	58	38
hg38.ENST00000325558.11_PGA3_172066_Hoolock_leuconedys__eastern_hoolock_gibbon__HLhooLeu1__GCA_023748175.1	hg38.ENST00000325558.11#PGA3#172066#Hoolock_leuconedys__eastern_hoolock_gibbon__HLhooLeu1__GCA_023748175.1	PGA3	Hoolock_leuconedys__eastern_hoolock_gibbon__HLhooLeu1__GCA_023748175.1	32	22
mm10.ENSMUST00000025647_Pga5_387_Hyaena_hyaena__striped_hyena__HLhyaHya1__GCA_003009895.1	mm10.ENSMUST00000025647#Pga5#387#Hyaena_hyaena__striped_hyena__HLhyaHya1__GCA_003009895.1	Pga5	Hyaena_hyaena__striped_hyena__HLhyaHya1__GCA_003009895.1	20	13
hg38.ENST00000312403.10_PGA5_5108_Hyaena_hyaena__striped_hyena__HLhyaHya1__GCA_003009895.1	hg38.ENST00000312403.10#PGA5#5108#Hyaena_hyaena__striped_hyena__HLhyaHya1__GCA_003009895.1	PGA5	Hyaena_hyaena__striped_hyena__HLhyaHya1__GCA_003009895.1	54	38
hg38.ENST00000325558.11_PGA3_16_Hydrurga_leptonyx__Leopard_seal__HLhydLept1__GCA_050320145.1	hg38.ENST00000325558.11#PGA3#16#Hydrurga_leptonyx__Leopard_seal__HLhydLept1__GCA_050320145.1	PGA3	Hydrurga_leptonyx__Leopard_seal__HLhydLept1__GCA_050320145.1	54	38
mm10.ENSMUST00000025647_Pga5_75_Hydrurga_leptonyx__Leopard_seal__HLhydLept1__GCA_050320145.1	mm10.ENSMUST00000025647#Pga5#75#Hydrurga_leptonyx__Leopard_seal__HLhydLept1__GCA_050320145.1	Pga5	Hydrurga_leptonyx__Leopard_seal__HLhydLept1__GCA_050320145.1	20	13
hg38.ENST00000312403.10_PGA5_60_Hylobates_pileatus__pileated_gibbon__HLhylPil1__GCA_021498465.1	hg38.ENST00000312403.10#PGA5#60#Hylobates_pileatus__pileated_gibbon__HLhylPil1__GCA_021498465.1	PGA5	Hylobates_pileatus__pileated_gibbon__HLhylPil1__GCA_021498465.1	58	38
hg38.ENST00000312403.10_PGA5_7855_Hylobates_pileatus__pileated_gibbon__HLhylPil1__GCA_021498465.1	hg38.ENST00000312403.10#PGA5#7855#Hylobates_pileatus__pileated_gibbon__HLhylPil1__GCA_021498465.1	PGA5	Hylobates_pileatus__pileated_gibbon__HLhylPil1__GCA_021498465.1	58	38
HLbosTau10.ENSBTAT00000027020_ENSBTAG00000035736_1393_Hylobates_pileatus__pileated_gibbon__HLhylPil1__GCA_021498465.1	HLbosTau10.ENSBTAT00000027020#ENSBTAG00000035736#1393#Hylobates_pileatus__pileated_gibbon__HLhylPil1__GCA_021498465.1	ENSBTAG00000035736	Hylobates_pileatus__pileated_gibbon__HLhylPil1__GCA_021498465.1	32	22
hg38.ENST00000325558.11_PGA3_4218_Ia_io__Great_evening_bat__HLiaxIox1__GCA_025583905.1	hg38.ENST00000325558.11#PGA3#4218#Ia_io__Great_evening_bat__HLiaxIox1__GCA_025583905.1	PGA3	Ia_io__Great_evening_bat__HLiaxIox1__GCA_025583905.1	50	36
HLbosTau10.ENSBTAT00000050648_PAG9_69416_Ia_io__Great_evening_bat__HLiaxIox1__GCA_025583905.1	HLbosTau10.ENSBTAT00000050648#PAG9#69416#Ia_io__Great_evening_bat__HLiaxIox1__GCA_025583905.1	PAG9	Ia_io__Great_evening_bat__HLiaxIox1__GCA_025583905.1	19	12
mm10.ENSMUST00000025647_Pga5_24_Ictidomys_tridecemlineatus__Thirteen-lined_ground_squirrel__HLictTrid4A__GCA_052094955.1	mm10.ENSMUST00000025647#Pga5#24#Ictidomys_tridecemlineatus__Thirteen-lined_ground_squirrel__HLictTrid4A__GCA_052094955.1	Pga5	Ictidomys_tridecemlineatus__Thirteen-lined_ground_squirrel__HLictTrid4A__GCA_052094955.1	37	26
mm10.ENSMUST00000025647_Pga5_22_Ictidomys_tridecemlineatus__Thirteen-lined_ground_squirrel__HLictTrid4B__GCA_052094965.1	mm10.ENSMUST00000025647#Pga5#22#Ictidomys_tridecemlineatus__Thirteen-lined_ground_squirrel__HLictTrid4B__GCA_052094965.1	Pga5	Ictidomys_tridecemlineatus__Thirteen-lined_ground_squirrel__HLictTrid4B__GCA_052094965.1	37	26
hg38.ENST00000312403.10_PGA5_3201_Inia_geoffrensis__Boutu__HLiniGeo2A__GCA_036417435.1	hg38.ENST00000312403.10#PGA5#3201#Inia_geoffrensis__Boutu__HLiniGeo2A__GCA_036417435.1	PGA5	Inia_geoffrensis__Boutu__HLiniGeo2A__GCA_036417435.1	56	38
mm10.ENSMUST00000025647_Pga5_3916_Inia_geoffrensis__Boutu__HLiniGeo2A__GCA_036417435.1	mm10.ENSMUST00000025647#Pga5#3916#Inia_geoffrensis__Boutu__HLiniGeo2A__GCA_036417435.1	Pga5	Inia_geoffrensis__Boutu__HLiniGeo2A__GCA_036417435.1	10	4
mm10.ENSMUST00000025647_Pga5_3526_Inia_geoffrensis__Boutu__HLiniGeo2A__GCA_036417435.1	mm10.ENSMUST00000025647#Pga5#3526#Inia_geoffrensis__Boutu__HLiniGeo2A__GCA_036417435.1	Pga5	Inia_geoffrensis__Boutu__HLiniGeo2A__GCA_036417435.1	10	4
mm10.ENSMUST00000025647_Pga5_206744_Inia_geoffrensis__Boutu__HLiniGeo2A__GCA_036417435.1	mm10.ENSMUST00000025647#Pga5#206744#Inia_geoffrensis__Boutu__HLiniGeo2A__GCA_036417435.1	Pga5	Inia_geoffrensis__Boutu__HLiniGeo2A__GCA_036417435.1	10	4
mm10.ENSMUST00000025647_Pga5_3517_Inia_geoffrensis__Boutu__HLiniGeo2A__GCA_036417435.1	mm10.ENSMUST00000025647#Pga5#3517#Inia_geoffrensis__Boutu__HLiniGeo2A__GCA_036417435.1	Pga5	Inia_geoffrensis__Boutu__HLiniGeo2A__GCA_036417435.1	10	4
mm10.ENSMUST00000025647_Pga5_206734_Inia_geoffrensis__Boutu__HLiniGeo2A__GCA_036417435.1	mm10.ENSMUST00000025647#Pga5#206734#Inia_geoffrensis__Boutu__HLiniGeo2A__GCA_036417435.1	Pga5	Inia_geoffrensis__Boutu__HLiniGeo2A__GCA_036417435.1	10	4
mm10.ENSMUST00000025647_Pga5_70_Inia_geoffrensis__Boutu__HLiniGeo2A__GCA_036417435.1	mm10.ENSMUST00000025647#Pga5#70#Inia_geoffrensis__Boutu__HLiniGeo2A__GCA_036417435.1	Pga5	Inia_geoffrensis__Boutu__HLiniGeo2A__GCA_036417435.1	10	4
hg38.ENST00000312403.10_PGA5_2706_Inia_geoffrensis__Boutu__HLiniGeo2B__GCA_036417475.1	hg38.ENST00000312403.10#PGA5#2706#Inia_geoffrensis__Boutu__HLiniGeo2B__GCA_036417475.1	PGA5	Inia_geoffrensis__Boutu__HLiniGeo2B__GCA_036417475.1	56	38
mm10.ENSMUST00000025647_Pga5_3139_Inia_geoffrensis__Boutu__HLiniGeo2B__GCA_036417475.1	mm10.ENSMUST00000025647#Pga5#3139#Inia_geoffrensis__Boutu__HLiniGeo2B__GCA_036417475.1	Pga5	Inia_geoffrensis__Boutu__HLiniGeo2B__GCA_036417475.1	10	4
HLbosTau10.ENSBTAT00000050664_PAG15_238717_Inia_geoffrensis__Boutu__HLiniGeo2B__GCA_036417475.1	HLbosTau10.ENSBTAT00000050664#PAG15#238717#Inia_geoffrensis__Boutu__HLiniGeo2B__GCA_036417475.1	PAG15	Inia_geoffrensis__Boutu__HLiniGeo2B__GCA_036417475.1	10	4
mm10.ENSMUST00000025647_Pga5_166240_Inia_geoffrensis__Boutu__HLiniGeo2B__GCA_036417475.1	mm10.ENSMUST00000025647#Pga5#166240#Inia_geoffrensis__Boutu__HLiniGeo2B__GCA_036417475.1	Pga5	Inia_geoffrensis__Boutu__HLiniGeo2B__GCA_036417475.1	10	4
mm10.ENSMUST00000025647_Pga5_66_Inia_geoffrensis__Boutu__HLiniGeo2B__GCA_036417475.1	mm10.ENSMUST00000025647#Pga5#66#Inia_geoffrensis__Boutu__HLiniGeo2B__GCA_036417475.1	Pga5	Inia_geoffrensis__Boutu__HLiniGeo2B__GCA_036417475.1	10	4
HLbosTau10.ENSBTAT00000027020_ENSBTAG00000035736_9842_Jaculus_jaculus__lesser_Egyptian_jerboa__HLjacJac2__GCA_020740685.1	HLbosTau10.ENSBTAT00000027020#ENSBTAG00000035736#9842#Jaculus_jaculus__lesser_Egyptian_jerboa__HLjacJac2__GCA_020740685.1	ENSBTAG00000035736	Jaculus_jaculus__lesser_Egyptian_jerboa__HLjacJac2__GCA_020740685.1	26	17
mm10.ENSMUST00000025647_Pga5_4679_Kogia_breviceps__pygmy_sperm_whale__HLkogBre3__GCF_026419965.1	mm10.ENSMUST00000025647#Pga5#4679#Kogia_breviceps__pygmy_sperm_whale__HLkogBre3__GCF_026419965.1	Pga5	Kogia_breviceps__pygmy_sperm_whale__HLkogBre3__GCF_026419965.1	10	4
HLbosTau10.ENSBTAT00000013786_PAG7_113898_Kogia_breviceps__pygmy_sperm_whale__HLkogBre3__GCF_026419965.1	HLbosTau10.ENSBTAT00000013786#PAG7#113898#Kogia_breviceps__pygmy_sperm_whale__HLkogBre3__GCF_026419965.1	PAG7	Kogia_breviceps__pygmy_sperm_whale__HLkogBre3__GCF_026419965.1	10	4
mm10.ENSMUST00000025647_Pga5_72_Kogia_breviceps__pygmy_sperm_whale__HLkogBre3__GCF_026419965.1	mm10.ENSMUST00000025647#Pga5#72#Kogia_breviceps__pygmy_sperm_whale__HLkogBre3__GCF_026419965.1	Pga5	Kogia_breviceps__pygmy_sperm_whale__HLkogBre3__GCF_026419965.1	10	4
hg38.ENST00000312403.10_PGA5_2872_Kogia_breviceps__pygmy_sperm_whale__HLkogBre3__GCF_026419965.1	hg38.ENST00000312403.10#PGA5#2872#Kogia_breviceps__pygmy_sperm_whale__HLkogBre3__GCF_026419965.1	PGA5	Kogia_breviceps__pygmy_sperm_whale__HLkogBre3__GCF_026419965.1	56	38
hg38.ENST00000312403.10_PGA5_3025_Kogia_sima__dwarf_sperm_whale__HLkogSim1	hg38.ENST00000312403.10#PGA5#3025#Kogia_sima__dwarf_sperm_whale__HLkogSim1	PGA5	Kogia_sima__dwarf_sperm_whale__HLkogSim1	56	38
hg38.ENST00000312403.10_PGA5_4485_Lama_glama_chaku__llama__HLlamGlaCha1__GCA_013239585.1	hg38.ENST00000312403.10#PGA5#4485#Lama_glama_chaku__llama__HLlamGlaCha1__GCA_013239585.1	PGA5	Lama_glama_chaku__llama__HLlamGlaCha1__GCA_013239585.1	56	38
mm10.ENSMUST00000025647_Pga5_275_Lama_glama_chaku__llama__HLlamGlaCha1__GCA_013239585.1	mm10.ENSMUST00000025647#Pga5#275#Lama_glama_chaku__llama__HLlamGlaCha1__GCA_013239585.1	Pga5	Lama_glama_chaku__llama__HLlamGlaCha1__GCA_013239585.1	10	4
hg38.ENST00000312403.10_PGA5_206_Lasiopodomys_brandtii__Brandts_vole__HLlasBran1__GCA_052819205.1	hg38.ENST00000312403.10#PGA5#206#Lasiopodomys_brandtii__Brandts_vole__HLlasBran1__GCA_052819205.1	PGA5	Lasiopodomys_brandtii__Brandts_vole__HLlasBran1__GCA_052819205.1	28	19
mm10.ENSMUST00000025647_Pga5_241_Lasiopodomys_mandarinus__Mandarin_vole__HLlasMand1__GCA_052819315.1	mm10.ENSMUST00000025647#Pga5#241#Lasiopodomys_mandarinus__Mandarin_vole__HLlasMand1__GCA_052819315.1	Pga5	Lasiopodomys_mandarinus__Mandarin_vole__HLlasMand1__GCA_052819315.1	28	19
mm10.ENSMUST00000025647_Pga5_13_Lemmus_lemmus__Norway_lemming__HLlemLemm1__GCA_964027135.1	mm10.ENSMUST00000025647#Pga5#13#Lemmus_lemmus__Norway_lemming__HLlemLemm1__GCA_964027135.1	Pga5	Lemmus_lemmus__Norway_lemming__HLlemLemm1__GCA_964027135.1	28	19
mm10.ENSMUST00000025647_Pga5_198_Lemur_catta__Ring-tailed_lemur__HLlemCat1__GCA_004024665.1	mm10.ENSMUST00000025647#Pga5#198#Lemur_catta__Ring-tailed_lemur__HLlemCat1__GCA_004024665.1	Pga5	Lemur_catta__Ring-tailed_lemur__HLlemCat1__GCA_004024665.1	33	22
hg38.ENST00000325558.11_PGA3_16393_Lemur_catta__Ring-tailed_lemur__HLlemCat1__GCA_004024665.1	hg38.ENST00000325558.11#PGA3#16393#Lemur_catta__Ring-tailed_lemur__HLlemCat1__GCA_004024665.1	PGA3	Lemur_catta__Ring-tailed_lemur__HLlemCat1__GCA_004024665.1	58	38
mm10.ENSMUST00000025647_Pga5_124_Lemur_catta__Ring-tailed_lemur__HLlemCat2__GCF_020740605.2	mm10.ENSMUST00000025647#Pga5#124#Lemur_catta__Ring-tailed_lemur__HLlemCat2__GCF_020740605.2	Pga5	Lemur_catta__Ring-tailed_lemur__HLlemCat2__GCF_020740605.2	33	22
hg38.ENST00000312403.10_PGA5_6094_Lemur_catta__Ring-tailed_lemur__HLlemCat2__GCF_020740605.2	hg38.ENST00000312403.10#PGA5#6094#Lemur_catta__Ring-tailed_lemur__HLlemCat2__GCF_020740605.2	PGA5	Lemur_catta__Ring-tailed_lemur__HLlemCat2__GCF_020740605.2	58	38
HLbosTau10.ENSBTAT00000052386_MGC157405_5123_Leontopithecus_rosalia__Golden_lion_tamarin__HLleoRosa2A__GCA_054824895.1	HLbosTau10.ENSBTAT00000052386#MGC157405#5123#Leontopithecus_rosalia__Golden_lion_tamarin__HLleoRosa2A__GCA_054824895.1	MGC157405	Leontopithecus_rosalia__Golden_lion_tamarin__HLleoRosa2A__GCA_054824895.1	32	22
hg38.ENST00000312403.10_PGA5_8856_Leontopithecus_rosalia__Golden_lion_tamarin__HLleoRosa2A__GCA_054824895.1	hg38.ENST00000312403.10#PGA5#8856#Leontopithecus_rosalia__Golden_lion_tamarin__HLleoRosa2A__GCA_054824895.1	PGA5	Leontopithecus_rosalia__Golden_lion_tamarin__HLleoRosa2A__GCA_054824895.1	58	38
HLbosTau10.ENSBTAT00000038954_PAG21_10085_Lepus_capensis__Brown_hare__HLlepCap1__GCA_042027585.1	HLbosTau10.ENSBTAT00000038954#PAG21#10085#Lepus_capensis__Brown_hare__HLlepCap1__GCA_042027585.1	PAG21	Lepus_capensis__Brown_hare__HLlepCap1__GCA_042027585.1	40	28
hg38.ENST00000325558.11_PGA3_1194_Lepus_capensis__Brown_hare__HLlepCap1__GCA_042027585.1	hg38.ENST00000325558.11#PGA3#1194#Lepus_capensis__Brown_hare__HLlepCap1__GCA_042027585.1	PGA3	Lepus_capensis__Brown_hare__HLlepCap1__GCA_042027585.1	46	32
hg38.ENST00000312403.10_PGA5_5473_Lepus_capensis__Brown_hare__HLlepCap1__GCA_042027585.1	hg38.ENST00000312403.10#PGA5#5473#Lepus_capensis__Brown_hare__HLlepCap1__GCA_042027585.1	PGA5	Lepus_capensis__Brown_hare__HLlepCap1__GCA_042027585.1	46	32
hg38.ENST00000312403.10_PGA5_1997_Lepus_capensis__Brown_hare__HLlepCap1__GCA_042027585.1	hg38.ENST00000312403.10#PGA5#1997#Lepus_capensis__Brown_hare__HLlepCap1__GCA_042027585.1	PGA5	Lepus_capensis__Brown_hare__HLlepCap1__GCA_042027585.1	46	32
hg38.ENST00000378149.9_PGA4_18839_Lepus_capensis__Brown_hare__HLlepCap1__GCA_042027585.1	hg38.ENST00000378149.9#PGA4#18839#Lepus_capensis__Brown_hare__HLlepCap1__GCA_042027585.1	PGA4	Lepus_capensis__Brown_hare__HLlepCap1__GCA_042027585.1	46	32
hg38.ENST00000312403.10_PGA5_18839_Lepus_capensis__Brown_hare__HLlepCap1__GCA_042027585.1	hg38.ENST00000312403.10#PGA5#18839#Lepus_capensis__Brown_hare__HLlepCap1__GCA_042027585.1	PGA5	Lepus_capensis__Brown_hare__HLlepCap1__GCA_042027585.1	46	32
hg38.ENST00000312403.10_PGA5_1475_Lepus_capensis__Brown_hare__HLlepCap1__GCA_042027585.1	hg38.ENST00000312403.10#PGA5#1475#Lepus_capensis__Brown_hare__HLlepCap1__GCA_042027585.1	PGA5	Lepus_capensis__Brown_hare__HLlepCap1__GCA_042027585.1	46	32
hg38.ENST00000312403.10_PGA5_1985_Lepus_capensis__Brown_hare__HLlepCap1__GCA_042027585.1	hg38.ENST00000312403.10#PGA5#1985#Lepus_capensis__Brown_hare__HLlepCap1__GCA_042027585.1	PGA5	Lepus_capensis__Brown_hare__HLlepCap1__GCA_042027585.1	46	32
hg38.ENST00000312403.10_PGA5_15_Lepus_capensis__Brown_hare__HLlepCap1__GCA_042027585.1	hg38.ENST00000312403.10#PGA5#15#Lepus_capensis__Brown_hare__HLlepCap1__GCA_042027585.1	PGA5	Lepus_capensis__Brown_hare__HLlepCap1__GCA_042027585.1	46	32
HLbosTau10.ENSBTAT00000038954_PAG21_6853_Lepus_castroviejoi__Broom_Hare__HLlepCast1__GCA_978442995.1	HLbosTau10.ENSBTAT00000038954#PAG21#6853#Lepus_castroviejoi__Broom_Hare__HLlepCast1__GCA_978442995.1	PAG21	Lepus_castroviejoi__Broom_Hare__HLlepCast1__GCA_978442995.1	40	28
hg38.ENST00000325558.11_PGA3_1225_Lepus_castroviejoi__Broom_Hare__HLlepCast1__GCA_978442995.1	hg38.ENST00000325558.11#PGA3#1225#Lepus_castroviejoi__Broom_Hare__HLlepCast1__GCA_978442995.1	PGA3	Lepus_castroviejoi__Broom_Hare__HLlepCast1__GCA_978442995.1	46	32
hg38.ENST00000312403.10_PGA5_1958_Lepus_castroviejoi__Broom_Hare__HLlepCast1__GCA_978442995.1	hg38.ENST00000312403.10#PGA5#1958#Lepus_castroviejoi__Broom_Hare__HLlepCast1__GCA_978442995.1	PGA5	Lepus_castroviejoi__Broom_Hare__HLlepCast1__GCA_978442995.1	46	32
hg38.ENST00000312403.10_PGA5_5363_Lepus_castroviejoi__Broom_Hare__HLlepCast1__GCA_978442995.1	hg38.ENST00000312403.10#PGA5#5363#Lepus_castroviejoi__Broom_Hare__HLlepCast1__GCA_978442995.1	PGA5	Lepus_castroviejoi__Broom_Hare__HLlepCast1__GCA_978442995.1	46	32
hg38.ENST00000312403.10_PGA5_12951_Lepus_castroviejoi__Broom_Hare__HLlepCast1__GCA_978442995.1	hg38.ENST00000312403.10#PGA5#12951#Lepus_castroviejoi__Broom_Hare__HLlepCast1__GCA_978442995.1	PGA5	Lepus_castroviejoi__Broom_Hare__HLlepCast1__GCA_978442995.1	46	32
hg38.ENST00000312403.10_PGA5_509933_Lepus_castroviejoi__Broom_Hare__HLlepCast1__GCA_978442995.1	hg38.ENST00000312403.10#PGA5#509933#Lepus_castroviejoi__Broom_Hare__HLlepCast1__GCA_978442995.1	PGA5	Lepus_castroviejoi__Broom_Hare__HLlepCast1__GCA_978442995.1	46	32
hg38.ENST00000312403.10_PGA5_1825_Lepus_castroviejoi__Broom_Hare__HLlepCast1__GCA_978442995.1	hg38.ENST00000312403.10#PGA5#1825#Lepus_castroviejoi__Broom_Hare__HLlepCast1__GCA_978442995.1	PGA5	Lepus_castroviejoi__Broom_Hare__HLlepCast1__GCA_978442995.1	46	32
hg38.ENST00000312403.10_PGA5_2007_Lepus_castroviejoi__Broom_Hare__HLlepCast1__GCA_978442995.1	hg38.ENST00000312403.10#PGA5#2007#Lepus_castroviejoi__Broom_Hare__HLlepCast1__GCA_978442995.1	PGA5	Lepus_castroviejoi__Broom_Hare__HLlepCast1__GCA_978442995.1	46	32
hg38.ENST00000312403.10_PGA5_17_Lepus_castroviejoi__Broom_Hare__HLlepCast1__GCA_978442995.1	hg38.ENST00000312403.10#PGA5#17#Lepus_castroviejoi__Broom_Hare__HLlepCast1__GCA_978442995.1	PGA5	Lepus_castroviejoi__Broom_Hare__HLlepCast1__GCA_978442995.1	46	32
hg38.ENST00000312403.10_PGA5_17_Lepus_europaeus__European_hare__HLlepEur1__GCF_033115175.1	hg38.ENST00000312403.10#PGA5#17#Lepus_europaeus__European_hare__HLlepEur1__GCF_033115175.1	PGA5	Lepus_europaeus__European_hare__HLlepEur1__GCF_033115175.1	46	32
hg38.ENST00000312403.10_PGA5_2277_Lepus_europaeus__European_hare__HLlepEur1__GCF_033115175.1	hg38.ENST00000312403.10#PGA5#2277#Lepus_europaeus__European_hare__HLlepEur1__GCF_033115175.1	PGA5	Lepus_europaeus__European_hare__HLlepEur1__GCF_033115175.1	46	32
hg38.ENST00000312403.10_PGA5_151868_Lepus_europaeus__European_hare__HLlepEur1__GCF_033115175.1	hg38.ENST00000312403.10#PGA5#151868#Lepus_europaeus__European_hare__HLlepEur1__GCF_033115175.1	PGA5	Lepus_europaeus__European_hare__HLlepEur1__GCF_033115175.1	46	32
hg38.ENST00000312403.10_PGA5_29470_Lepus_europaeus__European_hare__HLlepEur1__GCF_033115175.1	hg38.ENST00000312403.10#PGA5#29470#Lepus_europaeus__European_hare__HLlepEur1__GCF_033115175.1	PGA5	Lepus_europaeus__European_hare__HLlepEur1__GCF_033115175.1	46	32
hg38.ENST00000312403.10_PGA5_1244_Lepus_europaeus__European_hare__HLlepEur1__GCF_033115175.1	hg38.ENST00000312403.10#PGA5#1244#Lepus_europaeus__European_hare__HLlepEur1__GCF_033115175.1	PGA5	Lepus_europaeus__European_hare__HLlepEur1__GCF_033115175.1	46	32
hg38.ENST00000312403.10_PGA5_7434_Lepus_europaeus__European_hare__HLlepEur1__GCF_033115175.1	hg38.ENST00000312403.10#PGA5#7434#Lepus_europaeus__European_hare__HLlepEur1__GCF_033115175.1	PGA5	Lepus_europaeus__European_hare__HLlepEur1__GCF_033115175.1	46	32
hg38.ENST00000312403.10_PGA5_8197_Lepus_europaeus__European_hare__HLlepEur1__GCF_033115175.1	hg38.ENST00000312403.10#PGA5#8197#Lepus_europaeus__European_hare__HLlepEur1__GCF_033115175.1	PGA5	Lepus_europaeus__European_hare__HLlepEur1__GCF_033115175.1	46	32
hg38.ENST00000312403.10_PGA5_2564_Lepus_europaeus__European_hare__HLlepEur1__GCF_033115175.1	hg38.ENST00000312403.10#PGA5#2564#Lepus_europaeus__European_hare__HLlepEur1__GCF_033115175.1	PGA5	Lepus_europaeus__European_hare__HLlepEur1__GCF_033115175.1	46	32
hg38.ENST00000325558.11_PGA3_10502_Lepus_europaeus__European_hare__HLlepEur1__GCF_033115175.1	hg38.ENST00000325558.11#PGA3#10502#Lepus_europaeus__European_hare__HLlepEur1__GCF_033115175.1	PGA3	Lepus_europaeus__European_hare__HLlepEur1__GCF_033115175.1	46	32
hg38.ENST00000325558.11_PGA3_1244_Lepus_europaeus__European_hare__HLlepEur1__GCF_033115175.1	hg38.ENST00000325558.11#PGA3#1244#Lepus_europaeus__European_hare__HLlepEur1__GCF_033115175.1	PGA3	Lepus_europaeus__European_hare__HLlepEur1__GCF_033115175.1	46	32
mm10.ENSMUST00000025647_Pga5_69_Lepus_europaeus__European_hare__HLlepEur1__GCF_033115175.1	mm10.ENSMUST00000025647#Pga5#69#Lepus_europaeus__European_hare__HLlepEur1__GCF_033115175.1	Pga5	Lepus_europaeus__European_hare__HLlepEur1__GCF_033115175.1	40	28
HLbosTau10.ENSBTAT00000038954_PAG21_7700_Lepus_oiostolus__Woolly_hare__HLlepOio1__GCA_036325905.1	HLbosTau10.ENSBTAT00000038954#PAG21#7700#Lepus_oiostolus__Woolly_hare__HLlepOio1__GCA_036325905.1	PAG21	Lepus_oiostolus__Woolly_hare__HLlepOio1__GCA_036325905.1	40	28
hg38.ENST00000325558.11_PGA3_1101_Lepus_oiostolus__Woolly_hare__HLlepOio1__GCA_036325905.1	hg38.ENST00000325558.11#PGA3#1101#Lepus_oiostolus__Woolly_hare__HLlepOio1__GCA_036325905.1	PGA3	Lepus_oiostolus__Woolly_hare__HLlepOio1__GCA_036325905.1	46	32
hg38.ENST00000325558.11_PGA3_284645_Lepus_oiostolus__Woolly_hare__HLlepOio1__GCA_036325905.1	hg38.ENST00000325558.11#PGA3#284645#Lepus_oiostolus__Woolly_hare__HLlepOio1__GCA_036325905.1	PGA3	Lepus_oiostolus__Woolly_hare__HLlepOio1__GCA_036325905.1	46	32
hg38.ENST00000312403.10_PGA5_1813_Lepus_oiostolus__Woolly_hare__HLlepOio1__GCA_036325905.1	hg38.ENST00000312403.10#PGA5#1813#Lepus_oiostolus__Woolly_hare__HLlepOio1__GCA_036325905.1	PGA5	Lepus_oiostolus__Woolly_hare__HLlepOio1__GCA_036325905.1	46	32
hg38.ENST00000312403.10_PGA5_1101_Lepus_oiostolus__Woolly_hare__HLlepOio1__GCA_036325905.1	hg38.ENST00000312403.10#PGA5#1101#Lepus_oiostolus__Woolly_hare__HLlepOio1__GCA_036325905.1	PGA5	Lepus_oiostolus__Woolly_hare__HLlepOio1__GCA_036325905.1	46	32
hg38.ENST00000312403.10_PGA5_28735_Lepus_oiostolus__Woolly_hare__HLlepOio1__GCA_036325905.1	hg38.ENST00000312403.10#PGA5#28735#Lepus_oiostolus__Woolly_hare__HLlepOio1__GCA_036325905.1	PGA5	Lepus_oiostolus__Woolly_hare__HLlepOio1__GCA_036325905.1	46	32
hg38.ENST00000312403.10_PGA5_1393_Lepus_oiostolus__Woolly_hare__HLlepOio1__GCA_036325905.1	hg38.ENST00000312403.10#PGA5#1393#Lepus_oiostolus__Woolly_hare__HLlepOio1__GCA_036325905.1	PGA5	Lepus_oiostolus__Woolly_hare__HLlepOio1__GCA_036325905.1	46	32
hg38.ENST00000312403.10_PGA5_1820_Lepus_oiostolus__Woolly_hare__HLlepOio1__GCA_036325905.1	hg38.ENST00000312403.10#PGA5#1820#Lepus_oiostolus__Woolly_hare__HLlepOio1__GCA_036325905.1	PGA5	Lepus_oiostolus__Woolly_hare__HLlepOio1__GCA_036325905.1	46	32
hg38.ENST00000312403.10_PGA5_17_Lepus_oiostolus__Woolly_hare__HLlepOio1__GCA_036325905.1	hg38.ENST00000312403.10#PGA5#17#Lepus_oiostolus__Woolly_hare__HLlepOio1__GCA_036325905.1	PGA5	Lepus_oiostolus__Woolly_hare__HLlepOio1__GCA_036325905.1	46	32
HLbosTau10.NM_176625_PAG16_1187_Lepus_timidus__Mountain_hare__HLlepTimi2__GCA_040893245.2	HLbosTau10.NM_176625#PAG16#1187#Lepus_timidus__Mountain_hare__HLlepTimi2__GCA_040893245.2	PAG16	Lepus_timidus__Mountain_hare__HLlepTimi2__GCA_040893245.2	40	28
hg38.ENST00000325558.11_PGA3_1139_Lepus_timidus__Mountain_hare__HLlepTimi2__GCA_040893245.2	hg38.ENST00000325558.11#PGA3#1139#Lepus_timidus__Mountain_hare__HLlepTimi2__GCA_040893245.2	PGA3	Lepus_timidus__Mountain_hare__HLlepTimi2__GCA_040893245.2	46	32
hg38.ENST00000312403.10_PGA5_2331_Lepus_timidus__Mountain_hare__HLlepTimi2__GCA_040893245.2	hg38.ENST00000312403.10#PGA5#2331#Lepus_timidus__Mountain_hare__HLlepTimi2__GCA_040893245.2	PGA5	Lepus_timidus__Mountain_hare__HLlepTimi2__GCA_040893245.2	46	32
hg38.ENST00000312403.10_PGA5_2216_Lepus_timidus__Mountain_hare__HLlepTimi2__GCA_040893245.2	hg38.ENST00000312403.10#PGA5#2216#Lepus_timidus__Mountain_hare__HLlepTimi2__GCA_040893245.2	PGA5	Lepus_timidus__Mountain_hare__HLlepTimi2__GCA_040893245.2	46	32
hg38.ENST00000312403.10_PGA5_2133_Lepus_timidus__Mountain_hare__HLlepTimi2__GCA_040893245.2	hg38.ENST00000312403.10#PGA5#2133#Lepus_timidus__Mountain_hare__HLlepTimi2__GCA_040893245.2	PGA5	Lepus_timidus__Mountain_hare__HLlepTimi2__GCA_040893245.2	46	32
hg38.ENST00000312403.10_PGA5_6542_Lepus_timidus__Mountain_hare__HLlepTimi2__GCA_040893245.2	hg38.ENST00000312403.10#PGA5#6542#Lepus_timidus__Mountain_hare__HLlepTimi2__GCA_040893245.2	PGA5	Lepus_timidus__Mountain_hare__HLlepTimi2__GCA_040893245.2	46	32
hg38.ENST00000312403.10_PGA5_1139_Lepus_timidus__Mountain_hare__HLlepTimi2__GCA_040893245.2	hg38.ENST00000312403.10#PGA5#1139#Lepus_timidus__Mountain_hare__HLlepTimi2__GCA_040893245.2	PGA5	Lepus_timidus__Mountain_hare__HLlepTimi2__GCA_040893245.2	46	32
HLbosTau10.ENSBTAT00000030244_ENSBTAG00000050440_1079_Lepus_timidus__Mountain_hare__HLlepTimi2__GCA_040893245.2	HLbosTau10.ENSBTAT00000030244#ENSBTAG00000050440#1079#Lepus_timidus__Mountain_hare__HLlepTimi2__GCA_040893245.2	ENSBTAG00000050440	Lepus_timidus__Mountain_hare__HLlepTimi2__GCA_040893245.2	46	32
HLeleMaxInd3A.XM_049889753.1_LOC126078931_220098_Lepus_timidus__Mountain_hare__HLlepTimi2__GCA_040893245.2	HLeleMaxInd3A.XM_049889753.1#LOC126078931#220098#Lepus_timidus__Mountain_hare__HLlepTimi2__GCA_040893245.2	LOC126078931	Lepus_timidus__Mountain_hare__HLlepTimi2__GCA_040893245.2	46	32
hg38.ENST00000312403.10_PGA5_3679_Lepus_timidus__Mountain_hare__HLlepTimi2__GCA_040893245.2	hg38.ENST00000312403.10#PGA5#3679#Lepus_timidus__Mountain_hare__HLlepTimi2__GCA_040893245.2	PGA5	Lepus_timidus__Mountain_hare__HLlepTimi2__GCA_040893245.2	46	32
hg38.ENST00000312403.10_PGA5_2023_Lepus_timidus__Mountain_hare__HLlepTimi2__GCA_040893245.2	hg38.ENST00000312403.10#PGA5#2023#Lepus_timidus__Mountain_hare__HLlepTimi2__GCA_040893245.2	PGA5	Lepus_timidus__Mountain_hare__HLlepTimi2__GCA_040893245.2	46	32
hg38.ENST00000312403.10_PGA5_17_Lepus_timidus__Mountain_hare__HLlepTimi2__GCA_040893245.2	hg38.ENST00000312403.10#PGA5#17#Lepus_timidus__Mountain_hare__HLlepTimi2__GCA_040893245.2	PGA5	Lepus_timidus__Mountain_hare__HLlepTimi2__GCA_040893245.2	46	32
mm10.ENSMUST00000025647_Pga5_70_Lepus_tolai__Tolai_hare__HLlepTola1__GCA_051942805.1	mm10.ENSMUST00000025647#Pga5#70#Lepus_tolai__Tolai_hare__HLlepTola1__GCA_051942805.1	Pga5	Lepus_tolai__Tolai_hare__HLlepTola1__GCA_051942805.1	40	28
hg38.ENST00000312403.10_PGA5_7757_Lepus_tolai__Tolai_hare__HLlepTola1__GCA_051942805.1	hg38.ENST00000312403.10#PGA5#7757#Lepus_tolai__Tolai_hare__HLlepTola1__GCA_051942805.1	PGA5	Lepus_tolai__Tolai_hare__HLlepTola1__GCA_051942805.1	46	32
HLbosTau10.ENSBTAT00000077609_ENSBTAG00000053183_2132_Lepus_tolai__Tolai_hare__HLlepTola1__GCA_051942805.1	HLbosTau10.ENSBTAT00000077609#ENSBTAG00000053183#2132#Lepus_tolai__Tolai_hare__HLlepTola1__GCA_051942805.1	ENSBTAG00000053183	Lepus_tolai__Tolai_hare__HLlepTola1__GCA_051942805.1	46	32
hg38.ENST00000312403.10_PGA5_2171_Lepus_tolai__Tolai_hare__HLlepTola1__GCA_051942805.1	hg38.ENST00000312403.10#PGA5#2171#Lepus_tolai__Tolai_hare__HLlepTola1__GCA_051942805.1	PGA5	Lepus_tolai__Tolai_hare__HLlepTola1__GCA_051942805.1	46	32
hg38.ENST00000312403.10_PGA5_5658_Lepus_tolai__Tolai_hare__HLlepTola1__GCA_051942805.1	hg38.ENST00000312403.10#PGA5#5658#Lepus_tolai__Tolai_hare__HLlepTola1__GCA_051942805.1	PGA5	Lepus_tolai__Tolai_hare__HLlepTola1__GCA_051942805.1	46	32
HLbosTau10.ENSBTAT00000019640_PGA5_46179_Lepus_tolai__Tolai_hare__HLlepTola1__GCA_051942805.1	HLbosTau10.ENSBTAT00000019640#PGA5#46179#Lepus_tolai__Tolai_hare__HLlepTola1__GCA_051942805.1	PGA5	Lepus_tolai__Tolai_hare__HLlepTola1__GCA_051942805.1	46	32
hg38.ENST00000312403.10_PGA5_1771_Lepus_tolai__Tolai_hare__HLlepTola1__GCA_051942805.1	hg38.ENST00000312403.10#PGA5#1771#Lepus_tolai__Tolai_hare__HLlepTola1__GCA_051942805.1	PGA5	Lepus_tolai__Tolai_hare__HLlepTola1__GCA_051942805.1	46	32
hg38.ENST00000312403.10_PGA5_2022_Lepus_tolai__Tolai_hare__HLlepTola1__GCA_051942805.1	hg38.ENST00000312403.10#PGA5#2022#Lepus_tolai__Tolai_hare__HLlepTola1__GCA_051942805.1	PGA5	Lepus_tolai__Tolai_hare__HLlepTola1__GCA_051942805.1	46	32
hg38.ENST00000312403.10_PGA5_17_Lepus_tolai__Tolai_hare__HLlepTola1__GCA_051942805.1	hg38.ENST00000312403.10#PGA5#17#Lepus_tolai__Tolai_hare__HLlepTola1__GCA_051942805.1	PGA5	Lepus_tolai__Tolai_hare__HLlepTola1__GCA_051942805.1	46	32
mm10.ENSMUST00000025647_Pga5_71_Lepus_yarkandensis__Yarkand_hare__HLlepYar1__GCA_047496845.1	mm10.ENSMUST00000025647#Pga5#71#Lepus_yarkandensis__Yarkand_hare__HLlepYar1__GCA_047496845.1	Pga5	Lepus_yarkandensis__Yarkand_hare__HLlepYar1__GCA_047496845.1	40	28
hg38.ENST00000325558.11_PGA3_1083_Lepus_yarkandensis__Yarkand_hare__HLlepYar1__GCA_047496845.1	hg38.ENST00000325558.11#PGA3#1083#Lepus_yarkandensis__Yarkand_hare__HLlepYar1__GCA_047496845.1	PGA3	Lepus_yarkandensis__Yarkand_hare__HLlepYar1__GCA_047496845.1	46	32
hg38.ENST00000312403.10_PGA5_4211_Lepus_yarkandensis__Yarkand_hare__HLlepYar1__GCA_047496845.1	hg38.ENST00000312403.10#PGA5#4211#Lepus_yarkandensis__Yarkand_hare__HLlepYar1__GCA_047496845.1	PGA5	Lepus_yarkandensis__Yarkand_hare__HLlepYar1__GCA_047496845.1	46	32
hg38.ENST00000312403.10_PGA5_1898_Lepus_yarkandensis__Yarkand_hare__HLlepYar1__GCA_047496845.1	hg38.ENST00000312403.10#PGA5#1898#Lepus_yarkandensis__Yarkand_hare__HLlepYar1__GCA_047496845.1	PGA5	Lepus_yarkandensis__Yarkand_hare__HLlepYar1__GCA_047496845.1	46	32
hg38.ENST00000312403.10_PGA5_5780_Lepus_yarkandensis__Yarkand_hare__HLlepYar1__GCA_047496845.1	hg38.ENST00000312403.10#PGA5#5780#Lepus_yarkandensis__Yarkand_hare__HLlepYar1__GCA_047496845.1	PGA5	Lepus_yarkandensis__Yarkand_hare__HLlepYar1__GCA_047496845.1	46	32
hg38.ENST00000312403.10_PGA5_5684_Lepus_yarkandensis__Yarkand_hare__HLlepYar1__GCA_047496845.1	hg38.ENST00000312403.10#PGA5#5684#Lepus_yarkandensis__Yarkand_hare__HLlepYar1__GCA_047496845.1	PGA5	Lepus_yarkandensis__Yarkand_hare__HLlepYar1__GCA_047496845.1	46	32
hg38.ENST00000312403.10_PGA5_200891_Lepus_yarkandensis__Yarkand_hare__HLlepYar1__GCA_047496845.1	hg38.ENST00000312403.10#PGA5#200891#Lepus_yarkandensis__Yarkand_hare__HLlepYar1__GCA_047496845.1	PGA5	Lepus_yarkandensis__Yarkand_hare__HLlepYar1__GCA_047496845.1	46	32
hg38.ENST00000312403.10_PGA5_1083_Lepus_yarkandensis__Yarkand_hare__HLlepYar1__GCA_047496845.1	hg38.ENST00000312403.10#PGA5#1083#Lepus_yarkandensis__Yarkand_hare__HLlepYar1__GCA_047496845.1	PGA5	Lepus_yarkandensis__Yarkand_hare__HLlepYar1__GCA_047496845.1	46	32
hg38.ENST00000312403.10_PGA5_1203_Lepus_yarkandensis__Yarkand_hare__HLlepYar1__GCA_047496845.1	hg38.ENST00000312403.10#PGA5#1203#Lepus_yarkandensis__Yarkand_hare__HLlepYar1__GCA_047496845.1	PGA5	Lepus_yarkandensis__Yarkand_hare__HLlepYar1__GCA_047496845.1	46	32
HLbosTau10.ENSBTAT00000030244_ENSBTAG00000050440_1018_Lepus_yarkandensis__Yarkand_hare__HLlepYar1__GCA_047496845.1	HLbosTau10.ENSBTAT00000030244#ENSBTAG00000050440#1018#Lepus_yarkandensis__Yarkand_hare__HLlepYar1__GCA_047496845.1	ENSBTAG00000050440	Lepus_yarkandensis__Yarkand_hare__HLlepYar1__GCA_047496845.1	46	32
hg38.ENST00000312403.10_PGA5_1553_Lepus_yarkandensis__Yarkand_hare__HLlepYar1__GCA_047496845.1	hg38.ENST00000312403.10#PGA5#1553#Lepus_yarkandensis__Yarkand_hare__HLlepYar1__GCA_047496845.1	PGA5	Lepus_yarkandensis__Yarkand_hare__HLlepYar1__GCA_047496845.1	46	32
hg38.ENST00000312403.10_PGA5_2438_Lepus_yarkandensis__Yarkand_hare__HLlepYar1__GCA_047496845.1	hg38.ENST00000312403.10#PGA5#2438#Lepus_yarkandensis__Yarkand_hare__HLlepYar1__GCA_047496845.1	PGA5	Lepus_yarkandensis__Yarkand_hare__HLlepYar1__GCA_047496845.1	46	32
hg38.ENST00000312403.10_PGA5_17_Lepus_yarkandensis__Yarkand_hare__HLlepYar1__GCA_047496845.1	hg38.ENST00000312403.10#PGA5#17#Lepus_yarkandensis__Yarkand_hare__HLlepYar1__GCA_047496845.1	PGA5	Lepus_yarkandensis__Yarkand_hare__HLlepYar1__GCA_047496845.1	46	32
HLbosTau10.ENSBTAT00000025593_PAG5_21991_Lontra_canadensis__Northern_American_river_otter__HLlonCan1__GCA_010015895.1	HLbosTau10.ENSBTAT00000025593#PAG5#21991#Lontra_canadensis__Northern_American_river_otter__HLlonCan1__GCA_010015895.1	PAG5	Lontra_canadensis__Northern_American_river_otter__HLlonCan1__GCA_010015895.1	20	13
hg38.ENST00000312403.10_PGA5_4137_Lontra_canadensis__Northern_American_river_otter__HLlonCan1__GCA_010015895.1	hg38.ENST00000312403.10#PGA5#4137#Lontra_canadensis__Northern_American_river_otter__HLlonCan1__GCA_010015895.1	PGA5	Lontra_canadensis__Northern_American_river_otter__HLlonCan1__GCA_010015895.1	54	38
hg38.ENST00000312403.10_PGA5_3469_Lophostoma_evote__Davis_round-eared_bat__HLlopEvot1A__GCA_051307075.1	hg38.ENST00000312403.10#PGA5#3469#Lophostoma_evote__Davis_round-eared_bat__HLlopEvot1A__GCA_051307075.1	PGA5	Lophostoma_evote__Davis_round-eared_bat__HLlopEvot1A__GCA_051307075.1	53	38
mm10.ENSMUST00000025647_Pga5_72_Lophostoma_evote__Davis_round-eared_bat__HLlopEvot1A__GCA_051307075.1	mm10.ENSMUST00000025647#Pga5#72#Lophostoma_evote__Davis_round-eared_bat__HLlopEvot1A__GCA_051307075.1	Pga5	Lophostoma_evote__Davis_round-eared_bat__HLlopEvot1A__GCA_051307075.1	21	14
mm10.ENSMUST00000025647_Pga5_234_Loris_tardigradus__slender_loris__HLlorTar1__GCA_023783135.1	mm10.ENSMUST00000025647#Pga5#234#Loris_tardigradus__slender_loris__HLlorTar1__GCA_023783135.1	Pga5	Loris_tardigradus__slender_loris__HLlorTar1__GCA_023783135.1	33	22
hg38.ENST00000312403.10_PGA5_31538_Loris_tardigradus__slender_loris__HLlorTar1__GCA_023783135.1	hg38.ENST00000312403.10#PGA5#31538#Loris_tardigradus__slender_loris__HLlorTar1__GCA_023783135.1	PGA5	Loris_tardigradus__slender_loris__HLlorTar1__GCA_023783135.1	58	38
hg38.ENST00000312403.10_PGA5_4591_Loxodonta_africana__African_savanna_elephant__HLloxAfr5A__GCA_030014295.1	hg38.ENST00000312403.10#PGA5#4591#Loxodonta_africana__African_savanna_elephant__HLloxAfr5A__GCA_030014295.1	PGA5	Loxodonta_africana__African_savanna_elephant__HLloxAfr5A__GCA_030014295.1	52	37
HLbosTau10.NM_176625_PAG16_13139_Loxodonta_africana__African_savanna_elephant__HLloxAfr5A__GCA_030014295.1	HLbosTau10.NM_176625#PAG16#13139#Loxodonta_africana__African_savanna_elephant__HLloxAfr5A__GCA_030014295.1	PAG16	Loxodonta_africana__African_savanna_elephant__HLloxAfr5A__GCA_030014295.1	17	10
mm10.ENSMUST00000025647_Pga5_64_Loxodonta_africana__African_savanna_elephant__HLloxAfr5B__GCA_030020305.1	mm10.ENSMUST00000025647#Pga5#64#Loxodonta_africana__African_savanna_elephant__HLloxAfr5B__GCA_030020305.1	Pga5	Loxodonta_africana__African_savanna_elephant__HLloxAfr5B__GCA_030020305.1	17	10
hg38.ENST00000312403.10_PGA5_3771_Loxodonta_africana__African_savanna_elephant__HLloxAfr5B__GCA_030020305.1	hg38.ENST00000312403.10#PGA5#3771#Loxodonta_africana__African_savanna_elephant__HLloxAfr5B__GCA_030020305.1	PGA5	Loxodonta_africana__African_savanna_elephant__HLloxAfr5B__GCA_030020305.1	52	37
mm10.ENSMUST00000025647_Pga5_68_Lutra_lutra__Eurasian_river_otter__HLlutLut1__GCA_902655055.1	mm10.ENSMUST00000025647#Pga5#68#Lutra_lutra__Eurasian_river_otter__HLlutLut1__GCA_902655055.1	Pga5	Lutra_lutra__Eurasian_river_otter__HLlutLut1__GCA_902655055.1	20	13
hg38.ENST00000312403.10_PGA5_3299_Lutra_lutra__Eurasian_river_otter__HLlutLut1__GCA_902655055.1	hg38.ENST00000312403.10#PGA5#3299#Lutra_lutra__Eurasian_river_otter__HLlutLut1__GCA_902655055.1	PGA5	Lutra_lutra__Eurasian_river_otter__HLlutLut1__GCA_902655055.1	54	38
mm10.ENSMUST00000025647_Pga5_92_Lycaon_pictus__African_hunting_dog__HLlycPic3	mm10.ENSMUST00000025647#Pga5#92#Lycaon_pictus__African_hunting_dog__HLlycPic3	Pga5	Lycaon_pictus__African_hunting_dog__HLlycPic3	20	13
hg38.ENST00000325558.11_PGA3_3552_Lycaon_pictus__African_hunting_dog__HLlycPic3	hg38.ENST00000325558.11#PGA3#3552#Lycaon_pictus__African_hunting_dog__HLlycPic3	PGA3	Lycaon_pictus__African_hunting_dog__HLlycPic3	54	38
hg38.ENST00000325558.11_PGA3_3402_Lycaon_pictus__African_hunting_dog__HLlycPict4A__GCA_040955705.1	hg38.ENST00000325558.11#PGA3#3402#Lycaon_pictus__African_hunting_dog__HLlycPict4A__GCA_040955705.1	PGA3	Lycaon_pictus__African_hunting_dog__HLlycPict4A__GCA_040955705.1	54	38
mm10.ENSMUST00000025647_Pga5_91_Lycaon_pictus__African_hunting_dog__HLlycPict4A__GCA_040955705.1	mm10.ENSMUST00000025647#Pga5#91#Lycaon_pictus__African_hunting_dog__HLlycPict4A__GCA_040955705.1	Pga5	Lycaon_pictus__African_hunting_dog__HLlycPict4A__GCA_040955705.1	20	13
mm10.ENSMUST00000025647_Pga5_70_Lynx_canadensis__Canada_lynx__HLlynCan1__GCA_007474595.1	mm10.ENSMUST00000025647#Pga5#70#Lynx_canadensis__Canada_lynx__HLlynCan1__GCA_007474595.1	Pga5	Lynx_canadensis__Canada_lynx__HLlynCan1__GCA_007474595.1	20	13
hg38.ENST00000312403.10_PGA5_3068_Lynx_canadensis__Canada_lynx__HLlynCan1__GCA_007474595.1	hg38.ENST00000312403.10#PGA5#3068#Lynx_canadensis__Canada_lynx__HLlynCan1__GCA_007474595.1	PGA5	Lynx_canadensis__Canada_lynx__HLlynCan1__GCA_007474595.1	54	38
mm10.ENSMUST00000025647_Pga5_70_Lynx_canadensis__Canada_lynx__HLlynCana2__GCF_007474595.2	mm10.ENSMUST00000025647#Pga5#70#Lynx_canadensis__Canada_lynx__HLlynCana2__GCF_007474595.2	Pga5	Lynx_canadensis__Canada_lynx__HLlynCana2__GCF_007474595.2	20	13
hg38.ENST00000312403.10_PGA5_3109_Lynx_canadensis__Canada_lynx__HLlynCana2__GCF_007474595.2	hg38.ENST00000312403.10#PGA5#3109#Lynx_canadensis__Canada_lynx__HLlynCana2__GCF_007474595.2	PGA5	Lynx_canadensis__Canada_lynx__HLlynCana2__GCF_007474595.2	54	38
mm10.ENSMUST00000025647_Pga5_72_Lynx_rufus__bobcat__HLlynRuf1__GCA_022079265.1	mm10.ENSMUST00000025647#Pga5#72#Lynx_rufus__bobcat__HLlynRuf1__GCA_022079265.1	Pga5	Lynx_rufus__bobcat__HLlynRuf1__GCA_022079265.1	20	13
hg38.ENST00000312403.10_PGA5_4188_Lynx_rufus__bobcat__HLlynRuf1__GCA_022079265.1	hg38.ENST00000312403.10#PGA5#4188#Lynx_rufus__bobcat__HLlynRuf1__GCA_022079265.1	PGA5	Lynx_rufus__bobcat__HLlynRuf1__GCA_022079265.1	54	38
HLbosTau10.NM_176625_PAG16_3012_Macaca_assamensis__Assam_macaque__HLmacAss1__GCA_023783095.1	HLbosTau10.NM_176625#PAG16#3012#Macaca_assamensis__Assam_macaque__HLmacAss1__GCA_023783095.1	PAG16	Macaca_assamensis__Assam_macaque__HLmacAss1__GCA_023783095.1	58	38
hg38.ENST00000312403.10_PGA5_74_Macaca_assamensis__Assam_macaque__HLmacAss1__GCA_023783095.1	hg38.ENST00000312403.10#PGA5#74#Macaca_assamensis__Assam_macaque__HLmacAss1__GCA_023783095.1	PGA5	Macaca_assamensis__Assam_macaque__HLmacAss1__GCA_023783095.1	58	38
hg38.ENST00000312403.10_PGA5_1682_Macaca_assamensis__Assam_macaque__HLmacAss1__GCA_023783095.1	hg38.ENST00000312403.10#PGA5#1682#Macaca_assamensis__Assam_macaque__HLmacAss1__GCA_023783095.1	PGA5	Macaca_assamensis__Assam_macaque__HLmacAss1__GCA_023783095.1	58	38
hg38.ENST00000312403.10_PGA5_8214_Macaca_assamensis__Assam_macaque__HLmacAss1__GCA_023783095.1	hg38.ENST00000312403.10#PGA5#8214#Macaca_assamensis__Assam_macaque__HLmacAss1__GCA_023783095.1	PGA5	Macaca_assamensis__Assam_macaque__HLmacAss1__GCA_023783095.1	58	38
HLbosTau10.ENSBTAT00000030466_PAG18_9060_Macaca_assamensis__Assam_macaque__HLmacAss1__GCA_023783095.1	HLbosTau10.ENSBTAT00000030466#PAG18#9060#Macaca_assamensis__Assam_macaque__HLmacAss1__GCA_023783095.1	PAG18	Macaca_assamensis__Assam_macaque__HLmacAss1__GCA_023783095.1	32	22
hg38.ENST00000312403.10_PGA5_2787_Macaca_assamensis__Assam_macaque__HLmacAss1__GCA_023783095.1	hg38.ENST00000312403.10#PGA5#2787#Macaca_assamensis__Assam_macaque__HLmacAss1__GCA_023783095.1	PGA5	Macaca_assamensis__Assam_macaque__HLmacAss1__GCA_023783095.1	58	38
hg38.ENST00000312403.10_PGA5_21_Macaca_cyclopis__Taiwan_macaque__HLmacCyc1__GCA_026956025.1	hg38.ENST00000312403.10#PGA5#21#Macaca_cyclopis__Taiwan_macaque__HLmacCyc1__GCA_026956025.1	PGA5	Macaca_cyclopis__Taiwan_macaque__HLmacCyc1__GCA_026956025.1	58	38
hg38.ENST00000312403.10_PGA5_14192_Macaca_cyclopis__Taiwan_macaque__HLmacCyc1__GCA_026956025.1	hg38.ENST00000312403.10#PGA5#14192#Macaca_cyclopis__Taiwan_macaque__HLmacCyc1__GCA_026956025.1	PGA5	Macaca_cyclopis__Taiwan_macaque__HLmacCyc1__GCA_026956025.1	58	38
HLbosTau10.ENSBTAT00000079331_ENSBTAG00000051501_26413_Macaca_cyclopis__Taiwan_macaque__HLmacCyc1__GCA_026956025.1	HLbosTau10.ENSBTAT00000079331#ENSBTAG00000051501#26413#Macaca_cyclopis__Taiwan_macaque__HLmacCyc1__GCA_026956025.1	ENSBTAG00000051501	Macaca_cyclopis__Taiwan_macaque__HLmacCyc1__GCA_026956025.1	32	22
hg38.ENST00000325558.11_PGA3_21_Macaca_cyclopis__Taiwan_macaque__HLmacCyc1__GCA_026956025.1	hg38.ENST00000325558.11#PGA3#21#Macaca_cyclopis__Taiwan_macaque__HLmacCyc1__GCA_026956025.1	PGA3	Macaca_cyclopis__Taiwan_macaque__HLmacCyc1__GCA_026956025.1	58	38
HLbosTau10.ENSBTAT00000019640_PGA5_3830_Macaca_fascicularis__Crab-eating_macaque__HLmacFas8__GCF_037993035.1	HLbosTau10.ENSBTAT00000019640#PGA5#3830#Macaca_fascicularis__Crab-eating_macaque__HLmacFas8__GCF_037993035.1	PGA5	Macaca_fascicularis__Crab-eating_macaque__HLmacFas8__GCF_037993035.1	58	38
HLbosTau10.ENSBTAT00000019640_PGA5_104128_Macaca_fascicularis__Crab-eating_macaque__HLmacFas8__GCF_037993035.1	HLbosTau10.ENSBTAT00000019640#PGA5#104128#Macaca_fascicularis__Crab-eating_macaque__HLmacFas8__GCF_037993035.1	PGA5	Macaca_fascicularis__Crab-eating_macaque__HLmacFas8__GCF_037993035.1	58	38
HLbosTau10.NM_176625_PAG16_1518_Macaca_fascicularis__Crab-eating_macaque__HLmacFas8__GCF_037993035.1	HLbosTau10.NM_176625#PAG16#1518#Macaca_fascicularis__Crab-eating_macaque__HLmacFas8__GCF_037993035.1	PAG16	Macaca_fascicularis__Crab-eating_macaque__HLmacFas8__GCF_037993035.1	58	38
HLbosTau10.ENSBTAT00000018996_ENSBTAG00000040257_6680_Macaca_fascicularis__Crab-eating_macaque__HLmacFas8__GCF_037993035.1	HLbosTau10.ENSBTAT00000018996#ENSBTAG00000040257#6680#Macaca_fascicularis__Crab-eating_macaque__HLmacFas8__GCF_037993035.1	ENSBTAG00000040257	Macaca_fascicularis__Crab-eating_macaque__HLmacFas8__GCF_037993035.1	32	22
hg38.ENST00000312403.10_PGA5_8852_Macaca_fascicularis__Crab-eating_macaque__HLmacFas8__GCF_037993035.1	hg38.ENST00000312403.10#PGA5#8852#Macaca_fascicularis__Crab-eating_macaque__HLmacFas8__GCF_037993035.1	PGA5	Macaca_fascicularis__Crab-eating_macaque__HLmacFas8__GCF_037993035.1	58	38
hg38.ENST00000325558.11_PGA3_3405_Macaca_fascicularis__Crab-eating_macaque__HLmacFas8__GCF_037993035.1	hg38.ENST00000325558.11#PGA3#3405#Macaca_fascicularis__Crab-eating_macaque__HLmacFas8__GCF_037993035.1	PGA3	Macaca_fascicularis__Crab-eating_macaque__HLmacFas8__GCF_037993035.1	58	38
hg38.ENST00000378149.9_PGA4_44154_Macaca_fascicularis__Crab-eating_macaque__HLmacFas8__GCF_037993035.1	hg38.ENST00000378149.9#PGA4#44154#Macaca_fascicularis__Crab-eating_macaque__HLmacFas8__GCF_037993035.1	PGA4	Macaca_fascicularis__Crab-eating_macaque__HLmacFas8__GCF_037993035.1	58	38
hg38.ENST00000378149.9_PGA4_772321_Macaca_fascicularis__Crab-eating_macaque__HLmacFas8__GCF_037993035.1	hg38.ENST00000378149.9#PGA4#772321#Macaca_fascicularis__Crab-eating_macaque__HLmacFas8__GCF_037993035.1	PGA4	Macaca_fascicularis__Crab-eating_macaque__HLmacFas8__GCF_037993035.1	58	38
hg38.ENST00000378149.9_PGA4_767451_Macaca_fascicularis__Crab-eating_macaque__HLmacFas8__GCF_037993035.1	hg38.ENST00000378149.9#PGA4#767451#Macaca_fascicularis__Crab-eating_macaque__HLmacFas8__GCF_037993035.1	PGA4	Macaca_fascicularis__Crab-eating_macaque__HLmacFas8__GCF_037993035.1	58	38
hg38.ENST00000312403.10_PGA5_27671_Macaca_fascicularis__Crab-eating_macaque__HLmacFas8__GCF_037993035.1	hg38.ENST00000312403.10#PGA5#27671#Macaca_fascicularis__Crab-eating_macaque__HLmacFas8__GCF_037993035.1	PGA5	Macaca_fascicularis__Crab-eating_macaque__HLmacFas8__GCF_037993035.1	58	38
hg38.ENST00000312403.10_PGA5_162147_Macaca_fascicularis__Crab-eating_macaque__HLmacFas8__GCF_037993035.1	hg38.ENST00000312403.10#PGA5#162147#Macaca_fascicularis__Crab-eating_macaque__HLmacFas8__GCF_037993035.1	PGA5	Macaca_fascicularis__Crab-eating_macaque__HLmacFas8__GCF_037993035.1	58	38
hg38.ENST00000312403.10_PGA5_5151_Macaca_fascicularis__Crab-eating_macaque__HLmacFas8__GCF_037993035.1	hg38.ENST00000312403.10#PGA5#5151#Macaca_fascicularis__Crab-eating_macaque__HLmacFas8__GCF_037993035.1	PGA5	Macaca_fascicularis__Crab-eating_macaque__HLmacFas8__GCF_037993035.1	58	38
hg38.ENST00000312403.10_PGA5_3405_Macaca_fascicularis__Crab-eating_macaque__HLmacFas8__GCF_037993035.1	hg38.ENST00000312403.10#PGA5#3405#Macaca_fascicularis__Crab-eating_macaque__HLmacFas8__GCF_037993035.1	PGA5	Macaca_fascicularis__Crab-eating_macaque__HLmacFas8__GCF_037993035.1	58	38
hg38.ENST00000312403.10_PGA5_7119_Macaca_fascicularis__Crab-eating_macaque__HLmacFas8__GCF_037993035.1	hg38.ENST00000312403.10#PGA5#7119#Macaca_fascicularis__Crab-eating_macaque__HLmacFas8__GCF_037993035.1	PGA5	Macaca_fascicularis__Crab-eating_macaque__HLmacFas8__GCF_037993035.1	58	38
hg38.ENST00000312403.10_PGA5_20_Macaca_fascicularis__crab-eating_macaque__HLmacFas7__GCF_012559485.2	hg38.ENST00000312403.10#PGA5#20#Macaca_fascicularis__crab-eating_macaque__HLmacFas7__GCF_012559485.2	PGA5	Macaca_fascicularis__crab-eating_macaque__HLmacFas7__GCF_012559485.2	58	38
HLbosTau10.ENSBTAT00000019640_PGA5_33441_Macaca_mulatta__Rhesus_monkey__HLmacMula11__GCF_049350105.2	HLbosTau10.ENSBTAT00000019640#PGA5#33441#Macaca_mulatta__Rhesus_monkey__HLmacMula11__GCF_049350105.2	PGA5	Macaca_mulatta__Rhesus_monkey__HLmacMula11__GCF_049350105.2	58	38
hg38.ENST00000312403.10_PGA5_21_Macaca_mulatta__Rhesus_monkey__HLmacMula11__GCF_049350105.2	hg38.ENST00000312403.10#PGA5#21#Macaca_mulatta__Rhesus_monkey__HLmacMula11__GCF_049350105.2	PGA5	Macaca_mulatta__Rhesus_monkey__HLmacMula11__GCF_049350105.2	58	38
hg38.ENST00000325558.11_PGA3_21_Macaca_mulatta__Rhesus_monkey__HLmacMula11__GCF_049350105.2	hg38.ENST00000325558.11#PGA3#21#Macaca_mulatta__Rhesus_monkey__HLmacMula11__GCF_049350105.2	PGA3	Macaca_mulatta__Rhesus_monkey__HLmacMula11__GCF_049350105.2	58	38
hg38.ENST00000312403.10_PGA5_4500_Macaca_mulatta__Rhesus_monkey__HLmacMula11__GCF_049350105.2	hg38.ENST00000312403.10#PGA5#4500#Macaca_mulatta__Rhesus_monkey__HLmacMula11__GCF_049350105.2	PGA5	Macaca_mulatta__Rhesus_monkey__HLmacMula11__GCF_049350105.2	58	38
HLbosTau10.ENSBTAT00000079331_ENSBTAG00000051501_29662_Macaca_mulatta__Rhesus_monkey__HLmacMula11__GCF_049350105.2	HLbosTau10.ENSBTAT00000079331#ENSBTAG00000051501#29662#Macaca_mulatta__Rhesus_monkey__HLmacMula11__GCF_049350105.2	ENSBTAG00000051501	Macaca_mulatta__Rhesus_monkey__HLmacMula11__GCF_049350105.2	32	22
HLeleMaxInd3A.XM_049889753.1_LOC126078931_11271_Macaca_nemestrina__Pig-tailed_macaque__HLmacNeme2A__GCF_043159975.1	HLeleMaxInd3A.XM_049889753.1#LOC126078931#11271#Macaca_nemestrina__Pig-tailed_macaque__HLmacNeme2A__GCF_043159975.1	LOC126078931	Macaca_nemestrina__Pig-tailed_macaque__HLmacNeme2A__GCF_043159975.1	58	38
hg38.ENST00000312403.10_PGA5_21_Macaca_nemestrina__Pig-tailed_macaque__HLmacNeme2A__GCF_043159975.1	hg38.ENST00000312403.10#PGA5#21#Macaca_nemestrina__Pig-tailed_macaque__HLmacNeme2A__GCF_043159975.1	PGA5	Macaca_nemestrina__Pig-tailed_macaque__HLmacNeme2A__GCF_043159975.1	58	38
hg38.ENST00000312403.10_PGA5_5357_Macaca_nemestrina__Pig-tailed_macaque__HLmacNeme2A__GCF_043159975.1	hg38.ENST00000312403.10#PGA5#5357#Macaca_nemestrina__Pig-tailed_macaque__HLmacNeme2A__GCF_043159975.1	PGA5	Macaca_nemestrina__Pig-tailed_macaque__HLmacNeme2A__GCF_043159975.1	58	38
HLbosTau10.ENSBTAT00000018996_ENSBTAG00000040257_7308_Macaca_nemestrina__Pig-tailed_macaque__HLmacNeme2A__GCF_043159975.1	HLbosTau10.ENSBTAT00000018996#ENSBTAG00000040257#7308#Macaca_nemestrina__Pig-tailed_macaque__HLmacNeme2A__GCF_043159975.1	ENSBTAG00000040257	Macaca_nemestrina__Pig-tailed_macaque__HLmacNeme2A__GCF_043159975.1	32	22
hg38.ENST00000325558.11_PGA3_21_Macaca_nemestrina__Pig-tailed_macaque__HLmacNeme2A__GCF_043159975.1	hg38.ENST00000325558.11#PGA3#21#Macaca_nemestrina__Pig-tailed_macaque__HLmacNeme2A__GCF_043159975.1	PGA3	Macaca_nemestrina__Pig-tailed_macaque__HLmacNeme2A__GCF_043159975.1	58	38
hg38.ENST00000325558.11_PGA3_12_Macaca_nigra__Celebes_crested_macaque__HLmacNir1__GCA_928851695.1	hg38.ENST00000325558.11#PGA3#12#Macaca_nigra__Celebes_crested_macaque__HLmacNir1__GCA_928851695.1	PGA3	Macaca_nigra__Celebes_crested_macaque__HLmacNir1__GCA_928851695.1	58	38
HLbosTau10.XM_002707800_ENSBTAG00000051501_741388_Macaca_nigra__Celebes_crested_macaque__HLmacNir1__GCA_928851695.1	HLbosTau10.XM_002707800#ENSBTAG00000051501#741388#Macaca_nigra__Celebes_crested_macaque__HLmacNir1__GCA_928851695.1	ENSBTAG00000051501	Macaca_nigra__Celebes_crested_macaque__HLmacNir1__GCA_928851695.1	32	22
hg38.ENST00000312403.10_PGA5_3579_Macaca_nigra__Celebes_crested_macaque__HLmacNir1__GCA_928851695.1	hg38.ENST00000312403.10#PGA5#3579#Macaca_nigra__Celebes_crested_macaque__HLmacNir1__GCA_928851695.1	PGA5	Macaca_nigra__Celebes_crested_macaque__HLmacNir1__GCA_928851695.1	58	38
hg38.ENST00000312403.10_PGA5_12_Macaca_nigra__Celebes_crested_macaque__HLmacNir1__GCA_928851695.1	hg38.ENST00000312403.10#PGA5#12#Macaca_nigra__Celebes_crested_macaque__HLmacNir1__GCA_928851695.1	PGA5	Macaca_nigra__Celebes_crested_macaque__HLmacNir1__GCA_928851695.1	58	38
HLeleMaxInd3A.XM_049889753.1_LOC126078931_14849_Macaca_nigra__Celebes_crested_macaque__HLmacNir1__GCA_928851695.1	HLeleMaxInd3A.XM_049889753.1#LOC126078931#14849#Macaca_nigra__Celebes_crested_macaque__HLmacNir1__GCA_928851695.1	LOC126078931	Macaca_nigra__Celebes_crested_macaque__HLmacNir1__GCA_928851695.1	58	38
hg38.ENST00000312403.10_PGA5_3190_Macaca_silenus__liontail_macaque__HLmacSil1__GCA_023807365.1	hg38.ENST00000312403.10#PGA5#3190#Macaca_silenus__liontail_macaque__HLmacSil1__GCA_023807365.1	PGA5	Macaca_silenus__liontail_macaque__HLmacSil1__GCA_023807365.1	58	38
hg38.ENST00000325558.11_PGA3_72_Macaca_silenus__liontail_macaque__HLmacSil1__GCA_023807365.1	hg38.ENST00000325558.11#PGA3#72#Macaca_silenus__liontail_macaque__HLmacSil1__GCA_023807365.1	PGA3	Macaca_silenus__liontail_macaque__HLmacSil1__GCA_023807365.1	58	38
HLbosTau10.ENSBTAT00000018996_ENSBTAG00000040257_8253_Macaca_silenus__liontail_macaque__HLmacSil1__GCA_023807365.1	HLbosTau10.ENSBTAT00000018996#ENSBTAG00000040257#8253#Macaca_silenus__liontail_macaque__HLmacSil1__GCA_023807365.1	ENSBTAG00000040257	Macaca_silenus__liontail_macaque__HLmacSil1__GCA_023807365.1	32	22
mm10.ENSMUST00000025647_Pga5_66_Macroderma_gigas__Australian_ghost_bat__HLmacGiga1__GCA_055471755.1	mm10.ENSMUST00000025647#Pga5#66#Macroderma_gigas__Australian_ghost_bat__HLmacGiga1__GCA_055471755.1	Pga5	Macroderma_gigas__Australian_ghost_bat__HLmacGiga1__GCA_055471755.1	22	14
hg38.ENST00000312403.10_PGA5_5259_Macroderma_gigas__Australian_ghost_bat__HLmacGiga1__GCA_055471755.1	hg38.ENST00000312403.10#PGA5#5259#Macroderma_gigas__Australian_ghost_bat__HLmacGiga1__GCA_055471755.1	PGA5	Macroderma_gigas__Australian_ghost_bat__HLmacGiga1__GCA_055471755.1	53	38
hg38.ENST00000312403.10_PGA5_28773_Macrotus_californicus__California_big-eared_bat__HLmacCal1__GCA_007922815.1	hg38.ENST00000312403.10#PGA5#28773#Macrotus_californicus__California_big-eared_bat__HLmacCal1__GCA_007922815.1	PGA5	Macrotus_californicus__California_big-eared_bat__HLmacCal1__GCA_007922815.1	53	38
mm10.ENSMUST00000025647_Pga5_6_Macrotus_californicus__California_big-eared_bat__HLmacCal1__GCA_007922815.1	mm10.ENSMUST00000025647#Pga5#6#Macrotus_californicus__California_big-eared_bat__HLmacCal1__GCA_007922815.1	Pga5	Macrotus_californicus__California_big-eared_bat__HLmacCal1__GCA_007922815.1	21	14
mm10.ENSMUST00000025647_Pga5_85_Manis_javanica__Malayan_pangolin__HLmanJav3__GCA_024605085.1	mm10.ENSMUST00000025647#Pga5#85#Manis_javanica__Malayan_pangolin__HLmanJav3__GCA_024605085.1	Pga5	Manis_javanica__Malayan_pangolin__HLmanJav3__GCA_024605085.1	23	14
hg38.ENST00000325558.11_PGA3_3920_Manis_javanica__Malayan_pangolin__HLmanJav3__GCA_024605085.1	hg38.ENST00000325558.11#PGA3#3920#Manis_javanica__Malayan_pangolin__HLmanJav3__GCA_024605085.1	PGA3	Manis_javanica__Malayan_pangolin__HLmanJav3__GCA_024605085.1	54	38
hg38.ENST00000325558.11_PGA3_3859_Manis_javanica__Malayan_pangolin__HLmanJava4__GCF_040802235.1	hg38.ENST00000325558.11#PGA3#3859#Manis_javanica__Malayan_pangolin__HLmanJava4__GCF_040802235.1	PGA3	Manis_javanica__Malayan_pangolin__HLmanJava4__GCF_040802235.1	54	38
HLbosTau10.NM_176628_PAG19_85919_Manis_javanica__Malayan_pangolin__HLmanJava4__GCF_040802235.1	HLbosTau10.NM_176628#PAG19#85919#Manis_javanica__Malayan_pangolin__HLmanJava4__GCF_040802235.1	PAG19	Manis_javanica__Malayan_pangolin__HLmanJava4__GCF_040802235.1	23	14
hg38.ENST00000312403.10_PGA5_7558_Manis_pentadactyla__Chinese_pangolin__HLmanPen4__GCF_030020395.1	hg38.ENST00000312403.10#PGA5#7558#Manis_pentadactyla__Chinese_pangolin__HLmanPen4__GCF_030020395.1	PGA5	Manis_pentadactyla__Chinese_pangolin__HLmanPen4__GCF_030020395.1	54	38
mm10.ENSMUST00000025647_Pga5_71_Manis_pentadactyla__Chinese_pangolin__HLmanPen4__GCF_030020395.1	mm10.ENSMUST00000025647#Pga5#71#Manis_pentadactyla__Chinese_pangolin__HLmanPen4__GCF_030020395.1	Pga5	Manis_pentadactyla__Chinese_pangolin__HLmanPen4__GCF_030020395.1	23	14
mm10.ENSMUST00000025647_Pga5_74_Marmota_flaviventris__Yellow-bellied_marmot__HLmarFlav2A__GCF_047511675.1	mm10.ENSMUST00000025647#Pga5#74#Marmota_flaviventris__Yellow-bellied_marmot__HLmarFlav2A__GCF_047511675.1	Pga5	Marmota_flaviventris__Yellow-bellied_marmot__HLmarFlav2A__GCF_047511675.1	37	26
mm10.ENSMUST00000025647_Pga5_67_Marmota_flaviventris__Yellow-bellied_marmot__HLmarFlav2B__GCA_047512175.1	mm10.ENSMUST00000025647#Pga5#67#Marmota_flaviventris__Yellow-bellied_marmot__HLmarFlav2B__GCA_047512175.1	Pga5	Marmota_flaviventris__Yellow-bellied_marmot__HLmarFlav2B__GCA_047512175.1	37	26
HLbosTau10.ENSBTAT00000030466_PAG18_4623_Marmota_flaviventris__yellow-bellied_marmot__HLmarFla1__GCA_003676075.2	HLbosTau10.ENSBTAT00000030466#PAG18#4623#Marmota_flaviventris__yellow-bellied_marmot__HLmarFla1__GCA_003676075.2	PAG18	Marmota_flaviventris__yellow-bellied_marmot__HLmarFla1__GCA_003676075.2	37	26
mm10.ENSMUST00000025647_Pga5_79_Marmota_himalayana__Himalayan_marmot__HLmarHim1__GCA_005280165.1	mm10.ENSMUST00000025647#Pga5#79#Marmota_himalayana__Himalayan_marmot__HLmarHim1__GCA_005280165.1	Pga5	Marmota_himalayana__Himalayan_marmot__HLmarHim1__GCA_005280165.1	37	26
mm10.ENSMUST00000025647_Pga5_69_Marmota_monax__woodchuck__HLmarMon3__GCA_021218885.1	mm10.ENSMUST00000025647#Pga5#69#Marmota_monax__woodchuck__HLmarMon3__GCA_021218885.1	Pga5	Marmota_monax__woodchuck__HLmarMon3__GCA_021218885.1	37	26
mm10.ENSMUST00000025647_Pga5_71_Martes_flavigula__Yellow-throated_marten__HLmarFlav2__GCA_029410595.1	mm10.ENSMUST00000025647#Pga5#71#Martes_flavigula__Yellow-throated_marten__HLmarFlav2__GCA_029410595.1	Pga5	Martes_flavigula__Yellow-throated_marten__HLmarFlav2__GCA_029410595.1	20	13
hg38.ENST00000325558.11_PGA3_3946_Martes_flavigula__Yellow-throated_marten__HLmarFlav2__GCA_029410595.1	hg38.ENST00000325558.11#PGA3#3946#Martes_flavigula__Yellow-throated_marten__HLmarFlav2__GCA_029410595.1	PGA3	Martes_flavigula__Yellow-throated_marten__HLmarFlav2__GCA_029410595.1	54	38
HLbosTau10.ENSBTAT00000050648_PAG9_376916_Martes_foina__Beach_marten__HLmarFoin2__GCA_964304585.1	HLbosTau10.ENSBTAT00000050648#PAG9#376916#Martes_foina__Beach_marten__HLmarFoin2__GCA_964304585.1	PAG9	Martes_foina__Beach_marten__HLmarFoin2__GCA_964304585.1	20	13
hg38.ENST00000312403.10_PGA5_3725_Martes_foina__Beach_marten__HLmarFoin2__GCA_964304585.1	hg38.ENST00000312403.10#PGA5#3725#Martes_foina__Beach_marten__HLmarFoin2__GCA_964304585.1	PGA5	Martes_foina__Beach_marten__HLmarFoin2__GCA_964304585.1	54	38
HLbosTau10.ENSBTAT00000050648_PAG9_2208_Martes_foina__beach_marten__HLmarFoi1	HLbosTau10.ENSBTAT00000050648#PAG9#2208#Martes_foina__beach_marten__HLmarFoi1	PAG9	Martes_foina__beach_marten__HLmarFoi1	20	13
hg38.ENST00000312403.10_PGA5_3068_Martes_foina__beach_marten__HLmarFoi1	hg38.ENST00000312403.10#PGA5#3068#Martes_foina__beach_marten__HLmarFoi1	PGA5	Martes_foina__beach_marten__HLmarFoi1	54	38
hg38.ENST00000312403.10_PGA5_4428_Martes_martes__European_pine_marten__HLmarMart2__GCA_963455335.1	hg38.ENST00000312403.10#PGA5#4428#Martes_martes__European_pine_marten__HLmarMart2__GCA_963455335.1	PGA5	Martes_martes__European_pine_marten__HLmarMart2__GCA_963455335.1	54	38
mm10.ENSMUST00000025647_Pga5_70_Martes_martes__European_pine_marten__HLmarMart2__GCA_963455335.1	mm10.ENSMUST00000025647#Pga5#70#Martes_martes__European_pine_marten__HLmarMart2__GCA_963455335.1	Pga5	Martes_martes__European_pine_marten__HLmarMart2__GCA_963455335.1	20	13
hg38.ENST00000312403.10_PGA5_2794_Martes_martes__European_pine_marten__HLmarMat1	hg38.ENST00000312403.10#PGA5#2794#Martes_martes__European_pine_marten__HLmarMat1	PGA5	Martes_martes__European_pine_marten__HLmarMat1	54	38
mm10.ENSMUST00000025647_Pga5_71_Martes_martes__European_pine_marten__HLmarMat1	mm10.ENSMUST00000025647#Pga5#71#Martes_martes__European_pine_marten__HLmarMat1	Pga5	Martes_martes__European_pine_marten__HLmarMat1	20	13
mm10.ENSMUST00000025647_Pga5_18_Mastacomys_fuscus__broad-toothed_rat__HLmasFus1	mm10.ENSMUST00000025647#Pga5#18#Mastacomys_fuscus__broad-toothed_rat__HLmasFus1	Pga5	Mastacomys_fuscus__broad-toothed_rat__HLmasFus1	28	19
hg38.ENST00000325558.11_PGA3_2950_Megaderma_spasma__lesser_false_vampire_bat__HLmegSpa1__GCA_043880595.1	hg38.ENST00000325558.11#PGA3#2950#Megaderma_spasma__lesser_false_vampire_bat__HLmegSpa1__GCA_043880595.1	PGA3	Megaderma_spasma__lesser_false_vampire_bat__HLmegSpa1__GCA_043880595.1	53	38
mm10.ENSMUST00000025647_Pga5_68_Megaderma_spasma__lesser_false_vampire_bat__HLmegSpa1__GCA_043880595.1	mm10.ENSMUST00000025647#Pga5#68#Megaderma_spasma__lesser_false_vampire_bat__HLmegSpa1__GCA_043880595.1	Pga5	Megaderma_spasma__lesser_false_vampire_bat__HLmegSpa1__GCA_043880595.1	22	14
hg38.ENST00000312403.10_PGA5_4939_Megaptera_novaeangliae__Humpback_whale__HLmegNova3__GCA_041834305.1	hg38.ENST00000312403.10#PGA5#4939#Megaptera_novaeangliae__Humpback_whale__HLmegNova3__GCA_041834305.1	PGA5	Megaptera_novaeangliae__Humpback_whale__HLmegNova3__GCA_041834305.1	56	38
HLbosTau10.ENSBTAT00000005384_PAG10_3920_Megaptera_novaeangliae__Humpback_whale__HLmegNova3__GCA_041834305.1	HLbosTau10.ENSBTAT00000005384#PAG10#3920#Megaptera_novaeangliae__Humpback_whale__HLmegNova3__GCA_041834305.1	PAG10	Megaptera_novaeangliae__Humpback_whale__HLmegNova3__GCA_041834305.1	10	4
mm10.ENSMUST00000025647_Pga5_104597_Megaptera_novaeangliae__Humpback_whale__HLmegNova3__GCA_041834305.1	mm10.ENSMUST00000025647#Pga5#104597#Megaptera_novaeangliae__Humpback_whale__HLmegNova3__GCA_041834305.1	Pga5	Megaptera_novaeangliae__Humpback_whale__HLmegNova3__GCA_041834305.1	10	4
hg38.ENST00000312403.10_PGA5_4195_Meles_meles__Eurasian_badger__HLmeeMel1__GCA_922984935.1	hg38.ENST00000312403.10#PGA5#4195#Meles_meles__Eurasian_badger__HLmeeMel1__GCA_922984935.1	PGA5	Meles_meles__Eurasian_badger__HLmeeMel1__GCA_922984935.1	54	38
mm10.ENSMUST00000025647_Pga5_71_Meles_meles__Eurasian_badger__HLmeeMel1__GCA_922984935.1	mm10.ENSMUST00000025647#Pga5#71#Meles_meles__Eurasian_badger__HLmeeMel1__GCA_922984935.1	Pga5	Meles_meles__Eurasian_badger__HLmeeMel1__GCA_922984935.1	20	13
hg38.ENST00000325558.11_PGA3_3732_Mephitis_mephitis__Striped_skunk__HLmepMeph1__GCA_055769545.1	hg38.ENST00000325558.11#PGA3#3732#Mephitis_mephitis__Striped_skunk__HLmepMeph1__GCA_055769545.1	PGA3	Mephitis_mephitis__Striped_skunk__HLmepMeph1__GCA_055769545.1	54	38
mm10.ENSMUST00000025647_Pga5_73_Mephitis_mephitis__Striped_skunk__HLmepMeph1__GCA_055769545.1	mm10.ENSMUST00000025647#Pga5#73#Mephitis_mephitis__Striped_skunk__HLmepMeph1__GCA_055769545.1	Pga5	Mephitis_mephitis__Striped_skunk__HLmepMeph1__GCA_055769545.1	20	13
mm10.ENSMUST00000025647_Pga5_142_Meriones_psammophilus__Rodents__HLmerPsa1__GCA_036365155.1	mm10.ENSMUST00000025647#Pga5#142#Meriones_psammophilus__Rodents__HLmerPsa1__GCA_036365155.1	Pga5	Meriones_psammophilus__Rodents__HLmerPsa1__GCA_036365155.1	28	19
mm10.ENSMUST00000025647_Pga5_10_Meriones_unguiculatus__Mongolian_gerbil__HLmerUng2__GCF_030254825.1	mm10.ENSMUST00000025647#Pga5#10#Meriones_unguiculatus__Mongolian_gerbil__HLmerUng2__GCF_030254825.1	Pga5	Meriones_unguiculatus__Mongolian_gerbil__HLmerUng2__GCF_030254825.1	28	19
HLbosTau10.ENSBTAT00000030243_PAG3_82776_Mesocricetus_auratus__golden_hamster__HLmesAur3__GCF_017639785.1	HLbosTau10.ENSBTAT00000030243#PAG3#82776#Mesocricetus_auratus__golden_hamster__HLmesAur3__GCF_017639785.1	PAG3	Mesocricetus_auratus__golden_hamster__HLmesAur3__GCF_017639785.1	28	19
hg38.ENST00000312403.10_PGA5_3455_Mesoplodon_densirostris__Blainvilles_beaked_whale__HLmesDen2__GCA_025265405.1	hg38.ENST00000312403.10#PGA5#3455#Mesoplodon_densirostris__Blainvilles_beaked_whale__HLmesDen2__GCA_025265405.1	PGA5	Mesoplodon_densirostris__Blainvilles_beaked_whale__HLmesDen2__GCA_025265405.1	56	38
HLbosTau10.NM_001109978_PAG7_678398_Mesoplodon_densirostris__Blainvilles_beaked_whale__HLmesDen2__GCA_025265405.1	HLbosTau10.NM_001109978#PAG7#678398#Mesoplodon_densirostris__Blainvilles_beaked_whale__HLmesDen2__GCA_025265405.1	PAG7	Mesoplodon_densirostris__Blainvilles_beaked_whale__HLmesDen2__GCA_025265405.1	10	4
HLbosTau10.ENSBTAT00000038954_PAG21_700101_Mesoplodon_densirostris__Blainvilles_beaked_whale__HLmesDen2__GCA_025265405.1	HLbosTau10.ENSBTAT00000038954#PAG21#700101#Mesoplodon_densirostris__Blainvilles_beaked_whale__HLmesDen2__GCA_025265405.1	PAG21	Mesoplodon_densirostris__Blainvilles_beaked_whale__HLmesDen2__GCA_025265405.1	10	4
HLbosTau10.ENSBTAT00000025567_PAG12_656_Mesoplodon_densirostris__Blainvilles_beaked_whale__HLmesDen2__GCA_025265405.1	HLbosTau10.ENSBTAT00000025567#PAG12#656#Mesoplodon_densirostris__Blainvilles_beaked_whale__HLmesDen2__GCA_025265405.1	PAG12	Mesoplodon_densirostris__Blainvilles_beaked_whale__HLmesDen2__GCA_025265405.1	10	4
hg38.ENST00000312403.10_PGA5_4760_Microcebus_murinus__Gray_mouse_lemur__HLmicMuri4A__GCF_040939455.1	hg38.ENST00000312403.10#PGA5#4760#Microcebus_murinus__Gray_mouse_lemur__HLmicMuri4A__GCF_040939455.1	PGA5	Microcebus_murinus__Gray_mouse_lemur__HLmicMuri4A__GCF_040939455.1	58	38
mm10.ENSMUST00000025647_Pga5_124_Microcebus_murinus__Gray_mouse_lemur__HLmicMuri4A__GCF_040939455.1	mm10.ENSMUST00000025647#Pga5#124#Microcebus_murinus__Gray_mouse_lemur__HLmicMuri4A__GCF_040939455.1	Pga5	Microcebus_murinus__Gray_mouse_lemur__HLmicMuri4A__GCF_040939455.1	33	22
mm10.ENSMUST00000025647_Pga5_109_Microcebus_murinus__gray_mouse_lemur__micMur3__GCF_000165445.2	mm10.ENSMUST00000025647#Pga5#109#Microcebus_murinus__gray_mouse_lemur__micMur3__GCF_000165445.2	Pga5	Microcebus_murinus__gray_mouse_lemur__micMur3__GCF_000165445.2	33	22
hg38.ENST00000325558.11_PGA3_4606_Microcebus_murinus__gray_mouse_lemur__micMur3__GCF_000165445.2	hg38.ENST00000325558.11#PGA3#4606#Microcebus_murinus__gray_mouse_lemur__micMur3__GCF_000165445.2	PGA3	Microcebus_murinus__gray_mouse_lemur__micMur3__GCF_000165445.2	58	38
HLbosTau10.ENSBTAT00000050648_PAG9_66759_Micromys_minutus__European_harvest_mouse__HLmicMin1__GCA_963924665.1	HLbosTau10.ENSBTAT00000050648#PAG9#66759#Micromys_minutus__European_harvest_mouse__HLmicMin1__GCA_963924665.1	PAG9	Micromys_minutus__European_harvest_mouse__HLmicMin1__GCA_963924665.1	28	19
hg38.ENST00000325558.11_PGA3_8_Micronycteris_microtis__Common_big-eared_bat__HLmicMicr1A__GCA_051107205.1	hg38.ENST00000325558.11#PGA3#8#Micronycteris_microtis__Common_big-eared_bat__HLmicMicr1A__GCA_051107205.1	PGA3	Micronycteris_microtis__Common_big-eared_bat__HLmicMicr1A__GCA_051107205.1	53	38
mm10.ENSMUST00000025647_Pga5_73_Micronycteris_microtis__Common_big-eared_bat__HLmicMicr1A__GCA_051107205.1	mm10.ENSMUST00000025647#Pga5#73#Micronycteris_microtis__Common_big-eared_bat__HLmicMicr1A__GCA_051107205.1	Pga5	Micronycteris_microtis__Common_big-eared_bat__HLmicMicr1A__GCA_051107205.1	21	14
hg38.ENST00000325558.11_PGA3_29_Microtus_agrestis__short-tailed_field_vole__HLmicAgr2__GCA_902806775.1	hg38.ENST00000325558.11#PGA3#29#Microtus_agrestis__short-tailed_field_vole__HLmicAgr2__GCA_902806775.1	PGA3	Microtus_agrestis__short-tailed_field_vole__HLmicAgr2__GCA_902806775.1	28	19
hg38.ENST00000312403.10_PGA5_71_Microtus_californicus__California_vole__HLmicCal1A__GCA_028537955.1	hg38.ENST00000312403.10#PGA5#71#Microtus_californicus__California_vole__HLmicCal1A__GCA_028537955.1	PGA5	Microtus_californicus__California_vole__HLmicCal1A__GCA_028537955.1	28	19
hg38.ENST00000312403.10_PGA5_68_Microtus_californicus__California_vole__HLmicCal1B__GCA_028537755.1	hg38.ENST00000312403.10#PGA5#68#Microtus_californicus__California_vole__HLmicCal1B__GCA_028537755.1	PGA5	Microtus_californicus__California_vole__HLmicCal1B__GCA_028537755.1	28	19
hg38.ENST00000312403.10_PGA5_78_Microtus_oregoni__creeping_vole__HLmicOre1__GCF_018167655.1	hg38.ENST00000312403.10#PGA5#78#Microtus_oregoni__creeping_vole__HLmicOre1__GCF_018167655.1	PGA5	Microtus_oregoni__creeping_vole__HLmicOre1__GCF_018167655.1	28	19
mm10.ENSMUST00000025647_Pga5_12_Microtus_pennsylvanicus__Meadow_vole__HLmicPen1A__GCA_037038515.1	mm10.ENSMUST00000025647#Pga5#12#Microtus_pennsylvanicus__Meadow_vole__HLmicPen1A__GCA_037038515.1	Pga5	Microtus_pennsylvanicus__Meadow_vole__HLmicPen1A__GCA_037038515.1	28	19
hg38.ENST00000312403.10_PGA5_62_Microtus_pennsylvanicus__Meadow_vole__HLmicPen1B__GCA_037039175.1	hg38.ENST00000312403.10#PGA5#62#Microtus_pennsylvanicus__Meadow_vole__HLmicPen1B__GCA_037039175.1	PGA5	Microtus_pennsylvanicus__Meadow_vole__HLmicPen1B__GCA_037039175.1	28	19
mm10.ENSMUST00000025647_Pga5_619_Microtus_richardsoni_arvicoloides__water_vole__HLmicRicArv1__GCA_020387435.1	mm10.ENSMUST00000025647#Pga5#619#Microtus_richardsoni_arvicoloides__water_vole__HLmicRicArv1__GCA_020387435.1	Pga5	Microtus_richardsoni_arvicoloides__water_vole__HLmicRicArv1__GCA_020387435.1	28	19
mm10.ENSMUST00000025647_Pga5_73_Miniopterus_schreibersii__Schreibers_long-fingered_bat__HLminSch2A__GCA_964146895.1	mm10.ENSMUST00000025647#Pga5#73#Miniopterus_schreibersii__Schreibers_long-fingered_bat__HLminSch2A__GCA_964146895.1	Pga5	Miniopterus_schreibersii__Schreibers_long-fingered_bat__HLminSch2A__GCA_964146895.1	21	14
hg38.ENST00000325558.11_PGA3_11_Miniopterus_schreibersii__Schreibers_long-fingered_bat__HLminSch2A__GCA_964146895.1	hg38.ENST00000325558.11#PGA3#11#Miniopterus_schreibersii__Schreibers_long-fingered_bat__HLminSch2A__GCA_964146895.1	PGA3	Miniopterus_schreibersii__Schreibers_long-fingered_bat__HLminSch2A__GCA_964146895.1	53	38
mm10.ENSMUST00000025647_Pga5_70_Miniopterus_schreibersii__Schreibers_long-fingered_bat__HLminSch2B__GCA_964145185.1	mm10.ENSMUST00000025647#Pga5#70#Miniopterus_schreibersii__Schreibers_long-fingered_bat__HLminSch2B__GCA_964145185.1	Pga5	Miniopterus_schreibersii__Schreibers_long-fingered_bat__HLminSch2B__GCA_964145185.1	21	14
hg38.ENST00000325558.11_PGA3_10_Miniopterus_schreibersii__Schreibers_long-fingered_bat__HLminSch2B__GCA_964145185.1	hg38.ENST00000325558.11#PGA3#10#Miniopterus_schreibersii__Schreibers_long-fingered_bat__HLminSch2B__GCA_964145185.1	PGA3	Miniopterus_schreibersii__Schreibers_long-fingered_bat__HLminSch2B__GCA_964145185.1	53	38
mm10.ENSMUST00000025647_Pga5_76_Mirounga_leonina__Southern_elephant_seal__HLmirLeo1__GCA_011800145.1	mm10.ENSMUST00000025647#Pga5#76#Mirounga_leonina__Southern_elephant_seal__HLmirLeo1__GCA_011800145.1	Pga5	Mirounga_leonina__Southern_elephant_seal__HLmirLeo1__GCA_011800145.1	20	13
hg38.ENST00000325558.11_PGA3_19_Mirounga_leonina__Southern_elephant_seal__HLmirLeo1__GCA_011800145.1	hg38.ENST00000325558.11#PGA3#19#Mirounga_leonina__Southern_elephant_seal__HLmirLeo1__GCA_011800145.1	PGA3	Mirounga_leonina__Southern_elephant_seal__HLmirLeo1__GCA_011800145.1	54	38
hg38.ENST00000312403.10_PGA5_36657_Mirza_zaza__Northern_giant_mouse_lemur__HLmirZaz1__GCA_008750895.1	hg38.ENST00000312403.10#PGA5#36657#Mirza_zaza__Northern_giant_mouse_lemur__HLmirZaz1__GCA_008750895.1	PGA5	Mirza_zaza__Northern_giant_mouse_lemur__HLmirZaz1__GCA_008750895.1	58	38
mm10.ENSMUST00000025647_Pga5_2408_Mirza_zaza__Northern_giant_mouse_lemur__HLmirZaz1__GCA_008750895.1	mm10.ENSMUST00000025647#Pga5#2408#Mirza_zaza__Northern_giant_mouse_lemur__HLmirZaz1__GCA_008750895.1	Pga5	Mirza_zaza__Northern_giant_mouse_lemur__HLmirZaz1__GCA_008750895.1	33	22
hg38.ENST00000312403.10_PGA5_4815_Molossus_alvarezi__Alvarezs_mastiff_bat__HLmolAlv1__GCA_031001765.1	hg38.ENST00000312403.10#PGA5#4815#Molossus_alvarezi__Alvarezs_mastiff_bat__HLmolAlv1__GCA_031001765.1	PGA5	Molossus_alvarezi__Alvarezs_mastiff_bat__HLmolAlv1__GCA_031001765.1	53	38
HLbosTau10.NM_176625_PAG16_3882_Molossus_alvarezi__Alvarezs_mastiff_bat__HLmolAlv1__GCA_031001765.1	HLbosTau10.NM_176625#PAG16#3882#Molossus_alvarezi__Alvarezs_mastiff_bat__HLmolAlv1__GCA_031001765.1	PAG16	Molossus_alvarezi__Alvarezs_mastiff_bat__HLmolAlv1__GCA_031001765.1	21	14
mm10.ENSMUST00000025647_Pga5_69_Molossus_alvarezi__Alvarezs_mastiff_bat__HLmolAlv2A__GCA_037157525.1	mm10.ENSMUST00000025647#Pga5#69#Molossus_alvarezi__Alvarezs_mastiff_bat__HLmolAlv2A__GCA_037157525.1	Pga5	Molossus_alvarezi__Alvarezs_mastiff_bat__HLmolAlv2A__GCA_037157525.1	21	14
hg38.ENST00000312403.10_PGA5_4703_Molossus_alvarezi__Alvarezs_mastiff_bat__HLmolAlv2A__GCA_037157525.1	hg38.ENST00000312403.10#PGA5#4703#Molossus_alvarezi__Alvarezs_mastiff_bat__HLmolAlv2A__GCA_037157525.1	PGA5	Molossus_alvarezi__Alvarezs_mastiff_bat__HLmolAlv2A__GCA_037157525.1	53	38
mm10.ENSMUST00000025647_Pga5_69_Molossus_alvarezi__Alvarezs_mastiff_bat__HLmolAlv2B__GCA_037176705.1	mm10.ENSMUST00000025647#Pga5#69#Molossus_alvarezi__Alvarezs_mastiff_bat__HLmolAlv2B__GCA_037176705.1	Pga5	Molossus_alvarezi__Alvarezs_mastiff_bat__HLmolAlv2B__GCA_037176705.1	21	14
hg38.ENST00000312403.10_PGA5_4887_Molossus_alvarezi__Alvarezs_mastiff_bat__HLmolAlv2B__GCA_037176705.1	hg38.ENST00000312403.10#PGA5#4887#Molossus_alvarezi__Alvarezs_mastiff_bat__HLmolAlv2B__GCA_037176705.1	PGA5	Molossus_alvarezi__Alvarezs_mastiff_bat__HLmolAlv2B__GCA_037176705.1	53	38
HLbosTau10.ENSBTAT00000013786_PAG7_2202_Molossus_molossus__Pallass_mastiff_bat__HLmolMol2__GCA_014108415.1	HLbosTau10.ENSBTAT00000013786#PAG7#2202#Molossus_molossus__Pallass_mastiff_bat__HLmolMol2__GCA_014108415.1	PAG7	Molossus_molossus__Pallass_mastiff_bat__HLmolMol2__GCA_014108415.1	21	14
hg38.ENST00000325558.11_PGA3_2104_Molossus_molossus__Pallass_mastiff_bat__HLmolMol2__GCA_014108415.1	hg38.ENST00000325558.11#PGA3#2104#Molossus_molossus__Pallass_mastiff_bat__HLmolMol2__GCA_014108415.1	PGA3	Molossus_molossus__Pallass_mastiff_bat__HLmolMol2__GCA_014108415.1	53	38
hg38.ENST00000325558.11_PGA3_4481_Molossus_nigricans__Northern_black_mastiff_bat__HLmolNig2A__GCA_039880945.1	hg38.ENST00000325558.11#PGA3#4481#Molossus_nigricans__Northern_black_mastiff_bat__HLmolNig2A__GCA_039880945.1	PGA3	Molossus_nigricans__Northern_black_mastiff_bat__HLmolNig2A__GCA_039880945.1	53	38
mm10.ENSMUST00000025647_Pga5_69_Molossus_nigricans__Northern_black_mastiff_bat__HLmolNig2A__GCA_039880945.1	mm10.ENSMUST00000025647#Pga5#69#Molossus_nigricans__Northern_black_mastiff_bat__HLmolNig2A__GCA_039880945.1	Pga5	Molossus_nigricans__Northern_black_mastiff_bat__HLmolNig2A__GCA_039880945.1	21	14
hg38.ENST00000325558.11_PGA3_3968_Molossus_nigricans__Northern_black_mastiff_bat__HLmolNig2B__GCA_039880925.1	hg38.ENST00000325558.11#PGA3#3968#Molossus_nigricans__Northern_black_mastiff_bat__HLmolNig2B__GCA_039880925.1	PGA3	Molossus_nigricans__Northern_black_mastiff_bat__HLmolNig2B__GCA_039880925.1	53	38
mm10.ENSMUST00000025647_Pga5_66_Molossus_nigricans__Northern_black_mastiff_bat__HLmolNig2B__GCA_039880925.1	mm10.ENSMUST00000025647#Pga5#66#Molossus_nigricans__Northern_black_mastiff_bat__HLmolNig2B__GCA_039880925.1	Pga5	Molossus_nigricans__Northern_black_mastiff_bat__HLmolNig2B__GCA_039880925.1	21	14
hg38.ENST00000325558.11_PGA3_4107_Molossus_nigricans__northern_black_mastiff_bat__HLmolNig1__GCA_026936385.1	hg38.ENST00000325558.11#PGA3#4107#Molossus_nigricans__northern_black_mastiff_bat__HLmolNig1__GCA_026936385.1	PGA3	Molossus_nigricans__northern_black_mastiff_bat__HLmolNig1__GCA_026936385.1	53	38
mm10.ENSMUST00000025647_Pga5_65_Molossus_nigricans__northern_black_mastiff_bat__HLmolNig1__GCA_026936385.1	mm10.ENSMUST00000025647#Pga5#65#Molossus_nigricans__northern_black_mastiff_bat__HLmolNig1__GCA_026936385.1	Pga5	Molossus_nigricans__northern_black_mastiff_bat__HLmolNig1__GCA_026936385.1	21	14
hg38.ENST00000325558.11_PGA3_17_Monachus_monachus__Mediterranean_monk_seal__HLmonMona1__GCA_976986665.1	hg38.ENST00000325558.11#PGA3#17#Monachus_monachus__Mediterranean_monk_seal__HLmonMona1__GCA_976986665.1	PGA3	Monachus_monachus__Mediterranean_monk_seal__HLmonMona1__GCA_976986665.1	54	38
mm10.ENSMUST00000025647_Pga5_72_Monachus_monachus__Mediterranean_monk_seal__HLmonMona1__GCA_976986665.1	mm10.ENSMUST00000025647#Pga5#72#Monachus_monachus__Mediterranean_monk_seal__HLmonMona1__GCA_976986665.1	Pga5	Monachus_monachus__Mediterranean_monk_seal__HLmonMona1__GCA_976986665.1	20	13
HLbosTau10.ENSBTAT00000005384_PAG10_29840_Monodon_monoceros__narwhal__HLmonMon2__GCA_005190385.3	HLbosTau10.ENSBTAT00000005384#PAG10#29840#Monodon_monoceros__narwhal__HLmonMon2__GCA_005190385.3	PAG10	Monodon_monoceros__narwhal__HLmonMon2__GCA_005190385.3	10	4
HLbosTau10.ENSBTAT00000013786_PAG7_5666_Monodon_monoceros__narwhal__HLmonMon2__GCA_005190385.3	HLbosTau10.ENSBTAT00000013786#PAG7#5666#Monodon_monoceros__narwhal__HLmonMon2__GCA_005190385.3	PAG7	Monodon_monoceros__narwhal__HLmonMon2__GCA_005190385.3	10	4
hg38.ENST00000312403.10_PGA5_3039_Monodon_monoceros__narwhal__HLmonMon2__GCA_005190385.3	hg38.ENST00000312403.10#PGA5#3039#Monodon_monoceros__narwhal__HLmonMon2__GCA_005190385.3	PGA5	Monodon_monoceros__narwhal__HLmonMon2__GCA_005190385.3	56	38
hg38.ENST00000312403.10_PGA5_3999_Mops_condylurus__Angolan_free-tailed_bat__HLmopCon1__GCA_043748645.1	hg38.ENST00000312403.10#PGA5#3999#Mops_condylurus__Angolan_free-tailed_bat__HLmopCon1__GCA_043748645.1	PGA5	Mops_condylurus__Angolan_free-tailed_bat__HLmopCon1__GCA_043748645.1	53	38
mm10.ENSMUST00000025647_Pga5_66_Mops_condylurus__Angolan_free-tailed_bat__HLmopCon1__GCA_043748645.1	mm10.ENSMUST00000025647#Pga5#66#Mops_condylurus__Angolan_free-tailed_bat__HLmopCon1__GCA_043748645.1	Pga5	Mops_condylurus__Angolan_free-tailed_bat__HLmopCon1__GCA_043748645.1	21	14
hg38.ENST00000312403.10_PGA5_4979_Moschus_berezovskii__Chinese_forest_musk_deer__HLmosBere4__GCA_049115385.1	hg38.ENST00000312403.10#PGA5#4979#Moschus_berezovskii__Chinese_forest_musk_deer__HLmosBere4__GCA_049115385.1	PGA5	Moschus_berezovskii__Chinese_forest_musk_deer__HLmosBere4__GCA_049115385.1	56	38
HLbosTau10.ENSBTAT00000005399_PAG11_5629_Moschus_berezovskii__Chinese_forest_musk_deer__HLmosBere4__GCA_049115385.1	HLbosTau10.ENSBTAT00000005399#PAG11#5629#Moschus_berezovskii__Chinese_forest_musk_deer__HLmosBere4__GCA_049115385.1	PAG11	Moschus_berezovskii__Chinese_forest_musk_deer__HLmosBere4__GCA_049115385.1	5	4
HLbosTau10.ENSBTAT00000005399_PAG11_3125_Moschus_berezovskii__Chinese_forest_musk_deer__HLmosBere4__GCA_049115385.1	HLbosTau10.ENSBTAT00000005399#PAG11#3125#Moschus_berezovskii__Chinese_forest_musk_deer__HLmosBere4__GCA_049115385.1	PAG11	Moschus_berezovskii__Chinese_forest_musk_deer__HLmosBere4__GCA_049115385.1	5	4
HLbosTau10.ENSBTAT00000013786_PAG7_12697_Moschus_berezovskii__Chinese_forest_musk_deer__HLmosBere4__GCA_049115385.1	HLbosTau10.ENSBTAT00000013786#PAG7#12697#Moschus_berezovskii__Chinese_forest_musk_deer__HLmosBere4__GCA_049115385.1	PAG7	Moschus_berezovskii__Chinese_forest_musk_deer__HLmosBere4__GCA_049115385.1	8	4
mm10.ENSMUST00000025647_Pga5_84195_Moschus_berezovskii__Chinese_forest_musk_deer__HLmosBere4__GCA_049115385.1	mm10.ENSMUST00000025647#Pga5#84195#Moschus_berezovskii__Chinese_forest_musk_deer__HLmosBere4__GCA_049115385.1	Pga5	Moschus_berezovskii__Chinese_forest_musk_deer__HLmosBere4__GCA_049115385.1	8	4
HLbosTau10.ENSBTAT00000030188_ENSBTAG00000024611_7907_Moschus_berezovskii__Chinese_forest_musk_deer__HLmosBere4__GCA_049115385.1	HLbosTau10.ENSBTAT00000030188#ENSBTAG00000024611#7907#Moschus_berezovskii__Chinese_forest_musk_deer__HLmosBere4__GCA_049115385.1	ENSBTAG00000024611	Moschus_berezovskii__Chinese_forest_musk_deer__HLmosBere4__GCA_049115385.1	8	4
mm10.ENSMUST00000025647_Pga5_227872_Moschus_berezovskii__Chinese_forest_musk_deer__HLmosBere4__GCA_049115385.1	mm10.ENSMUST00000025647#Pga5#227872#Moschus_berezovskii__Chinese_forest_musk_deer__HLmosBere4__GCA_049115385.1	Pga5	Moschus_berezovskii__Chinese_forest_musk_deer__HLmosBere4__GCA_049115385.1	9	4
HLbosTau10.ENSBTAT00000038954_PAG21_1474_Moschus_berezovskii__Chinese_forest_musk_deer__HLmosBere4__GCA_049115385.1	HLbosTau10.ENSBTAT00000038954#PAG21#1474#Moschus_berezovskii__Chinese_forest_musk_deer__HLmosBere4__GCA_049115385.1	PAG21	Moschus_berezovskii__Chinese_forest_musk_deer__HLmosBere4__GCA_049115385.1	7	4
mm10.ENSMUST00000025647_Pga5_6638_Moschus_berezovskii__Chinese_forest_musk_deer__HLmosBere4__GCA_049115385.1	mm10.ENSMUST00000025647#Pga5#6638#Moschus_berezovskii__Chinese_forest_musk_deer__HLmosBere4__GCA_049115385.1	Pga5	Moschus_berezovskii__Chinese_forest_musk_deer__HLmosBere4__GCA_049115385.1	7	4
HLbosTau10.ENSBTAT00000017669_ENSBTAG00000035736_153_Moschus_berezovskii__Chinese_forest_musk_deer__HLmosBere4__GCA_049115385.1	HLbosTau10.ENSBTAT00000017669#ENSBTAG00000035736#153#Moschus_berezovskii__Chinese_forest_musk_deer__HLmosBere4__GCA_049115385.1	ENSBTAG00000035736	Moschus_berezovskii__Chinese_forest_musk_deer__HLmosBere4__GCA_049115385.1	2	2
mm10.ENSMUST00000025647_Pga5_7744_Moschus_berezovskii__Chinese_forest_musk_deer__HLmosBere4__GCA_049115385.1	mm10.ENSMUST00000025647#Pga5#7744#Moschus_berezovskii__Chinese_forest_musk_deer__HLmosBere4__GCA_049115385.1	Pga5	Moschus_berezovskii__Chinese_forest_musk_deer__HLmosBere4__GCA_049115385.1	2	2
HLbosTau10.ENSBTAT00000013786_PAG7_728_Moschus_berezovskii__Chinese_forest_musk_deer__HLmosBere4__GCA_049115385.1	HLbosTau10.ENSBTAT00000013786#PAG7#728#Moschus_berezovskii__Chinese_forest_musk_deer__HLmosBere4__GCA_049115385.1	PAG7	Moschus_berezovskii__Chinese_forest_musk_deer__HLmosBere4__GCA_049115385.1	2	2
mm10.ENSMUST00000025647_Pga5_19129_Moschus_berezovskii__Chinese_forest_musk_deer__HLmosBere4__GCA_049115385.1	mm10.ENSMUST00000025647#Pga5#19129#Moschus_berezovskii__Chinese_forest_musk_deer__HLmosBere4__GCA_049115385.1	Pga5	Moschus_berezovskii__Chinese_forest_musk_deer__HLmosBere4__GCA_049115385.1	2	2
mm10.ENSMUST00000025647_Pga5_12284_Moschus_berezovskii__Chinese_forest_musk_deer__HLmosBere4__GCA_049115385.1	mm10.ENSMUST00000025647#Pga5#12284#Moschus_berezovskii__Chinese_forest_musk_deer__HLmosBere4__GCA_049115385.1	Pga5	Moschus_berezovskii__Chinese_forest_musk_deer__HLmosBere4__GCA_049115385.1	2	2
mm10.ENSMUST00000025647_Pga5_18371_Moschus_berezovskii__Chinese_forest_musk_deer__HLmosBere4__GCA_049115385.1	mm10.ENSMUST00000025647#Pga5#18371#Moschus_berezovskii__Chinese_forest_musk_deer__HLmosBere4__GCA_049115385.1	Pga5	Moschus_berezovskii__Chinese_forest_musk_deer__HLmosBere4__GCA_049115385.1	2	2
HLbosTau10.NM_176625_PAG16_1853823_Moschus_berezovskii__Chinese_forest_musk_deer__HLmosBere4__GCA_049115385.1	HLbosTau10.NM_176625#PAG16#1853823#Moschus_berezovskii__Chinese_forest_musk_deer__HLmosBere4__GCA_049115385.1	PAG16	Moschus_berezovskii__Chinese_forest_musk_deer__HLmosBere4__GCA_049115385.1	2	2
HLbosTau10.ENSBTAT00000013786_PAG7_61623_Moschus_berezovskii__Chinese_forest_musk_deer__HLmosBere4__GCA_049115385.1	HLbosTau10.ENSBTAT00000013786#PAG7#61623#Moschus_berezovskii__Chinese_forest_musk_deer__HLmosBere4__GCA_049115385.1	PAG7	Moschus_berezovskii__Chinese_forest_musk_deer__HLmosBere4__GCA_049115385.1	2	2
mm10.ENSMUST00000025647_Pga5_9901_Moschus_berezovskii__Chinese_forest_musk_deer__HLmosBere4__GCA_049115385.1	mm10.ENSMUST00000025647#Pga5#9901#Moschus_berezovskii__Chinese_forest_musk_deer__HLmosBere4__GCA_049115385.1	Pga5	Moschus_berezovskii__Chinese_forest_musk_deer__HLmosBere4__GCA_049115385.1	2	2
mm10.ENSMUST00000025647_Pga5_11805_Moschus_berezovskii__Chinese_forest_musk_deer__HLmosBere4__GCA_049115385.1	mm10.ENSMUST00000025647#Pga5#11805#Moschus_berezovskii__Chinese_forest_musk_deer__HLmosBere4__GCA_049115385.1	Pga5	Moschus_berezovskii__Chinese_forest_musk_deer__HLmosBere4__GCA_049115385.1	2	2
mm10.ENSMUST00000025647_Pga5_7802_Moschus_berezovskii__Chinese_forest_musk_deer__HLmosBere4__GCA_049115385.1	mm10.ENSMUST00000025647#Pga5#7802#Moschus_berezovskii__Chinese_forest_musk_deer__HLmosBere4__GCA_049115385.1	Pga5	Moschus_berezovskii__Chinese_forest_musk_deer__HLmosBere4__GCA_049115385.1	2	2
HLbosTau10.ENSBTAT00000005384_PAG10_4476_Moschus_berezovskii__Chinese_forest_musk_deer__HLmosBere4__GCA_049115385.1	HLbosTau10.ENSBTAT00000005384#PAG10#4476#Moschus_berezovskii__Chinese_forest_musk_deer__HLmosBere4__GCA_049115385.1	PAG10	Moschus_berezovskii__Chinese_forest_musk_deer__HLmosBere4__GCA_049115385.1	2	2
mm10.ENSMUST00000025647_Pga5_38801_Moschus_berezovskii__Chinese_forest_musk_deer__HLmosBere4__GCA_049115385.1	mm10.ENSMUST00000025647#Pga5#38801#Moschus_berezovskii__Chinese_forest_musk_deer__HLmosBere4__GCA_049115385.1	Pga5	Moschus_berezovskii__Chinese_forest_musk_deer__HLmosBere4__GCA_049115385.1	10	4
HLbosTau10.ENSBTAT00000013786_PAG7_184352_Moschus_berezovskii__Chinese_forest_musk_deer__HLmosBere4__GCA_049115385.1	HLbosTau10.ENSBTAT00000013786#PAG7#184352#Moschus_berezovskii__Chinese_forest_musk_deer__HLmosBere4__GCA_049115385.1	PAG7	Moschus_berezovskii__Chinese_forest_musk_deer__HLmosBere4__GCA_049115385.1	10	4
HLbosTau10.ENSBTAT00000038878_PAG6_853410_Muntiacus_crinifrons__black_muntjac__HLmunCri2__GCA_020276665.1	HLbosTau10.ENSBTAT00000038878#PAG6#853410#Muntiacus_crinifrons__black_muntjac__HLmunCri2__GCA_020276665.1	PAG6	Muntiacus_crinifrons__black_muntjac__HLmunCri2__GCA_020276665.1	10	4
HLbosTau10.ENSBTAT00000038878_PAG6_127_Muntiacus_crinifrons__black_muntjac__HLmunCri2__GCA_020276665.1	HLbosTau10.ENSBTAT00000038878#PAG6#127#Muntiacus_crinifrons__black_muntjac__HLmunCri2__GCA_020276665.1	PAG6	Muntiacus_crinifrons__black_muntjac__HLmunCri2__GCA_020276665.1	6	4
HLbosTau10.ENSBTAT00000005384_PAG10_28_Muntiacus_crinifrons__black_muntjac__HLmunCri2__GCA_020276665.1	HLbosTau10.ENSBTAT00000005384#PAG10#28#Muntiacus_crinifrons__black_muntjac__HLmunCri2__GCA_020276665.1	PAG10	Muntiacus_crinifrons__black_muntjac__HLmunCri2__GCA_020276665.1	10	4
HLbosTau10.ENSBTAT00000030188_ENSBTAG00000024611_2298_Muntiacus_crinifrons__black_muntjac__HLmunCri2__GCA_020276665.1	HLbosTau10.ENSBTAT00000030188#ENSBTAG00000024611#2298#Muntiacus_crinifrons__black_muntjac__HLmunCri2__GCA_020276665.1	ENSBTAG00000024611	Muntiacus_crinifrons__black_muntjac__HLmunCri2__GCA_020276665.1	2	2
HLbosTau10.ENSBTAT00000005384_PAG10_81169_Muntiacus_crinifrons__black_muntjac__HLmunCri2__GCA_020276665.1	HLbosTau10.ENSBTAT00000005384#PAG10#81169#Muntiacus_crinifrons__black_muntjac__HLmunCri2__GCA_020276665.1	PAG10	Muntiacus_crinifrons__black_muntjac__HLmunCri2__GCA_020276665.1	2	2
HLbosTau10.ENSBTAT00000025567_PAG12_11220_Muntiacus_crinifrons__black_muntjac__HLmunCri2__GCA_020276665.1	HLbosTau10.ENSBTAT00000025567#PAG12#11220#Muntiacus_crinifrons__black_muntjac__HLmunCri2__GCA_020276665.1	PAG12	Muntiacus_crinifrons__black_muntjac__HLmunCri2__GCA_020276665.1	2	2
HLbosTau10.ENSBTAT00000077448_ENSBTAG00000048542_214_Muntiacus_crinifrons__black_muntjac__HLmunCri2__GCA_020276665.1	HLbosTau10.ENSBTAT00000077448#ENSBTAG00000048542#214#Muntiacus_crinifrons__black_muntjac__HLmunCri2__GCA_020276665.1	ENSBTAG00000048542	Muntiacus_crinifrons__black_muntjac__HLmunCri2__GCA_020276665.1	2	2
HLbosTau10.ENSBTAT00000013786_PAG7_2647_Muntiacus_crinifrons__black_muntjac__HLmunCri2__GCA_020276665.1	HLbosTau10.ENSBTAT00000013786#PAG7#2647#Muntiacus_crinifrons__black_muntjac__HLmunCri2__GCA_020276665.1	PAG7	Muntiacus_crinifrons__black_muntjac__HLmunCri2__GCA_020276665.1	2	2
HLbosTau10.ENSBTAT00000050664_PAG15_172_Muntiacus_crinifrons__black_muntjac__HLmunCri2__GCA_020276665.1	HLbosTau10.ENSBTAT00000050664#PAG15#172#Muntiacus_crinifrons__black_muntjac__HLmunCri2__GCA_020276665.1	PAG15	Muntiacus_crinifrons__black_muntjac__HLmunCri2__GCA_020276665.1	2	2
HLbosTau10.ENSBTAT00000013786_PAG7_1345_Muntiacus_crinifrons__black_muntjac__HLmunCri2__GCA_020276665.1	HLbosTau10.ENSBTAT00000013786#PAG7#1345#Muntiacus_crinifrons__black_muntjac__HLmunCri2__GCA_020276665.1	PAG7	Muntiacus_crinifrons__black_muntjac__HLmunCri2__GCA_020276665.1	2	2
HLbosTau10.XM_002707800_ENSBTAG00000051501_22614_Muntiacus_crinifrons__black_muntjac__HLmunCri2__GCA_020276665.1	HLbosTau10.XM_002707800#ENSBTAG00000051501#22614#Muntiacus_crinifrons__black_muntjac__HLmunCri2__GCA_020276665.1	ENSBTAG00000051501	Muntiacus_crinifrons__black_muntjac__HLmunCri2__GCA_020276665.1	2	2
HLbosTau10.ENSBTAT00000018996_ENSBTAG00000040257_4390_Muntiacus_crinifrons__black_muntjac__HLmunCri2__GCA_020276665.1	HLbosTau10.ENSBTAT00000018996#ENSBTAG00000040257#4390#Muntiacus_crinifrons__black_muntjac__HLmunCri2__GCA_020276665.1	ENSBTAG00000040257	Muntiacus_crinifrons__black_muntjac__HLmunCri2__GCA_020276665.1	2	2
HLbosTau10.ENSBTAT00000005384_PAG10_76139_Muntiacus_crinifrons__black_muntjac__HLmunCri2__GCA_020276665.1	HLbosTau10.ENSBTAT00000005384#PAG10#76139#Muntiacus_crinifrons__black_muntjac__HLmunCri2__GCA_020276665.1	PAG10	Muntiacus_crinifrons__black_muntjac__HLmunCri2__GCA_020276665.1	2	2
HLbosTau10.ENSBTAT00000013786_PAG7_68_Muntiacus_crinifrons__black_muntjac__HLmunCri2__GCA_020276665.1	HLbosTau10.ENSBTAT00000013786#PAG7#68#Muntiacus_crinifrons__black_muntjac__HLmunCri2__GCA_020276665.1	PAG7	Muntiacus_crinifrons__black_muntjac__HLmunCri2__GCA_020276665.1	2	2
HLbosTau10.ENSBTAT00000013786_PAG7_73_Muntiacus_crinifrons__black_muntjac__HLmunCri2__GCA_020276665.1	HLbosTau10.ENSBTAT00000013786#PAG7#73#Muntiacus_crinifrons__black_muntjac__HLmunCri2__GCA_020276665.1	PAG7	Muntiacus_crinifrons__black_muntjac__HLmunCri2__GCA_020276665.1	2	2
HLbosTau10.ENSBTAT00000007506_MGC157408_136273_Muntiacus_crinifrons__black_muntjac__HLmunCri2__GCA_020276665.1	HLbosTau10.ENSBTAT00000007506#MGC157408#136273#Muntiacus_crinifrons__black_muntjac__HLmunCri2__GCA_020276665.1	MGC157408	Muntiacus_crinifrons__black_muntjac__HLmunCri2__GCA_020276665.1	2	2
HLbosTau10.ENSBTAT00000030244_ENSBTAG00000050440_28_Muntiacus_crinifrons__black_muntjac__HLmunCri2__GCA_020276665.1	HLbosTau10.ENSBTAT00000030244#ENSBTAG00000050440#28#Muntiacus_crinifrons__black_muntjac__HLmunCri2__GCA_020276665.1	ENSBTAG00000050440	Muntiacus_crinifrons__black_muntjac__HLmunCri2__GCA_020276665.1	2	2
HLbosTau10.ENSBTAT00000007506_MGC157408_28_Muntiacus_crinifrons__black_muntjac__HLmunCri2__GCA_020276665.1	HLbosTau10.ENSBTAT00000007506#MGC157408#28#Muntiacus_crinifrons__black_muntjac__HLmunCri2__GCA_020276665.1	MGC157408	Muntiacus_crinifrons__black_muntjac__HLmunCri2__GCA_020276665.1	2	2
HLbosTau10.ENSBTAT00000013786_PAG7_86_Muntiacus_crinifrons__black_muntjac__HLmunCri2__GCA_020276665.1	HLbosTau10.ENSBTAT00000013786#PAG7#86#Muntiacus_crinifrons__black_muntjac__HLmunCri2__GCA_020276665.1	PAG7	Muntiacus_crinifrons__black_muntjac__HLmunCri2__GCA_020276665.1	2	2
HLbosTau10.ENSBTAT00000013786_PAG7_329_Muntiacus_crinifrons__black_muntjac__HLmunCri2__GCA_020276665.1	HLbosTau10.ENSBTAT00000013786#PAG7#329#Muntiacus_crinifrons__black_muntjac__HLmunCri2__GCA_020276665.1	PAG7	Muntiacus_crinifrons__black_muntjac__HLmunCri2__GCA_020276665.1	2	2
HLbosTau10.ENSBTAT00000025597_PAG8_16254_Muntiacus_crinifrons__black_muntjac__HLmunCri2__GCA_020276665.1	HLbosTau10.ENSBTAT00000025597#PAG8#16254#Muntiacus_crinifrons__black_muntjac__HLmunCri2__GCA_020276665.1	PAG8	Muntiacus_crinifrons__black_muntjac__HLmunCri2__GCA_020276665.1	2	2
HLbosTau10.ENSBTAT00000013786_PAG7_1600_Muntiacus_crinifrons__black_muntjac__HLmunCri2__GCA_020276665.1	HLbosTau10.ENSBTAT00000013786#PAG7#1600#Muntiacus_crinifrons__black_muntjac__HLmunCri2__GCA_020276665.1	PAG7	Muntiacus_crinifrons__black_muntjac__HLmunCri2__GCA_020276665.1	2	2
HLbosTau10.ENSBTAT00000007506_MGC157408_68_Muntiacus_crinifrons__black_muntjac__HLmunCri2__GCA_020276665.1	HLbosTau10.ENSBTAT00000007506#MGC157408#68#Muntiacus_crinifrons__black_muntjac__HLmunCri2__GCA_020276665.1	MGC157408	Muntiacus_crinifrons__black_muntjac__HLmunCri2__GCA_020276665.1	2	2
HLbosTau10.ENSBTAT00000013786_PAG7_1738_Muntiacus_crinifrons__black_muntjac__HLmunCri2__GCA_020276665.1	HLbosTau10.ENSBTAT00000013786#PAG7#1738#Muntiacus_crinifrons__black_muntjac__HLmunCri2__GCA_020276665.1	PAG7	Muntiacus_crinifrons__black_muntjac__HLmunCri2__GCA_020276665.1	2	2
HLbosTau10.ENSBTAT00000013786_PAG7_4483_Muntiacus_crinifrons__black_muntjac__HLmunCri2__GCA_020276665.1	HLbosTau10.ENSBTAT00000013786#PAG7#4483#Muntiacus_crinifrons__black_muntjac__HLmunCri2__GCA_020276665.1	PAG7	Muntiacus_crinifrons__black_muntjac__HLmunCri2__GCA_020276665.1	2	2
HLbosTau10.ENSBTAT00000005384_PAG10_282798_Muntiacus_crinifrons__black_muntjac__HLmunCri2__GCA_020276665.1	HLbosTau10.ENSBTAT00000005384#PAG10#282798#Muntiacus_crinifrons__black_muntjac__HLmunCri2__GCA_020276665.1	PAG10	Muntiacus_crinifrons__black_muntjac__HLmunCri2__GCA_020276665.1	2	2
HLbosTau10.NM_001304571_PAG14_86_Muntiacus_crinifrons__black_muntjac__HLmunCri2__GCA_020276665.1	HLbosTau10.NM_001304571#PAG14#86#Muntiacus_crinifrons__black_muntjac__HLmunCri2__GCA_020276665.1	PAG14	Muntiacus_crinifrons__black_muntjac__HLmunCri2__GCA_020276665.1	7	4
HLbosTau10.XM_002707800_ENSBTAG00000051501_4555_Muntiacus_crinifrons__black_muntjac__HLmunCri2__GCA_020276665.1	HLbosTau10.XM_002707800#ENSBTAG00000051501#4555#Muntiacus_crinifrons__black_muntjac__HLmunCri2__GCA_020276665.1	ENSBTAG00000051501	Muntiacus_crinifrons__black_muntjac__HLmunCri2__GCA_020276665.1	2	2
mm10.ENSMUST00000025647_Pga5_5775_Muntiacus_crinifrons__black_muntjac__HLmunCri2__GCA_020276665.1	mm10.ENSMUST00000025647#Pga5#5775#Muntiacus_crinifrons__black_muntjac__HLmunCri2__GCA_020276665.1	Pga5	Muntiacus_crinifrons__black_muntjac__HLmunCri2__GCA_020276665.1	7	4
HLbosTau10.ENSBTAT00000038954_PAG21_16366_Muntiacus_crinifrons__black_muntjac__HLmunCri2__GCA_020276665.1	HLbosTau10.ENSBTAT00000038954#PAG21#16366#Muntiacus_crinifrons__black_muntjac__HLmunCri2__GCA_020276665.1	PAG21	Muntiacus_crinifrons__black_muntjac__HLmunCri2__GCA_020276665.1	9	4
HLbosTau10.ENSBTAT00000025517_PAG2_560151_Muntiacus_crinifrons__black_muntjac__HLmunCri2__GCA_020276665.1	HLbosTau10.ENSBTAT00000025517#PAG2#560151#Muntiacus_crinifrons__black_muntjac__HLmunCri2__GCA_020276665.1	PAG2	Muntiacus_crinifrons__black_muntjac__HLmunCri2__GCA_020276665.1	8	4
HLbosTau10.ENSBTAT00000013786_PAG7_263693_Muntiacus_crinifrons__black_muntjac__HLmunCri2__GCA_020276665.1	HLbosTau10.ENSBTAT00000013786#PAG7#263693#Muntiacus_crinifrons__black_muntjac__HLmunCri2__GCA_020276665.1	PAG7	Muntiacus_crinifrons__black_muntjac__HLmunCri2__GCA_020276665.1	5	4
HLbosTau10.XM_002699308_ENSBTAG00000013214_982585_Muntiacus_crinifrons__black_muntjac__HLmunCri2__GCA_020276665.1	HLbosTau10.XM_002699308#ENSBTAG00000013214#982585#Muntiacus_crinifrons__black_muntjac__HLmunCri2__GCA_020276665.1	ENSBTAG00000013214	Muntiacus_crinifrons__black_muntjac__HLmunCri2__GCA_020276665.1	4	4
HLbosTau10.ENSBTAT00000025593_PAG5_155_Muntiacus_crinifrons__black_muntjac__HLmunCri2__GCA_020276665.1	HLbosTau10.ENSBTAT00000025593#PAG5#155#Muntiacus_crinifrons__black_muntjac__HLmunCri2__GCA_020276665.1	PAG5	Muntiacus_crinifrons__black_muntjac__HLmunCri2__GCA_020276665.1	8	4
HLbosTau10.ENSBTAT00000005399_PAG11_22023_Muntiacus_crinifrons__black_muntjac__HLmunCri2__GCA_020276665.1	HLbosTau10.ENSBTAT00000005399#PAG11#22023#Muntiacus_crinifrons__black_muntjac__HLmunCri2__GCA_020276665.1	PAG11	Muntiacus_crinifrons__black_muntjac__HLmunCri2__GCA_020276665.1	5	4
HLbosTau10.XM_002699310_LOC524173_28_Muntiacus_crinifrons__black_muntjac__HLmunCri2__GCA_020276665.1	HLbosTau10.XM_002699310#LOC524173#28#Muntiacus_crinifrons__black_muntjac__HLmunCri2__GCA_020276665.1	LOC524173	Muntiacus_crinifrons__black_muntjac__HLmunCri2__GCA_020276665.1	5	4
HLbosTau10.ENSBTAT00000005399_PAG11_2107_Muntiacus_crinifrons__black_muntjac__HLmunCri2__GCA_020276665.1	HLbosTau10.ENSBTAT00000005399#PAG11#2107#Muntiacus_crinifrons__black_muntjac__HLmunCri2__GCA_020276665.1	PAG11	Muntiacus_crinifrons__black_muntjac__HLmunCri2__GCA_020276665.1	5	4
hg38.ENST00000325558.11_PGA3_71_Muntiacus_crinifrons__black_muntjac__HLmunCri2__GCA_020276665.1	hg38.ENST00000325558.11#PGA3#71#Muntiacus_crinifrons__black_muntjac__HLmunCri2__GCA_020276665.1	PGA3	Muntiacus_crinifrons__black_muntjac__HLmunCri2__GCA_020276665.1	56	38
HLbosTau10.NM_176625_PAG16_367_Muntiacus_gongshanensis__Gongshanensis_muntjac__HLmunGon1__GCA_020226025.1	HLbosTau10.NM_176625#PAG16#367#Muntiacus_gongshanensis__Gongshanensis_muntjac__HLmunGon1__GCA_020226025.1	PAG16	Muntiacus_gongshanensis__Gongshanensis_muntjac__HLmunGon1__GCA_020226025.1	6	4
HLbosTau10.ENSBTAT00000027020_ENSBTAG00000035736_455_Muntiacus_gongshanensis__Gongshanensis_muntjac__HLmunGon1__GCA_020226025.1	HLbosTau10.ENSBTAT00000027020#ENSBTAG00000035736#455#Muntiacus_gongshanensis__Gongshanensis_muntjac__HLmunGon1__GCA_020226025.1	ENSBTAG00000035736	Muntiacus_gongshanensis__Gongshanensis_muntjac__HLmunGon1__GCA_020226025.1	10	4
HLbosTau10.ENSBTAT00000005384_PAG10_118_Muntiacus_gongshanensis__Gongshanensis_muntjac__HLmunGon1__GCA_020226025.1	HLbosTau10.ENSBTAT00000005384#PAG10#118#Muntiacus_gongshanensis__Gongshanensis_muntjac__HLmunGon1__GCA_020226025.1	PAG10	Muntiacus_gongshanensis__Gongshanensis_muntjac__HLmunGon1__GCA_020226025.1	10	4
HLbosTau10.ENSBTAT00000005384_PAG10_1607_Muntiacus_gongshanensis__Gongshanensis_muntjac__HLmunGon1__GCA_020226025.1	HLbosTau10.ENSBTAT00000005384#PAG10#1607#Muntiacus_gongshanensis__Gongshanensis_muntjac__HLmunGon1__GCA_020226025.1	PAG10	Muntiacus_gongshanensis__Gongshanensis_muntjac__HLmunGon1__GCA_020226025.1	2	2
HLbosTau10.ENSBTAT00000079331_ENSBTAG00000051501_273_Muntiacus_gongshanensis__Gongshanensis_muntjac__HLmunGon1__GCA_020226025.1	HLbosTau10.ENSBTAT00000079331#ENSBTAG00000051501#273#Muntiacus_gongshanensis__Gongshanensis_muntjac__HLmunGon1__GCA_020226025.1	ENSBTAG00000051501	Muntiacus_gongshanensis__Gongshanensis_muntjac__HLmunGon1__GCA_020226025.1	2	2
mm10.ENSMUST00000025647_Pga5_7802_Muntiacus_gongshanensis__Gongshanensis_muntjac__HLmunGon1__GCA_020226025.1	mm10.ENSMUST00000025647#Pga5#7802#Muntiacus_gongshanensis__Gongshanensis_muntjac__HLmunGon1__GCA_020226025.1	Pga5	Muntiacus_gongshanensis__Gongshanensis_muntjac__HLmunGon1__GCA_020226025.1	2	2
HLbosTau10.ENSBTAT00000017669_ENSBTAG00000035736_1653_Muntiacus_gongshanensis__Gongshanensis_muntjac__HLmunGon1__GCA_020226025.1	HLbosTau10.ENSBTAT00000017669#ENSBTAG00000035736#1653#Muntiacus_gongshanensis__Gongshanensis_muntjac__HLmunGon1__GCA_020226025.1	ENSBTAG00000035736	Muntiacus_gongshanensis__Gongshanensis_muntjac__HLmunGon1__GCA_020226025.1	2	2
HLbosTau10.NM_176625_PAG16_1622_Muntiacus_gongshanensis__Gongshanensis_muntjac__HLmunGon1__GCA_020226025.1	HLbosTau10.NM_176625#PAG16#1622#Muntiacus_gongshanensis__Gongshanensis_muntjac__HLmunGon1__GCA_020226025.1	PAG16	Muntiacus_gongshanensis__Gongshanensis_muntjac__HLmunGon1__GCA_020226025.1	2	2
HLbosTau10.ENSBTAT00000005399_PAG11_2230_Muntiacus_gongshanensis__Gongshanensis_muntjac__HLmunGon1__GCA_020226025.1	HLbosTau10.ENSBTAT00000005399#PAG11#2230#Muntiacus_gongshanensis__Gongshanensis_muntjac__HLmunGon1__GCA_020226025.1	PAG11	Muntiacus_gongshanensis__Gongshanensis_muntjac__HLmunGon1__GCA_020226025.1	2	2
HLbosTau10.NM_176625_PAG16_4936_Muntiacus_gongshanensis__Gongshanensis_muntjac__HLmunGon1__GCA_020226025.1	HLbosTau10.NM_176625#PAG16#4936#Muntiacus_gongshanensis__Gongshanensis_muntjac__HLmunGon1__GCA_020226025.1	PAG16	Muntiacus_gongshanensis__Gongshanensis_muntjac__HLmunGon1__GCA_020226025.1	2	2
mm10.ENSMUST00000025647_Pga5_6442_Muntiacus_gongshanensis__Gongshanensis_muntjac__HLmunGon1__GCA_020226025.1	mm10.ENSMUST00000025647#Pga5#6442#Muntiacus_gongshanensis__Gongshanensis_muntjac__HLmunGon1__GCA_020226025.1	Pga5	Muntiacus_gongshanensis__Gongshanensis_muntjac__HLmunGon1__GCA_020226025.1	2	2
HLbosTau10.ENSBTAT00000005384_PAG10_1032_Muntiacus_gongshanensis__Gongshanensis_muntjac__HLmunGon1__GCA_020226025.1	HLbosTau10.ENSBTAT00000005384#PAG10#1032#Muntiacus_gongshanensis__Gongshanensis_muntjac__HLmunGon1__GCA_020226025.1	PAG10	Muntiacus_gongshanensis__Gongshanensis_muntjac__HLmunGon1__GCA_020226025.1	2	2
mm10.ENSMUST00000025647_Pga5_6860_Muntiacus_gongshanensis__Gongshanensis_muntjac__HLmunGon1__GCA_020226025.1	mm10.ENSMUST00000025647#Pga5#6860#Muntiacus_gongshanensis__Gongshanensis_muntjac__HLmunGon1__GCA_020226025.1	Pga5	Muntiacus_gongshanensis__Gongshanensis_muntjac__HLmunGon1__GCA_020226025.1	2	2
HLbosTau10.ENSBTAT00000013786_PAG7_283_Muntiacus_gongshanensis__Gongshanensis_muntjac__HLmunGon1__GCA_020226025.1	HLbosTau10.ENSBTAT00000013786#PAG7#283#Muntiacus_gongshanensis__Gongshanensis_muntjac__HLmunGon1__GCA_020226025.1	PAG7	Muntiacus_gongshanensis__Gongshanensis_muntjac__HLmunGon1__GCA_020226025.1	2	2
HLbosTau10.ENSBTAT00000013786_PAG7_545_Muntiacus_gongshanensis__Gongshanensis_muntjac__HLmunGon1__GCA_020226025.1	HLbosTau10.ENSBTAT00000013786#PAG7#545#Muntiacus_gongshanensis__Gongshanensis_muntjac__HLmunGon1__GCA_020226025.1	PAG7	Muntiacus_gongshanensis__Gongshanensis_muntjac__HLmunGon1__GCA_020226025.1	2	2
HLbosTau10.ENSBTAT00000013786_PAG7_195_Muntiacus_gongshanensis__Gongshanensis_muntjac__HLmunGon1__GCA_020226025.1	HLbosTau10.ENSBTAT00000013786#PAG7#195#Muntiacus_gongshanensis__Gongshanensis_muntjac__HLmunGon1__GCA_020226025.1	PAG7	Muntiacus_gongshanensis__Gongshanensis_muntjac__HLmunGon1__GCA_020226025.1	2	2
mm10.ENSMUST00000025647_Pga5_9309_Muntiacus_gongshanensis__Gongshanensis_muntjac__HLmunGon1__GCA_020226025.1	mm10.ENSMUST00000025647#Pga5#9309#Muntiacus_gongshanensis__Gongshanensis_muntjac__HLmunGon1__GCA_020226025.1	Pga5	Muntiacus_gongshanensis__Gongshanensis_muntjac__HLmunGon1__GCA_020226025.1	2	2
HLbosTau10.ENSBTAT00000013786_PAG7_391_Muntiacus_gongshanensis__Gongshanensis_muntjac__HLmunGon1__GCA_020226025.1	HLbosTau10.ENSBTAT00000013786#PAG7#391#Muntiacus_gongshanensis__Gongshanensis_muntjac__HLmunGon1__GCA_020226025.1	PAG7	Muntiacus_gongshanensis__Gongshanensis_muntjac__HLmunGon1__GCA_020226025.1	2	2
HLbosTau10.ENSBTAT00000013786_PAG7_252_Muntiacus_gongshanensis__Gongshanensis_muntjac__HLmunGon1__GCA_020226025.1	HLbosTau10.ENSBTAT00000013786#PAG7#252#Muntiacus_gongshanensis__Gongshanensis_muntjac__HLmunGon1__GCA_020226025.1	PAG7	Muntiacus_gongshanensis__Gongshanensis_muntjac__HLmunGon1__GCA_020226025.1	2	2
HLbosTau10.NM_176628_PAG19_180_Muntiacus_gongshanensis__Gongshanensis_muntjac__HLmunGon1__GCA_020226025.1	HLbosTau10.NM_176628#PAG19#180#Muntiacus_gongshanensis__Gongshanensis_muntjac__HLmunGon1__GCA_020226025.1	PAG19	Muntiacus_gongshanensis__Gongshanensis_muntjac__HLmunGon1__GCA_020226025.1	2	2
HLbosTau10.ENSBTAT00000025567_PAG12_685764_Muntiacus_gongshanensis__Gongshanensis_muntjac__HLmunGon1__GCA_020226025.1	HLbosTau10.ENSBTAT00000025567#PAG12#685764#Muntiacus_gongshanensis__Gongshanensis_muntjac__HLmunGon1__GCA_020226025.1	PAG12	Muntiacus_gongshanensis__Gongshanensis_muntjac__HLmunGon1__GCA_020226025.1	2	2
HLbosTau10.ENSBTAT00000013786_PAG7_227_Muntiacus_gongshanensis__Gongshanensis_muntjac__HLmunGon1__GCA_020226025.1	HLbosTau10.ENSBTAT00000013786#PAG7#227#Muntiacus_gongshanensis__Gongshanensis_muntjac__HLmunGon1__GCA_020226025.1	PAG7	Muntiacus_gongshanensis__Gongshanensis_muntjac__HLmunGon1__GCA_020226025.1	2	2
mm10.ENSMUST00000025647_Pga5_12348_Muntiacus_gongshanensis__Gongshanensis_muntjac__HLmunGon1__GCA_020226025.1	mm10.ENSMUST00000025647#Pga5#12348#Muntiacus_gongshanensis__Gongshanensis_muntjac__HLmunGon1__GCA_020226025.1	Pga5	Muntiacus_gongshanensis__Gongshanensis_muntjac__HLmunGon1__GCA_020226025.1	2	2
mm10.ENSMUST00000025647_Pga5_15409_Muntiacus_gongshanensis__Gongshanensis_muntjac__HLmunGon1__GCA_020226025.1	mm10.ENSMUST00000025647#Pga5#15409#Muntiacus_gongshanensis__Gongshanensis_muntjac__HLmunGon1__GCA_020226025.1	Pga5	Muntiacus_gongshanensis__Gongshanensis_muntjac__HLmunGon1__GCA_020226025.1	2	2
mm10.ENSMUST00000025647_Pga5_14774_Muntiacus_gongshanensis__Gongshanensis_muntjac__HLmunGon1__GCA_020226025.1	mm10.ENSMUST00000025647#Pga5#14774#Muntiacus_gongshanensis__Gongshanensis_muntjac__HLmunGon1__GCA_020226025.1	Pga5	Muntiacus_gongshanensis__Gongshanensis_muntjac__HLmunGon1__GCA_020226025.1	2	2
HLbosTau10.ENSBTAT00000013786_PAG7_6512_Muntiacus_gongshanensis__Gongshanensis_muntjac__HLmunGon1__GCA_020226025.1	HLbosTau10.ENSBTAT00000013786#PAG7#6512#Muntiacus_gongshanensis__Gongshanensis_muntjac__HLmunGon1__GCA_020226025.1	PAG7	Muntiacus_gongshanensis__Gongshanensis_muntjac__HLmunGon1__GCA_020226025.1	2	2
HLbosTau10.XM_002707800_ENSBTAG00000051501_3500_Muntiacus_gongshanensis__Gongshanensis_muntjac__HLmunGon1__GCA_020226025.1	HLbosTau10.XM_002707800#ENSBTAG00000051501#3500#Muntiacus_gongshanensis__Gongshanensis_muntjac__HLmunGon1__GCA_020226025.1	ENSBTAG00000051501	Muntiacus_gongshanensis__Gongshanensis_muntjac__HLmunGon1__GCA_020226025.1	2	2
mm10.ENSMUST00000025647_Pga5_4390_Muntiacus_gongshanensis__Gongshanensis_muntjac__HLmunGon1__GCA_020226025.1	mm10.ENSMUST00000025647#Pga5#4390#Muntiacus_gongshanensis__Gongshanensis_muntjac__HLmunGon1__GCA_020226025.1	Pga5	Muntiacus_gongshanensis__Gongshanensis_muntjac__HLmunGon1__GCA_020226025.1	7	4
HLeleMaxInd3A.XM_049891846.1_LOC126080666_3374_Muntiacus_gongshanensis__Gongshanensis_muntjac__HLmunGon1__GCA_020226025.1	HLeleMaxInd3A.XM_049891846.1#LOC126080666#3374#Muntiacus_gongshanensis__Gongshanensis_muntjac__HLmunGon1__GCA_020226025.1	LOC126080666	Muntiacus_gongshanensis__Gongshanensis_muntjac__HLmunGon1__GCA_020226025.1	7	4
HLbosTau10.ENSBTAT00000005399_PAG11_180_Muntiacus_gongshanensis__Gongshanensis_muntjac__HLmunGon1__GCA_020226025.1	HLbosTau10.ENSBTAT00000005399#PAG11#180#Muntiacus_gongshanensis__Gongshanensis_muntjac__HLmunGon1__GCA_020226025.1	PAG11	Muntiacus_gongshanensis__Gongshanensis_muntjac__HLmunGon1__GCA_020226025.1	9	4
HLbosTau10.ENSBTAT00000005399_PAG11_464_Muntiacus_gongshanensis__Gongshanensis_muntjac__HLmunGon1__GCA_020226025.1	HLbosTau10.ENSBTAT00000005399#PAG11#464#Muntiacus_gongshanensis__Gongshanensis_muntjac__HLmunGon1__GCA_020226025.1	PAG11	Muntiacus_gongshanensis__Gongshanensis_muntjac__HLmunGon1__GCA_020226025.1	8	4
HLbosTau10.ENSBTAT00000027020_ENSBTAG00000035736_36150_Muntiacus_gongshanensis__Gongshanensis_muntjac__HLmunGon1__GCA_020226025.1	HLbosTau10.ENSBTAT00000027020#ENSBTAG00000035736#36150#Muntiacus_gongshanensis__Gongshanensis_muntjac__HLmunGon1__GCA_020226025.1	ENSBTAG00000035736	Muntiacus_gongshanensis__Gongshanensis_muntjac__HLmunGon1__GCA_020226025.1	5	4
HLbosTau10.XM_002707800_ENSBTAG00000051501_36390_Muntiacus_gongshanensis__Gongshanensis_muntjac__HLmunGon1__GCA_020226025.1	HLbosTau10.XM_002707800#ENSBTAG00000051501#36390#Muntiacus_gongshanensis__Gongshanensis_muntjac__HLmunGon1__GCA_020226025.1	ENSBTAG00000051501	Muntiacus_gongshanensis__Gongshanensis_muntjac__HLmunGon1__GCA_020226025.1	8	4
HLbosTau10.ENSBTAT00000005399_PAG11_2458_Muntiacus_gongshanensis__Gongshanensis_muntjac__HLmunGon1__GCA_020226025.1	HLbosTau10.ENSBTAT00000005399#PAG11#2458#Muntiacus_gongshanensis__Gongshanensis_muntjac__HLmunGon1__GCA_020226025.1	PAG11	Muntiacus_gongshanensis__Gongshanensis_muntjac__HLmunGon1__GCA_020226025.1	5	4
HLbosTau10.ENSBTAT00000005399_PAG11_2529_Muntiacus_gongshanensis__Gongshanensis_muntjac__HLmunGon1__GCA_020226025.1	HLbosTau10.ENSBTAT00000005399#PAG11#2529#Muntiacus_gongshanensis__Gongshanensis_muntjac__HLmunGon1__GCA_020226025.1	PAG11	Muntiacus_gongshanensis__Gongshanensis_muntjac__HLmunGon1__GCA_020226025.1	5	4
HLbosTau10.ENSBTAT00000005399_PAG11_1895_Muntiacus_gongshanensis__Gongshanensis_muntjac__HLmunGon1__GCA_020226025.1	HLbosTau10.ENSBTAT00000005399#PAG11#1895#Muntiacus_gongshanensis__Gongshanensis_muntjac__HLmunGon1__GCA_020226025.1	PAG11	Muntiacus_gongshanensis__Gongshanensis_muntjac__HLmunGon1__GCA_020226025.1	5	4
hg38.ENST00000312403.10_PGA5_3837_Muntiacus_gongshanensis__Gongshanensis_muntjac__HLmunGon1__GCA_020226025.1	hg38.ENST00000312403.10#PGA5#3837#Muntiacus_gongshanensis__Gongshanensis_muntjac__HLmunGon1__GCA_020226025.1	PGA5	Muntiacus_gongshanensis__Gongshanensis_muntjac__HLmunGon1__GCA_020226025.1	56	38
HLbosTau10.ENSBTAT00000027020_ENSBTAG00000035736_995_Muntiacus_vaginalis__Northern_red_muntjac__HLmunVag1__GCA_039877825.1	HLbosTau10.ENSBTAT00000027020#ENSBTAG00000035736#995#Muntiacus_vaginalis__Northern_red_muntjac__HLmunVag1__GCA_039877825.1	ENSBTAG00000035736	Muntiacus_vaginalis__Northern_red_muntjac__HLmunVag1__GCA_039877825.1	10	4
HLbosTau10.NM_176625_PAG16_196_Muntiacus_vaginalis__Northern_red_muntjac__HLmunVag1__GCA_039877825.1	HLbosTau10.NM_176625#PAG16#196#Muntiacus_vaginalis__Northern_red_muntjac__HLmunVag1__GCA_039877825.1	PAG16	Muntiacus_vaginalis__Northern_red_muntjac__HLmunVag1__GCA_039877825.1	6	4
mm10.ENSMUST00000025647_Pga5_297250_Muntiacus_vaginalis__Northern_red_muntjac__HLmunVag1__GCA_039877825.1	mm10.ENSMUST00000025647#Pga5#297250#Muntiacus_vaginalis__Northern_red_muntjac__HLmunVag1__GCA_039877825.1	Pga5	Muntiacus_vaginalis__Northern_red_muntjac__HLmunVag1__GCA_039877825.1	10	4
HLbosTau10.ENSBTAT00000025597_PAG8_18733_Muntiacus_vaginalis__Northern_red_muntjac__HLmunVag1__GCA_039877825.1	HLbosTau10.ENSBTAT00000025597#PAG8#18733#Muntiacus_vaginalis__Northern_red_muntjac__HLmunVag1__GCA_039877825.1	PAG8	Muntiacus_vaginalis__Northern_red_muntjac__HLmunVag1__GCA_039877825.1	2	2
HLbosTau10.XM_002707800_ENSBTAG00000051501_110282_Muntiacus_vaginalis__Northern_red_muntjac__HLmunVag1__GCA_039877825.1	HLbosTau10.XM_002707800#ENSBTAG00000051501#110282#Muntiacus_vaginalis__Northern_red_muntjac__HLmunVag1__GCA_039877825.1	ENSBTAG00000051501	Muntiacus_vaginalis__Northern_red_muntjac__HLmunVag1__GCA_039877825.1	2	2
HLbosTau10.ENSBTAT00000018996_ENSBTAG00000040257_529_Muntiacus_vaginalis__Northern_red_muntjac__HLmunVag1__GCA_039877825.1	HLbosTau10.ENSBTAT00000018996#ENSBTAG00000040257#529#Muntiacus_vaginalis__Northern_red_muntjac__HLmunVag1__GCA_039877825.1	ENSBTAG00000040257	Muntiacus_vaginalis__Northern_red_muntjac__HLmunVag1__GCA_039877825.1	2	2
HLbosTau10.ENSBTAT00000025567_PAG12_21376_Muntiacus_vaginalis__Northern_red_muntjac__HLmunVag1__GCA_039877825.1	HLbosTau10.ENSBTAT00000025567#PAG12#21376#Muntiacus_vaginalis__Northern_red_muntjac__HLmunVag1__GCA_039877825.1	PAG12	Muntiacus_vaginalis__Northern_red_muntjac__HLmunVag1__GCA_039877825.1	2	2
HLbosTau10.ENSBTAT00000030243_PAG3_59523_Muntiacus_vaginalis__Northern_red_muntjac__HLmunVag1__GCA_039877825.1	HLbosTau10.ENSBTAT00000030243#PAG3#59523#Muntiacus_vaginalis__Northern_red_muntjac__HLmunVag1__GCA_039877825.1	PAG3	Muntiacus_vaginalis__Northern_red_muntjac__HLmunVag1__GCA_039877825.1	2	2
HLbosTau10.ENSBTAT00000017669_ENSBTAG00000035736_394_Muntiacus_vaginalis__Northern_red_muntjac__HLmunVag1__GCA_039877825.1	HLbosTau10.ENSBTAT00000017669#ENSBTAG00000035736#394#Muntiacus_vaginalis__Northern_red_muntjac__HLmunVag1__GCA_039877825.1	ENSBTAG00000035736	Muntiacus_vaginalis__Northern_red_muntjac__HLmunVag1__GCA_039877825.1	2	2
HLbosTau10.NM_176625_PAG16_691_Muntiacus_vaginalis__Northern_red_muntjac__HLmunVag1__GCA_039877825.1	HLbosTau10.NM_176625#PAG16#691#Muntiacus_vaginalis__Northern_red_muntjac__HLmunVag1__GCA_039877825.1	PAG16	Muntiacus_vaginalis__Northern_red_muntjac__HLmunVag1__GCA_039877825.1	2	2
HLbosTau10.XM_002707800_ENSBTAG00000051501_559_Muntiacus_vaginalis__Northern_red_muntjac__HLmunVag1__GCA_039877825.1	HLbosTau10.XM_002707800#ENSBTAG00000051501#559#Muntiacus_vaginalis__Northern_red_muntjac__HLmunVag1__GCA_039877825.1	ENSBTAG00000051501	Muntiacus_vaginalis__Northern_red_muntjac__HLmunVag1__GCA_039877825.1	2	2
HLbosTau10.NM_176625_PAG16_686_Muntiacus_vaginalis__Northern_red_muntjac__HLmunVag1__GCA_039877825.1	HLbosTau10.NM_176625#PAG16#686#Muntiacus_vaginalis__Northern_red_muntjac__HLmunVag1__GCA_039877825.1	PAG16	Muntiacus_vaginalis__Northern_red_muntjac__HLmunVag1__GCA_039877825.1	2	2
HLbosTau10.ENSBTAT00000013786_PAG7_20701_Muntiacus_vaginalis__Northern_red_muntjac__HLmunVag1__GCA_039877825.1	HLbosTau10.ENSBTAT00000013786#PAG7#20701#Muntiacus_vaginalis__Northern_red_muntjac__HLmunVag1__GCA_039877825.1	PAG7	Muntiacus_vaginalis__Northern_red_muntjac__HLmunVag1__GCA_039877825.1	2	2
HLbosTau10.ENSBTAT00000005384_PAG10_551_Muntiacus_vaginalis__Northern_red_muntjac__HLmunVag1__GCA_039877825.1	HLbosTau10.ENSBTAT00000005384#PAG10#551#Muntiacus_vaginalis__Northern_red_muntjac__HLmunVag1__GCA_039877825.1	PAG10	Muntiacus_vaginalis__Northern_red_muntjac__HLmunVag1__GCA_039877825.1	2	2
mm10.ENSMUST00000025647_Pga5_116627_Muntiacus_vaginalis__Northern_red_muntjac__HLmunVag1__GCA_039877825.1	mm10.ENSMUST00000025647#Pga5#116627#Muntiacus_vaginalis__Northern_red_muntjac__HLmunVag1__GCA_039877825.1	Pga5	Muntiacus_vaginalis__Northern_red_muntjac__HLmunVag1__GCA_039877825.1	2	2
HLbosTau10.ENSBTAT00000013786_PAG7_29_Muntiacus_vaginalis__Northern_red_muntjac__HLmunVag1__GCA_039877825.1	HLbosTau10.ENSBTAT00000013786#PAG7#29#Muntiacus_vaginalis__Northern_red_muntjac__HLmunVag1__GCA_039877825.1	PAG7	Muntiacus_vaginalis__Northern_red_muntjac__HLmunVag1__GCA_039877825.1	2	2
HLbosTau10.ENSBTAT00000017669_ENSBTAG00000035736_233_Muntiacus_vaginalis__Northern_red_muntjac__HLmunVag1__GCA_039877825.1	HLbosTau10.ENSBTAT00000017669#ENSBTAG00000035736#233#Muntiacus_vaginalis__Northern_red_muntjac__HLmunVag1__GCA_039877825.1	ENSBTAG00000035736	Muntiacus_vaginalis__Northern_red_muntjac__HLmunVag1__GCA_039877825.1	2	2
mm10.ENSMUST00000025647_Pga5_15711_Muntiacus_vaginalis__Northern_red_muntjac__HLmunVag1__GCA_039877825.1	mm10.ENSMUST00000025647#Pga5#15711#Muntiacus_vaginalis__Northern_red_muntjac__HLmunVag1__GCA_039877825.1	Pga5	Muntiacus_vaginalis__Northern_red_muntjac__HLmunVag1__GCA_039877825.1	2	2
HLbosTau10.ENSBTAT00000013786_PAG7_92_Muntiacus_vaginalis__Northern_red_muntjac__HLmunVag1__GCA_039877825.1	HLbosTau10.ENSBTAT00000013786#PAG7#92#Muntiacus_vaginalis__Northern_red_muntjac__HLmunVag1__GCA_039877825.1	PAG7	Muntiacus_vaginalis__Northern_red_muntjac__HLmunVag1__GCA_039877825.1	2	2
HLbosTau10.ENSBTAT00000013786_PAG7_162_Muntiacus_vaginalis__Northern_red_muntjac__HLmunVag1__GCA_039877825.1	HLbosTau10.ENSBTAT00000013786#PAG7#162#Muntiacus_vaginalis__Northern_red_muntjac__HLmunVag1__GCA_039877825.1	PAG7	Muntiacus_vaginalis__Northern_red_muntjac__HLmunVag1__GCA_039877825.1	2	2
mm10.ENSMUST00000025647_Pga5_8949_Muntiacus_vaginalis__Northern_red_muntjac__HLmunVag1__GCA_039877825.1	mm10.ENSMUST00000025647#Pga5#8949#Muntiacus_vaginalis__Northern_red_muntjac__HLmunVag1__GCA_039877825.1	Pga5	Muntiacus_vaginalis__Northern_red_muntjac__HLmunVag1__GCA_039877825.1	2	2
HLbosTau10.NM_001109978_PAG7_196_Muntiacus_vaginalis__Northern_red_muntjac__HLmunVag1__GCA_039877825.1	HLbosTau10.NM_001109978#PAG7#196#Muntiacus_vaginalis__Northern_red_muntjac__HLmunVag1__GCA_039877825.1	PAG7	Muntiacus_vaginalis__Northern_red_muntjac__HLmunVag1__GCA_039877825.1	2	2
HLbosTau10.ENSBTAT00000013786_PAG7_609_Muntiacus_vaginalis__Northern_red_muntjac__HLmunVag1__GCA_039877825.1	HLbosTau10.ENSBTAT00000013786#PAG7#609#Muntiacus_vaginalis__Northern_red_muntjac__HLmunVag1__GCA_039877825.1	PAG7	Muntiacus_vaginalis__Northern_red_muntjac__HLmunVag1__GCA_039877825.1	2	2
mm10.ENSMUST00000025647_Pga5_17109_Muntiacus_vaginalis__Northern_red_muntjac__HLmunVag1__GCA_039877825.1	mm10.ENSMUST00000025647#Pga5#17109#Muntiacus_vaginalis__Northern_red_muntjac__HLmunVag1__GCA_039877825.1	Pga5	Muntiacus_vaginalis__Northern_red_muntjac__HLmunVag1__GCA_039877825.1	2	2
HLbosTau10.ENSBTAT00000064112_ENSBTAG00000054180_284603_Muntiacus_vaginalis__Northern_red_muntjac__HLmunVag1__GCA_039877825.1	HLbosTau10.ENSBTAT00000064112#ENSBTAG00000054180#284603#Muntiacus_vaginalis__Northern_red_muntjac__HLmunVag1__GCA_039877825.1	ENSBTAG00000054180	Muntiacus_vaginalis__Northern_red_muntjac__HLmunVag1__GCA_039877825.1	2	2
HLbosTau10.ENSBTAT00000013786_PAG7_561_Muntiacus_vaginalis__Northern_red_muntjac__HLmunVag1__GCA_039877825.1	HLbosTau10.ENSBTAT00000013786#PAG7#561#Muntiacus_vaginalis__Northern_red_muntjac__HLmunVag1__GCA_039877825.1	PAG7	Muntiacus_vaginalis__Northern_red_muntjac__HLmunVag1__GCA_039877825.1	2	2
mm10.ENSMUST00000025647_Pga5_238645_Muntiacus_vaginalis__Northern_red_muntjac__HLmunVag1__GCA_039877825.1	mm10.ENSMUST00000025647#Pga5#238645#Muntiacus_vaginalis__Northern_red_muntjac__HLmunVag1__GCA_039877825.1	Pga5	Muntiacus_vaginalis__Northern_red_muntjac__HLmunVag1__GCA_039877825.1	2	2
HLbosTau10.ENSBTAT00000007506_MGC157408_91_Muntiacus_vaginalis__Northern_red_muntjac__HLmunVag1__GCA_039877825.1	HLbosTau10.ENSBTAT00000007506#MGC157408#91#Muntiacus_vaginalis__Northern_red_muntjac__HLmunVag1__GCA_039877825.1	MGC157408	Muntiacus_vaginalis__Northern_red_muntjac__HLmunVag1__GCA_039877825.1	2	2
HLbosTau10.ENSBTAT00000030243_PAG3_10413_Muntiacus_vaginalis__Northern_red_muntjac__HLmunVag1__GCA_039877825.1	HLbosTau10.ENSBTAT00000030243#PAG3#10413#Muntiacus_vaginalis__Northern_red_muntjac__HLmunVag1__GCA_039877825.1	PAG3	Muntiacus_vaginalis__Northern_red_muntjac__HLmunVag1__GCA_039877825.1	2	2
HLbosTau10.ENSBTAT00000063428_ENSBTAG00000051196_3824_Muntiacus_vaginalis__Northern_red_muntjac__HLmunVag1__GCA_039877825.1	HLbosTau10.ENSBTAT00000063428#ENSBTAG00000051196#3824#Muntiacus_vaginalis__Northern_red_muntjac__HLmunVag1__GCA_039877825.1	ENSBTAG00000051196	Muntiacus_vaginalis__Northern_red_muntjac__HLmunVag1__GCA_039877825.1	2	2
HLbosTau10.ENSBTAT00000013786_PAG7_6165_Muntiacus_vaginalis__Northern_red_muntjac__HLmunVag1__GCA_039877825.1	HLbosTau10.ENSBTAT00000013786#PAG7#6165#Muntiacus_vaginalis__Northern_red_muntjac__HLmunVag1__GCA_039877825.1	PAG7	Muntiacus_vaginalis__Northern_red_muntjac__HLmunVag1__GCA_039877825.1	2	2
HLbosTau10.ENSBTAT00000005384_PAG10_473_Muntiacus_vaginalis__Northern_red_muntjac__HLmunVag1__GCA_039877825.1	HLbosTau10.ENSBTAT00000005384#PAG10#473#Muntiacus_vaginalis__Northern_red_muntjac__HLmunVag1__GCA_039877825.1	PAG10	Muntiacus_vaginalis__Northern_red_muntjac__HLmunVag1__GCA_039877825.1	7	4
HLbosTau10.ENSBTAT00000005384_PAG10_10197_Muntiacus_vaginalis__Northern_red_muntjac__HLmunVag1__GCA_039877825.1	HLbosTau10.ENSBTAT00000005384#PAG10#10197#Muntiacus_vaginalis__Northern_red_muntjac__HLmunVag1__GCA_039877825.1	PAG10	Muntiacus_vaginalis__Northern_red_muntjac__HLmunVag1__GCA_039877825.1	7	4
HLbosTau10.ENSBTAT00000017585_ENSBTAG00000013214_29_Muntiacus_vaginalis__Northern_red_muntjac__HLmunVag1__GCA_039877825.1	HLbosTau10.ENSBTAT00000017585#ENSBTAG00000013214#29#Muntiacus_vaginalis__Northern_red_muntjac__HLmunVag1__GCA_039877825.1	ENSBTAG00000013214	Muntiacus_vaginalis__Northern_red_muntjac__HLmunVag1__GCA_039877825.1	9	4
HLbosTau10.NM_176628_PAG19_741187_Muntiacus_vaginalis__Northern_red_muntjac__HLmunVag1__GCA_039877825.1	HLbosTau10.NM_176628#PAG19#741187#Muntiacus_vaginalis__Northern_red_muntjac__HLmunVag1__GCA_039877825.1	PAG19	Muntiacus_vaginalis__Northern_red_muntjac__HLmunVag1__GCA_039877825.1	8	4
HLbosTau10.ENSBTAT00000063428_ENSBTAG00000051196_31083_Muntiacus_vaginalis__Northern_red_muntjac__HLmunVag1__GCA_039877825.1	HLbosTau10.ENSBTAT00000063428#ENSBTAG00000051196#31083#Muntiacus_vaginalis__Northern_red_muntjac__HLmunVag1__GCA_039877825.1	ENSBTAG00000051196	Muntiacus_vaginalis__Northern_red_muntjac__HLmunVag1__GCA_039877825.1	8	4
HLbosTau10.ENSBTAT00000030244_ENSBTAG00000050440_51313_Muntiacus_vaginalis__Northern_red_muntjac__HLmunVag1__GCA_039877825.1	HLbosTau10.ENSBTAT00000030244#ENSBTAG00000050440#51313#Muntiacus_vaginalis__Northern_red_muntjac__HLmunVag1__GCA_039877825.1	ENSBTAG00000050440	Muntiacus_vaginalis__Northern_red_muntjac__HLmunVag1__GCA_039877825.1	5	4
HLbosTau10.XM_024987413_ENSBTAG00000046686_17721_Muntiacus_vaginalis__Northern_red_muntjac__HLmunVag1__GCA_039877825.1	HLbosTau10.XM_024987413#ENSBTAG00000046686#17721#Muntiacus_vaginalis__Northern_red_muntjac__HLmunVag1__GCA_039877825.1	ENSBTAG00000046686	Muntiacus_vaginalis__Northern_red_muntjac__HLmunVag1__GCA_039877825.1	4	4
HLbosTau10.ENSBTAT00000005399_PAG11_2332_Muntiacus_vaginalis__Northern_red_muntjac__HLmunVag1__GCA_039877825.1	HLbosTau10.ENSBTAT00000005399#PAG11#2332#Muntiacus_vaginalis__Northern_red_muntjac__HLmunVag1__GCA_039877825.1	PAG11	Muntiacus_vaginalis__Northern_red_muntjac__HLmunVag1__GCA_039877825.1	5	4
hg38.ENST00000325558.11_PGA3_73_Muntiacus_vaginalis__Northern_red_muntjac__HLmunVag1__GCA_039877825.1	hg38.ENST00000325558.11#PGA3#73#Muntiacus_vaginalis__Northern_red_muntjac__HLmunVag1__GCA_039877825.1	PGA3	Muntiacus_vaginalis__Northern_red_muntjac__HLmunVag1__GCA_039877825.1	56	38
HLbosTau10.NM_176625_PAG16_400_Muntiacus_vaginalis__Northern_red_muntjac__HLmunVag1__GCA_039877825.1	HLbosTau10.NM_176625#PAG16#400#Muntiacus_vaginalis__Northern_red_muntjac__HLmunVag1__GCA_039877825.1	PAG16	Muntiacus_vaginalis__Northern_red_muntjac__HLmunVag1__GCA_039877825.1	5	4
HLbosTau10.ENSBTAT00000005399_PAG11_7330_Muntiacus_vaginalis__Northern_red_muntjac__HLmunVag1__GCA_039877825.1	HLbosTau10.ENSBTAT00000005399#PAG11#7330#Muntiacus_vaginalis__Northern_red_muntjac__HLmunVag1__GCA_039877825.1	PAG11	Muntiacus_vaginalis__Northern_red_muntjac__HLmunVag1__GCA_039877825.1	5	4
mm10.ENSMUST00000025647_Pga5_70_Mustela_erminea__ermine__HLmusErm1__GCA_009829155.1	mm10.ENSMUST00000025647#Pga5#70#Mustela_erminea__ermine__HLmusErm1__GCA_009829155.1	Pga5	Mustela_erminea__ermine__HLmusErm1__GCA_009829155.1	20	13
hg38.ENST00000312403.10_PGA5_3749_Mustela_erminea__ermine__HLmusErm1__GCA_009829155.1	hg38.ENST00000312403.10#PGA5#3749#Mustela_erminea__ermine__HLmusErm1__GCA_009829155.1	PGA5	Mustela_erminea__ermine__HLmusErm1__GCA_009829155.1	54	38
mm10.ENSMUST00000025647_Pga5_77_Mustela_eversmannii__Steppe_polecat__HLmusEve1__GCA_963422785.1	mm10.ENSMUST00000025647#Pga5#77#Mustela_eversmannii__Steppe_polecat__HLmusEve1__GCA_963422785.1	Pga5	Mustela_eversmannii__Steppe_polecat__HLmusEve1__GCA_963422785.1	20	13
hg38.ENST00000312403.10_PGA5_3553_Mustela_eversmannii__Steppe_polecat__HLmusEve1__GCA_963422785.1	hg38.ENST00000312403.10#PGA5#3553#Mustela_eversmannii__Steppe_polecat__HLmusEve1__GCA_963422785.1	PGA5	Mustela_eversmannii__Steppe_polecat__HLmusEve1__GCA_963422785.1	54	38
mm10.ENSMUST00000025647_Pga5_69_Mustela_lutreola__European_mink__HLmusLut1__GCF_030435805.1	mm10.ENSMUST00000025647#Pga5#69#Mustela_lutreola__European_mink__HLmusLut1__GCF_030435805.1	Pga5	Mustela_lutreola__European_mink__HLmusLut1__GCF_030435805.1	20	13
hg38.ENST00000312403.10_PGA5_3843_Mustela_lutreola__European_mink__HLmusLut1__GCF_030435805.1	hg38.ENST00000312403.10#PGA5#3843#Mustela_lutreola__European_mink__HLmusLut1__GCF_030435805.1	PGA5	Mustela_lutreola__European_mink__HLmusLut1__GCF_030435805.1	54	38
mm10.ENSMUST00000025647_Pga5_72_Mustela_nivalis__Least_weasel__HLmusNiva2A__GCA_964662115.1	mm10.ENSMUST00000025647#Pga5#72#Mustela_nivalis__Least_weasel__HLmusNiva2A__GCA_964662115.1	Pga5	Mustela_nivalis__Least_weasel__HLmusNiva2A__GCA_964662115.1	20	13
hg38.ENST00000312403.10_PGA5_5667_Mustela_nivalis__Least_weasel__HLmusNiva2A__GCA_964662115.1	hg38.ENST00000312403.10#PGA5#5667#Mustela_nivalis__Least_weasel__HLmusNiva2A__GCA_964662115.1	PGA5	Mustela_nivalis__Least_weasel__HLmusNiva2A__GCA_964662115.1	54	38
hg38.ENST00000312403.10_PGA5_3443_Mustela_nivalis__least_weasel__HLmusNiv1__GCA_019141155.1	hg38.ENST00000312403.10#PGA5#3443#Mustela_nivalis__least_weasel__HLmusNiv1__GCA_019141155.1	PGA5	Mustela_nivalis__least_weasel__HLmusNiv1__GCA_019141155.1	54	38
mm10.ENSMUST00000025647_Pga5_69_Mustela_nivalis__least_weasel__HLmusNiv1__GCA_019141155.1	mm10.ENSMUST00000025647#Pga5#69#Mustela_nivalis__least_weasel__HLmusNiv1__GCA_019141155.1	Pga5	Mustela_nivalis__least_weasel__HLmusNiv1__GCA_019141155.1	20	13
mm10.ENSMUST00000025647_Pga5_67_Mustela_putorius_furo__domestic_ferret__HLmusFur2__GCA_011764305.1	mm10.ENSMUST00000025647#Pga5#67#Mustela_putorius_furo__domestic_ferret__HLmusFur2__GCA_011764305.1	Pga5	Mustela_putorius_furo__domestic_ferret__HLmusFur2__GCA_011764305.1	20	13
hg38.ENST00000312403.10_PGA5_4770_Mustela_putorius_furo__domestic_ferret__HLmusFur2__GCA_011764305.1	hg38.ENST00000312403.10#PGA5#4770#Mustela_putorius_furo__domestic_ferret__HLmusFur2__GCA_011764305.1	PGA5	Mustela_putorius_furo__domestic_ferret__HLmusFur2__GCA_011764305.1	54	38
mm10.ENSMUST00000025647_Pga5_67_Mustela_putorius_furo__domestic_ferret__HLmusPutFur2__GCF_011764305.1	mm10.ENSMUST00000025647#Pga5#67#Mustela_putorius_furo__domestic_ferret__HLmusPutFur2__GCF_011764305.1	Pga5	Mustela_putorius_furo__domestic_ferret__HLmusPutFur2__GCF_011764305.1	20	13
hg38.ENST00000312403.10_PGA5_4567_Mustela_putorius_furo__domestic_ferret__HLmusPutFur2__GCF_011764305.1	hg38.ENST00000312403.10#PGA5#4567#Mustela_putorius_furo__domestic_ferret__HLmusPutFur2__GCF_011764305.1	PGA5	Mustela_putorius_furo__domestic_ferret__HLmusPutFur2__GCF_011764305.1	54	38
mm10.ENSMUST00000025647_Pga5_64_Mus_minutoides__Southern_African_pygmy_mouse__HLmusMin1__GCA_902729475.2	mm10.ENSMUST00000025647#Pga5#64#Mus_minutoides__Southern_African_pygmy_mouse__HLmusMin1__GCA_902729475.2	Pga5	Mus_minutoides__Southern_African_pygmy_mouse__HLmusMin1__GCA_902729475.2	28	19
mm10.ENSMUST00000025647_Pga5_20_Mus_musculus_molossinus__Japanese_wild_mouse__HLmusMusMol40__GCA_921999095.1	mm10.ENSMUST00000025647#Pga5#20#Mus_musculus_molossinus__Japanese_wild_mouse__HLmusMusMol40__GCA_921999095.1	Pga5	Mus_musculus_molossinus__Japanese_wild_mouse__HLmusMusMol40__GCA_921999095.1	28	19
HLbosTau10.ENSBTAT00000005399_PAG11_4327_Mus_musculus__House_mouse__HLmusMusc41__GCA_949316315.1	HLbosTau10.ENSBTAT00000005399#PAG11#4327#Mus_musculus__House_mouse__HLmusMusc41__GCA_949316315.1	PAG11	Mus_musculus__House_mouse__HLmusMusc41__GCA_949316315.1	28	19
HLbosTau10.ENSBTAT00000005399_PAG11_5522_Mus_musculus__house_mouse__mm10__GCF_000001635.20	HLbosTau10.ENSBTAT00000005399#PAG11#5522#Mus_musculus__house_mouse__mm10__GCF_000001635.20	PAG11	Mus_musculus__house_mouse__mm10__GCF_000001635.20	28	19
HLbosTau10.ENSBTAT00000005399_PAG11_5219_Mus_musculus__house_mouse__mm39__GCF_000001635.27	HLbosTau10.ENSBTAT00000005399#PAG11#5219#Mus_musculus__house_mouse__mm39__GCF_000001635.27	PAG11	Mus_musculus__house_mouse__mm39__GCF_000001635.27	28	19
mm10.ENSMUST00000025647_Pga5_20_Mus_spretus__Western_wild_mouse__HLmusSpr2__GCA_921997135.2	mm10.ENSMUST00000025647#Pga5#20#Mus_spretus__Western_wild_mouse__HLmusSpr2__GCA_921997135.2	Pga5	Mus_spretus__Western_wild_mouse__HLmusSpr2__GCA_921997135.2	28	19
hg38.ENST00000312403.10_PGA5_20_Myospalax_psilurus__Transbaikal_zokor__HLmyoPsil1__GCA_049190895.1	hg38.ENST00000312403.10#PGA5#20#Myospalax_psilurus__Transbaikal_zokor__HLmyoPsil1__GCA_049190895.1	PGA5	Myospalax_psilurus__Transbaikal_zokor__HLmyoPsil1__GCA_049190895.1	27	18
hg38.ENST00000312403.10_PGA5_5857_Myotis_daubentonii__Daubentons_bat__HLmyoDau2__GCF_963259705.1	hg38.ENST00000312403.10#PGA5#5857#Myotis_daubentonii__Daubentons_bat__HLmyoDau2__GCF_963259705.1	PGA5	Myotis_daubentonii__Daubentons_bat__HLmyoDau2__GCF_963259705.1	50	36
mm10.ENSMUST00000025647_Pga5_71_Myotis_daubentonii__Daubentons_bat__HLmyoDau2__GCF_963259705.1	mm10.ENSMUST00000025647#Pga5#71#Myotis_daubentonii__Daubentons_bat__HLmyoDau2__GCF_963259705.1	Pga5	Myotis_daubentonii__Daubentons_bat__HLmyoDau2__GCF_963259705.1	19	12
mm10.ENSMUST00000025647_Pga5_11841_Myotis_daubentonii__Daubentons_bat__HLmyoDau2__GCF_963259705.1	mm10.ENSMUST00000025647#Pga5#11841#Myotis_daubentonii__Daubentons_bat__HLmyoDau2__GCF_963259705.1	Pga5	Myotis_daubentonii__Daubentons_bat__HLmyoDau2__GCF_963259705.1	19	12
hg38.ENST00000325558.11_PGA3_70_Myotis_daubentonii__Daubentons_bat__HLmyoDaub3A__GCA_963259705.2	hg38.ENST00000325558.11#PGA3#70#Myotis_daubentonii__Daubentons_bat__HLmyoDaub3A__GCA_963259705.2	PGA3	Myotis_daubentonii__Daubentons_bat__HLmyoDaub3A__GCA_963259705.2	50	36
mm10.ENSMUST00000025647_Pga5_71_Myotis_daubentonii__Daubentons_bat__HLmyoDaub3A__GCA_963259705.2	mm10.ENSMUST00000025647#Pga5#71#Myotis_daubentonii__Daubentons_bat__HLmyoDaub3A__GCA_963259705.2	Pga5	Myotis_daubentonii__Daubentons_bat__HLmyoDaub3A__GCA_963259705.2	19	12
mm10.ENSMUST00000025647_Pga5_19998_Myotis_daubentonii__Daubentons_bat__HLmyoDaub3A__GCA_963259705.2	mm10.ENSMUST00000025647#Pga5#19998#Myotis_daubentonii__Daubentons_bat__HLmyoDaub3A__GCA_963259705.2	Pga5	Myotis_daubentonii__Daubentons_bat__HLmyoDaub3A__GCA_963259705.2	19	12
HLbosTau10.ENSBTAT00000030466_PAG18_180499_Myotis_emarginatus__Geoffroys_bat__HLmyoEma1A__GCA_965115925.1	HLbosTau10.ENSBTAT00000030466#PAG18#180499#Myotis_emarginatus__Geoffroys_bat__HLmyoEma1A__GCA_965115925.1	PAG18	Myotis_emarginatus__Geoffroys_bat__HLmyoEma1A__GCA_965115925.1	19	12
mm10.ENSMUST00000025647_Pga5_61251_Myotis_emarginatus__Geoffroys_bat__HLmyoEma1A__GCA_965115925.1	mm10.ENSMUST00000025647#Pga5#61251#Myotis_emarginatus__Geoffroys_bat__HLmyoEma1A__GCA_965115925.1	Pga5	Myotis_emarginatus__Geoffroys_bat__HLmyoEma1A__GCA_965115925.1	19	12
hg38.ENST00000312403.10_PGA5_3693_Myotis_emarginatus__Geoffroys_bat__HLmyoEma1A__GCA_965115925.1	hg38.ENST00000312403.10#PGA5#3693#Myotis_emarginatus__Geoffroys_bat__HLmyoEma1A__GCA_965115925.1	PGA5	Myotis_emarginatus__Geoffroys_bat__HLmyoEma1A__GCA_965115925.1	50	36
hg38.ENST00000312403.10_PGA5_31_Myotis_mystacinus__Whiskered_bat__HLmyoMys2A__GCA_964094495.2	hg38.ENST00000312403.10#PGA5#31#Myotis_mystacinus__Whiskered_bat__HLmyoMys2A__GCA_964094495.2	PGA5	Myotis_mystacinus__Whiskered_bat__HLmyoMys2A__GCA_964094495.2	50	36
mm10.ENSMUST00000025647_Pga5_15622_Myotis_mystacinus__Whiskered_bat__HLmyoMys2A__GCA_964094495.2	mm10.ENSMUST00000025647#Pga5#15622#Myotis_mystacinus__Whiskered_bat__HLmyoMys2A__GCA_964094495.2	Pga5	Myotis_mystacinus__Whiskered_bat__HLmyoMys2A__GCA_964094495.2	19	12
HLbosTau10.ENSBTAT00000038954_PAG21_4951_Myotis_mystacinus__Whiskered_bat__HLmyoMys2A__GCA_964094495.2	HLbosTau10.ENSBTAT00000038954#PAG21#4951#Myotis_mystacinus__Whiskered_bat__HLmyoMys2A__GCA_964094495.2	PAG21	Myotis_mystacinus__Whiskered_bat__HLmyoMys2A__GCA_964094495.2	19	12
mm10.ENSMUST00000025647_Pga5_221_Myotis_mystacinus__Whiskered_bat__HLmyoMys2A__GCA_964094495.2	mm10.ENSMUST00000025647#Pga5#221#Myotis_mystacinus__Whiskered_bat__HLmyoMys2A__GCA_964094495.2	Pga5	Myotis_mystacinus__Whiskered_bat__HLmyoMys2A__GCA_964094495.2	19	12
HLbosTau10.ENSBTAT00000005384_PAG10_2263_Myotis_mystacinus__Whiskered_bat__HLmyoMys2A__GCA_964094495.2	HLbosTau10.ENSBTAT00000005384#PAG10#2263#Myotis_mystacinus__Whiskered_bat__HLmyoMys2A__GCA_964094495.2	PAG10	Myotis_mystacinus__Whiskered_bat__HLmyoMys2A__GCA_964094495.2	19	12
mm10.ENSMUST00000025647_Pga5_17260_Myotis_mystacinus__Whiskered_bat__HLmyoMys2A__GCA_964094495.2	mm10.ENSMUST00000025647#Pga5#17260#Myotis_mystacinus__Whiskered_bat__HLmyoMys2A__GCA_964094495.2	Pga5	Myotis_mystacinus__Whiskered_bat__HLmyoMys2A__GCA_964094495.2	19	12
HLbosTau10.ENSBTAT00000005384_PAG10_42_Myotis_mystacinus__Whiskered_bat__HLmyoMys2A__GCA_964094495.2	HLbosTau10.ENSBTAT00000005384#PAG10#42#Myotis_mystacinus__Whiskered_bat__HLmyoMys2A__GCA_964094495.2	PAG10	Myotis_mystacinus__Whiskered_bat__HLmyoMys2A__GCA_964094495.2	19	12
mm10.ENSMUST00000025647_Pga5_13660_Myotis_mystacinus__Whiskered_bat__HLmyoMys2A__GCA_964094495.2	mm10.ENSMUST00000025647#Pga5#13660#Myotis_mystacinus__Whiskered_bat__HLmyoMys2A__GCA_964094495.2	Pga5	Myotis_mystacinus__Whiskered_bat__HLmyoMys2A__GCA_964094495.2	19	12
HLbosTau10.ENSBTAT00000005384_PAG10_2587_Myotis_mystacinus__Whiskered_bat__HLmyoMys2A__GCA_964094495.2	HLbosTau10.ENSBTAT00000005384#PAG10#2587#Myotis_mystacinus__Whiskered_bat__HLmyoMys2A__GCA_964094495.2	PAG10	Myotis_mystacinus__Whiskered_bat__HLmyoMys2A__GCA_964094495.2	19	12
hg38.ENST00000312403.10_PGA5_30_Myotis_mystacinus__Whiskered_bat__HLmyoMys2B__GCA_964195625.1	hg38.ENST00000312403.10#PGA5#30#Myotis_mystacinus__Whiskered_bat__HLmyoMys2B__GCA_964195625.1	PGA5	Myotis_mystacinus__Whiskered_bat__HLmyoMys2B__GCA_964195625.1	50	36
HLbosTau10.ENSBTAT00000005384_PAG10_268484_Myotis_mystacinus__Whiskered_bat__HLmyoMys2B__GCA_964195625.1	HLbosTau10.ENSBTAT00000005384#PAG10#268484#Myotis_mystacinus__Whiskered_bat__HLmyoMys2B__GCA_964195625.1	PAG10	Myotis_mystacinus__Whiskered_bat__HLmyoMys2B__GCA_964195625.1	19	12
HLbosTau10.ENSBTAT00000050648_PAG9_61059_Myotis_mystacinus__Whiskered_bat__HLmyoMys2B__GCA_964195625.1	HLbosTau10.ENSBTAT00000050648#PAG9#61059#Myotis_mystacinus__Whiskered_bat__HLmyoMys2B__GCA_964195625.1	PAG9	Myotis_mystacinus__Whiskered_bat__HLmyoMys2B__GCA_964195625.1	19	12
HLbosTau10.ENSBTAT00000005384_PAG10_2850_Myotis_mystacinus__Whiskered_bat__HLmyoMys2B__GCA_964195625.1	HLbosTau10.ENSBTAT00000005384#PAG10#2850#Myotis_mystacinus__Whiskered_bat__HLmyoMys2B__GCA_964195625.1	PAG10	Myotis_mystacinus__Whiskered_bat__HLmyoMys2B__GCA_964195625.1	19	12
hg38.ENST00000378149.9_PGA4_30_Myotis_mystacinus__Whiskered_bat__HLmyoMys2B__GCA_964195625.1	hg38.ENST00000378149.9#PGA4#30#Myotis_mystacinus__Whiskered_bat__HLmyoMys2B__GCA_964195625.1	PGA4	Myotis_mystacinus__Whiskered_bat__HLmyoMys2B__GCA_964195625.1	19	12
HLbosTau10.ENSBTAT00000038954_PAG21_87692_Myotis_mystacinus__Whiskered_bat__HLmyoMys2B__GCA_964195625.1	HLbosTau10.ENSBTAT00000038954#PAG21#87692#Myotis_mystacinus__Whiskered_bat__HLmyoMys2B__GCA_964195625.1	PAG21	Myotis_mystacinus__Whiskered_bat__HLmyoMys2B__GCA_964195625.1	19	12
mm10.ENSMUST00000025647_Pga5_54911_Myotis_mystacinus__Whiskered_bat__HLmyoMys2B__GCA_964195625.1	mm10.ENSMUST00000025647#Pga5#54911#Myotis_mystacinus__Whiskered_bat__HLmyoMys2B__GCA_964195625.1	Pga5	Myotis_mystacinus__Whiskered_bat__HLmyoMys2B__GCA_964195625.1	19	12
HLbosTau10.ENSBTAT00000005384_PAG10_40_Myotis_mystacinus__Whiskered_bat__HLmyoMys2B__GCA_964195625.1	HLbosTau10.ENSBTAT00000005384#PAG10#40#Myotis_mystacinus__Whiskered_bat__HLmyoMys2B__GCA_964195625.1	PAG10	Myotis_mystacinus__Whiskered_bat__HLmyoMys2B__GCA_964195625.1	19	12
HLbosTau10.ENSBTAT00000005384_PAG10_1711_Myotis_mystacinus__Whiskered_bat__HLmyoMys2B__GCA_964195625.1	HLbosTau10.ENSBTAT00000005384#PAG10#1711#Myotis_mystacinus__Whiskered_bat__HLmyoMys2B__GCA_964195625.1	PAG10	Myotis_mystacinus__Whiskered_bat__HLmyoMys2B__GCA_964195625.1	19	12
HLbosTau10.ENSBTAT00000030243_PAG3_10734_Myotis_mystacinus__Whiskered_bat__HLmyoMys2B__GCA_964195625.1	HLbosTau10.ENSBTAT00000030243#PAG3#10734#Myotis_mystacinus__Whiskered_bat__HLmyoMys2B__GCA_964195625.1	PAG3	Myotis_mystacinus__Whiskered_bat__HLmyoMys2B__GCA_964195625.1	19	12
HLbosTau10.ENSBTAT00000030466_PAG18_305626_Myotis_mystacinus__Whiskered_bat__HLmyoMys2B__GCA_964195625.1	HLbosTau10.ENSBTAT00000030466#PAG18#305626#Myotis_mystacinus__Whiskered_bat__HLmyoMys2B__GCA_964195625.1	PAG18	Myotis_mystacinus__Whiskered_bat__HLmyoMys2B__GCA_964195625.1	19	12
hg38.ENST00000312403.10_PGA5_31_Myotis_mystacinus__Whiskered_bat__HLmyoMyst3A__GCA_964094495.3	hg38.ENST00000312403.10#PGA5#31#Myotis_mystacinus__Whiskered_bat__HLmyoMyst3A__GCA_964094495.3	PGA5	Myotis_mystacinus__Whiskered_bat__HLmyoMyst3A__GCA_964094495.3	50	36
mm10.ENSMUST00000025647_Pga5_18717_Myotis_mystacinus__Whiskered_bat__HLmyoMyst3A__GCA_964094495.3	mm10.ENSMUST00000025647#Pga5#18717#Myotis_mystacinus__Whiskered_bat__HLmyoMyst3A__GCA_964094495.3	Pga5	Myotis_mystacinus__Whiskered_bat__HLmyoMyst3A__GCA_964094495.3	19	12
HLbosTau10.ENSBTAT00000038954_PAG21_4965_Myotis_mystacinus__Whiskered_bat__HLmyoMyst3A__GCA_964094495.3	HLbosTau10.ENSBTAT00000038954#PAG21#4965#Myotis_mystacinus__Whiskered_bat__HLmyoMyst3A__GCA_964094495.3	PAG21	Myotis_mystacinus__Whiskered_bat__HLmyoMyst3A__GCA_964094495.3	19	12
mm10.ENSMUST00000025647_Pga5_219_Myotis_mystacinus__Whiskered_bat__HLmyoMyst3A__GCA_964094495.3	mm10.ENSMUST00000025647#Pga5#219#Myotis_mystacinus__Whiskered_bat__HLmyoMyst3A__GCA_964094495.3	Pga5	Myotis_mystacinus__Whiskered_bat__HLmyoMyst3A__GCA_964094495.3	19	12
mm10.ENSMUST00000025647_Pga5_21619_Myotis_mystacinus__Whiskered_bat__HLmyoMyst3A__GCA_964094495.3	mm10.ENSMUST00000025647#Pga5#21619#Myotis_mystacinus__Whiskered_bat__HLmyoMyst3A__GCA_964094495.3	Pga5	Myotis_mystacinus__Whiskered_bat__HLmyoMyst3A__GCA_964094495.3	19	12
HLbosTau10.ENSBTAT00000005384_PAG10_2324_Myotis_mystacinus__Whiskered_bat__HLmyoMyst3A__GCA_964094495.3	HLbosTau10.ENSBTAT00000005384#PAG10#2324#Myotis_mystacinus__Whiskered_bat__HLmyoMyst3A__GCA_964094495.3	PAG10	Myotis_mystacinus__Whiskered_bat__HLmyoMyst3A__GCA_964094495.3	19	12
HLbosTau10.ENSBTAT00000050648_PAG9_384236_Myotis_mystacinus__Whiskered_bat__HLmyoMyst3A__GCA_964094495.3	HLbosTau10.ENSBTAT00000050648#PAG9#384236#Myotis_mystacinus__Whiskered_bat__HLmyoMyst3A__GCA_964094495.3	PAG9	Myotis_mystacinus__Whiskered_bat__HLmyoMyst3A__GCA_964094495.3	19	12
HLbosTau10.ENSBTAT00000025593_PAG5_399583_Myotis_mystacinus__Whiskered_bat__HLmyoMyst3A__GCA_964094495.3	HLbosTau10.ENSBTAT00000025593#PAG5#399583#Myotis_mystacinus__Whiskered_bat__HLmyoMyst3A__GCA_964094495.3	PAG5	Myotis_mystacinus__Whiskered_bat__HLmyoMyst3A__GCA_964094495.3	19	12
mm10.ENSMUST00000025647_Pga5_15447_Myotis_mystacinus__Whiskered_bat__HLmyoMyst3A__GCA_964094495.3	mm10.ENSMUST00000025647#Pga5#15447#Myotis_mystacinus__Whiskered_bat__HLmyoMyst3A__GCA_964094495.3	Pga5	Myotis_mystacinus__Whiskered_bat__HLmyoMyst3A__GCA_964094495.3	19	12
HLbosTau10.ENSBTAT00000050648_PAG9_43322_Myotis_nattereri__Natterers_bat__HLmyoNat1A__GCA_964212035.1	HLbosTau10.ENSBTAT00000050648#PAG9#43322#Myotis_nattereri__Natterers_bat__HLmyoNat1A__GCA_964212035.1	PAG9	Myotis_nattereri__Natterers_bat__HLmyoNat1A__GCA_964212035.1	19	12
HLbosTau10.NM_176625_PAG16_62764_Myotis_nattereri__Natterers_bat__HLmyoNat1A__GCA_964212035.1	HLbosTau10.NM_176625#PAG16#62764#Myotis_nattereri__Natterers_bat__HLmyoNat1A__GCA_964212035.1	PAG16	Myotis_nattereri__Natterers_bat__HLmyoNat1A__GCA_964212035.1	19	12
HLbosTau10.ENSBTAT00000030466_PAG18_367330_Myotis_nattereri__Natterers_bat__HLmyoNat1A__GCA_964212035.1	HLbosTau10.ENSBTAT00000030466#PAG18#367330#Myotis_nattereri__Natterers_bat__HLmyoNat1A__GCA_964212035.1	PAG18	Myotis_nattereri__Natterers_bat__HLmyoNat1A__GCA_964212035.1	19	12
hg38.ENST00000312403.10_PGA5_69_Myotis_nattereri__Natterers_bat__HLmyoNat1A__GCA_964212035.1	hg38.ENST00000312403.10#PGA5#69#Myotis_nattereri__Natterers_bat__HLmyoNat1A__GCA_964212035.1	PGA5	Myotis_nattereri__Natterers_bat__HLmyoNat1A__GCA_964212035.1	50	36
mm10.ENSMUST00000025647_Pga5_69_Myotis_nattereri__Natterers_bat__HLmyoNat1B__GCA_964212025.1	mm10.ENSMUST00000025647#Pga5#69#Myotis_nattereri__Natterers_bat__HLmyoNat1B__GCA_964212025.1	Pga5	Myotis_nattereri__Natterers_bat__HLmyoNat1B__GCA_964212025.1	19	12
HLbosTau10.ENSBTAT00000013786_PAG7_23114_Myotis_nattereri__Natterers_bat__HLmyoNat1B__GCA_964212025.1	HLbosTau10.ENSBTAT00000013786#PAG7#23114#Myotis_nattereri__Natterers_bat__HLmyoNat1B__GCA_964212025.1	PAG7	Myotis_nattereri__Natterers_bat__HLmyoNat1B__GCA_964212025.1	19	12
hg38.ENST00000312403.10_PGA5_3142_Myotis_nattereri__Natterers_bat__HLmyoNat1B__GCA_964212025.1	hg38.ENST00000312403.10#PGA5#3142#Myotis_nattereri__Natterers_bat__HLmyoNat1B__GCA_964212025.1	PGA5	Myotis_nattereri__Natterers_bat__HLmyoNat1B__GCA_964212025.1	50	36
hg38.ENST00000312403.10_PGA5_4088_Myotis_nesopolus__Cucacao_Myotis__HLmyoNeso1A__GCA_054855985.1	hg38.ENST00000312403.10#PGA5#4088#Myotis_nesopolus__Cucacao_Myotis__HLmyoNeso1A__GCA_054855985.1	PGA5	Myotis_nesopolus__Cucacao_Myotis__HLmyoNeso1A__GCA_054855985.1	50	36
mm10.ENSMUST00000025647_Pga5_222_Myotis_nesopolus__Cucacao_Myotis__HLmyoNeso1A__GCA_054855985.1	mm10.ENSMUST00000025647#Pga5#222#Myotis_nesopolus__Cucacao_Myotis__HLmyoNeso1A__GCA_054855985.1	Pga5	Myotis_nesopolus__Cucacao_Myotis__HLmyoNeso1A__GCA_054855985.1	19	12
HLbosTau10.ENSBTAT00000005384_PAG10_1200_Myotis_nesopolus__Cucacao_Myotis__HLmyoNeso1A__GCA_054855985.1	HLbosTau10.ENSBTAT00000005384#PAG10#1200#Myotis_nesopolus__Cucacao_Myotis__HLmyoNeso1A__GCA_054855985.1	PAG10	Myotis_nesopolus__Cucacao_Myotis__HLmyoNeso1A__GCA_054855985.1	19	12
mm10.ENSMUST00000025647_Pga5_81802_Myotis_nesopolus__Cucacao_Myotis__HLmyoNeso1A__GCA_054855985.1	mm10.ENSMUST00000025647#Pga5#81802#Myotis_nesopolus__Cucacao_Myotis__HLmyoNeso1A__GCA_054855985.1	Pga5	Myotis_nesopolus__Cucacao_Myotis__HLmyoNeso1A__GCA_054855985.1	19	12
mm10.ENSMUST00000025647_Pga5_280936_Myotis_nesopolus__Cucacao_Myotis__HLmyoNeso1A__GCA_054855985.1	mm10.ENSMUST00000025647#Pga5#280936#Myotis_nesopolus__Cucacao_Myotis__HLmyoNeso1A__GCA_054855985.1	Pga5	Myotis_nesopolus__Cucacao_Myotis__HLmyoNeso1A__GCA_054855985.1	19	12
hg38.ENST00000312403.10_PGA5_5403_Myotis_pilosus__Ricketts_big-footed_Myotis__HLmyoRic2__GCA_036010255.1	hg38.ENST00000312403.10#PGA5#5403#Myotis_pilosus__Ricketts_big-footed_Myotis__HLmyoRic2__GCA_036010255.1	PGA5	Myotis_pilosus__Ricketts_big-footed_Myotis__HLmyoRic2__GCA_036010255.1	50	36
HLbosTau10.ENSBTAT00000005384_PAG10_235047_Myotis_pilosus__Ricketts_big-footed_Myotis__HLmyoRic2__GCA_036010255.1	HLbosTau10.ENSBTAT00000005384#PAG10#235047#Myotis_pilosus__Ricketts_big-footed_Myotis__HLmyoRic2__GCA_036010255.1	PAG10	Myotis_pilosus__Ricketts_big-footed_Myotis__HLmyoRic2__GCA_036010255.1	19	12
HLbosTau10.ENSBTAT00000005399_PAG11_27164_Myotis_pilosus__Ricketts_big-footed_Myotis__HLmyoRic2__GCA_036010255.1	HLbosTau10.ENSBTAT00000005399#PAG11#27164#Myotis_pilosus__Ricketts_big-footed_Myotis__HLmyoRic2__GCA_036010255.1	PAG11	Myotis_pilosus__Ricketts_big-footed_Myotis__HLmyoRic2__GCA_036010255.1	19	12
hg38.ENST00000312403.10_PGA5_31_Myotis_yumanensis__Yuma_myotis__HLmyoYum1A__GCA_028536395.1	hg38.ENST00000312403.10#PGA5#31#Myotis_yumanensis__Yuma_myotis__HLmyoYum1A__GCA_028536395.1	PGA5	Myotis_yumanensis__Yuma_myotis__HLmyoYum1A__GCA_028536395.1	50	36
HLbosTau10.ENSBTAT00000005384_PAG10_2671_Myotis_yumanensis__Yuma_myotis__HLmyoYum1A__GCA_028536395.1	HLbosTau10.ENSBTAT00000005384#PAG10#2671#Myotis_yumanensis__Yuma_myotis__HLmyoYum1A__GCA_028536395.1	PAG10	Myotis_yumanensis__Yuma_myotis__HLmyoYum1A__GCA_028536395.1	19	12
mm10.ENSMUST00000025647_Pga5_40877_Myotis_yumanensis__Yuma_myotis__HLmyoYum1A__GCA_028536395.1	mm10.ENSMUST00000025647#Pga5#40877#Myotis_yumanensis__Yuma_myotis__HLmyoYum1A__GCA_028536395.1	Pga5	Myotis_yumanensis__Yuma_myotis__HLmyoYum1A__GCA_028536395.1	19	12
HLbosTau10.ENSBTAT00000005384_PAG10_349178_Myotis_yumanensis__Yuma_myotis__HLmyoYum1A__GCA_028536395.1	HLbosTau10.ENSBTAT00000005384#PAG10#349178#Myotis_yumanensis__Yuma_myotis__HLmyoYum1A__GCA_028536395.1	PAG10	Myotis_yumanensis__Yuma_myotis__HLmyoYum1A__GCA_028536395.1	19	12
hg38.ENST00000312403.10_PGA5_29_Myotis_yumanensis__Yuma_myotis__HLmyoYum1B__GCA_028538775.1	hg38.ENST00000312403.10#PGA5#29#Myotis_yumanensis__Yuma_myotis__HLmyoYum1B__GCA_028538775.1	PGA5	Myotis_yumanensis__Yuma_myotis__HLmyoYum1B__GCA_028538775.1	50	36
HLbosTau10.ENSBTAT00000013786_PAG7_5021_Myotis_yumanensis__Yuma_myotis__HLmyoYum1B__GCA_028538775.1	HLbosTau10.ENSBTAT00000013786#PAG7#5021#Myotis_yumanensis__Yuma_myotis__HLmyoYum1B__GCA_028538775.1	PAG7	Myotis_yumanensis__Yuma_myotis__HLmyoYum1B__GCA_028538775.1	19	12
HLbosTau10.ENSBTAT00000005384_PAG10_2630_Myotis_yumanensis__Yuma_myotis__HLmyoYum1B__GCA_028538775.1	HLbosTau10.ENSBTAT00000005384#PAG10#2630#Myotis_yumanensis__Yuma_myotis__HLmyoYum1B__GCA_028538775.1	PAG10	Myotis_yumanensis__Yuma_myotis__HLmyoYum1B__GCA_028538775.1	19	12
mm10.ENSMUST00000025647_Pga5_39986_Myotis_yumanensis__Yuma_myotis__HLmyoYum1B__GCA_028538775.1	mm10.ENSMUST00000025647#Pga5#39986#Myotis_yumanensis__Yuma_myotis__HLmyoYum1B__GCA_028538775.1	Pga5	Myotis_yumanensis__Yuma_myotis__HLmyoYum1B__GCA_028538775.1	19	12
hg38.ENST00000325558.11_PGA3_3632_Myrmecophaga_tridactyla__giant_anteater__HLmyrTri2	hg38.ENST00000325558.11#PGA3#3632#Myrmecophaga_tridactyla__giant_anteater__HLmyrTri2	PGA3	Myrmecophaga_tridactyla__giant_anteater__HLmyrTri2	47	33
hg38.ENST00000312403.10_PGA5_66_Neodon_fuscus__Smokey_vole__HLneoFus1__GCA_047571435.1	hg38.ENST00000312403.10#PGA5#66#Neodon_fuscus__Smokey_vole__HLneoFus1__GCA_047571435.1	PGA5	Neodon_fuscus__Smokey_vole__HLneoFus1__GCA_047571435.1	28	19
hg38.ENST00000312403.10_PGA5_83_Neodon_shergylaensis__Shergyla_mountain_vole__HLneoShe1__GCA_025134845.1	hg38.ENST00000312403.10#PGA5#83#Neodon_shergylaensis__Shergyla_mountain_vole__HLneoShe1__GCA_025134845.1	PGA5	Neodon_shergylaensis__Shergyla_mountain_vole__HLneoShe1__GCA_025134845.1	28	19
mm10.ENSMUST00000025647_Pga5_73183_Neoeptesicus_chiriquinus__Chiriquinan_serotine__HLneoChir1A__GCA_054100705.1	mm10.ENSMUST00000025647#Pga5#73183#Neoeptesicus_chiriquinus__Chiriquinan_serotine__HLneoChir1A__GCA_054100705.1	Pga5	Neoeptesicus_chiriquinus__Chiriquinan_serotine__HLneoChir1A__GCA_054100705.1	19	12
HLbosTau10.ENSBTAT00000005384_PAG10_2169_Neoeptesicus_chiriquinus__Chiriquinan_serotine__HLneoChir1A__GCA_054100705.1	HLbosTau10.ENSBTAT00000005384#PAG10#2169#Neoeptesicus_chiriquinus__Chiriquinan_serotine__HLneoChir1A__GCA_054100705.1	PAG10	Neoeptesicus_chiriquinus__Chiriquinan_serotine__HLneoChir1A__GCA_054100705.1	19	12
HLbosTau10.ENSBTAT00000013786_PAG7_202776_Neoeptesicus_chiriquinus__Chiriquinan_serotine__HLneoChir1A__GCA_054100705.1	HLbosTau10.ENSBTAT00000013786#PAG7#202776#Neoeptesicus_chiriquinus__Chiriquinan_serotine__HLneoChir1A__GCA_054100705.1	PAG7	Neoeptesicus_chiriquinus__Chiriquinan_serotine__HLneoChir1A__GCA_054100705.1	19	12
HLbosTau10.ENSBTAT00000013786_PAG7_349905_Neoeptesicus_chiriquinus__Chiriquinan_serotine__HLneoChir1A__GCA_054100705.1	HLbosTau10.ENSBTAT00000013786#PAG7#349905#Neoeptesicus_chiriquinus__Chiriquinan_serotine__HLneoChir1A__GCA_054100705.1	PAG7	Neoeptesicus_chiriquinus__Chiriquinan_serotine__HLneoChir1A__GCA_054100705.1	19	12
mm10.ENSMUST00000025647_Pga5_96762_Neoeptesicus_chiriquinus__Chiriquinan_serotine__HLneoChir1A__GCA_054100705.1	mm10.ENSMUST00000025647#Pga5#96762#Neoeptesicus_chiriquinus__Chiriquinan_serotine__HLneoChir1A__GCA_054100705.1	Pga5	Neoeptesicus_chiriquinus__Chiriquinan_serotine__HLneoChir1A__GCA_054100705.1	19	12
mm10.ENSMUST00000025647_Pga5_14760_Neoeptesicus_chiriquinus__Chiriquinan_serotine__HLneoChir1A__GCA_054100705.1	mm10.ENSMUST00000025647#Pga5#14760#Neoeptesicus_chiriquinus__Chiriquinan_serotine__HLneoChir1A__GCA_054100705.1	Pga5	Neoeptesicus_chiriquinus__Chiriquinan_serotine__HLneoChir1A__GCA_054100705.1	19	12
hg38.ENST00000312403.10_PGA5_3320_Neoeptesicus_chiriquinus__Chiriquinan_serotine__HLneoChir1A__GCA_054100705.1	hg38.ENST00000312403.10#PGA5#3320#Neoeptesicus_chiriquinus__Chiriquinan_serotine__HLneoChir1A__GCA_054100705.1	PGA5	Neoeptesicus_chiriquinus__Chiriquinan_serotine__HLneoChir1A__GCA_054100705.1	50	36
HLbosTau10.ENSBTAT00000013786_PAG7_1034_Neoeptesicus_chiriquinus__Chiriquinan_serotine__HLneoChir1B__GCA_054099605.1	HLbosTau10.ENSBTAT00000013786#PAG7#1034#Neoeptesicus_chiriquinus__Chiriquinan_serotine__HLneoChir1B__GCA_054099605.1	PAG7	Neoeptesicus_chiriquinus__Chiriquinan_serotine__HLneoChir1B__GCA_054099605.1	19	12
HLbosTau10.ENSBTAT00000013786_PAG7_132103_Neoeptesicus_chiriquinus__Chiriquinan_serotine__HLneoChir1B__GCA_054099605.1	HLbosTau10.ENSBTAT00000013786#PAG7#132103#Neoeptesicus_chiriquinus__Chiriquinan_serotine__HLneoChir1B__GCA_054099605.1	PAG7	Neoeptesicus_chiriquinus__Chiriquinan_serotine__HLneoChir1B__GCA_054099605.1	19	12
mm10.ENSMUST00000025647_Pga5_25774_Neoeptesicus_chiriquinus__Chiriquinan_serotine__HLneoChir1B__GCA_054099605.1	mm10.ENSMUST00000025647#Pga5#25774#Neoeptesicus_chiriquinus__Chiriquinan_serotine__HLneoChir1B__GCA_054099605.1	Pga5	Neoeptesicus_chiriquinus__Chiriquinan_serotine__HLneoChir1B__GCA_054099605.1	19	12
HLbosTau10.ENSBTAT00000005384_PAG10_1792_Neoeptesicus_chiriquinus__Chiriquinan_serotine__HLneoChir1B__GCA_054099605.1	HLbosTau10.ENSBTAT00000005384#PAG10#1792#Neoeptesicus_chiriquinus__Chiriquinan_serotine__HLneoChir1B__GCA_054099605.1	PAG10	Neoeptesicus_chiriquinus__Chiriquinan_serotine__HLneoChir1B__GCA_054099605.1	19	12
HLbosTau10.ENSBTAT00000030466_PAG18_13336_Neoeptesicus_chiriquinus__Chiriquinan_serotine__HLneoChir1B__GCA_054099605.1	HLbosTau10.ENSBTAT00000030466#PAG18#13336#Neoeptesicus_chiriquinus__Chiriquinan_serotine__HLneoChir1B__GCA_054099605.1	PAG18	Neoeptesicus_chiriquinus__Chiriquinan_serotine__HLneoChir1B__GCA_054099605.1	19	12
mm10.ENSMUST00000025647_Pga5_11386_Neoeptesicus_chiriquinus__Chiriquinan_serotine__HLneoChir1B__GCA_054099605.1	mm10.ENSMUST00000025647#Pga5#11386#Neoeptesicus_chiriquinus__Chiriquinan_serotine__HLneoChir1B__GCA_054099605.1	Pga5	Neoeptesicus_chiriquinus__Chiriquinan_serotine__HLneoChir1B__GCA_054099605.1	19	12
hg38.ENST00000378149.9_PGA4_775866_Neoeptesicus_chiriquinus__Chiriquinan_serotine__HLneoChir1B__GCA_054099605.1	hg38.ENST00000378149.9#PGA4#775866#Neoeptesicus_chiriquinus__Chiriquinan_serotine__HLneoChir1B__GCA_054099605.1	PGA4	Neoeptesicus_chiriquinus__Chiriquinan_serotine__HLneoChir1B__GCA_054099605.1	50	36
mm10.ENSMUST00000025647_Pga5_119375_Neoeptesicus_furinalis__Argentine_brown_bat__HLneoFuri1A__GCA_054644455.1	mm10.ENSMUST00000025647#Pga5#119375#Neoeptesicus_furinalis__Argentine_brown_bat__HLneoFuri1A__GCA_054644455.1	Pga5	Neoeptesicus_furinalis__Argentine_brown_bat__HLneoFuri1A__GCA_054644455.1	19	12
HLbosTau10.ENSBTAT00000030243_PAG3_19346_Neoeptesicus_furinalis__Argentine_brown_bat__HLneoFuri1A__GCA_054644455.1	HLbosTau10.ENSBTAT00000030243#PAG3#19346#Neoeptesicus_furinalis__Argentine_brown_bat__HLneoFuri1A__GCA_054644455.1	PAG3	Neoeptesicus_furinalis__Argentine_brown_bat__HLneoFuri1A__GCA_054644455.1	19	12
HLbosTau10.ENSBTAT00000030243_PAG3_211611_Neoeptesicus_furinalis__Argentine_brown_bat__HLneoFuri1A__GCA_054644455.1	HLbosTau10.ENSBTAT00000030243#PAG3#211611#Neoeptesicus_furinalis__Argentine_brown_bat__HLneoFuri1A__GCA_054644455.1	PAG3	Neoeptesicus_furinalis__Argentine_brown_bat__HLneoFuri1A__GCA_054644455.1	19	12
HLbosTau10.ENSBTAT00000030243_PAG3_960_Neoeptesicus_furinalis__Argentine_brown_bat__HLneoFuri1A__GCA_054644455.1	HLbosTau10.ENSBTAT00000030243#PAG3#960#Neoeptesicus_furinalis__Argentine_brown_bat__HLneoFuri1A__GCA_054644455.1	PAG3	Neoeptesicus_furinalis__Argentine_brown_bat__HLneoFuri1A__GCA_054644455.1	19	12
HLbosTau10.ENSBTAT00000013786_PAG7_474_Neoeptesicus_furinalis__Argentine_brown_bat__HLneoFuri1A__GCA_054644455.1	HLbosTau10.ENSBTAT00000013786#PAG7#474#Neoeptesicus_furinalis__Argentine_brown_bat__HLneoFuri1A__GCA_054644455.1	PAG7	Neoeptesicus_furinalis__Argentine_brown_bat__HLneoFuri1A__GCA_054644455.1	19	12
HLbosTau10.ENSBTAT00000013786_PAG7_5616_Neoeptesicus_furinalis__Argentine_brown_bat__HLneoFuri1A__GCA_054644455.1	HLbosTau10.ENSBTAT00000013786#PAG7#5616#Neoeptesicus_furinalis__Argentine_brown_bat__HLneoFuri1A__GCA_054644455.1	PAG7	Neoeptesicus_furinalis__Argentine_brown_bat__HLneoFuri1A__GCA_054644455.1	19	12
HLbosTau10.ENSBTAT00000038954_PAG21_255613_Neoeptesicus_furinalis__Argentine_brown_bat__HLneoFuri1A__GCA_054644455.1	HLbosTau10.ENSBTAT00000038954#PAG21#255613#Neoeptesicus_furinalis__Argentine_brown_bat__HLneoFuri1A__GCA_054644455.1	PAG21	Neoeptesicus_furinalis__Argentine_brown_bat__HLneoFuri1A__GCA_054644455.1	19	12
HLbosTau10.ENSBTAT00000005384_PAG10_78_Neoeptesicus_furinalis__Argentine_brown_bat__HLneoFuri1A__GCA_054644455.1	HLbosTau10.ENSBTAT00000005384#PAG10#78#Neoeptesicus_furinalis__Argentine_brown_bat__HLneoFuri1A__GCA_054644455.1	PAG10	Neoeptesicus_furinalis__Argentine_brown_bat__HLneoFuri1A__GCA_054644455.1	19	12
HLbosTau10.ENSBTAT00000025517_PAG2_110677_Neoeptesicus_furinalis__Argentine_brown_bat__HLneoFuri1A__GCA_054644455.1	HLbosTau10.ENSBTAT00000025517#PAG2#110677#Neoeptesicus_furinalis__Argentine_brown_bat__HLneoFuri1A__GCA_054644455.1	PAG2	Neoeptesicus_furinalis__Argentine_brown_bat__HLneoFuri1A__GCA_054644455.1	19	12
mm10.ENSMUST00000025647_Pga5_16258_Neoeptesicus_furinalis__Argentine_brown_bat__HLneoFuri1A__GCA_054644455.1	mm10.ENSMUST00000025647#Pga5#16258#Neoeptesicus_furinalis__Argentine_brown_bat__HLneoFuri1A__GCA_054644455.1	Pga5	Neoeptesicus_furinalis__Argentine_brown_bat__HLneoFuri1A__GCA_054644455.1	19	12
hg38.ENST00000312403.10_PGA5_3493_Neoeptesicus_furinalis__Argentine_brown_bat__HLneoFuri1A__GCA_054644455.1	hg38.ENST00000312403.10#PGA5#3493#Neoeptesicus_furinalis__Argentine_brown_bat__HLneoFuri1A__GCA_054644455.1	PGA5	Neoeptesicus_furinalis__Argentine_brown_bat__HLneoFuri1A__GCA_054644455.1	50	36
mm10.ENSMUST00000025647_Pga5_71_Neofelis_nebulosa__Clouded_leopard__HLneoNeb2__GCF_028018385.1	mm10.ENSMUST00000025647#Pga5#71#Neofelis_nebulosa__Clouded_leopard__HLneoNeb2__GCF_028018385.1	Pga5	Neofelis_nebulosa__Clouded_leopard__HLneoNeb2__GCF_028018385.1	20	13
hg38.ENST00000312403.10_PGA5_4239_Neofelis_nebulosa__Clouded_leopard__HLneoNeb2__GCF_028018385.1	hg38.ENST00000312403.10#PGA5#4239#Neofelis_nebulosa__Clouded_leopard__HLneoNeb2__GCF_028018385.1	PGA5	Neofelis_nebulosa__Clouded_leopard__HLneoNeb2__GCF_028018385.1	54	38
mm10.ENSMUST00000025647_Pga5_71_Neogale_vison__American_mink__HLneoVis2__GCF_020171115.1	mm10.ENSMUST00000025647#Pga5#71#Neogale_vison__American_mink__HLneoVis2__GCF_020171115.1	Pga5	Neogale_vison__American_mink__HLneoVis2__GCF_020171115.1	20	13
hg38.ENST00000312403.10_PGA5_3994_Neogale_vison__American_mink__HLneoVis2__GCF_020171115.1	hg38.ENST00000312403.10#PGA5#3994#Neogale_vison__American_mink__HLneoVis2__GCF_020171115.1	PGA5	Neogale_vison__American_mink__HLneoVis2__GCF_020171115.1	54	38
mm10.ENSMUST00000025647_Pga5_70_Neogale_vison__American_mink__HLneoViso3A__GCA_964106545.1	mm10.ENSMUST00000025647#Pga5#70#Neogale_vison__American_mink__HLneoViso3A__GCA_964106545.1	Pga5	Neogale_vison__American_mink__HLneoViso3A__GCA_964106545.1	20	13
hg38.ENST00000312403.10_PGA5_3935_Neogale_vison__American_mink__HLneoViso3A__GCA_964106545.1	hg38.ENST00000312403.10#PGA5#3935#Neogale_vison__American_mink__HLneoViso3A__GCA_964106545.1	PGA5	Neogale_vison__American_mink__HLneoViso3A__GCA_964106545.1	54	38
hg38.ENST00000325558.11_PGA3_17_Neomonachus_schauinslandi__Hawaiian_monk_seal__HLneoSch2	hg38.ENST00000325558.11#PGA3#17#Neomonachus_schauinslandi__Hawaiian_monk_seal__HLneoSch2	PGA3	Neomonachus_schauinslandi__Hawaiian_monk_seal__HLneoSch2	54	38
mm10.ENSMUST00000025647_Pga5_73_Neomonachus_schauinslandi__Hawaiian_monk_seal__HLneoSch2	mm10.ENSMUST00000025647#Pga5#73#Neomonachus_schauinslandi__Hawaiian_monk_seal__HLneoSch2	Pga5	Neomonachus_schauinslandi__Hawaiian_monk_seal__HLneoSch2	20	13
mm10.ENSMUST00000025647_Pga5_80_Neomonachus_schauinslandi__Hawaiian_monk_seal__neoSch1__GCF_002201575.1	mm10.ENSMUST00000025647#Pga5#80#Neomonachus_schauinslandi__Hawaiian_monk_seal__neoSch1__GCF_002201575.1	Pga5	Neomonachus_schauinslandi__Hawaiian_monk_seal__neoSch1__GCF_002201575.1	20	13
hg38.ENST00000325558.11_PGA3_8_Neomonachus_schauinslandi__Hawaiian_monk_seal__neoSch1__GCF_002201575.1	hg38.ENST00000325558.11#PGA3#8#Neomonachus_schauinslandi__Hawaiian_monk_seal__neoSch1__GCF_002201575.1	PGA3	Neomonachus_schauinslandi__Hawaiian_monk_seal__neoSch1__GCF_002201575.1	54	38
HLbosTau10.ENSBTAT00000005384_PAG10_224963_Neophocaena_sunameri__East_Asian_finless_porpoise__HLneoAsiSun2__GCA_026225855.1	HLbosTau10.ENSBTAT00000005384#PAG10#224963#Neophocaena_sunameri__East_Asian_finless_porpoise__HLneoAsiSun2__GCA_026225855.1	PAG10	Neophocaena_sunameri__East_Asian_finless_porpoise__HLneoAsiSun2__GCA_026225855.1	10	4
mm10.ENSMUST00000025647_Pga5_70_Neophocaena_sunameri__East_Asian_finless_porpoise__HLneoAsiSun2__GCA_026225855.1	mm10.ENSMUST00000025647#Pga5#70#Neophocaena_sunameri__East_Asian_finless_porpoise__HLneoAsiSun2__GCA_026225855.1	Pga5	Neophocaena_sunameri__East_Asian_finless_porpoise__HLneoAsiSun2__GCA_026225855.1	10	4
hg38.ENST00000312403.10_PGA5_2977_Neophocaena_sunameri__East_Asian_finless_porpoise__HLneoAsiSun2__GCA_026225855.1	hg38.ENST00000312403.10#PGA5#2977#Neophocaena_sunameri__East_Asian_finless_porpoise__HLneoAsiSun2__GCA_026225855.1	PGA5	Neophocaena_sunameri__East_Asian_finless_porpoise__HLneoAsiSun2__GCA_026225855.1	56	38
HLbosTau10.ENSBTAT00000038878_PAG6_67111_Neotoma_floridana__Eastern_woodrat__HLneoFlor1A__GCA_050000055.1	HLbosTau10.ENSBTAT00000038878#PAG6#67111#Neotoma_floridana__Eastern_woodrat__HLneoFlor1A__GCA_050000055.1	PAG6	Neotoma_floridana__Eastern_woodrat__HLneoFlor1A__GCA_050000055.1	28	19
hg38.ENST00000325558.11_PGA3_258338_Nomascus_leucogenys__Northern_white-cheeked_gibbon__HLnomLeuc5__GCA_040113115.1	hg38.ENST00000325558.11#PGA3#258338#Nomascus_leucogenys__Northern_white-cheeked_gibbon__HLnomLeuc5__GCA_040113115.1	PGA3	Nomascus_leucogenys__Northern_white-cheeked_gibbon__HLnomLeuc5__GCA_040113115.1	32	22
hg38.ENST00000312403.10_PGA5_318058_Nomascus_leucogenys__Northern_white-cheeked_gibbon__HLnomLeuc5__GCA_040113115.1	hg38.ENST00000312403.10#PGA5#318058#Nomascus_leucogenys__Northern_white-cheeked_gibbon__HLnomLeuc5__GCA_040113115.1	PGA5	Nomascus_leucogenys__Northern_white-cheeked_gibbon__HLnomLeuc5__GCA_040113115.1	58	38
hg38.ENST00000325558.11_PGA3_318624_Nomascus_leucogenys__Northern_white-cheeked_gibbon__HLnomLeuc5__GCA_040113115.1	hg38.ENST00000325558.11#PGA3#318624#Nomascus_leucogenys__Northern_white-cheeked_gibbon__HLnomLeuc5__GCA_040113115.1	PGA3	Nomascus_leucogenys__Northern_white-cheeked_gibbon__HLnomLeuc5__GCA_040113115.1	58	38
hg38.ENST00000312403.10_PGA5_65_Nomascus_leucogenys__Northern_white-cheeked_gibbon__HLnomLeuc5__GCA_040113115.1	hg38.ENST00000312403.10#PGA5#65#Nomascus_leucogenys__Northern_white-cheeked_gibbon__HLnomLeuc5__GCA_040113115.1	PGA5	Nomascus_leucogenys__Northern_white-cheeked_gibbon__HLnomLeuc5__GCA_040113115.1	58	38
hg38.ENST00000325558.11_PGA3_482167_Nomascus_leucogenys__northern_white-cheeked_gibbon__HLnomLeu4__GCA_006542625.1	hg38.ENST00000325558.11#PGA3#482167#Nomascus_leucogenys__northern_white-cheeked_gibbon__HLnomLeu4__GCA_006542625.1	PGA3	Nomascus_leucogenys__northern_white-cheeked_gibbon__HLnomLeu4__GCA_006542625.1	32	22
hg38.ENST00000325558.11_PGA3_2646_Nomascus_leucogenys__northern_white-cheeked_gibbon__HLnomLeu4__GCA_006542625.1	hg38.ENST00000325558.11#PGA3#2646#Nomascus_leucogenys__northern_white-cheeked_gibbon__HLnomLeu4__GCA_006542625.1	PGA3	Nomascus_leucogenys__northern_white-cheeked_gibbon__HLnomLeu4__GCA_006542625.1	58	38
hg38.ENST00000378149.9_PGA4_2646_Nomascus_leucogenys__northern_white-cheeked_gibbon__HLnomLeu4__GCA_006542625.1	hg38.ENST00000378149.9#PGA4#2646#Nomascus_leucogenys__northern_white-cheeked_gibbon__HLnomLeu4__GCA_006542625.1	PGA4	Nomascus_leucogenys__northern_white-cheeked_gibbon__HLnomLeu4__GCA_006542625.1	58	38
hg38.ENST00000312403.10_PGA5_2646_Nomascus_leucogenys__northern_white-cheeked_gibbon__HLnomLeu4__GCA_006542625.1	hg38.ENST00000312403.10#PGA5#2646#Nomascus_leucogenys__northern_white-cheeked_gibbon__HLnomLeu4__GCA_006542625.1	PGA5	Nomascus_leucogenys__northern_white-cheeked_gibbon__HLnomLeu4__GCA_006542625.1	58	38
hg38.ENST00000312403.10_PGA5_64_Nomascus_leucogenys__northern_white-cheeked_gibbon__HLnomLeu4__GCA_006542625.1	hg38.ENST00000312403.10#PGA5#64#Nomascus_leucogenys__northern_white-cheeked_gibbon__HLnomLeu4__GCA_006542625.1	PGA5	Nomascus_leucogenys__northern_white-cheeked_gibbon__HLnomLeu4__GCA_006542625.1	58	38
hg38.ENST00000312403.10_PGA5_20_Nyctalus_aviator__birdlike_noctule__HLnycAvi1__GCA_036971965.1	hg38.ENST00000312403.10#PGA5#20#Nyctalus_aviator__birdlike_noctule__HLnycAvi1__GCA_036971965.1	PGA5	Nyctalus_aviator__birdlike_noctule__HLnycAvi1__GCA_036971965.1	50	36
mm10.ENSMUST00000025647_Pga5_84565_Nyctalus_aviator__birdlike_noctule__HLnycAvi1__GCA_036971965.1	mm10.ENSMUST00000025647#Pga5#84565#Nyctalus_aviator__birdlike_noctule__HLnycAvi1__GCA_036971965.1	Pga5	Nyctalus_aviator__birdlike_noctule__HLnycAvi1__GCA_036971965.1	19	12
mm10.ENSMUST00000025647_Pga5_10749_Nyctalus_aviator__birdlike_noctule__HLnycAvi1__GCA_036971965.1	mm10.ENSMUST00000025647#Pga5#10749#Nyctalus_aviator__birdlike_noctule__HLnycAvi1__GCA_036971965.1	Pga5	Nyctalus_aviator__birdlike_noctule__HLnycAvi1__GCA_036971965.1	19	12
HLbosTau10.ENSBTAT00000005384_PAG10_1538_Nyctalus_aviator__birdlike_noctule__HLnycAvi1__GCA_036971965.1	HLbosTau10.ENSBTAT00000005384#PAG10#1538#Nyctalus_aviator__birdlike_noctule__HLnycAvi1__GCA_036971965.1	PAG10	Nyctalus_aviator__birdlike_noctule__HLnycAvi1__GCA_036971965.1	19	12
hg38.ENST00000325558.11_PGA3_27779_Nyctalus_aviator__birdlike_noctule__HLnycAvi1__GCA_036971965.1	hg38.ENST00000325558.11#PGA3#27779#Nyctalus_aviator__birdlike_noctule__HLnycAvi1__GCA_036971965.1	PGA3	Nyctalus_aviator__birdlike_noctule__HLnycAvi1__GCA_036971965.1	19	12
HLbosTau10.ENSBTAT00000005384_PAG10_1475_Nyctalus_aviator__birdlike_noctule__HLnycAvi1__GCA_036971965.1	HLbosTau10.ENSBTAT00000005384#PAG10#1475#Nyctalus_aviator__birdlike_noctule__HLnycAvi1__GCA_036971965.1	PAG10	Nyctalus_aviator__birdlike_noctule__HLnycAvi1__GCA_036971965.1	19	12
mm10.ENSMUST00000025647_Pga5_85_Nyctalus_aviator__birdlike_noctule__HLnycAvi1__GCA_036971965.1	mm10.ENSMUST00000025647#Pga5#85#Nyctalus_aviator__birdlike_noctule__HLnycAvi1__GCA_036971965.1	Pga5	Nyctalus_aviator__birdlike_noctule__HLnycAvi1__GCA_036971965.1	19	12
hg38.ENST00000312403.10_PGA5_21_Nyctalus_leisleri__Lesser_noctule__HLnycLeis2A__GCA_964264875.2	hg38.ENST00000312403.10#PGA5#21#Nyctalus_leisleri__Lesser_noctule__HLnycLeis2A__GCA_964264875.2	PGA5	Nyctalus_leisleri__Lesser_noctule__HLnycLeis2A__GCA_964264875.2	50	36
HLbosTau10.ENSBTAT00000005399_PAG11_1673_Nyctalus_leisleri__Lesser_noctule__HLnycLeis2A__GCA_964264875.2	HLbosTau10.ENSBTAT00000005399#PAG11#1673#Nyctalus_leisleri__Lesser_noctule__HLnycLeis2A__GCA_964264875.2	PAG11	Nyctalus_leisleri__Lesser_noctule__HLnycLeis2A__GCA_964264875.2	19	12
mm10.ENSMUST00000025647_Pga5_20248_Nyctalus_leisleri__Lesser_noctule__HLnycLeis2A__GCA_964264875.2	mm10.ENSMUST00000025647#Pga5#20248#Nyctalus_leisleri__Lesser_noctule__HLnycLeis2A__GCA_964264875.2	Pga5	Nyctalus_leisleri__Lesser_noctule__HLnycLeis2A__GCA_964264875.2	19	12
HLbosTau10.ENSBTAT00000013786_PAG7_911_Nyctalus_leisleri__Lesser_noctule__HLnycLeis2A__GCA_964264875.2	HLbosTau10.ENSBTAT00000013786#PAG7#911#Nyctalus_leisleri__Lesser_noctule__HLnycLeis2A__GCA_964264875.2	PAG7	Nyctalus_leisleri__Lesser_noctule__HLnycLeis2A__GCA_964264875.2	19	12
mm10.ENSMUST00000025647_Pga5_35571_Nyctalus_leisleri__Lesser_noctule__HLnycLeis2A__GCA_964264875.2	mm10.ENSMUST00000025647#Pga5#35571#Nyctalus_leisleri__Lesser_noctule__HLnycLeis2A__GCA_964264875.2	Pga5	Nyctalus_leisleri__Lesser_noctule__HLnycLeis2A__GCA_964264875.2	19	12
HLbosTau10.ENSBTAT00000005384_PAG10_36_Nyctalus_leisleri__Lesser_noctule__HLnycLeis2A__GCA_964264875.2	HLbosTau10.ENSBTAT00000005384#PAG10#36#Nyctalus_leisleri__Lesser_noctule__HLnycLeis2A__GCA_964264875.2	PAG10	Nyctalus_leisleri__Lesser_noctule__HLnycLeis2A__GCA_964264875.2	19	12
mm10.ENSMUST00000025647_Pga5_383358_Nyctalus_leisleri__Lesser_noctule__HLnycLeis2A__GCA_964264875.2	mm10.ENSMUST00000025647#Pga5#383358#Nyctalus_leisleri__Lesser_noctule__HLnycLeis2A__GCA_964264875.2	Pga5	Nyctalus_leisleri__Lesser_noctule__HLnycLeis2A__GCA_964264875.2	19	12
HLbosTau10.ENSBTAT00000005399_PAG11_1470_Nyctalus_leisleri__Lesser_noctule__HLnycLeis2A__GCA_964264875.2	HLbosTau10.ENSBTAT00000005399#PAG11#1470#Nyctalus_leisleri__Lesser_noctule__HLnycLeis2A__GCA_964264875.2	PAG11	Nyctalus_leisleri__Lesser_noctule__HLnycLeis2A__GCA_964264875.2	19	12
HLbosTau10.ENSBTAT00000030466_PAG18_1022_Nyctalus_leisleri__Lesser_noctule__HLnycLeis2A__GCA_964264875.2	HLbosTau10.ENSBTAT00000030466#PAG18#1022#Nyctalus_leisleri__Lesser_noctule__HLnycLeis2A__GCA_964264875.2	PAG18	Nyctalus_leisleri__Lesser_noctule__HLnycLeis2A__GCA_964264875.2	19	12
HLbosTau10.ENSBTAT00000005384_PAG10_2426_Nyctalus_leisleri__Lesser_noctule__HLnycLeis2A__GCA_964264875.2	HLbosTau10.ENSBTAT00000005384#PAG10#2426#Nyctalus_leisleri__Lesser_noctule__HLnycLeis2A__GCA_964264875.2	PAG10	Nyctalus_leisleri__Lesser_noctule__HLnycLeis2A__GCA_964264875.2	19	12
HLbosTau10.NM_176625_PAG16_1808_Nyctalus_leisleri__Lesser_noctule__HLnycLeis2A__GCA_964264875.2	HLbosTau10.NM_176625#PAG16#1808#Nyctalus_leisleri__Lesser_noctule__HLnycLeis2A__GCA_964264875.2	PAG16	Nyctalus_leisleri__Lesser_noctule__HLnycLeis2A__GCA_964264875.2	19	12
HLbosTau10.ENSBTAT00000005384_PAG10_996_Nyctalus_leisleri__Lesser_noctule__HLnycLeis2A__GCA_964264875.2	HLbosTau10.ENSBTAT00000005384#PAG10#996#Nyctalus_leisleri__Lesser_noctule__HLnycLeis2A__GCA_964264875.2	PAG10	Nyctalus_leisleri__Lesser_noctule__HLnycLeis2A__GCA_964264875.2	19	12
mm10.ENSMUST00000025647_Pga5_106927_Nyctalus_leisleri__Lesser_noctule__HLnycLeis2A__GCA_964264875.2	mm10.ENSMUST00000025647#Pga5#106927#Nyctalus_leisleri__Lesser_noctule__HLnycLeis2A__GCA_964264875.2	Pga5	Nyctalus_leisleri__Lesser_noctule__HLnycLeis2A__GCA_964264875.2	19	12
HLbosTau10.ENSBTAT00000005384_PAG10_144409_Nyctalus_leisleri__Lesser_noctule__HLnycLeis2A__GCA_964264875.2	HLbosTau10.ENSBTAT00000005384#PAG10#144409#Nyctalus_leisleri__Lesser_noctule__HLnycLeis2A__GCA_964264875.2	PAG10	Nyctalus_leisleri__Lesser_noctule__HLnycLeis2A__GCA_964264875.2	19	12
hg38.ENST00000325558.11_PGA3_3062_Nyctereutes_procyonoides__raccoon_dog__HLnycPro4__GCA_905146905.1	hg38.ENST00000325558.11#PGA3#3062#Nyctereutes_procyonoides__raccoon_dog__HLnycPro4__GCA_905146905.1	PGA3	Nyctereutes_procyonoides__raccoon_dog__HLnycPro4__GCA_905146905.1	54	38
HLbosTau10.ENSBTAT00000050648_PAG9_3770_Nyctereutes_procyonoides__raccoon_dog__HLnycPro4__GCA_905146905.1	HLbosTau10.ENSBTAT00000050648#PAG9#3770#Nyctereutes_procyonoides__raccoon_dog__HLnycPro4__GCA_905146905.1	PAG9	Nyctereutes_procyonoides__raccoon_dog__HLnycPro4__GCA_905146905.1	20	13
hg38.ENST00000312403.10_PGA5_5257_Nycticebus_bengalensis__Bengal_slow_loris__HLnycBen1__GCA_023898255.1	hg38.ENST00000312403.10#PGA5#5257#Nycticebus_bengalensis__Bengal_slow_loris__HLnycBen1__GCA_023898255.1	PGA5	Nycticebus_bengalensis__Bengal_slow_loris__HLnycBen1__GCA_023898255.1	58	38
mm10.ENSMUST00000025647_Pga5_116_Nycticebus_bengalensis__Bengal_slow_loris__HLnycBen1__GCA_023898255.1	mm10.ENSMUST00000025647#Pga5#116#Nycticebus_bengalensis__Bengal_slow_loris__HLnycBen1__GCA_023898255.1	Pga5	Nycticebus_bengalensis__Bengal_slow_loris__HLnycBen1__GCA_023898255.1	33	22
hg38.ENST00000312403.10_PGA5_8363_Nycticebus_coucang__slow_loris__HLnycCou2__GCF_027406575.1	hg38.ENST00000312403.10#PGA5#8363#Nycticebus_coucang__slow_loris__HLnycCou2__GCF_027406575.1	PGA5	Nycticebus_coucang__slow_loris__HLnycCou2__GCF_027406575.1	58	38
mm10.ENSMUST00000025647_Pga5_117_Nycticebus_coucang__slow_loris__HLnycCou2__GCF_027406575.1	mm10.ENSMUST00000025647#Pga5#117#Nycticebus_coucang__slow_loris__HLnycCou2__GCF_027406575.1	Pga5	Nycticebus_coucang__slow_loris__HLnycCou2__GCF_027406575.1	33	22
HLbosTau10.ENSBTAT00000030243_PAG3_6123_Ochotona_argentata__Helan_Shan_pika__HLochArge1__GCA_051943095.1	HLbosTau10.ENSBTAT00000030243#PAG3#6123#Ochotona_argentata__Helan_Shan_pika__HLochArge1__GCA_051943095.1	PAG3	Ochotona_argentata__Helan_Shan_pika__HLochArge1__GCA_051943095.1	39	28
hg38.ENST00000312403.10_PGA5_1606_Ochotona_argentata__Helan_Shan_pika__HLochArge1__GCA_051943095.1	hg38.ENST00000312403.10#PGA5#1606#Ochotona_argentata__Helan_Shan_pika__HLochArge1__GCA_051943095.1	PGA5	Ochotona_argentata__Helan_Shan_pika__HLochArge1__GCA_051943095.1	46	32
hg38.ENST00000325558.11_PGA3_1542_Ochotona_argentata__Helan_Shan_pika__HLochArge1__GCA_051943095.1	hg38.ENST00000325558.11#PGA3#1542#Ochotona_argentata__Helan_Shan_pika__HLochArge1__GCA_051943095.1	PGA3	Ochotona_argentata__Helan_Shan_pika__HLochArge1__GCA_051943095.1	46	32
hg38.ENST00000312403.10_PGA5_1542_Ochotona_argentata__Helan_Shan_pika__HLochArge1__GCA_051943095.1	hg38.ENST00000312403.10#PGA5#1542#Ochotona_argentata__Helan_Shan_pika__HLochArge1__GCA_051943095.1	PGA5	Ochotona_argentata__Helan_Shan_pika__HLochArge1__GCA_051943095.1	44	32
hg38.ENST00000312403.10_PGA5_1566_Ochotona_argentata__Helan_Shan_pika__HLochArge1__GCA_051943095.1	hg38.ENST00000312403.10#PGA5#1566#Ochotona_argentata__Helan_Shan_pika__HLochArge1__GCA_051943095.1	PGA5	Ochotona_argentata__Helan_Shan_pika__HLochArge1__GCA_051943095.1	44	32
hg38.ENST00000312403.10_PGA5_6119_Ochotona_argentata__Helan_Shan_pika__HLochArge1__GCA_051943095.1	hg38.ENST00000312403.10#PGA5#6119#Ochotona_argentata__Helan_Shan_pika__HLochArge1__GCA_051943095.1	PGA5	Ochotona_argentata__Helan_Shan_pika__HLochArge1__GCA_051943095.1	44	32
hg38.ENST00000312403.10_PGA5_227581_Ochotona_argentata__Helan_Shan_pika__HLochArge1__GCA_051943095.1	hg38.ENST00000312403.10#PGA5#227581#Ochotona_argentata__Helan_Shan_pika__HLochArge1__GCA_051943095.1	PGA5	Ochotona_argentata__Helan_Shan_pika__HLochArge1__GCA_051943095.1	46	32
hg38.ENST00000312403.10_PGA5_255676_Ochotona_argentata__Helan_Shan_pika__HLochArge1__GCA_051943095.1	hg38.ENST00000312403.10#PGA5#255676#Ochotona_argentata__Helan_Shan_pika__HLochArge1__GCA_051943095.1	PGA5	Ochotona_argentata__Helan_Shan_pika__HLochArge1__GCA_051943095.1	46	32
hg38.ENST00000312403.10_PGA5_143691_Ochotona_argentata__Helan_Shan_pika__HLochArge1__GCA_051943095.1	hg38.ENST00000312403.10#PGA5#143691#Ochotona_argentata__Helan_Shan_pika__HLochArge1__GCA_051943095.1	PGA5	Ochotona_argentata__Helan_Shan_pika__HLochArge1__GCA_051943095.1	44	32
hg38.ENST00000312403.10_PGA5_253139_Ochotona_argentata__Helan_Shan_pika__HLochArge1__GCA_051943095.1	hg38.ENST00000312403.10#PGA5#253139#Ochotona_argentata__Helan_Shan_pika__HLochArge1__GCA_051943095.1	PGA5	Ochotona_argentata__Helan_Shan_pika__HLochArge1__GCA_051943095.1	46	32
hg38.ENST00000312403.10_PGA5_128211_Ochotona_argentata__Helan_Shan_pika__HLochArge1__GCA_051943095.1	hg38.ENST00000312403.10#PGA5#128211#Ochotona_argentata__Helan_Shan_pika__HLochArge1__GCA_051943095.1	PGA5	Ochotona_argentata__Helan_Shan_pika__HLochArge1__GCA_051943095.1	44	32
HLbosTau10.ENSBTAT00000019640_PGA5_1419_Ochotona_argentata__Helan_Shan_pika__HLochArge1__GCA_051943095.1	HLbosTau10.ENSBTAT00000019640#PGA5#1419#Ochotona_argentata__Helan_Shan_pika__HLochArge1__GCA_051943095.1	PGA5	Ochotona_argentata__Helan_Shan_pika__HLochArge1__GCA_051943095.1	46	32
hg38.ENST00000312403.10_PGA5_27172_Ochotona_argentata__Helan_Shan_pika__HLochArge1__GCA_051943095.1	hg38.ENST00000312403.10#PGA5#27172#Ochotona_argentata__Helan_Shan_pika__HLochArge1__GCA_051943095.1	PGA5	Ochotona_argentata__Helan_Shan_pika__HLochArge1__GCA_051943095.1	46	32
hg38.ENST00000312403.10_PGA5_135608_Ochotona_argentata__Helan_Shan_pika__HLochArge1__GCA_051943095.1	hg38.ENST00000312403.10#PGA5#135608#Ochotona_argentata__Helan_Shan_pika__HLochArge1__GCA_051943095.1	PGA5	Ochotona_argentata__Helan_Shan_pika__HLochArge1__GCA_051943095.1	44	32
hg38.ENST00000312403.10_PGA5_313457_Ochotona_argentata__Helan_Shan_pika__HLochArge1__GCA_051943095.1	hg38.ENST00000312403.10#PGA5#313457#Ochotona_argentata__Helan_Shan_pika__HLochArge1__GCA_051943095.1	PGA5	Ochotona_argentata__Helan_Shan_pika__HLochArge1__GCA_051943095.1	44	32
hg38.ENST00000312403.10_PGA5_70_Ochotona_argentata__Helan_Shan_pika__HLochArge1__GCA_051943095.1	hg38.ENST00000312403.10#PGA5#70#Ochotona_argentata__Helan_Shan_pika__HLochArge1__GCA_051943095.1	PGA5	Ochotona_argentata__Helan_Shan_pika__HLochArge1__GCA_051943095.1	44	32
hg38.ENST00000312403.10_PGA5_12_Ochotona_princeps__American_pika__HLochPri4__GCF_030435755.1	hg38.ENST00000312403.10#PGA5#12#Ochotona_princeps__American_pika__HLochPri4__GCF_030435755.1	PGA5	Ochotona_princeps__American_pika__HLochPri4__GCF_030435755.1	44	32
hg38.ENST00000312403.10_PGA5_1210_Ochotona_princeps__American_pika__HLochPri4__GCF_030435755.1	hg38.ENST00000312403.10#PGA5#1210#Ochotona_princeps__American_pika__HLochPri4__GCF_030435755.1	PGA5	Ochotona_princeps__American_pika__HLochPri4__GCF_030435755.1	44	32
HLeleMaxInd3A.XM_049889753.1_LOC126078931_205246_Ochotona_princeps__American_pika__HLochPri4__GCF_030435755.1	HLeleMaxInd3A.XM_049889753.1#LOC126078931#205246#Ochotona_princeps__American_pika__HLochPri4__GCF_030435755.1	LOC126078931	Ochotona_princeps__American_pika__HLochPri4__GCF_030435755.1	44	32
hg38.ENST00000312403.10_PGA5_269663_Ochotona_princeps__American_pika__HLochPri4__GCF_030435755.1	hg38.ENST00000312403.10#PGA5#269663#Ochotona_princeps__American_pika__HLochPri4__GCF_030435755.1	PGA5	Ochotona_princeps__American_pika__HLochPri4__GCF_030435755.1	46	32
hg38.ENST00000312403.10_PGA5_11025_Ochotona_princeps__American_pika__HLochPri4__GCF_030435755.1	hg38.ENST00000312403.10#PGA5#11025#Ochotona_princeps__American_pika__HLochPri4__GCF_030435755.1	PGA5	Ochotona_princeps__American_pika__HLochPri4__GCF_030435755.1	46	32
hg38.ENST00000312403.10_PGA5_38582_Ochotona_princeps__American_pika__HLochPri4__GCF_030435755.1	hg38.ENST00000312403.10#PGA5#38582#Ochotona_princeps__American_pika__HLochPri4__GCF_030435755.1	PGA5	Ochotona_princeps__American_pika__HLochPri4__GCF_030435755.1	44	32
hg38.ENST00000312403.10_PGA5_160193_Ochotona_princeps__American_pika__HLochPri4__GCF_030435755.1	hg38.ENST00000312403.10#PGA5#160193#Ochotona_princeps__American_pika__HLochPri4__GCF_030435755.1	PGA5	Ochotona_princeps__American_pika__HLochPri4__GCF_030435755.1	44	32
hg38.ENST00000312403.10_PGA5_239681_Ochotona_princeps__American_pika__HLochPri4__GCF_030435755.1	hg38.ENST00000312403.10#PGA5#239681#Ochotona_princeps__American_pika__HLochPri4__GCF_030435755.1	PGA5	Ochotona_princeps__American_pika__HLochPri4__GCF_030435755.1	46	32
hg38.ENST00000312403.10_PGA5_295358_Ochotona_princeps__American_pika__HLochPri4__GCF_030435755.1	hg38.ENST00000312403.10#PGA5#295358#Ochotona_princeps__American_pika__HLochPri4__GCF_030435755.1	PGA5	Ochotona_princeps__American_pika__HLochPri4__GCF_030435755.1	46	32
hg38.ENST00000312403.10_PGA5_343658_Ochotona_princeps__American_pika__HLochPri4__GCF_030435755.1	hg38.ENST00000312403.10#PGA5#343658#Ochotona_princeps__American_pika__HLochPri4__GCF_030435755.1	PGA5	Ochotona_princeps__American_pika__HLochPri4__GCF_030435755.1	44	32
HLbosTau10.ENSBTAT00000019640_PGA5_43684_Ochotona_princeps__American_pika__HLochPri4__GCF_030435755.1	HLbosTau10.ENSBTAT00000019640#PGA5#43684#Ochotona_princeps__American_pika__HLochPri4__GCF_030435755.1	PGA5	Ochotona_princeps__American_pika__HLochPri4__GCF_030435755.1	46	32
hg38.ENST00000312403.10_PGA5_34356_Ochotona_princeps__American_pika__HLochPri4__GCF_030435755.1	hg38.ENST00000312403.10#PGA5#34356#Ochotona_princeps__American_pika__HLochPri4__GCF_030435755.1	PGA5	Ochotona_princeps__American_pika__HLochPri4__GCF_030435755.1	44	32
hg38.ENST00000312403.10_PGA5_6731_Ochotona_princeps__American_pika__HLochPri4__GCF_030435755.1	hg38.ENST00000312403.10#PGA5#6731#Ochotona_princeps__American_pika__HLochPri4__GCF_030435755.1	PGA5	Ochotona_princeps__American_pika__HLochPri4__GCF_030435755.1	44	32
hg38.ENST00000312403.10_PGA5_1650_Ochotona_princeps__American_pika__HLochPri4__GCF_030435755.1	hg38.ENST00000312403.10#PGA5#1650#Ochotona_princeps__American_pika__HLochPri4__GCF_030435755.1	PGA5	Ochotona_princeps__American_pika__HLochPri4__GCF_030435755.1	46	32
hg38.ENST00000325558.11_PGA3_1349_Ochotona_princeps__American_pika__HLochPri4__GCF_030435755.1	hg38.ENST00000325558.11#PGA3#1349#Ochotona_princeps__American_pika__HLochPri4__GCF_030435755.1	PGA3	Ochotona_princeps__American_pika__HLochPri4__GCF_030435755.1	46	32
hg38.ENST00000325558.11_PGA3_1650_Ochotona_princeps__American_pika__HLochPri4__GCF_030435755.1	hg38.ENST00000325558.11#PGA3#1650#Ochotona_princeps__American_pika__HLochPri4__GCF_030435755.1	PGA3	Ochotona_princeps__American_pika__HLochPri4__GCF_030435755.1	39	28
hg38.ENST00000312403.10_PGA5_82_Ondatra_zibethicus__muskrat__HLondZib1__GCA_004026605.1	hg38.ENST00000312403.10#PGA5#82#Ondatra_zibethicus__muskrat__HLondZib1__GCA_004026605.1	PGA5	Ondatra_zibethicus__muskrat__HLondZib1__GCA_004026605.1	28	19
mm10.ENSMUST00000025647_Pga5_14_Onychomys_arenicola__Chihuahuan_grasshopper_mouse__HLonyAre1A__GCA_949786405.1	mm10.ENSMUST00000025647#Pga5#14#Onychomys_arenicola__Chihuahuan_grasshopper_mouse__HLonyAre1A__GCA_949786405.1	Pga5	Onychomys_arenicola__Chihuahuan_grasshopper_mouse__HLonyAre1A__GCA_949786405.1	28	19
mm10.ENSMUST00000025647_Pga5_13_Onychomys_arenicola__Chihuahuan_grasshopper_mouse__HLonyAre1B__GCA_949786425.1	mm10.ENSMUST00000025647#Pga5#13#Onychomys_arenicola__Chihuahuan_grasshopper_mouse__HLonyAre1B__GCA_949786425.1	Pga5	Onychomys_arenicola__Chihuahuan_grasshopper_mouse__HLonyAre1B__GCA_949786425.1	28	19
hg38.ENST00000312403.10_PGA5_26_Onychomys_leucogaster__Northern_grasshopper_mouse__HLonyLeu1__GCA_949786385.1	hg38.ENST00000312403.10#PGA5#26#Onychomys_leucogaster__Northern_grasshopper_mouse__HLonyLeu1__GCA_949786385.1	PGA5	Onychomys_leucogaster__Northern_grasshopper_mouse__HLonyLeu1__GCA_949786385.1	28	19
HLbosTau10.ENSBTAT00000013786_PAG7_32684_Onychomys_torridus__southern_grasshopper_mouse__HLonyTor1__GCA_903995425.1	HLbosTau10.ENSBTAT00000013786#PAG7#32684#Onychomys_torridus__southern_grasshopper_mouse__HLonyTor1__GCA_903995425.1	PAG7	Onychomys_torridus__southern_grasshopper_mouse__HLonyTor1__GCA_903995425.1	28	19
hg38.ENST00000312403.10_PGA5_3020_Orcinus_orca__killer_whale__HLorcOrc3__GCA_937001465.1	hg38.ENST00000312403.10#PGA5#3020#Orcinus_orca__killer_whale__HLorcOrc3__GCA_937001465.1	PGA5	Orcinus_orca__killer_whale__HLorcOrc3__GCA_937001465.1	56	38
mm10.ENSMUST00000025647_Pga5_4231_Orcinus_orca__killer_whale__HLorcOrc3__GCA_937001465.1	mm10.ENSMUST00000025647#Pga5#4231#Orcinus_orca__killer_whale__HLorcOrc3__GCA_937001465.1	Pga5	Orcinus_orca__killer_whale__HLorcOrc3__GCA_937001465.1	10	4
mm10.ENSMUST00000025647_Pga5_4098_Orcinus_orca__killer_whale__HLorcOrc3__GCA_937001465.1	mm10.ENSMUST00000025647#Pga5#4098#Orcinus_orca__killer_whale__HLorcOrc3__GCA_937001465.1	Pga5	Orcinus_orca__killer_whale__HLorcOrc3__GCA_937001465.1	10	4
mm10.ENSMUST00000025647_Pga5_74_Orcinus_orca__killer_whale__HLorcOrc3__GCA_937001465.1	mm10.ENSMUST00000025647#Pga5#74#Orcinus_orca__killer_whale__HLorcOrc3__GCA_937001465.1	Pga5	Orcinus_orca__killer_whale__HLorcOrc3__GCA_937001465.1	10	4
mm10.ENSMUST00000025647_Pga5_55_Orientallactaga_sibirica__Mongolian_five-toed_jerboa__HLoriSib2__GCA_041429955.1	mm10.ENSMUST00000025647#Pga5#55#Orientallactaga_sibirica__Mongolian_five-toed_jerboa__HLoriSib2__GCA_041429955.1	Pga5	Orientallactaga_sibirica__Mongolian_five-toed_jerboa__HLoriSib2__GCA_041429955.1	26	17
hg38.ENST00000325558.11_PGA3_16_Orycteropus_afer__Aardvark__HLoryAfer3A__GCA_054668785.1	hg38.ENST00000325558.11#PGA3#16#Orycteropus_afer__Aardvark__HLoryAfer3A__GCA_054668785.1	PGA3	Orycteropus_afer__Aardvark__HLoryAfer3A__GCA_054668785.1	52	37
hg38.ENST00000312403.10_PGA5_16_Oryctolagus_cuniculus__Rabbit__HLoryCuni5__GCF_964237555.1	hg38.ENST00000312403.10#PGA5#16#Oryctolagus_cuniculus__Rabbit__HLoryCuni5__GCF_964237555.1	PGA5	Oryctolagus_cuniculus__Rabbit__HLoryCuni5__GCF_964237555.1	46	32
HLbosTau10.ENSBTAT00000077609_ENSBTAG00000053183_1184_Oryctolagus_cuniculus__Rabbit__HLoryCuni5__GCF_964237555.1	HLbosTau10.ENSBTAT00000077609#ENSBTAG00000053183#1184#Oryctolagus_cuniculus__Rabbit__HLoryCuni5__GCF_964237555.1	ENSBTAG00000053183	Oryctolagus_cuniculus__Rabbit__HLoryCuni5__GCF_964237555.1	46	32
hg38.ENST00000312403.10_PGA5_5804_Oryctolagus_cuniculus__Rabbit__HLoryCuni5__GCF_964237555.1	hg38.ENST00000312403.10#PGA5#5804#Oryctolagus_cuniculus__Rabbit__HLoryCuni5__GCF_964237555.1	PGA5	Oryctolagus_cuniculus__Rabbit__HLoryCuni5__GCF_964237555.1	46	32
hg38.ENST00000312403.10_PGA5_23615_Oryctolagus_cuniculus__Rabbit__HLoryCuni5__GCF_964237555.1	hg38.ENST00000312403.10#PGA5#23615#Oryctolagus_cuniculus__Rabbit__HLoryCuni5__GCF_964237555.1	PGA5	Oryctolagus_cuniculus__Rabbit__HLoryCuni5__GCF_964237555.1	46	32
hg38.ENST00000312403.10_PGA5_89972_Oryctolagus_cuniculus__Rabbit__HLoryCuni5__GCF_964237555.1	hg38.ENST00000312403.10#PGA5#89972#Oryctolagus_cuniculus__Rabbit__HLoryCuni5__GCF_964237555.1	PGA5	Oryctolagus_cuniculus__Rabbit__HLoryCuni5__GCF_964237555.1	46	32
hg38.ENST00000312403.10_PGA5_5844_Oryctolagus_cuniculus__Rabbit__HLoryCuni5__GCF_964237555.1	hg38.ENST00000312403.10#PGA5#5844#Oryctolagus_cuniculus__Rabbit__HLoryCuni5__GCF_964237555.1	PGA5	Oryctolagus_cuniculus__Rabbit__HLoryCuni5__GCF_964237555.1	46	32
hg38.ENST00000312403.10_PGA5_1714_Oryctolagus_cuniculus__Rabbit__HLoryCuni5__GCF_964237555.1	hg38.ENST00000312403.10#PGA5#1714#Oryctolagus_cuniculus__Rabbit__HLoryCuni5__GCF_964237555.1	PGA5	Oryctolagus_cuniculus__Rabbit__HLoryCuni5__GCF_964237555.1	46	32
hg38.ENST00000312403.10_PGA5_1956_Oryctolagus_cuniculus__Rabbit__HLoryCuni5__GCF_964237555.1	hg38.ENST00000312403.10#PGA5#1956#Oryctolagus_cuniculus__Rabbit__HLoryCuni5__GCF_964237555.1	PGA5	Oryctolagus_cuniculus__Rabbit__HLoryCuni5__GCF_964237555.1	46	32
hg38.ENST00000312403.10_PGA5_1429_Oryctolagus_cuniculus__Rabbit__HLoryCuni5__GCF_964237555.1	hg38.ENST00000312403.10#PGA5#1429#Oryctolagus_cuniculus__Rabbit__HLoryCuni5__GCF_964237555.1	PGA5	Oryctolagus_cuniculus__Rabbit__HLoryCuni5__GCF_964237555.1	46	32
hg38.ENST00000312403.10_PGA5_12990_Oryctolagus_cuniculus__Rabbit__HLoryCuni5__GCF_964237555.1	hg38.ENST00000312403.10#PGA5#12990#Oryctolagus_cuniculus__Rabbit__HLoryCuni5__GCF_964237555.1	PGA5	Oryctolagus_cuniculus__Rabbit__HLoryCuni5__GCF_964237555.1	45	32
hg38.ENST00000312403.10_PGA5_7453_Oryctolagus_cuniculus__Rabbit__HLoryCuni5__GCF_964237555.1	hg38.ENST00000312403.10#PGA5#7453#Oryctolagus_cuniculus__Rabbit__HLoryCuni5__GCF_964237555.1	PGA5	Oryctolagus_cuniculus__Rabbit__HLoryCuni5__GCF_964237555.1	46	32
hg38.ENST00000312403.10_PGA5_11738_Oryctolagus_cuniculus__Rabbit__HLoryCuni5__GCF_964237555.1	hg38.ENST00000312403.10#PGA5#11738#Oryctolagus_cuniculus__Rabbit__HLoryCuni5__GCF_964237555.1	PGA5	Oryctolagus_cuniculus__Rabbit__HLoryCuni5__GCF_964237555.1	46	32
hg38.ENST00000312403.10_PGA5_2057_Oryctolagus_cuniculus__Rabbit__HLoryCuni5__GCF_964237555.1	hg38.ENST00000312403.10#PGA5#2057#Oryctolagus_cuniculus__Rabbit__HLoryCuni5__GCF_964237555.1	PGA5	Oryctolagus_cuniculus__Rabbit__HLoryCuni5__GCF_964237555.1	46	32
hg38.ENST00000312403.10_PGA5_17508_Oryctolagus_cuniculus__Rabbit__HLoryCuni5__GCF_964237555.1	hg38.ENST00000312403.10#PGA5#17508#Oryctolagus_cuniculus__Rabbit__HLoryCuni5__GCF_964237555.1	PGA5	Oryctolagus_cuniculus__Rabbit__HLoryCuni5__GCF_964237555.1	46	32
HLbosTau10.ENSBTAT00000030244_ENSBTAG00000050440_1019_Oryctolagus_cuniculus__Rabbit__HLoryCuni5__GCF_964237555.1	HLbosTau10.ENSBTAT00000030244#ENSBTAG00000050440#1019#Oryctolagus_cuniculus__Rabbit__HLoryCuni5__GCF_964237555.1	ENSBTAG00000050440	Oryctolagus_cuniculus__Rabbit__HLoryCuni5__GCF_964237555.1	46	32
mm10.ENSMUST00000025647_Pga5_25_Oryctolagus_cuniculus__Rabbit__HLoryCuni5__GCF_964237555.1	mm10.ENSMUST00000025647#Pga5#25#Oryctolagus_cuniculus__Rabbit__HLoryCuni5__GCF_964237555.1	Pga5	Oryctolagus_cuniculus__Rabbit__HLoryCuni5__GCF_964237555.1	40	28
hg38.ENST00000312403.10_PGA5_16_Oryctolagus_cuniculus__Rabbit__HLoryCuni6__GCA_051225735.1	hg38.ENST00000312403.10#PGA5#16#Oryctolagus_cuniculus__Rabbit__HLoryCuni6__GCA_051225735.1	PGA5	Oryctolagus_cuniculus__Rabbit__HLoryCuni6__GCA_051225735.1	46	32
hg38.ENST00000378149.9_PGA4_16_Oryctolagus_cuniculus__Rabbit__HLoryCuni6__GCA_051225735.1	hg38.ENST00000378149.9#PGA4#16#Oryctolagus_cuniculus__Rabbit__HLoryCuni6__GCA_051225735.1	PGA4	Oryctolagus_cuniculus__Rabbit__HLoryCuni6__GCA_051225735.1	46	32
hg38.ENST00000312403.10_PGA5_8382_Oryctolagus_cuniculus__Rabbit__HLoryCuni6__GCA_051225735.1	hg38.ENST00000312403.10#PGA5#8382#Oryctolagus_cuniculus__Rabbit__HLoryCuni6__GCA_051225735.1	PGA5	Oryctolagus_cuniculus__Rabbit__HLoryCuni6__GCA_051225735.1	46	32
hg38.ENST00000312403.10_PGA5_11833_Oryctolagus_cuniculus__Rabbit__HLoryCuni6__GCA_051225735.1	hg38.ENST00000312403.10#PGA5#11833#Oryctolagus_cuniculus__Rabbit__HLoryCuni6__GCA_051225735.1	PGA5	Oryctolagus_cuniculus__Rabbit__HLoryCuni6__GCA_051225735.1	45	32
hg38.ENST00000312403.10_PGA5_10886_Oryctolagus_cuniculus__Rabbit__HLoryCuni6__GCA_051225735.1	hg38.ENST00000312403.10#PGA5#10886#Oryctolagus_cuniculus__Rabbit__HLoryCuni6__GCA_051225735.1	PGA5	Oryctolagus_cuniculus__Rabbit__HLoryCuni6__GCA_051225735.1	46	32
hg38.ENST00000378149.9_PGA4_319309_Oryctolagus_cuniculus__Rabbit__HLoryCuni6__GCA_051225735.1	hg38.ENST00000378149.9#PGA4#319309#Oryctolagus_cuniculus__Rabbit__HLoryCuni6__GCA_051225735.1	PGA4	Oryctolagus_cuniculus__Rabbit__HLoryCuni6__GCA_051225735.1	46	32
hg38.ENST00000312403.10_PGA5_1341_Oryctolagus_cuniculus__Rabbit__HLoryCuni6__GCA_051225735.1	hg38.ENST00000312403.10#PGA5#1341#Oryctolagus_cuniculus__Rabbit__HLoryCuni6__GCA_051225735.1	PGA5	Oryctolagus_cuniculus__Rabbit__HLoryCuni6__GCA_051225735.1	46	32
hg38.ENST00000312403.10_PGA5_6055_Oryctolagus_cuniculus__Rabbit__HLoryCuni6__GCA_051225735.1	hg38.ENST00000312403.10#PGA5#6055#Oryctolagus_cuniculus__Rabbit__HLoryCuni6__GCA_051225735.1	PGA5	Oryctolagus_cuniculus__Rabbit__HLoryCuni6__GCA_051225735.1	46	32
hg38.ENST00000312403.10_PGA5_6989_Oryctolagus_cuniculus__Rabbit__HLoryCuni6__GCA_051225735.1	hg38.ENST00000312403.10#PGA5#6989#Oryctolagus_cuniculus__Rabbit__HLoryCuni6__GCA_051225735.1	PGA5	Oryctolagus_cuniculus__Rabbit__HLoryCuni6__GCA_051225735.1	46	32
HLeleMaxInd3A.XM_049889753.1_LOC126078931_148450_Oryctolagus_cuniculus__Rabbit__HLoryCuni6__GCA_051225735.1	HLeleMaxInd3A.XM_049889753.1#LOC126078931#148450#Oryctolagus_cuniculus__Rabbit__HLoryCuni6__GCA_051225735.1	LOC126078931	Oryctolagus_cuniculus__Rabbit__HLoryCuni6__GCA_051225735.1	46	32
hg38.ENST00000378149.9_PGA4_540118_Oryctolagus_cuniculus__Rabbit__HLoryCuni6__GCA_051225735.1	hg38.ENST00000378149.9#PGA4#540118#Oryctolagus_cuniculus__Rabbit__HLoryCuni6__GCA_051225735.1	PGA4	Oryctolagus_cuniculus__Rabbit__HLoryCuni6__GCA_051225735.1	46	32
hg38.ENST00000312403.10_PGA5_713867_Oryctolagus_cuniculus__Rabbit__HLoryCuni6__GCA_051225735.1	hg38.ENST00000312403.10#PGA5#713867#Oryctolagus_cuniculus__Rabbit__HLoryCuni6__GCA_051225735.1	PGA5	Oryctolagus_cuniculus__Rabbit__HLoryCuni6__GCA_051225735.1	46	32
hg38.ENST00000312403.10_PGA5_1787_Oryctolagus_cuniculus__Rabbit__HLoryCuni6__GCA_051225735.1	hg38.ENST00000312403.10#PGA5#1787#Oryctolagus_cuniculus__Rabbit__HLoryCuni6__GCA_051225735.1	PGA5	Oryctolagus_cuniculus__Rabbit__HLoryCuni6__GCA_051225735.1	46	32
hg38.ENST00000312403.10_PGA5_157161_Oryctolagus_cuniculus__Rabbit__HLoryCuni6__GCA_051225735.1	hg38.ENST00000312403.10#PGA5#157161#Oryctolagus_cuniculus__Rabbit__HLoryCuni6__GCA_051225735.1	PGA5	Oryctolagus_cuniculus__Rabbit__HLoryCuni6__GCA_051225735.1	46	32
hg38.ENST00000312403.10_PGA5_19280_Oryctolagus_cuniculus__Rabbit__HLoryCuni6__GCA_051225735.1	hg38.ENST00000312403.10#PGA5#19280#Oryctolagus_cuniculus__Rabbit__HLoryCuni6__GCA_051225735.1	PGA5	Oryctolagus_cuniculus__Rabbit__HLoryCuni6__GCA_051225735.1	46	32
hg38.ENST00000312403.10_PGA5_21091_Oryctolagus_cuniculus__Rabbit__HLoryCuni6__GCA_051225735.1	hg38.ENST00000312403.10#PGA5#21091#Oryctolagus_cuniculus__Rabbit__HLoryCuni6__GCA_051225735.1	PGA5	Oryctolagus_cuniculus__Rabbit__HLoryCuni6__GCA_051225735.1	46	32
mm10.ENSMUST00000025647_Pga5_25_Oryctolagus_cuniculus__Rabbit__HLoryCuni6__GCA_051225735.1	mm10.ENSMUST00000025647#Pga5#25#Oryctolagus_cuniculus__Rabbit__HLoryCuni6__GCA_051225735.1	Pga5	Oryctolagus_cuniculus__Rabbit__HLoryCuni6__GCA_051225735.1	40	28
hg38.ENST00000325558.11_PGA3_3238_Otocyon_megalotis__bat-eared_fox__HLotoMeg2	hg38.ENST00000325558.11#PGA3#3238#Otocyon_megalotis__bat-eared_fox__HLotoMeg2	PGA3	Otocyon_megalotis__bat-eared_fox__HLotoMeg2	54	38
mm10.ENSMUST00000025647_Pga5_87_Otocyon_megalotis__bat-eared_fox__HLotoMeg2	mm10.ENSMUST00000025647#Pga5#87#Otocyon_megalotis__bat-eared_fox__HLotoMeg2	Pga5	Otocyon_megalotis__bat-eared_fox__HLotoMeg2	20	13
HLbosTau10.ENSBTAT00000017669_ENSBTAG00000035736_1690_Ovis_aries__Sheep__HLoviArie7__GCA_040805955.1	HLbosTau10.ENSBTAT00000017669#ENSBTAG00000035736#1690#Ovis_aries__Sheep__HLoviArie7__GCA_040805955.1	ENSBTAG00000035736	Ovis_aries__Sheep__HLoviArie7__GCA_040805955.1	6	4
HLbosTau10.ENSBTAT00000013786_PAG7_392232_Ovis_aries__Sheep__HLoviArie7__GCA_040805955.1	HLbosTau10.ENSBTAT00000013786#PAG7#392232#Ovis_aries__Sheep__HLoviArie7__GCA_040805955.1	PAG7	Ovis_aries__Sheep__HLoviArie7__GCA_040805955.1	10	4
HLbosTau10.ENSBTAT00000013786_PAG7_2914_Ovis_aries__Sheep__HLoviArie7__GCA_040805955.1	HLbosTau10.ENSBTAT00000013786#PAG7#2914#Ovis_aries__Sheep__HLoviArie7__GCA_040805955.1	PAG7	Ovis_aries__Sheep__HLoviArie7__GCA_040805955.1	10	4
mm10.ENSMUST00000025647_Pga5_9664_Ovis_aries__Sheep__HLoviArie7__GCA_040805955.1	mm10.ENSMUST00000025647#Pga5#9664#Ovis_aries__Sheep__HLoviArie7__GCA_040805955.1	Pga5	Ovis_aries__Sheep__HLoviArie7__GCA_040805955.1	2	2
HLbosTau10.XM_002699310_LOC524173_103172_Ovis_aries__Sheep__HLoviArie7__GCA_040805955.1	HLbosTau10.XM_002699310#LOC524173#103172#Ovis_aries__Sheep__HLoviArie7__GCA_040805955.1	LOC524173	Ovis_aries__Sheep__HLoviArie7__GCA_040805955.1	2	2
HLbosTau10.ENSBTAT00000005384_PAG10_40579_Ovis_aries__Sheep__HLoviArie7__GCA_040805955.1	HLbosTau10.ENSBTAT00000005384#PAG10#40579#Ovis_aries__Sheep__HLoviArie7__GCA_040805955.1	PAG10	Ovis_aries__Sheep__HLoviArie7__GCA_040805955.1	2	2
HLbosTau10.ENSBTAT00000005384_PAG10_7352_Ovis_aries__Sheep__HLoviArie7__GCA_040805955.1	HLbosTau10.ENSBTAT00000005384#PAG10#7352#Ovis_aries__Sheep__HLoviArie7__GCA_040805955.1	PAG10	Ovis_aries__Sheep__HLoviArie7__GCA_040805955.1	2	2
HLbosTau10.ENSBTAT00000025567_PAG12_35112_Ovis_aries__Sheep__HLoviArie7__GCA_040805955.1	HLbosTau10.ENSBTAT00000025567#PAG12#35112#Ovis_aries__Sheep__HLoviArie7__GCA_040805955.1	PAG12	Ovis_aries__Sheep__HLoviArie7__GCA_040805955.1	2	2
HLbosTau10.ENSBTAT00000005384_PAG10_6435_Ovis_aries__Sheep__HLoviArie7__GCA_040805955.1	HLbosTau10.ENSBTAT00000005384#PAG10#6435#Ovis_aries__Sheep__HLoviArie7__GCA_040805955.1	PAG10	Ovis_aries__Sheep__HLoviArie7__GCA_040805955.1	2	2
HLbosTau10.ENSBTAT00000005384_PAG10_45856_Ovis_aries__Sheep__HLoviArie7__GCA_040805955.1	HLbosTau10.ENSBTAT00000005384#PAG10#45856#Ovis_aries__Sheep__HLoviArie7__GCA_040805955.1	PAG10	Ovis_aries__Sheep__HLoviArie7__GCA_040805955.1	2	2
HLbosTau10.ENSBTAT00000013786_PAG7_96_Ovis_aries__Sheep__HLoviArie7__GCA_040805955.1	HLbosTau10.ENSBTAT00000013786#PAG7#96#Ovis_aries__Sheep__HLoviArie7__GCA_040805955.1	PAG7	Ovis_aries__Sheep__HLoviArie7__GCA_040805955.1	2	2
HLeleMaxInd3A.XM_049891846.1_LOC126080666_2652_Ovis_aries__Sheep__HLoviArie7__GCA_040805955.1	HLeleMaxInd3A.XM_049891846.1#LOC126080666#2652#Ovis_aries__Sheep__HLoviArie7__GCA_040805955.1	LOC126080666	Ovis_aries__Sheep__HLoviArie7__GCA_040805955.1	2	2
HLbosTau10.ENSBTAT00000013786_PAG7_27_Ovis_aries__Sheep__HLoviArie7__GCA_040805955.1	HLbosTau10.ENSBTAT00000013786#PAG7#27#Ovis_aries__Sheep__HLoviArie7__GCA_040805955.1	PAG7	Ovis_aries__Sheep__HLoviArie7__GCA_040805955.1	2	2
HLbosTau10.XM_002707800_ENSBTAG00000051501_108259_Ovis_aries__Sheep__HLoviArie7__GCA_040805955.1	HLbosTau10.XM_002707800#ENSBTAG00000051501#108259#Ovis_aries__Sheep__HLoviArie7__GCA_040805955.1	ENSBTAG00000051501	Ovis_aries__Sheep__HLoviArie7__GCA_040805955.1	2	2
mm10.ENSMUST00000025647_Pga5_18183_Ovis_aries__Sheep__HLoviArie7__GCA_040805955.1	mm10.ENSMUST00000025647#Pga5#18183#Ovis_aries__Sheep__HLoviArie7__GCA_040805955.1	Pga5	Ovis_aries__Sheep__HLoviArie7__GCA_040805955.1	2	2
HLbosTau10.ENSBTAT00000025597_PAG8_53726_Ovis_aries__Sheep__HLoviArie7__GCA_040805955.1	HLbosTau10.ENSBTAT00000025597#PAG8#53726#Ovis_aries__Sheep__HLoviArie7__GCA_040805955.1	PAG8	Ovis_aries__Sheep__HLoviArie7__GCA_040805955.1	2	2
HLbosTau10.ENSBTAT00000005384_PAG10_875507_Ovis_aries__Sheep__HLoviArie7__GCA_040805955.1	HLbosTau10.ENSBTAT00000005384#PAG10#875507#Ovis_aries__Sheep__HLoviArie7__GCA_040805955.1	PAG10	Ovis_aries__Sheep__HLoviArie7__GCA_040805955.1	2	2
HLbosTau10.ENSBTAT00000025597_PAG8_33573_Ovis_aries__Sheep__HLoviArie7__GCA_040805955.1	HLbosTau10.ENSBTAT00000025597#PAG8#33573#Ovis_aries__Sheep__HLoviArie7__GCA_040805955.1	PAG8	Ovis_aries__Sheep__HLoviArie7__GCA_040805955.1	2	2
HLbosTau10.ENSBTAT00000030466_PAG18_423843_Ovis_aries__Sheep__HLoviArie7__GCA_040805955.1	HLbosTau10.ENSBTAT00000030466#PAG18#423843#Ovis_aries__Sheep__HLoviArie7__GCA_040805955.1	PAG18	Ovis_aries__Sheep__HLoviArie7__GCA_040805955.1	2	2
HLbosTau10.ENSBTAT00000027020_ENSBTAG00000035736_2311_Ovis_aries__Sheep__HLoviArie7__GCA_040805955.1	HLbosTau10.ENSBTAT00000027020#ENSBTAG00000035736#2311#Ovis_aries__Sheep__HLoviArie7__GCA_040805955.1	ENSBTAG00000035736	Ovis_aries__Sheep__HLoviArie7__GCA_040805955.1	2	2
HLbosTau10.ENSBTAT00000005384_PAG10_1493512_Ovis_aries__Sheep__HLoviArie7__GCA_040805955.1	HLbosTau10.ENSBTAT00000005384#PAG10#1493512#Ovis_aries__Sheep__HLoviArie7__GCA_040805955.1	PAG10	Ovis_aries__Sheep__HLoviArie7__GCA_040805955.1	2	2
HLbosTau10.NM_176625_PAG16_16884_Ovis_aries__Sheep__HLoviArie7__GCA_040805955.1	HLbosTau10.NM_176625#PAG16#16884#Ovis_aries__Sheep__HLoviArie7__GCA_040805955.1	PAG16	Ovis_aries__Sheep__HLoviArie7__GCA_040805955.1	2	2
HLbosTau10.ENSBTAT00000050664_PAG15_262803_Ovis_aries__Sheep__HLoviArie7__GCA_040805955.1	HLbosTau10.ENSBTAT00000050664#PAG15#262803#Ovis_aries__Sheep__HLoviArie7__GCA_040805955.1	PAG15	Ovis_aries__Sheep__HLoviArie7__GCA_040805955.1	2	2
HLbosTau10.NM_176619_PAG8_51816_Ovis_aries__Sheep__HLoviArie7__GCA_040805955.1	HLbosTau10.NM_176619#PAG8#51816#Ovis_aries__Sheep__HLoviArie7__GCA_040805955.1	PAG8	Ovis_aries__Sheep__HLoviArie7__GCA_040805955.1	2	2
HLbosTau10.ENSBTAT00000007507_ENSBTAG00000046038_1110_Ovis_aries__Sheep__HLoviArie7__GCA_040805955.1	HLbosTau10.ENSBTAT00000007507#ENSBTAG00000046038#1110#Ovis_aries__Sheep__HLoviArie7__GCA_040805955.1	ENSBTAG00000046038	Ovis_aries__Sheep__HLoviArie7__GCA_040805955.1	2	2
HLbosTau10.ENSBTAT00000050648_PAG9_1675_Ovis_aries__Sheep__HLoviArie7__GCA_040805955.1	HLbosTau10.ENSBTAT00000050648#PAG9#1675#Ovis_aries__Sheep__HLoviArie7__GCA_040805955.1	PAG9	Ovis_aries__Sheep__HLoviArie7__GCA_040805955.1	2	2
mm10.ENSMUST00000025647_Pga5_18193_Ovis_aries__Sheep__HLoviArie7__GCA_040805955.1	mm10.ENSMUST00000025647#Pga5#18193#Ovis_aries__Sheep__HLoviArie7__GCA_040805955.1	Pga5	Ovis_aries__Sheep__HLoviArie7__GCA_040805955.1	2	2
HLbosTau10.ENSBTAT00000013786_PAG7_55660_Ovis_aries__Sheep__HLoviArie7__GCA_040805955.1	HLbosTau10.ENSBTAT00000013786#PAG7#55660#Ovis_aries__Sheep__HLoviArie7__GCA_040805955.1	PAG7	Ovis_aries__Sheep__HLoviArie7__GCA_040805955.1	2	2
HLbosTau10.ENSBTAT00000017669_ENSBTAG00000035736_753_Ovis_aries__Sheep__HLoviArie7__GCA_040805955.1	HLbosTau10.ENSBTAT00000017669#ENSBTAG00000035736#753#Ovis_aries__Sheep__HLoviArie7__GCA_040805955.1	ENSBTAG00000035736	Ovis_aries__Sheep__HLoviArie7__GCA_040805955.1	2	2
HLbosTau10.NM_176625_PAG16_12588_Ovis_aries__Sheep__HLoviArie7__GCA_040805955.1	HLbosTau10.NM_176625#PAG16#12588#Ovis_aries__Sheep__HLoviArie7__GCA_040805955.1	PAG16	Ovis_aries__Sheep__HLoviArie7__GCA_040805955.1	2	2
HLbosTau10.NM_176619_PAG8_7486_Ovis_aries__Sheep__HLoviArie7__GCA_040805955.1	HLbosTau10.NM_176619#PAG8#7486#Ovis_aries__Sheep__HLoviArie7__GCA_040805955.1	PAG8	Ovis_aries__Sheep__HLoviArie7__GCA_040805955.1	2	2
HLbosTau10.ENSBTAT00000013786_PAG7_228232_Ovis_aries__Sheep__HLoviArie7__GCA_040805955.1	HLbosTau10.ENSBTAT00000013786#PAG7#228232#Ovis_aries__Sheep__HLoviArie7__GCA_040805955.1	PAG7	Ovis_aries__Sheep__HLoviArie7__GCA_040805955.1	2	2
HLbosTau10.ENSBTAT00000005384_PAG10_1057375_Ovis_aries__Sheep__HLoviArie7__GCA_040805955.1	HLbosTau10.ENSBTAT00000005384#PAG10#1057375#Ovis_aries__Sheep__HLoviArie7__GCA_040805955.1	PAG10	Ovis_aries__Sheep__HLoviArie7__GCA_040805955.1	2	2
mm10.ENSMUST00000025647_Pga5_15026_Ovis_aries__Sheep__HLoviArie7__GCA_040805955.1	mm10.ENSMUST00000025647#Pga5#15026#Ovis_aries__Sheep__HLoviArie7__GCA_040805955.1	Pga5	Ovis_aries__Sheep__HLoviArie7__GCA_040805955.1	2	2
HLbosTau10.ENSBTAT00000013786_PAG7_284097_Ovis_aries__Sheep__HLoviArie7__GCA_040805955.1	HLbosTau10.ENSBTAT00000013786#PAG7#284097#Ovis_aries__Sheep__HLoviArie7__GCA_040805955.1	PAG7	Ovis_aries__Sheep__HLoviArie7__GCA_040805955.1	2	2
mm10.ENSMUST00000025647_Pga5_16785_Ovis_aries__Sheep__HLoviArie7__GCA_040805955.1	mm10.ENSMUST00000025647#Pga5#16785#Ovis_aries__Sheep__HLoviArie7__GCA_040805955.1	Pga5	Ovis_aries__Sheep__HLoviArie7__GCA_040805955.1	2	2
HLbosTau10.XM_002707800_ENSBTAG00000051501_3324_Ovis_aries__Sheep__HLoviArie7__GCA_040805955.1	HLbosTau10.XM_002707800#ENSBTAG00000051501#3324#Ovis_aries__Sheep__HLoviArie7__GCA_040805955.1	ENSBTAG00000051501	Ovis_aries__Sheep__HLoviArie7__GCA_040805955.1	2	2
mm10.ENSMUST00000025647_Pga5_15665_Ovis_aries__Sheep__HLoviArie7__GCA_040805955.1	mm10.ENSMUST00000025647#Pga5#15665#Ovis_aries__Sheep__HLoviArie7__GCA_040805955.1	Pga5	Ovis_aries__Sheep__HLoviArie7__GCA_040805955.1	2	2
HLbosTau10.ENSBTAT00000017669_ENSBTAG00000035736_651_Ovis_aries__Sheep__HLoviArie7__GCA_040805955.1	HLbosTau10.ENSBTAT00000017669#ENSBTAG00000035736#651#Ovis_aries__Sheep__HLoviArie7__GCA_040805955.1	ENSBTAG00000035736	Ovis_aries__Sheep__HLoviArie7__GCA_040805955.1	2	2
HLbosTau10.ENSBTAT00000013786_PAG7_379900_Ovis_aries__Sheep__HLoviArie7__GCA_040805955.1	HLbosTau10.ENSBTAT00000013786#PAG7#379900#Ovis_aries__Sheep__HLoviArie7__GCA_040805955.1	PAG7	Ovis_aries__Sheep__HLoviArie7__GCA_040805955.1	2	2
mm10.ENSMUST00000025647_Pga5_30853_Ovis_aries__Sheep__HLoviArie7__GCA_040805955.1	mm10.ENSMUST00000025647#Pga5#30853#Ovis_aries__Sheep__HLoviArie7__GCA_040805955.1	Pga5	Ovis_aries__Sheep__HLoviArie7__GCA_040805955.1	2	2
HLbosTau10.ENSBTAT00000017669_ENSBTAG00000035736_339_Ovis_aries__Sheep__HLoviArie7__GCA_040805955.1	HLbosTau10.ENSBTAT00000017669#ENSBTAG00000035736#339#Ovis_aries__Sheep__HLoviArie7__GCA_040805955.1	ENSBTAG00000035736	Ovis_aries__Sheep__HLoviArie7__GCA_040805955.1	2	2
HLbosTau10.ENSBTAT00000009701_ENSBTAG00000038506_44588_Ovis_aries__Sheep__HLoviArie7__GCA_040805955.1	HLbosTau10.ENSBTAT00000009701#ENSBTAG00000038506#44588#Ovis_aries__Sheep__HLoviArie7__GCA_040805955.1	ENSBTAG00000038506	Ovis_aries__Sheep__HLoviArie7__GCA_040805955.1	2	2
HLbosTau10.ENSBTAT00000025597_PAG8_21284_Ovis_aries__Sheep__HLoviArie7__GCA_040805955.1	HLbosTau10.ENSBTAT00000025597#PAG8#21284#Ovis_aries__Sheep__HLoviArie7__GCA_040805955.1	PAG8	Ovis_aries__Sheep__HLoviArie7__GCA_040805955.1	2	2
HLbosTau10.NM_001083697_MGC157405_307304_Ovis_aries__Sheep__HLoviArie7__GCA_040805955.1	HLbosTau10.NM_001083697#MGC157405#307304#Ovis_aries__Sheep__HLoviArie7__GCA_040805955.1	MGC157405	Ovis_aries__Sheep__HLoviArie7__GCA_040805955.1	2	2
HLbosTau10.ENSBTAT00000025567_PAG12_173122_Ovis_aries__Sheep__HLoviArie7__GCA_040805955.1	HLbosTau10.ENSBTAT00000025567#PAG12#173122#Ovis_aries__Sheep__HLoviArie7__GCA_040805955.1	PAG12	Ovis_aries__Sheep__HLoviArie7__GCA_040805955.1	2	2
HLbosTau10.ENSBTAT00000063428_ENSBTAG00000051196_323747_Ovis_aries__Sheep__HLoviArie7__GCA_040805955.1	HLbosTau10.ENSBTAT00000063428#ENSBTAG00000051196#323747#Ovis_aries__Sheep__HLoviArie7__GCA_040805955.1	ENSBTAG00000051196	Ovis_aries__Sheep__HLoviArie7__GCA_040805955.1	2	2
HLbosTau10.ENSBTAT00000013786_PAG7_14592_Ovis_aries__Sheep__HLoviArie7__GCA_040805955.1	HLbosTau10.ENSBTAT00000013786#PAG7#14592#Ovis_aries__Sheep__HLoviArie7__GCA_040805955.1	PAG7	Ovis_aries__Sheep__HLoviArie7__GCA_040805955.1	2	2
HLbosTau10.ENSBTAT00000013786_PAG7_8846_Ovis_aries__Sheep__HLoviArie7__GCA_040805955.1	HLbosTau10.ENSBTAT00000013786#PAG7#8846#Ovis_aries__Sheep__HLoviArie7__GCA_040805955.1	PAG7	Ovis_aries__Sheep__HLoviArie7__GCA_040805955.1	2	2
mm10.ENSMUST00000025647_Pga5_21274_Ovis_aries__Sheep__HLoviArie7__GCA_040805955.1	mm10.ENSMUST00000025647#Pga5#21274#Ovis_aries__Sheep__HLoviArie7__GCA_040805955.1	Pga5	Ovis_aries__Sheep__HLoviArie7__GCA_040805955.1	2	2
HLbosTau10.ENSBTAT00000027020_ENSBTAG00000035736_12907_Ovis_aries__Sheep__HLoviArie7__GCA_040805955.1	HLbosTau10.ENSBTAT00000027020#ENSBTAG00000035736#12907#Ovis_aries__Sheep__HLoviArie7__GCA_040805955.1	ENSBTAG00000035736	Ovis_aries__Sheep__HLoviArie7__GCA_040805955.1	2	2
HLbosTau10.ENSBTAT00000013786_PAG7_427_Ovis_aries__Sheep__HLoviArie7__GCA_040805955.1	HLbosTau10.ENSBTAT00000013786#PAG7#427#Ovis_aries__Sheep__HLoviArie7__GCA_040805955.1	PAG7	Ovis_aries__Sheep__HLoviArie7__GCA_040805955.1	2	2
mm10.ENSMUST00000025647_Pga5_17193_Ovis_aries__Sheep__HLoviArie7__GCA_040805955.1	mm10.ENSMUST00000025647#Pga5#17193#Ovis_aries__Sheep__HLoviArie7__GCA_040805955.1	Pga5	Ovis_aries__Sheep__HLoviArie7__GCA_040805955.1	2	2
mm10.ENSMUST00000025647_Pga5_17372_Ovis_aries__Sheep__HLoviArie7__GCA_040805955.1	mm10.ENSMUST00000025647#Pga5#17372#Ovis_aries__Sheep__HLoviArie7__GCA_040805955.1	Pga5	Ovis_aries__Sheep__HLoviArie7__GCA_040805955.1	2	2
mm10.ENSMUST00000025647_Pga5_17360_Ovis_aries__Sheep__HLoviArie7__GCA_040805955.1	mm10.ENSMUST00000025647#Pga5#17360#Ovis_aries__Sheep__HLoviArie7__GCA_040805955.1	Pga5	Ovis_aries__Sheep__HLoviArie7__GCA_040805955.1	2	2
mm10.ENSMUST00000025647_Pga5_15041_Ovis_aries__Sheep__HLoviArie7__GCA_040805955.1	mm10.ENSMUST00000025647#Pga5#15041#Ovis_aries__Sheep__HLoviArie7__GCA_040805955.1	Pga5	Ovis_aries__Sheep__HLoviArie7__GCA_040805955.1	2	2
HLbosTau10.ENSBTAT00000038878_PAG6_6307_Ovis_aries__Sheep__HLoviArie7__GCA_040805955.1	HLbosTau10.ENSBTAT00000038878#PAG6#6307#Ovis_aries__Sheep__HLoviArie7__GCA_040805955.1	PAG6	Ovis_aries__Sheep__HLoviArie7__GCA_040805955.1	2	2
HLbosTau10.ENSBTAT00000027020_ENSBTAG00000035736_10923_Ovis_aries__Sheep__HLoviArie7__GCA_040805955.1	HLbosTau10.ENSBTAT00000027020#ENSBTAG00000035736#10923#Ovis_aries__Sheep__HLoviArie7__GCA_040805955.1	ENSBTAG00000035736	Ovis_aries__Sheep__HLoviArie7__GCA_040805955.1	2	2
HLbosTau10.ENSBTAT00000013786_PAG7_2746_Ovis_aries__Sheep__HLoviArie7__GCA_040805955.1	HLbosTau10.ENSBTAT00000013786#PAG7#2746#Ovis_aries__Sheep__HLoviArie7__GCA_040805955.1	PAG7	Ovis_aries__Sheep__HLoviArie7__GCA_040805955.1	2	2
mm10.ENSMUST00000025647_Pga5_17534_Ovis_aries__Sheep__HLoviArie7__GCA_040805955.1	mm10.ENSMUST00000025647#Pga5#17534#Ovis_aries__Sheep__HLoviArie7__GCA_040805955.1	Pga5	Ovis_aries__Sheep__HLoviArie7__GCA_040805955.1	2	2
mm10.ENSMUST00000025647_Pga5_12632_Ovis_aries__Sheep__HLoviArie7__GCA_040805955.1	mm10.ENSMUST00000025647#Pga5#12632#Ovis_aries__Sheep__HLoviArie7__GCA_040805955.1	Pga5	Ovis_aries__Sheep__HLoviArie7__GCA_040805955.1	2	2
mm10.ENSMUST00000025647_Pga5_108248_Ovis_aries__Sheep__HLoviArie7__GCA_040805955.1	mm10.ENSMUST00000025647#Pga5#108248#Ovis_aries__Sheep__HLoviArie7__GCA_040805955.1	Pga5	Ovis_aries__Sheep__HLoviArie7__GCA_040805955.1	9	4
HLbosTau10.ENSBTAT00000025567_PAG12_54787_Ovis_aries__Sheep__HLoviArie7__GCA_040805955.1	HLbosTau10.ENSBTAT00000025567#PAG12#54787#Ovis_aries__Sheep__HLoviArie7__GCA_040805955.1	PAG12	Ovis_aries__Sheep__HLoviArie7__GCA_040805955.1	2	2
HLbosTau10.XM_002707800_ENSBTAG00000051501_5090_Ovis_aries__Sheep__HLoviArie7__GCA_040805955.1	HLbosTau10.XM_002707800#ENSBTAG00000051501#5090#Ovis_aries__Sheep__HLoviArie7__GCA_040805955.1	ENSBTAG00000051501	Ovis_aries__Sheep__HLoviArie7__GCA_040805955.1	7	4
HLbosTau10.NM_174411_ENSBTAG00000054180_16341_Ovis_aries__Sheep__HLoviArie7__GCA_040805955.1	HLbosTau10.NM_174411#ENSBTAG00000054180#16341#Ovis_aries__Sheep__HLoviArie7__GCA_040805955.1	ENSBTAG00000054180	Ovis_aries__Sheep__HLoviArie7__GCA_040805955.1	8	4
HLbosTau10.ENSBTAT00000005399_PAG11_6868_Ovis_aries__Sheep__HLoviArie7__GCA_040805955.1	HLbosTau10.ENSBTAT00000005399#PAG11#6868#Ovis_aries__Sheep__HLoviArie7__GCA_040805955.1	PAG11	Ovis_aries__Sheep__HLoviArie7__GCA_040805955.1	5	4
HLbosTau10.ENSBTAT00000030243_PAG3_236400_Ovis_aries__Sheep__HLoviArie7__GCA_040805955.1	HLbosTau10.ENSBTAT00000030243#PAG3#236400#Ovis_aries__Sheep__HLoviArie7__GCA_040805955.1	PAG3	Ovis_aries__Sheep__HLoviArie7__GCA_040805955.1	4	4
HLbosTau10.ENSBTAT00000017585_ENSBTAG00000013214_5524_Ovis_aries__Sheep__HLoviArie7__GCA_040805955.1	HLbosTau10.ENSBTAT00000017585#ENSBTAG00000013214#5524#Ovis_aries__Sheep__HLoviArie7__GCA_040805955.1	ENSBTAG00000013214	Ovis_aries__Sheep__HLoviArie7__GCA_040805955.1	5	4
HLbosTau10.ENSBTAT00000030188_ENSBTAG00000024611_339_Ovis_aries__Sheep__HLoviArie7__GCA_040805955.1	HLbosTau10.ENSBTAT00000030188#ENSBTAG00000024611#339#Ovis_aries__Sheep__HLoviArie7__GCA_040805955.1	ENSBTAG00000024611	Ovis_aries__Sheep__HLoviArie7__GCA_040805955.1	5	4
mm10.ENSMUST00000025647_Pga5_32641_Ovis_aries__Sheep__HLoviArie7__GCA_040805955.1	mm10.ENSMUST00000025647#Pga5#32641#Ovis_aries__Sheep__HLoviArie7__GCA_040805955.1	Pga5	Ovis_aries__Sheep__HLoviArie7__GCA_040805955.1	5	4
hg38.ENST00000312403.10_PGA5_4359_Ovis_aries__Sheep__HLoviArie7__GCA_040805955.1	hg38.ENST00000312403.10#PGA5#4359#Ovis_aries__Sheep__HLoviArie7__GCA_040805955.1	PGA5	Ovis_aries__Sheep__HLoviArie7__GCA_040805955.1	56	38
HLbosTau10.ENSBTAT00000013786_PAG7_436694_Ovis_canadensis__Bighorn_sheep__HLoviCana3__GCF_042477335.2	HLbosTau10.ENSBTAT00000013786#PAG7#436694#Ovis_canadensis__Bighorn_sheep__HLoviCana3__GCF_042477335.2	PAG7	Ovis_canadensis__Bighorn_sheep__HLoviCana3__GCF_042477335.2	10	4
HLbosTau10.ENSBTAT00000013786_PAG7_36721_Ovis_canadensis__Bighorn_sheep__HLoviCana3__GCF_042477335.2	HLbosTau10.ENSBTAT00000013786#PAG7#36721#Ovis_canadensis__Bighorn_sheep__HLoviCana3__GCF_042477335.2	PAG7	Ovis_canadensis__Bighorn_sheep__HLoviCana3__GCF_042477335.2	10	4
HLbosTau10.ENSBTAT00000017669_ENSBTAG00000035736_1056_Ovis_canadensis__Bighorn_sheep__HLoviCana3__GCF_042477335.2	HLbosTau10.ENSBTAT00000017669#ENSBTAG00000035736#1056#Ovis_canadensis__Bighorn_sheep__HLoviCana3__GCF_042477335.2	ENSBTAG00000035736	Ovis_canadensis__Bighorn_sheep__HLoviCana3__GCF_042477335.2	6	4
HLbosTau10.ENSBTAT00000025517_PAG2_553868_Ovis_canadensis__Bighorn_sheep__HLoviCana3__GCF_042477335.2	HLbosTau10.ENSBTAT00000025517#PAG2#553868#Ovis_canadensis__Bighorn_sheep__HLoviCana3__GCF_042477335.2	PAG2	Ovis_canadensis__Bighorn_sheep__HLoviCana3__GCF_042477335.2	2	2
mm10.ENSMUST00000025647_Pga5_37060_Ovis_canadensis__Bighorn_sheep__HLoviCana3__GCF_042477335.2	mm10.ENSMUST00000025647#Pga5#37060#Ovis_canadensis__Bighorn_sheep__HLoviCana3__GCF_042477335.2	Pga5	Ovis_canadensis__Bighorn_sheep__HLoviCana3__GCF_042477335.2	2	2
mm10.ENSMUST00000025647_Pga5_331442_Ovis_canadensis__Bighorn_sheep__HLoviCana3__GCF_042477335.2	mm10.ENSMUST00000025647#Pga5#331442#Ovis_canadensis__Bighorn_sheep__HLoviCana3__GCF_042477335.2	Pga5	Ovis_canadensis__Bighorn_sheep__HLoviCana3__GCF_042477335.2	2	2
HLbosTau10.ENSBTAT00000005384_PAG10_6217_Ovis_canadensis__Bighorn_sheep__HLoviCana3__GCF_042477335.2	HLbosTau10.ENSBTAT00000005384#PAG10#6217#Ovis_canadensis__Bighorn_sheep__HLoviCana3__GCF_042477335.2	PAG10	Ovis_canadensis__Bighorn_sheep__HLoviCana3__GCF_042477335.2	2	2
HLbosTau10.ENSBTAT00000025567_PAG12_25704_Ovis_canadensis__Bighorn_sheep__HLoviCana3__GCF_042477335.2	HLbosTau10.ENSBTAT00000025567#PAG12#25704#Ovis_canadensis__Bighorn_sheep__HLoviCana3__GCF_042477335.2	PAG12	Ovis_canadensis__Bighorn_sheep__HLoviCana3__GCF_042477335.2	2	2
HLbosTau10.ENSBTAT00000005384_PAG10_5477_Ovis_canadensis__Bighorn_sheep__HLoviCana3__GCF_042477335.2	HLbosTau10.ENSBTAT00000005384#PAG10#5477#Ovis_canadensis__Bighorn_sheep__HLoviCana3__GCF_042477335.2	PAG10	Ovis_canadensis__Bighorn_sheep__HLoviCana3__GCF_042477335.2	2	2
HLbosTau10.ENSBTAT00000025593_PAG5_822_Ovis_canadensis__Bighorn_sheep__HLoviCana3__GCF_042477335.2	HLbosTau10.ENSBTAT00000025593#PAG5#822#Ovis_canadensis__Bighorn_sheep__HLoviCana3__GCF_042477335.2	PAG5	Ovis_canadensis__Bighorn_sheep__HLoviCana3__GCF_042477335.2	2	2
HLbosTau10.ENSBTAT00000013786_PAG7_1956_Ovis_canadensis__Bighorn_sheep__HLoviCana3__GCF_042477335.2	HLbosTau10.ENSBTAT00000013786#PAG7#1956#Ovis_canadensis__Bighorn_sheep__HLoviCana3__GCF_042477335.2	PAG7	Ovis_canadensis__Bighorn_sheep__HLoviCana3__GCF_042477335.2	2	2
HLbosTau10.ENSBTAT00000038954_PAG21_266849_Ovis_canadensis__Bighorn_sheep__HLoviCana3__GCF_042477335.2	HLbosTau10.ENSBTAT00000038954#PAG21#266849#Ovis_canadensis__Bighorn_sheep__HLoviCana3__GCF_042477335.2	PAG21	Ovis_canadensis__Bighorn_sheep__HLoviCana3__GCF_042477335.2	2	2
HLbosTau10.ENSBTAT00000007506_MGC157408_12449_Ovis_canadensis__Bighorn_sheep__HLoviCana3__GCF_042477335.2	HLbosTau10.ENSBTAT00000007506#MGC157408#12449#Ovis_canadensis__Bighorn_sheep__HLoviCana3__GCF_042477335.2	MGC157408	Ovis_canadensis__Bighorn_sheep__HLoviCana3__GCF_042477335.2	2	2
HLbosTau10.ENSBTAT00000025597_PAG8_32811_Ovis_canadensis__Bighorn_sheep__HLoviCana3__GCF_042477335.2	HLbosTau10.ENSBTAT00000025597#PAG8#32811#Ovis_canadensis__Bighorn_sheep__HLoviCana3__GCF_042477335.2	PAG8	Ovis_canadensis__Bighorn_sheep__HLoviCana3__GCF_042477335.2	2	2
mm10.ENSMUST00000025647_Pga5_14027_Ovis_canadensis__Bighorn_sheep__HLoviCana3__GCF_042477335.2	mm10.ENSMUST00000025647#Pga5#14027#Ovis_canadensis__Bighorn_sheep__HLoviCana3__GCF_042477335.2	Pga5	Ovis_canadensis__Bighorn_sheep__HLoviCana3__GCF_042477335.2	2	2
HLbosTau10.ENSBTAT00000013786_PAG7_27_Ovis_canadensis__Bighorn_sheep__HLoviCana3__GCF_042477335.2	HLbosTau10.ENSBTAT00000013786#PAG7#27#Ovis_canadensis__Bighorn_sheep__HLoviCana3__GCF_042477335.2	PAG7	Ovis_canadensis__Bighorn_sheep__HLoviCana3__GCF_042477335.2	2	2
HLbosTau10.ENSBTAT00000077609_ENSBTAG00000053183_1311_Ovis_canadensis__Bighorn_sheep__HLoviCana3__GCF_042477335.2	HLbosTau10.ENSBTAT00000077609#ENSBTAG00000053183#1311#Ovis_canadensis__Bighorn_sheep__HLoviCana3__GCF_042477335.2	ENSBTAG00000053183	Ovis_canadensis__Bighorn_sheep__HLoviCana3__GCF_042477335.2	2	2
HLbosTau10.NM_176628_PAG19_1254_Ovis_canadensis__Bighorn_sheep__HLoviCana3__GCF_042477335.2	HLbosTau10.NM_176628#PAG19#1254#Ovis_canadensis__Bighorn_sheep__HLoviCana3__GCF_042477335.2	PAG19	Ovis_canadensis__Bighorn_sheep__HLoviCana3__GCF_042477335.2	2	2
mm10.ENSMUST00000025647_Pga5_14004_Ovis_canadensis__Bighorn_sheep__HLoviCana3__GCF_042477335.2	mm10.ENSMUST00000025647#Pga5#14004#Ovis_canadensis__Bighorn_sheep__HLoviCana3__GCF_042477335.2	Pga5	Ovis_canadensis__Bighorn_sheep__HLoviCana3__GCF_042477335.2	2	2
HLbosTau10.ENSBTAT00000025597_PAG8_37564_Ovis_canadensis__Bighorn_sheep__HLoviCana3__GCF_042477335.2	HLbosTau10.ENSBTAT00000025597#PAG8#37564#Ovis_canadensis__Bighorn_sheep__HLoviCana3__GCF_042477335.2	PAG8	Ovis_canadensis__Bighorn_sheep__HLoviCana3__GCF_042477335.2	2	2
HLbosTau10.ENSBTAT00000025597_PAG8_55866_Ovis_canadensis__Bighorn_sheep__HLoviCana3__GCF_042477335.2	HLbosTau10.ENSBTAT00000025597#PAG8#55866#Ovis_canadensis__Bighorn_sheep__HLoviCana3__GCF_042477335.2	PAG8	Ovis_canadensis__Bighorn_sheep__HLoviCana3__GCF_042477335.2	2	2
HLbosTau10.ENSBTAT00000013786_PAG7_232153_Ovis_canadensis__Bighorn_sheep__HLoviCana3__GCF_042477335.2	HLbosTau10.ENSBTAT00000013786#PAG7#232153#Ovis_canadensis__Bighorn_sheep__HLoviCana3__GCF_042477335.2	PAG7	Ovis_canadensis__Bighorn_sheep__HLoviCana3__GCF_042477335.2	2	2
HLbosTau10.ENSBTAT00000050664_PAG15_332324_Ovis_canadensis__Bighorn_sheep__HLoviCana3__GCF_042477335.2	HLbosTau10.ENSBTAT00000050664#PAG15#332324#Ovis_canadensis__Bighorn_sheep__HLoviCana3__GCF_042477335.2	PAG15	Ovis_canadensis__Bighorn_sheep__HLoviCana3__GCF_042477335.2	2	2
mm10.ENSMUST00000025647_Pga5_16557_Ovis_canadensis__Bighorn_sheep__HLoviCana3__GCF_042477335.2	mm10.ENSMUST00000025647#Pga5#16557#Ovis_canadensis__Bighorn_sheep__HLoviCana3__GCF_042477335.2	Pga5	Ovis_canadensis__Bighorn_sheep__HLoviCana3__GCF_042477335.2	2	2
mm10.ENSMUST00000025647_Pga5_12715_Ovis_canadensis__Bighorn_sheep__HLoviCana3__GCF_042477335.2	mm10.ENSMUST00000025647#Pga5#12715#Ovis_canadensis__Bighorn_sheep__HLoviCana3__GCF_042477335.2	Pga5	Ovis_canadensis__Bighorn_sheep__HLoviCana3__GCF_042477335.2	2	2
HLbosTau10.ENSBTAT00000025597_PAG8_7945_Ovis_canadensis__Bighorn_sheep__HLoviCana3__GCF_042477335.2	HLbosTau10.ENSBTAT00000025597#PAG8#7945#Ovis_canadensis__Bighorn_sheep__HLoviCana3__GCF_042477335.2	PAG8	Ovis_canadensis__Bighorn_sheep__HLoviCana3__GCF_042477335.2	2	2
HLbosTau10.NM_001109978_PAG7_253581_Ovis_canadensis__Bighorn_sheep__HLoviCana3__GCF_042477335.2	HLbosTau10.NM_001109978#PAG7#253581#Ovis_canadensis__Bighorn_sheep__HLoviCana3__GCF_042477335.2	PAG7	Ovis_canadensis__Bighorn_sheep__HLoviCana3__GCF_042477335.2	2	2
HLbosTau10.ENSBTAT00000017669_ENSBTAG00000035736_834_Ovis_canadensis__Bighorn_sheep__HLoviCana3__GCF_042477335.2	HLbosTau10.ENSBTAT00000017669#ENSBTAG00000035736#834#Ovis_canadensis__Bighorn_sheep__HLoviCana3__GCF_042477335.2	ENSBTAG00000035736	Ovis_canadensis__Bighorn_sheep__HLoviCana3__GCF_042477335.2	2	2
HLbosTau10.ENSBTAT00000025567_PAG12_102604_Ovis_canadensis__Bighorn_sheep__HLoviCana3__GCF_042477335.2	HLbosTau10.ENSBTAT00000025567#PAG12#102604#Ovis_canadensis__Bighorn_sheep__HLoviCana3__GCF_042477335.2	PAG12	Ovis_canadensis__Bighorn_sheep__HLoviCana3__GCF_042477335.2	2	2
HLbosTau10.ENSBTAT00000025593_PAG5_7123_Ovis_canadensis__Bighorn_sheep__HLoviCana3__GCF_042477335.2	HLbosTau10.ENSBTAT00000025593#PAG5#7123#Ovis_canadensis__Bighorn_sheep__HLoviCana3__GCF_042477335.2	PAG5	Ovis_canadensis__Bighorn_sheep__HLoviCana3__GCF_042477335.2	2	2
HLbosTau10.ENSBTAT00000038954_PAG21_343_Ovis_canadensis__Bighorn_sheep__HLoviCana3__GCF_042477335.2	HLbosTau10.ENSBTAT00000038954#PAG21#343#Ovis_canadensis__Bighorn_sheep__HLoviCana3__GCF_042477335.2	PAG21	Ovis_canadensis__Bighorn_sheep__HLoviCana3__GCF_042477335.2	2	2
HLbosTau10.ENSBTAT00000013786_PAG7_1978_Ovis_canadensis__Bighorn_sheep__HLoviCana3__GCF_042477335.2	HLbosTau10.ENSBTAT00000013786#PAG7#1978#Ovis_canadensis__Bighorn_sheep__HLoviCana3__GCF_042477335.2	PAG7	Ovis_canadensis__Bighorn_sheep__HLoviCana3__GCF_042477335.2	2	2
HLbosTau10.ENSBTAT00000025567_PAG12_20472_Ovis_canadensis__Bighorn_sheep__HLoviCana3__GCF_042477335.2	HLbosTau10.ENSBTAT00000025567#PAG12#20472#Ovis_canadensis__Bighorn_sheep__HLoviCana3__GCF_042477335.2	PAG12	Ovis_canadensis__Bighorn_sheep__HLoviCana3__GCF_042477335.2	2	2
HLbosTau10.ENSBTAT00000013786_PAG7_214226_Ovis_canadensis__Bighorn_sheep__HLoviCana3__GCF_042477335.2	HLbosTau10.ENSBTAT00000013786#PAG7#214226#Ovis_canadensis__Bighorn_sheep__HLoviCana3__GCF_042477335.2	PAG7	Ovis_canadensis__Bighorn_sheep__HLoviCana3__GCF_042477335.2	2	2
HLbosTau10.ENSBTAT00000013786_PAG7_299_Ovis_canadensis__Bighorn_sheep__HLoviCana3__GCF_042477335.2	HLbosTau10.ENSBTAT00000013786#PAG7#299#Ovis_canadensis__Bighorn_sheep__HLoviCana3__GCF_042477335.2	PAG7	Ovis_canadensis__Bighorn_sheep__HLoviCana3__GCF_042477335.2	2	2
mm10.ENSMUST00000025647_Pga5_15683_Ovis_canadensis__Bighorn_sheep__HLoviCana3__GCF_042477335.2	mm10.ENSMUST00000025647#Pga5#15683#Ovis_canadensis__Bighorn_sheep__HLoviCana3__GCF_042477335.2	Pga5	Ovis_canadensis__Bighorn_sheep__HLoviCana3__GCF_042477335.2	2	2
HLbosTau10.ENSBTAT00000017669_ENSBTAG00000035736_241_Ovis_canadensis__Bighorn_sheep__HLoviCana3__GCF_042477335.2	HLbosTau10.ENSBTAT00000017669#ENSBTAG00000035736#241#Ovis_canadensis__Bighorn_sheep__HLoviCana3__GCF_042477335.2	ENSBTAG00000035736	Ovis_canadensis__Bighorn_sheep__HLoviCana3__GCF_042477335.2	2	2
HLbosTau10.ENSBTAT00000063428_ENSBTAG00000051196_519_Ovis_canadensis__Bighorn_sheep__HLoviCana3__GCF_042477335.2	HLbosTau10.ENSBTAT00000063428#ENSBTAG00000051196#519#Ovis_canadensis__Bighorn_sheep__HLoviCana3__GCF_042477335.2	ENSBTAG00000051196	Ovis_canadensis__Bighorn_sheep__HLoviCana3__GCF_042477335.2	2	2
HLbosTau10.NM_176619_PAG8_24699_Ovis_canadensis__Bighorn_sheep__HLoviCana3__GCF_042477335.2	HLbosTau10.NM_176619#PAG8#24699#Ovis_canadensis__Bighorn_sheep__HLoviCana3__GCF_042477335.2	PAG8	Ovis_canadensis__Bighorn_sheep__HLoviCana3__GCF_042477335.2	2	2
HLbosTau10.ENSBTAT00000013786_PAG7_293_Ovis_canadensis__Bighorn_sheep__HLoviCana3__GCF_042477335.2	HLbosTau10.ENSBTAT00000013786#PAG7#293#Ovis_canadensis__Bighorn_sheep__HLoviCana3__GCF_042477335.2	PAG7	Ovis_canadensis__Bighorn_sheep__HLoviCana3__GCF_042477335.2	2	2
HLbosTau10.ENSBTAT00000063428_ENSBTAG00000051196_7567_Ovis_canadensis__Bighorn_sheep__HLoviCana3__GCF_042477335.2	HLbosTau10.ENSBTAT00000063428#ENSBTAG00000051196#7567#Ovis_canadensis__Bighorn_sheep__HLoviCana3__GCF_042477335.2	ENSBTAG00000051196	Ovis_canadensis__Bighorn_sheep__HLoviCana3__GCF_042477335.2	2	2
HLbosTau10.NM_176625_PAG16_14931_Ovis_canadensis__Bighorn_sheep__HLoviCana3__GCF_042477335.2	HLbosTau10.NM_176625#PAG16#14931#Ovis_canadensis__Bighorn_sheep__HLoviCana3__GCF_042477335.2	PAG16	Ovis_canadensis__Bighorn_sheep__HLoviCana3__GCF_042477335.2	2	2
mm10.ENSMUST00000025647_Pga5_239607_Ovis_canadensis__Bighorn_sheep__HLoviCana3__GCF_042477335.2	mm10.ENSMUST00000025647#Pga5#239607#Ovis_canadensis__Bighorn_sheep__HLoviCana3__GCF_042477335.2	Pga5	Ovis_canadensis__Bighorn_sheep__HLoviCana3__GCF_042477335.2	2	2
HLbosTau10.ENSBTAT00000013786_PAG7_3597_Ovis_canadensis__Bighorn_sheep__HLoviCana3__GCF_042477335.2	HLbosTau10.ENSBTAT00000013786#PAG7#3597#Ovis_canadensis__Bighorn_sheep__HLoviCana3__GCF_042477335.2	PAG7	Ovis_canadensis__Bighorn_sheep__HLoviCana3__GCF_042477335.2	2	2
HLbosTau10.ENSBTAT00000013786_PAG7_186887_Ovis_canadensis__Bighorn_sheep__HLoviCana3__GCF_042477335.2	HLbosTau10.ENSBTAT00000013786#PAG7#186887#Ovis_canadensis__Bighorn_sheep__HLoviCana3__GCF_042477335.2	PAG7	Ovis_canadensis__Bighorn_sheep__HLoviCana3__GCF_042477335.2	2	2
HLbosTau10.ENSBTAT00000025597_PAG8_31927_Ovis_canadensis__Bighorn_sheep__HLoviCana3__GCF_042477335.2	HLbosTau10.ENSBTAT00000025597#PAG8#31927#Ovis_canadensis__Bighorn_sheep__HLoviCana3__GCF_042477335.2	PAG8	Ovis_canadensis__Bighorn_sheep__HLoviCana3__GCF_042477335.2	2	2
mm10.ENSMUST00000025647_Pga5_17455_Ovis_canadensis__Bighorn_sheep__HLoviCana3__GCF_042477335.2	mm10.ENSMUST00000025647#Pga5#17455#Ovis_canadensis__Bighorn_sheep__HLoviCana3__GCF_042477335.2	Pga5	Ovis_canadensis__Bighorn_sheep__HLoviCana3__GCF_042477335.2	2	2
HLbosTau10.ENSBTAT00000063428_ENSBTAG00000051196_490353_Ovis_canadensis__Bighorn_sheep__HLoviCana3__GCF_042477335.2	HLbosTau10.ENSBTAT00000063428#ENSBTAG00000051196#490353#Ovis_canadensis__Bighorn_sheep__HLoviCana3__GCF_042477335.2	ENSBTAG00000051196	Ovis_canadensis__Bighorn_sheep__HLoviCana3__GCF_042477335.2	2	2
HLbosTau10.ENSBTAT00000013786_PAG7_22274_Ovis_canadensis__Bighorn_sheep__HLoviCana3__GCF_042477335.2	HLbosTau10.ENSBTAT00000013786#PAG7#22274#Ovis_canadensis__Bighorn_sheep__HLoviCana3__GCF_042477335.2	PAG7	Ovis_canadensis__Bighorn_sheep__HLoviCana3__GCF_042477335.2	2	2
HLbosTau10.NM_176619_PAG8_10904_Ovis_canadensis__Bighorn_sheep__HLoviCana3__GCF_042477335.2	HLbosTau10.NM_176619#PAG8#10904#Ovis_canadensis__Bighorn_sheep__HLoviCana3__GCF_042477335.2	PAG8	Ovis_canadensis__Bighorn_sheep__HLoviCana3__GCF_042477335.2	2	2
mm10.ENSMUST00000025647_Pga5_13314_Ovis_canadensis__Bighorn_sheep__HLoviCana3__GCF_042477335.2	mm10.ENSMUST00000025647#Pga5#13314#Ovis_canadensis__Bighorn_sheep__HLoviCana3__GCF_042477335.2	Pga5	Ovis_canadensis__Bighorn_sheep__HLoviCana3__GCF_042477335.2	2	2
HLbosTau10.ENSBTAT00000025593_PAG5_167826_Ovis_canadensis__Bighorn_sheep__HLoviCana3__GCF_042477335.2	HLbosTau10.ENSBTAT00000025593#PAG5#167826#Ovis_canadensis__Bighorn_sheep__HLoviCana3__GCF_042477335.2	PAG5	Ovis_canadensis__Bighorn_sheep__HLoviCana3__GCF_042477335.2	2	2
HLbosTau10.ENSBTAT00000013786_PAG7_68063_Ovis_canadensis__Bighorn_sheep__HLoviCana3__GCF_042477335.2	HLbosTau10.ENSBTAT00000013786#PAG7#68063#Ovis_canadensis__Bighorn_sheep__HLoviCana3__GCF_042477335.2	PAG7	Ovis_canadensis__Bighorn_sheep__HLoviCana3__GCF_042477335.2	2	2
HLbosTau10.ENSBTAT00000013786_PAG7_748_Ovis_canadensis__Bighorn_sheep__HLoviCana3__GCF_042477335.2	HLbosTau10.ENSBTAT00000013786#PAG7#748#Ovis_canadensis__Bighorn_sheep__HLoviCana3__GCF_042477335.2	PAG7	Ovis_canadensis__Bighorn_sheep__HLoviCana3__GCF_042477335.2	2	2
HLbosTau10.ENSBTAT00000013786_PAG7_80082_Ovis_canadensis__Bighorn_sheep__HLoviCana3__GCF_042477335.2	HLbosTau10.ENSBTAT00000013786#PAG7#80082#Ovis_canadensis__Bighorn_sheep__HLoviCana3__GCF_042477335.2	PAG7	Ovis_canadensis__Bighorn_sheep__HLoviCana3__GCF_042477335.2	2	2
HLbosTau10.ENSBTAT00000007507_ENSBTAG00000046038_18145_Ovis_canadensis__Bighorn_sheep__HLoviCana3__GCF_042477335.2	HLbosTau10.ENSBTAT00000007507#ENSBTAG00000046038#18145#Ovis_canadensis__Bighorn_sheep__HLoviCana3__GCF_042477335.2	ENSBTAG00000046038	Ovis_canadensis__Bighorn_sheep__HLoviCana3__GCF_042477335.2	2	2
HLbosTau10.ENSBTAT00000005399_PAG11_12826_Ovis_canadensis__Bighorn_sheep__HLoviCana3__GCF_042477335.2	HLbosTau10.ENSBTAT00000005399#PAG11#12826#Ovis_canadensis__Bighorn_sheep__HLoviCana3__GCF_042477335.2	PAG11	Ovis_canadensis__Bighorn_sheep__HLoviCana3__GCF_042477335.2	2	2
HLbosTau10.ENSBTAT00000005399_PAG11_1473915_Ovis_canadensis__Bighorn_sheep__HLoviCana3__GCF_042477335.2	HLbosTau10.ENSBTAT00000005399#PAG11#1473915#Ovis_canadensis__Bighorn_sheep__HLoviCana3__GCF_042477335.2	PAG11	Ovis_canadensis__Bighorn_sheep__HLoviCana3__GCF_042477335.2	2	2
mm10.ENSMUST00000025647_Pga5_16522_Ovis_canadensis__Bighorn_sheep__HLoviCana3__GCF_042477335.2	mm10.ENSMUST00000025647#Pga5#16522#Ovis_canadensis__Bighorn_sheep__HLoviCana3__GCF_042477335.2	Pga5	Ovis_canadensis__Bighorn_sheep__HLoviCana3__GCF_042477335.2	2	2
mm10.ENSMUST00000025647_Pga5_12001_Ovis_canadensis__Bighorn_sheep__HLoviCana3__GCF_042477335.2	mm10.ENSMUST00000025647#Pga5#12001#Ovis_canadensis__Bighorn_sheep__HLoviCana3__GCF_042477335.2	Pga5	Ovis_canadensis__Bighorn_sheep__HLoviCana3__GCF_042477335.2	2	2
mm10.ENSMUST00000025647_Pga5_18077_Ovis_canadensis__Bighorn_sheep__HLoviCana3__GCF_042477335.2	mm10.ENSMUST00000025647#Pga5#18077#Ovis_canadensis__Bighorn_sheep__HLoviCana3__GCF_042477335.2	Pga5	Ovis_canadensis__Bighorn_sheep__HLoviCana3__GCF_042477335.2	2	2
HLbosTau10.NM_176619_PAG8_17522_Ovis_canadensis__Bighorn_sheep__HLoviCana3__GCF_042477335.2	HLbosTau10.NM_176619#PAG8#17522#Ovis_canadensis__Bighorn_sheep__HLoviCana3__GCF_042477335.2	PAG8	Ovis_canadensis__Bighorn_sheep__HLoviCana3__GCF_042477335.2	2	2
HLbosTau10.ENSBTAT00000017669_ENSBTAG00000035736_4102_Ovis_canadensis__Bighorn_sheep__HLoviCana3__GCF_042477335.2	HLbosTau10.ENSBTAT00000017669#ENSBTAG00000035736#4102#Ovis_canadensis__Bighorn_sheep__HLoviCana3__GCF_042477335.2	ENSBTAG00000035736	Ovis_canadensis__Bighorn_sheep__HLoviCana3__GCF_042477335.2	7	4
mm10.ENSMUST00000025647_Pga5_3055_Ovis_canadensis__Bighorn_sheep__HLoviCana3__GCF_042477335.2	mm10.ENSMUST00000025647#Pga5#3055#Ovis_canadensis__Bighorn_sheep__HLoviCana3__GCF_042477335.2	Pga5	Ovis_canadensis__Bighorn_sheep__HLoviCana3__GCF_042477335.2	7	4
HLbosTau10.ENSBTAT00000025567_PAG12_25694_Ovis_canadensis__Bighorn_sheep__HLoviCana3__GCF_042477335.2	HLbosTau10.ENSBTAT00000025567#PAG12#25694#Ovis_canadensis__Bighorn_sheep__HLoviCana3__GCF_042477335.2	PAG12	Ovis_canadensis__Bighorn_sheep__HLoviCana3__GCF_042477335.2	9	4
HLbosTau10.ENSBTAT00000030466_PAG18_241_Ovis_canadensis__Bighorn_sheep__HLoviCana3__GCF_042477335.2	HLbosTau10.ENSBTAT00000030466#PAG18#241#Ovis_canadensis__Bighorn_sheep__HLoviCana3__GCF_042477335.2	PAG18	Ovis_canadensis__Bighorn_sheep__HLoviCana3__GCF_042477335.2	8	4
HLbosTau10.ENSBTAT00000025593_PAG5_241_Ovis_canadensis__Bighorn_sheep__HLoviCana3__GCF_042477335.2	HLbosTau10.ENSBTAT00000025593#PAG5#241#Ovis_canadensis__Bighorn_sheep__HLoviCana3__GCF_042477335.2	PAG5	Ovis_canadensis__Bighorn_sheep__HLoviCana3__GCF_042477335.2	4	4
HLbosTau10.ENSBTAT00000005399_PAG11_7041_Ovis_canadensis__Bighorn_sheep__HLoviCana3__GCF_042477335.2	HLbosTau10.ENSBTAT00000005399#PAG11#7041#Ovis_canadensis__Bighorn_sheep__HLoviCana3__GCF_042477335.2	PAG11	Ovis_canadensis__Bighorn_sheep__HLoviCana3__GCF_042477335.2	5	4
HLbosTau10.ENSBTAT00000030188_ENSBTAG00000024611_241_Ovis_canadensis__Bighorn_sheep__HLoviCana3__GCF_042477335.2	HLbosTau10.ENSBTAT00000030188#ENSBTAG00000024611#241#Ovis_canadensis__Bighorn_sheep__HLoviCana3__GCF_042477335.2	ENSBTAG00000024611	Ovis_canadensis__Bighorn_sheep__HLoviCana3__GCF_042477335.2	5	4
HLbosTau10.ENSBTAT00000005399_PAG11_4414_Ovis_canadensis__Bighorn_sheep__HLoviCana3__GCF_042477335.2	HLbosTau10.ENSBTAT00000005399#PAG11#4414#Ovis_canadensis__Bighorn_sheep__HLoviCana3__GCF_042477335.2	PAG11	Ovis_canadensis__Bighorn_sheep__HLoviCana3__GCF_042477335.2	5	4
HLbosTau10.ENSBTAT00000009701_ENSBTAG00000038506_518416_Ovis_canadensis__Bighorn_sheep__HLoviCana3__GCF_042477335.2	HLbosTau10.ENSBTAT00000009701#ENSBTAG00000038506#518416#Ovis_canadensis__Bighorn_sheep__HLoviCana3__GCF_042477335.2	ENSBTAG00000038506	Ovis_canadensis__Bighorn_sheep__HLoviCana3__GCF_042477335.2	5	4
hg38.ENST00000312403.10_PGA5_3896_Ovis_canadensis__Bighorn_sheep__HLoviCana3__GCF_042477335.2	hg38.ENST00000312403.10#PGA5#3896#Ovis_canadensis__Bighorn_sheep__HLoviCana3__GCF_042477335.2	PGA5	Ovis_canadensis__Bighorn_sheep__HLoviCana3__GCF_042477335.2	56	38
hg38.ENST00000312403.10_PGA5_67_Pachyuromys_duprasi__fat-tailed_gerbil__HLpacDup1	hg38.ENST00000312403.10#PGA5#67#Pachyuromys_duprasi__fat-tailed_gerbil__HLpacDup1	PGA5	Pachyuromys_duprasi__fat-tailed_gerbil__HLpacDup1	28	19
HLbosTau10.ENSBTAT00000013786_PAG7_5009_Paguma_larvata__Masked_palm_civet__HLpagLar1__GCA_030068075.1	HLbosTau10.ENSBTAT00000013786#PAG7#5009#Paguma_larvata__Masked_palm_civet__HLpagLar1__GCA_030068075.1	PAG7	Paguma_larvata__Masked_palm_civet__HLpagLar1__GCA_030068075.1	20	13
hg38.ENST00000325558.11_PGA3_16_Paguma_larvata__Masked_palm_civet__HLpagLar1__GCA_030068075.1	hg38.ENST00000325558.11#PGA3#16#Paguma_larvata__Masked_palm_civet__HLpagLar1__GCA_030068075.1	PGA3	Paguma_larvata__Masked_palm_civet__HLpagLar1__GCA_030068075.1	54	38
mm10.ENSMUST00000025647_Pga5_70_Panthera_leo__Lion__HLpanLeo3A__GCA_046255005.1	mm10.ENSMUST00000025647#Pga5#70#Panthera_leo__Lion__HLpanLeo3A__GCA_046255005.1	Pga5	Panthera_leo__Lion__HLpanLeo3A__GCA_046255005.1	20	13
hg38.ENST00000312403.10_PGA5_4170_Panthera_leo__Lion__HLpanLeo3A__GCA_046255005.1	hg38.ENST00000312403.10#PGA5#4170#Panthera_leo__Lion__HLpanLeo3A__GCA_046255005.1	PGA5	Panthera_leo__Lion__HLpanLeo3A__GCA_046255005.1	54	38
mm10.ENSMUST00000025647_Pga5_71_Panthera_leo__Lion__HLpanLeo3B__GCA_046254995.1	mm10.ENSMUST00000025647#Pga5#71#Panthera_leo__Lion__HLpanLeo3B__GCA_046254995.1	Pga5	Panthera_leo__Lion__HLpanLeo3B__GCA_046254995.1	20	13
hg38.ENST00000312403.10_PGA5_4448_Panthera_leo__Lion__HLpanLeo3B__GCA_046254995.1	hg38.ENST00000312403.10#PGA5#4448#Panthera_leo__Lion__HLpanLeo3B__GCA_046254995.1	PGA5	Panthera_leo__Lion__HLpanLeo3B__GCA_046254995.1	54	38
mm10.ENSMUST00000025647_Pga5_67_Panthera_leo__lion__HLpanLeo2__GCF_018350215.1	mm10.ENSMUST00000025647#Pga5#67#Panthera_leo__lion__HLpanLeo2__GCF_018350215.1	Pga5	Panthera_leo__lion__HLpanLeo2__GCF_018350215.1	20	13
hg38.ENST00000312403.10_PGA5_3354_Panthera_leo__lion__HLpanLeo2__GCF_018350215.1	hg38.ENST00000312403.10#PGA5#3354#Panthera_leo__lion__HLpanLeo2__GCF_018350215.1	PGA5	Panthera_leo__lion__HLpanLeo2__GCF_018350215.1	54	38
hg38.ENST00000312403.10_PGA5_4344_Panthera_onca__Jaguar__HLpanOnca3A__GCA_046562875.1	hg38.ENST00000312403.10#PGA5#4344#Panthera_onca__Jaguar__HLpanOnca3A__GCA_046562875.1	PGA5	Panthera_onca__Jaguar__HLpanOnca3A__GCA_046562875.1	54	38
HLbosTau10.ENSBTAT00000013786_PAG7_4417_Panthera_onca__Jaguar__HLpanOnca3A__GCA_046562875.1	HLbosTau10.ENSBTAT00000013786#PAG7#4417#Panthera_onca__Jaguar__HLpanOnca3A__GCA_046562875.1	PAG7	Panthera_onca__Jaguar__HLpanOnca3A__GCA_046562875.1	20	13
hg38.ENST00000312403.10_PGA5_4042_Panthera_pardus__leopard__HLpanPar2__GCA_024362965.1	hg38.ENST00000312403.10#PGA5#4042#Panthera_pardus__leopard__HLpanPar2__GCA_024362965.1	PGA5	Panthera_pardus__leopard__HLpanPar2__GCA_024362965.1	54	38
mm10.ENSMUST00000025647_Pga5_69_Panthera_pardus__leopard__HLpanPar2__GCA_024362965.1	mm10.ENSMUST00000025647#Pga5#69#Panthera_pardus__leopard__HLpanPar2__GCA_024362965.1	Pga5	Panthera_pardus__leopard__HLpanPar2__GCA_024362965.1	20	13
mm10.ENSMUST00000025647_Pga5_69_Panthera_tigris__tiger__HLpanTig3__GCF_018350195.1	mm10.ENSMUST00000025647#Pga5#69#Panthera_tigris__tiger__HLpanTig3__GCF_018350195.1	Pga5	Panthera_tigris__tiger__HLpanTig3__GCF_018350195.1	20	13
hg38.ENST00000312403.10_PGA5_3934_Panthera_tigris__tiger__HLpanTig3__GCF_018350195.1	hg38.ENST00000312403.10#PGA5#3934#Panthera_tigris__tiger__HLpanTig3__GCF_018350195.1	PGA5	Panthera_tigris__tiger__HLpanTig3__GCF_018350195.1	54	38
HLbosTau10.ENSBTAT00000005384_PAG10_27_Pantholops_hodgsonii__Chiru__HLpanHodg2__GCA_040182635.1	HLbosTau10.ENSBTAT00000005384#PAG10#27#Pantholops_hodgsonii__Chiru__HLpanHodg2__GCA_040182635.1	PAG10	Pantholops_hodgsonii__Chiru__HLpanHodg2__GCA_040182635.1	10	4
HLbosTau10.ENSBTAT00000025517_PAG2_27_Pantholops_hodgsonii__Chiru__HLpanHodg2__GCA_040182635.1	HLbosTau10.ENSBTAT00000025517#PAG2#27#Pantholops_hodgsonii__Chiru__HLpanHodg2__GCA_040182635.1	PAG2	Pantholops_hodgsonii__Chiru__HLpanHodg2__GCA_040182635.1	2	2
HLbosTau10.ENSBTAT00000025593_PAG5_1752_Pantholops_hodgsonii__Chiru__HLpanHodg2__GCA_040182635.1	HLbosTau10.ENSBTAT00000025593#PAG5#1752#Pantholops_hodgsonii__Chiru__HLpanHodg2__GCA_040182635.1	PAG5	Pantholops_hodgsonii__Chiru__HLpanHodg2__GCA_040182635.1	2	2
HLbosTau10.ENSBTAT00000025593_PAG5_4545_Pantholops_hodgsonii__Chiru__HLpanHodg2__GCA_040182635.1	HLbosTau10.ENSBTAT00000025593#PAG5#4545#Pantholops_hodgsonii__Chiru__HLpanHodg2__GCA_040182635.1	PAG5	Pantholops_hodgsonii__Chiru__HLpanHodg2__GCA_040182635.1	2	2
HLbosTau10.ENSBTAT00000025593_PAG5_27_Pantholops_hodgsonii__Chiru__HLpanHodg2__GCA_040182635.1	HLbosTau10.ENSBTAT00000025593#PAG5#27#Pantholops_hodgsonii__Chiru__HLpanHodg2__GCA_040182635.1	PAG5	Pantholops_hodgsonii__Chiru__HLpanHodg2__GCA_040182635.1	2	2
HLbosTau10.ENSBTAT00000077448_ENSBTAG00000048542_27_Pantholops_hodgsonii__Chiru__HLpanHodg2__GCA_040182635.1	HLbosTau10.ENSBTAT00000077448#ENSBTAG00000048542#27#Pantholops_hodgsonii__Chiru__HLpanHodg2__GCA_040182635.1	ENSBTAG00000048542	Pantholops_hodgsonii__Chiru__HLpanHodg2__GCA_040182635.1	2	2
HLbosTau10.ENSBTAT00000030243_PAG3_6374_Pantholops_hodgsonii__Chiru__HLpanHodg2__GCA_040182635.1	HLbosTau10.ENSBTAT00000030243#PAG3#6374#Pantholops_hodgsonii__Chiru__HLpanHodg2__GCA_040182635.1	PAG3	Pantholops_hodgsonii__Chiru__HLpanHodg2__GCA_040182635.1	2	2
HLbosTau10.ENSBTAT00000030243_PAG3_2413_Pantholops_hodgsonii__Chiru__HLpanHodg2__GCA_040182635.1	HLbosTau10.ENSBTAT00000030243#PAG3#2413#Pantholops_hodgsonii__Chiru__HLpanHodg2__GCA_040182635.1	PAG3	Pantholops_hodgsonii__Chiru__HLpanHodg2__GCA_040182635.1	2	2
HLbosTau10.ENSBTAT00000077448_ENSBTAG00000048542_17561_Pantholops_hodgsonii__Chiru__HLpanHodg2__GCA_040182635.1	HLbosTau10.ENSBTAT00000077448#ENSBTAG00000048542#17561#Pantholops_hodgsonii__Chiru__HLpanHodg2__GCA_040182635.1	ENSBTAG00000048542	Pantholops_hodgsonii__Chiru__HLpanHodg2__GCA_040182635.1	2	2
HLbosTau10.ENSBTAT00000030243_PAG3_10564_Pantholops_hodgsonii__Chiru__HLpanHodg2__GCA_040182635.1	HLbosTau10.ENSBTAT00000030243#PAG3#10564#Pantholops_hodgsonii__Chiru__HLpanHodg2__GCA_040182635.1	PAG3	Pantholops_hodgsonii__Chiru__HLpanHodg2__GCA_040182635.1	2	2
HLbosTau10.ENSBTAT00000050664_PAG15_1532_Pantholops_hodgsonii__Chiru__HLpanHodg2__GCA_040182635.1	HLbosTau10.ENSBTAT00000050664#PAG15#1532#Pantholops_hodgsonii__Chiru__HLpanHodg2__GCA_040182635.1	PAG15	Pantholops_hodgsonii__Chiru__HLpanHodg2__GCA_040182635.1	2	2
HLbosTau10.ENSBTAT00000013786_PAG7_105_Pantholops_hodgsonii__Chiru__HLpanHodg2__GCA_040182635.1	HLbosTau10.ENSBTAT00000013786#PAG7#105#Pantholops_hodgsonii__Chiru__HLpanHodg2__GCA_040182635.1	PAG7	Pantholops_hodgsonii__Chiru__HLpanHodg2__GCA_040182635.1	2	2
HLbosTau10.XM_024987413_ENSBTAG00000046686_270_Pantholops_hodgsonii__Chiru__HLpanHodg2__GCA_040182635.1	HLbosTau10.XM_024987413#ENSBTAG00000046686#270#Pantholops_hodgsonii__Chiru__HLpanHodg2__GCA_040182635.1	ENSBTAG00000046686	Pantholops_hodgsonii__Chiru__HLpanHodg2__GCA_040182635.1	2	2
HLbosTau10.ENSBTAT00000030244_ENSBTAG00000050440_10630_Pantholops_hodgsonii__Chiru__HLpanHodg2__GCA_040182635.1	HLbosTau10.ENSBTAT00000030244#ENSBTAG00000050440#10630#Pantholops_hodgsonii__Chiru__HLpanHodg2__GCA_040182635.1	ENSBTAG00000050440	Pantholops_hodgsonii__Chiru__HLpanHodg2__GCA_040182635.1	2	2
HLbosTau10.ENSBTAT00000025601_ENSBTAG00000026016_1553_Pantholops_hodgsonii__Chiru__HLpanHodg2__GCA_040182635.1	HLbosTau10.ENSBTAT00000025601#ENSBTAG00000026016#1553#Pantholops_hodgsonii__Chiru__HLpanHodg2__GCA_040182635.1	ENSBTAG00000026016	Pantholops_hodgsonii__Chiru__HLpanHodg2__GCA_040182635.1	2	2
HLbosTau10.ENSBTAT00000013786_PAG7_4085_Pantholops_hodgsonii__Chiru__HLpanHodg2__GCA_040182635.1	HLbosTau10.ENSBTAT00000013786#PAG7#4085#Pantholops_hodgsonii__Chiru__HLpanHodg2__GCA_040182635.1	PAG7	Pantholops_hodgsonii__Chiru__HLpanHodg2__GCA_040182635.1	2	2
HLbosTau10.NM_176615_ENSBTAG00000053183_69_Pantholops_hodgsonii__Chiru__HLpanHodg2__GCA_040182635.1	HLbosTau10.NM_176615#ENSBTAG00000053183#69#Pantholops_hodgsonii__Chiru__HLpanHodg2__GCA_040182635.1	ENSBTAG00000053183	Pantholops_hodgsonii__Chiru__HLpanHodg2__GCA_040182635.1	2	2
HLbosTau10.ENSBTAT00000025601_ENSBTAG00000026016_3898_Pantholops_hodgsonii__Chiru__HLpanHodg2__GCA_040182635.1	HLbosTau10.ENSBTAT00000025601#ENSBTAG00000026016#3898#Pantholops_hodgsonii__Chiru__HLpanHodg2__GCA_040182635.1	ENSBTAG00000026016	Pantholops_hodgsonii__Chiru__HLpanHodg2__GCA_040182635.1	2	2
HLbosTau10.ENSBTAT00000038954_PAG21_3832_Pantholops_hodgsonii__Chiru__HLpanHodg2__GCA_040182635.1	HLbosTau10.ENSBTAT00000038954#PAG21#3832#Pantholops_hodgsonii__Chiru__HLpanHodg2__GCA_040182635.1	PAG21	Pantholops_hodgsonii__Chiru__HLpanHodg2__GCA_040182635.1	2	2
HLbosTau10.ENSBTAT00000013786_PAG7_109969_Pantholops_hodgsonii__Chiru__HLpanHodg2__GCA_040182635.1	HLbosTau10.ENSBTAT00000013786#PAG7#109969#Pantholops_hodgsonii__Chiru__HLpanHodg2__GCA_040182635.1	PAG7	Pantholops_hodgsonii__Chiru__HLpanHodg2__GCA_040182635.1	2	2
HLbosTau10.ENSBTAT00000025601_ENSBTAG00000026016_180_Pantholops_hodgsonii__Chiru__HLpanHodg2__GCA_040182635.1	HLbosTau10.ENSBTAT00000025601#ENSBTAG00000026016#180#Pantholops_hodgsonii__Chiru__HLpanHodg2__GCA_040182635.1	ENSBTAG00000026016	Pantholops_hodgsonii__Chiru__HLpanHodg2__GCA_040182635.1	2	2
HLbosTau10.ENSBTAT00000013786_PAG7_2409_Pantholops_hodgsonii__Chiru__HLpanHodg2__GCA_040182635.1	HLbosTau10.ENSBTAT00000013786#PAG7#2409#Pantholops_hodgsonii__Chiru__HLpanHodg2__GCA_040182635.1	PAG7	Pantholops_hodgsonii__Chiru__HLpanHodg2__GCA_040182635.1	2	2
HLbosTau10.XM_024987413_ENSBTAG00000046686_180_Pantholops_hodgsonii__Chiru__HLpanHodg2__GCA_040182635.1	HLbosTau10.XM_024987413#ENSBTAG00000046686#180#Pantholops_hodgsonii__Chiru__HLpanHodg2__GCA_040182635.1	ENSBTAG00000046686	Pantholops_hodgsonii__Chiru__HLpanHodg2__GCA_040182635.1	2	2
HLbosTau10.ENSBTAT00000063428_ENSBTAG00000051196_1321_Pantholops_hodgsonii__Chiru__HLpanHodg2__GCA_040182635.1	HLbosTau10.ENSBTAT00000063428#ENSBTAG00000051196#1321#Pantholops_hodgsonii__Chiru__HLpanHodg2__GCA_040182635.1	ENSBTAG00000051196	Pantholops_hodgsonii__Chiru__HLpanHodg2__GCA_040182635.1	2	2
HLbosTau10.ENSBTAT00000030244_ENSBTAG00000050440_8812_Pantholops_hodgsonii__Chiru__HLpanHodg2__GCA_040182635.1	HLbosTau10.ENSBTAT00000030244#ENSBTAG00000050440#8812#Pantholops_hodgsonii__Chiru__HLpanHodg2__GCA_040182635.1	ENSBTAG00000050440	Pantholops_hodgsonii__Chiru__HLpanHodg2__GCA_040182635.1	2	2
HLbosTau10.ENSBTAT00000050648_PAG9_1487_Pantholops_hodgsonii__Chiru__HLpanHodg2__GCA_040182635.1	HLbosTau10.ENSBTAT00000050648#PAG9#1487#Pantholops_hodgsonii__Chiru__HLpanHodg2__GCA_040182635.1	PAG9	Pantholops_hodgsonii__Chiru__HLpanHodg2__GCA_040182635.1	2	2
HLbosTau10.ENSBTAT00000017669_ENSBTAG00000035736_1397_Pantholops_hodgsonii__Chiru__HLpanHodg2__GCA_040182635.1	HLbosTau10.ENSBTAT00000017669#ENSBTAG00000035736#1397#Pantholops_hodgsonii__Chiru__HLpanHodg2__GCA_040182635.1	ENSBTAG00000035736	Pantholops_hodgsonii__Chiru__HLpanHodg2__GCA_040182635.1	2	2
HLbosTau10.ENSBTAT00000007506_MGC157408_2217_Pantholops_hodgsonii__Chiru__HLpanHodg2__GCA_040182635.1	HLbosTau10.ENSBTAT00000007506#MGC157408#2217#Pantholops_hodgsonii__Chiru__HLpanHodg2__GCA_040182635.1	MGC157408	Pantholops_hodgsonii__Chiru__HLpanHodg2__GCA_040182635.1	2	2
HLbosTau10.ENSBTAT00000017669_ENSBTAG00000035736_147_Pantholops_hodgsonii__Chiru__HLpanHodg2__GCA_040182635.1	HLbosTau10.ENSBTAT00000017669#ENSBTAG00000035736#147#Pantholops_hodgsonii__Chiru__HLpanHodg2__GCA_040182635.1	ENSBTAG00000035736	Pantholops_hodgsonii__Chiru__HLpanHodg2__GCA_040182635.1	2	2
HLbosTau10.ENSBTAT00000050648_PAG9_2642_Pantholops_hodgsonii__Chiru__HLpanHodg2__GCA_040182635.1	HLbosTau10.ENSBTAT00000050648#PAG9#2642#Pantholops_hodgsonii__Chiru__HLpanHodg2__GCA_040182635.1	PAG9	Pantholops_hodgsonii__Chiru__HLpanHodg2__GCA_040182635.1	2	2
HLbosTau10.ENSBTAT00000013786_PAG7_110075_Pantholops_hodgsonii__Chiru__HLpanHodg2__GCA_040182635.1	HLbosTau10.ENSBTAT00000013786#PAG7#110075#Pantholops_hodgsonii__Chiru__HLpanHodg2__GCA_040182635.1	PAG7	Pantholops_hodgsonii__Chiru__HLpanHodg2__GCA_040182635.1	2	2
HLbosTau10.ENSBTAT00000064112_ENSBTAG00000054180_1530_Pantholops_hodgsonii__Chiru__HLpanHodg2__GCA_040182635.1	HLbosTau10.ENSBTAT00000064112#ENSBTAG00000054180#1530#Pantholops_hodgsonii__Chiru__HLpanHodg2__GCA_040182635.1	ENSBTAG00000054180	Pantholops_hodgsonii__Chiru__HLpanHodg2__GCA_040182635.1	2	2
HLbosTau10.ENSBTAT00000007506_MGC157408_80710_Pantholops_hodgsonii__Chiru__HLpanHodg2__GCA_040182635.1	HLbosTau10.ENSBTAT00000007506#MGC157408#80710#Pantholops_hodgsonii__Chiru__HLpanHodg2__GCA_040182635.1	MGC157408	Pantholops_hodgsonii__Chiru__HLpanHodg2__GCA_040182635.1	2	2
HLbosTau10.ENSBTAT00000007506_MGC157408_1169_Pantholops_hodgsonii__Chiru__HLpanHodg2__GCA_040182635.1	HLbosTau10.ENSBTAT00000007506#MGC157408#1169#Pantholops_hodgsonii__Chiru__HLpanHodg2__GCA_040182635.1	MGC157408	Pantholops_hodgsonii__Chiru__HLpanHodg2__GCA_040182635.1	2	2
HLbosTau10.ENSBTAT00000025601_ENSBTAG00000026016_147_Pantholops_hodgsonii__Chiru__HLpanHodg2__GCA_040182635.1	HLbosTau10.ENSBTAT00000025601#ENSBTAG00000026016#147#Pantholops_hodgsonii__Chiru__HLpanHodg2__GCA_040182635.1	ENSBTAG00000026016	Pantholops_hodgsonii__Chiru__HLpanHodg2__GCA_040182635.1	2	2
HLbosTau10.ENSBTAT00000007506_MGC157408_69_Pantholops_hodgsonii__Chiru__HLpanHodg2__GCA_040182635.1	HLbosTau10.ENSBTAT00000007506#MGC157408#69#Pantholops_hodgsonii__Chiru__HLpanHodg2__GCA_040182635.1	MGC157408	Pantholops_hodgsonii__Chiru__HLpanHodg2__GCA_040182635.1	2	2
HLbosTau10.NM_001105381_MGC157408_5313_Pantholops_hodgsonii__Chiru__HLpanHodg2__GCA_040182635.1	HLbosTau10.NM_001105381#MGC157408#5313#Pantholops_hodgsonii__Chiru__HLpanHodg2__GCA_040182635.1	MGC157408	Pantholops_hodgsonii__Chiru__HLpanHodg2__GCA_040182635.1	2	2
HLbosTau10.ENSBTAT00000038878_PAG6_10064_Pantholops_hodgsonii__Chiru__HLpanHodg2__GCA_040182635.1	HLbosTau10.ENSBTAT00000038878#PAG6#10064#Pantholops_hodgsonii__Chiru__HLpanHodg2__GCA_040182635.1	PAG6	Pantholops_hodgsonii__Chiru__HLpanHodg2__GCA_040182635.1	2	2
HLbosTau10.NM_176615_ENSBTAG00000053183_105_Pantholops_hodgsonii__Chiru__HLpanHodg2__GCA_040182635.1	HLbosTau10.NM_176615#ENSBTAG00000053183#105#Pantholops_hodgsonii__Chiru__HLpanHodg2__GCA_040182635.1	ENSBTAG00000053183	Pantholops_hodgsonii__Chiru__HLpanHodg2__GCA_040182635.1	2	2
HLbosTau10.NM_001105381_MGC157408_17041_Pantholops_hodgsonii__Chiru__HLpanHodg2__GCA_040182635.1	HLbosTau10.NM_001105381#MGC157408#17041#Pantholops_hodgsonii__Chiru__HLpanHodg2__GCA_040182635.1	MGC157408	Pantholops_hodgsonii__Chiru__HLpanHodg2__GCA_040182635.1	2	2
HLbosTau10.NM_001083697_MGC157405_69_Pantholops_hodgsonii__Chiru__HLpanHodg2__GCA_040182635.1	HLbosTau10.NM_001083697#MGC157405#69#Pantholops_hodgsonii__Chiru__HLpanHodg2__GCA_040182635.1	MGC157405	Pantholops_hodgsonii__Chiru__HLpanHodg2__GCA_040182635.1	2	2
HLbosTau10.ENSBTAT00000038954_PAG21_9402_Pantholops_hodgsonii__Chiru__HLpanHodg2__GCA_040182635.1	HLbosTau10.ENSBTAT00000038954#PAG21#9402#Pantholops_hodgsonii__Chiru__HLpanHodg2__GCA_040182635.1	PAG21	Pantholops_hodgsonii__Chiru__HLpanHodg2__GCA_040182635.1	2	2
HLbosTau10.NM_176615_ENSBTAG00000053183_5485_Pantholops_hodgsonii__Chiru__HLpanHodg2__GCA_040182635.1	HLbosTau10.NM_176615#ENSBTAG00000053183#5485#Pantholops_hodgsonii__Chiru__HLpanHodg2__GCA_040182635.1	ENSBTAG00000053183	Pantholops_hodgsonii__Chiru__HLpanHodg2__GCA_040182635.1	2	2
HLbosTau10.ENSBTAT00000007506_MGC157408_227_Pantholops_hodgsonii__Chiru__HLpanHodg2__GCA_040182635.1	HLbosTau10.ENSBTAT00000007506#MGC157408#227#Pantholops_hodgsonii__Chiru__HLpanHodg2__GCA_040182635.1	MGC157408	Pantholops_hodgsonii__Chiru__HLpanHodg2__GCA_040182635.1	2	2
HLbosTau10.ENSBTAT00000007506_MGC157408_60_Pantholops_hodgsonii__Chiru__HLpanHodg2__GCA_040182635.1	HLbosTau10.ENSBTAT00000007506#MGC157408#60#Pantholops_hodgsonii__Chiru__HLpanHodg2__GCA_040182635.1	MGC157408	Pantholops_hodgsonii__Chiru__HLpanHodg2__GCA_040182635.1	2	2
HLbosTau10.ENSBTAT00000064112_ENSBTAG00000054180_27_Pantholops_hodgsonii__Chiru__HLpanHodg2__GCA_040182635.1	HLbosTau10.ENSBTAT00000064112#ENSBTAG00000054180#27#Pantholops_hodgsonii__Chiru__HLpanHodg2__GCA_040182635.1	ENSBTAG00000054180	Pantholops_hodgsonii__Chiru__HLpanHodg2__GCA_040182635.1	2	2
HLbosTau10.ENSBTAT00000013786_PAG7_1686_Pantholops_hodgsonii__Chiru__HLpanHodg2__GCA_040182635.1	HLbosTau10.ENSBTAT00000013786#PAG7#1686#Pantholops_hodgsonii__Chiru__HLpanHodg2__GCA_040182635.1	PAG7	Pantholops_hodgsonii__Chiru__HLpanHodg2__GCA_040182635.1	2	2
HLbosTau10.ENSBTAT00000030244_ENSBTAG00000050440_105_Pantholops_hodgsonii__Chiru__HLpanHodg2__GCA_040182635.1	HLbosTau10.ENSBTAT00000030244#ENSBTAG00000050440#105#Pantholops_hodgsonii__Chiru__HLpanHodg2__GCA_040182635.1	ENSBTAG00000050440	Pantholops_hodgsonii__Chiru__HLpanHodg2__GCA_040182635.1	2	2
HLbosTau10.ENSBTAT00000030244_ENSBTAG00000050440_18998_Pantholops_hodgsonii__Chiru__HLpanHodg2__GCA_040182635.1	HLbosTau10.ENSBTAT00000030244#ENSBTAG00000050440#18998#Pantholops_hodgsonii__Chiru__HLpanHodg2__GCA_040182635.1	ENSBTAG00000050440	Pantholops_hodgsonii__Chiru__HLpanHodg2__GCA_040182635.1	2	2
HLbosTau10.ENSBTAT00000050648_PAG9_8141_Pantholops_hodgsonii__Chiru__HLpanHodg2__GCA_040182635.1	HLbosTau10.ENSBTAT00000050648#PAG9#8141#Pantholops_hodgsonii__Chiru__HLpanHodg2__GCA_040182635.1	PAG9	Pantholops_hodgsonii__Chiru__HLpanHodg2__GCA_040182635.1	2	2
HLbosTau10.ENSBTAT00000009701_ENSBTAG00000038506_706_Pantholops_hodgsonii__Chiru__HLpanHodg2__GCA_040182635.1	HLbosTau10.ENSBTAT00000009701#ENSBTAG00000038506#706#Pantholops_hodgsonii__Chiru__HLpanHodg2__GCA_040182635.1	ENSBTAG00000038506	Pantholops_hodgsonii__Chiru__HLpanHodg2__GCA_040182635.1	2	2
HLbosTau10.ENSBTAT00000009701_ENSBTAG00000038506_1617_Pantholops_hodgsonii__Chiru__HLpanHodg2__GCA_040182635.1	HLbosTau10.ENSBTAT00000009701#ENSBTAG00000038506#1617#Pantholops_hodgsonii__Chiru__HLpanHodg2__GCA_040182635.1	ENSBTAG00000038506	Pantholops_hodgsonii__Chiru__HLpanHodg2__GCA_040182635.1	2	2
HLbosTau10.ENSBTAT00000038878_PAG6_10349_Pantholops_hodgsonii__Chiru__HLpanHodg2__GCA_040182635.1	HLbosTau10.ENSBTAT00000038878#PAG6#10349#Pantholops_hodgsonii__Chiru__HLpanHodg2__GCA_040182635.1	PAG6	Pantholops_hodgsonii__Chiru__HLpanHodg2__GCA_040182635.1	2	2
HLbosTau10.ENSBTAT00000050648_PAG9_3035_Pantholops_hodgsonii__Chiru__HLpanHodg2__GCA_040182635.1	HLbosTau10.ENSBTAT00000050648#PAG9#3035#Pantholops_hodgsonii__Chiru__HLpanHodg2__GCA_040182635.1	PAG9	Pantholops_hodgsonii__Chiru__HLpanHodg2__GCA_040182635.1	2	2
HLbosTau10.ENSBTAT00000007506_MGC157408_27_Pantholops_hodgsonii__Chiru__HLpanHodg2__GCA_040182635.1	HLbosTau10.ENSBTAT00000007506#MGC157408#27#Pantholops_hodgsonii__Chiru__HLpanHodg2__GCA_040182635.1	MGC157408	Pantholops_hodgsonii__Chiru__HLpanHodg2__GCA_040182635.1	2	2
HLbosTau10.ENSBTAT00000050648_PAG9_944073_Pantholops_hodgsonii__Chiru__HLpanHodg2__GCA_040182635.1	HLbosTau10.ENSBTAT00000050648#PAG9#944073#Pantholops_hodgsonii__Chiru__HLpanHodg2__GCA_040182635.1	PAG9	Pantholops_hodgsonii__Chiru__HLpanHodg2__GCA_040182635.1	2	2
HLbosTau10.ENSBTAT00000007506_MGC157408_23614_Pantholops_hodgsonii__Chiru__HLpanHodg2__GCA_040182635.1	HLbosTau10.ENSBTAT00000007506#MGC157408#23614#Pantholops_hodgsonii__Chiru__HLpanHodg2__GCA_040182635.1	MGC157408	Pantholops_hodgsonii__Chiru__HLpanHodg2__GCA_040182635.1	2	2
HLbosTau10.ENSBTAT00000038878_PAG6_869_Pantholops_hodgsonii__Chiru__HLpanHodg2__GCA_040182635.1	HLbosTau10.ENSBTAT00000038878#PAG6#869#Pantholops_hodgsonii__Chiru__HLpanHodg2__GCA_040182635.1	PAG6	Pantholops_hodgsonii__Chiru__HLpanHodg2__GCA_040182635.1	2	2
HLbosTau10.ENSBTAT00000009701_ENSBTAG00000038506_112_Pantholops_hodgsonii__Chiru__HLpanHodg2__GCA_040182635.1	HLbosTau10.ENSBTAT00000009701#ENSBTAG00000038506#112#Pantholops_hodgsonii__Chiru__HLpanHodg2__GCA_040182635.1	ENSBTAG00000038506	Pantholops_hodgsonii__Chiru__HLpanHodg2__GCA_040182635.1	2	2
HLbosTau10.ENSBTAT00000038954_PAG21_19900_Pantholops_hodgsonii__Chiru__HLpanHodg2__GCA_040182635.1	HLbosTau10.ENSBTAT00000038954#PAG21#19900#Pantholops_hodgsonii__Chiru__HLpanHodg2__GCA_040182635.1	PAG21	Pantholops_hodgsonii__Chiru__HLpanHodg2__GCA_040182635.1	2	2
HLbosTau10.ENSBTAT00000030244_ENSBTAG00000050440_1448_Pantholops_hodgsonii__Chiru__HLpanHodg2__GCA_040182635.1	HLbosTau10.ENSBTAT00000030244#ENSBTAG00000050440#1448#Pantholops_hodgsonii__Chiru__HLpanHodg2__GCA_040182635.1	ENSBTAG00000050440	Pantholops_hodgsonii__Chiru__HLpanHodg2__GCA_040182635.1	2	2
HLbosTau10.ENSBTAT00000009701_ENSBTAG00000038506_27_Pantholops_hodgsonii__Chiru__HLpanHodg2__GCA_040182635.1	HLbosTau10.ENSBTAT00000009701#ENSBTAG00000038506#27#Pantholops_hodgsonii__Chiru__HLpanHodg2__GCA_040182635.1	ENSBTAG00000038506	Pantholops_hodgsonii__Chiru__HLpanHodg2__GCA_040182635.1	2	2
HLbosTau10.ENSBTAT00000009701_ENSBTAG00000038506_415_Pantholops_hodgsonii__Chiru__HLpanHodg2__GCA_040182635.1	HLbosTau10.ENSBTAT00000009701#ENSBTAG00000038506#415#Pantholops_hodgsonii__Chiru__HLpanHodg2__GCA_040182635.1	ENSBTAG00000038506	Pantholops_hodgsonii__Chiru__HLpanHodg2__GCA_040182635.1	2	2
HLbosTau10.ENSBTAT00000030243_PAG3_112_Pantholops_hodgsonii__Chiru__HLpanHodg2__GCA_040182635.1	HLbosTau10.ENSBTAT00000030243#PAG3#112#Pantholops_hodgsonii__Chiru__HLpanHodg2__GCA_040182635.1	PAG3	Pantholops_hodgsonii__Chiru__HLpanHodg2__GCA_040182635.1	2	2
HLbosTau10.ENSBTAT00000007506_MGC157408_17137_Pantholops_hodgsonii__Chiru__HLpanHodg2__GCA_040182635.1	HLbosTau10.ENSBTAT00000007506#MGC157408#17137#Pantholops_hodgsonii__Chiru__HLpanHodg2__GCA_040182635.1	MGC157408	Pantholops_hodgsonii__Chiru__HLpanHodg2__GCA_040182635.1	2	2
HLbosTau10.ENSBTAT00000050648_PAG9_7243_Pantholops_hodgsonii__Chiru__HLpanHodg2__GCA_040182635.1	HLbosTau10.ENSBTAT00000050648#PAG9#7243#Pantholops_hodgsonii__Chiru__HLpanHodg2__GCA_040182635.1	PAG9	Pantholops_hodgsonii__Chiru__HLpanHodg2__GCA_040182635.1	2	2
HLbosTau10.ENSBTAT00000030243_PAG3_415_Pantholops_hodgsonii__Chiru__HLpanHodg2__GCA_040182635.1	HLbosTau10.ENSBTAT00000030243#PAG3#415#Pantholops_hodgsonii__Chiru__HLpanHodg2__GCA_040182635.1	PAG3	Pantholops_hodgsonii__Chiru__HLpanHodg2__GCA_040182635.1	2	2
HLbosTau10.ENSBTAT00000030244_ENSBTAG00000050440_446_Pantholops_hodgsonii__Chiru__HLpanHodg2__GCA_040182635.1	HLbosTau10.ENSBTAT00000030244#ENSBTAG00000050440#446#Pantholops_hodgsonii__Chiru__HLpanHodg2__GCA_040182635.1	ENSBTAG00000050440	Pantholops_hodgsonii__Chiru__HLpanHodg2__GCA_040182635.1	2	2
HLbosTau10.XM_024987413_ENSBTAG00000046686_1209_Pantholops_hodgsonii__Chiru__HLpanHodg2__GCA_040182635.1	HLbosTau10.XM_024987413#ENSBTAG00000046686#1209#Pantholops_hodgsonii__Chiru__HLpanHodg2__GCA_040182635.1	ENSBTAG00000046686	Pantholops_hodgsonii__Chiru__HLpanHodg2__GCA_040182635.1	2	2
HLbosTau10.ENSBTAT00000007506_MGC157408_158286_Pantholops_hodgsonii__Chiru__HLpanHodg2__GCA_040182635.1	HLbosTau10.ENSBTAT00000007506#MGC157408#158286#Pantholops_hodgsonii__Chiru__HLpanHodg2__GCA_040182635.1	MGC157408	Pantholops_hodgsonii__Chiru__HLpanHodg2__GCA_040182635.1	2	2
HLbosTau10.ENSBTAT00000050648_PAG9_11021_Pantholops_hodgsonii__Chiru__HLpanHodg2__GCA_040182635.1	HLbosTau10.ENSBTAT00000050648#PAG9#11021#Pantholops_hodgsonii__Chiru__HLpanHodg2__GCA_040182635.1	PAG9	Pantholops_hodgsonii__Chiru__HLpanHodg2__GCA_040182635.1	2	2
HLbosTau10.ENSBTAT00000013786_PAG7_432072_Pantholops_hodgsonii__Chiru__HLpanHodg2__GCA_040182635.1	HLbosTau10.ENSBTAT00000013786#PAG7#432072#Pantholops_hodgsonii__Chiru__HLpanHodg2__GCA_040182635.1	PAG7	Pantholops_hodgsonii__Chiru__HLpanHodg2__GCA_040182635.1	2	2
HLbosTau10.NM_176629_ENSBTAG00000050440_49042_Pantholops_hodgsonii__Chiru__HLpanHodg2__GCA_040182635.1	HLbosTau10.NM_176629#ENSBTAG00000050440#49042#Pantholops_hodgsonii__Chiru__HLpanHodg2__GCA_040182635.1	ENSBTAG00000050440	Pantholops_hodgsonii__Chiru__HLpanHodg2__GCA_040182635.1	2	2
HLbosTau10.ENSBTAT00000025601_ENSBTAG00000026016_59937_Pantholops_hodgsonii__Chiru__HLpanHodg2__GCA_040182635.1	HLbosTau10.ENSBTAT00000025601#ENSBTAG00000026016#59937#Pantholops_hodgsonii__Chiru__HLpanHodg2__GCA_040182635.1	ENSBTAG00000026016	Pantholops_hodgsonii__Chiru__HLpanHodg2__GCA_040182635.1	2	2
HLbosTau10.ENSBTAT00000030243_PAG3_488390_Pantholops_hodgsonii__Chiru__HLpanHodg2__GCA_040182635.1	HLbosTau10.ENSBTAT00000030243#PAG3#488390#Pantholops_hodgsonii__Chiru__HLpanHodg2__GCA_040182635.1	PAG3	Pantholops_hodgsonii__Chiru__HLpanHodg2__GCA_040182635.1	2	2
HLbosTau10.ENSBTAT00000013786_PAG7_569383_Pantholops_hodgsonii__Chiru__HLpanHodg2__GCA_040182635.1	HLbosTau10.ENSBTAT00000013786#PAG7#569383#Pantholops_hodgsonii__Chiru__HLpanHodg2__GCA_040182635.1	PAG7	Pantholops_hodgsonii__Chiru__HLpanHodg2__GCA_040182635.1	2	2
HLbosTau10.NM_176630_PAG21_86575_Pantholops_hodgsonii__Chiru__HLpanHodg2__GCA_040182635.1	HLbosTau10.NM_176630#PAG21#86575#Pantholops_hodgsonii__Chiru__HLpanHodg2__GCA_040182635.1	PAG21	Pantholops_hodgsonii__Chiru__HLpanHodg2__GCA_040182635.1	2	2
HLbosTau10.ENSBTAT00000030244_ENSBTAG00000050440_9773_Pantholops_hodgsonii__Chiru__HLpanHodg2__GCA_040182635.1	HLbosTau10.ENSBTAT00000030244#ENSBTAG00000050440#9773#Pantholops_hodgsonii__Chiru__HLpanHodg2__GCA_040182635.1	ENSBTAG00000050440	Pantholops_hodgsonii__Chiru__HLpanHodg2__GCA_040182635.1	2	2
HLbosTau10.ENSBTAT00000027020_ENSBTAG00000035736_28539_Pantholops_hodgsonii__Chiru__HLpanHodg2__GCA_040182635.1	HLbosTau10.ENSBTAT00000027020#ENSBTAG00000035736#28539#Pantholops_hodgsonii__Chiru__HLpanHodg2__GCA_040182635.1	ENSBTAG00000035736	Pantholops_hodgsonii__Chiru__HLpanHodg2__GCA_040182635.1	2	2
HLbosTau10.ENSBTAT00000009701_ENSBTAG00000038506_614_Pantholops_hodgsonii__Chiru__HLpanHodg2__GCA_040182635.1	HLbosTau10.ENSBTAT00000009701#ENSBTAG00000038506#614#Pantholops_hodgsonii__Chiru__HLpanHodg2__GCA_040182635.1	ENSBTAG00000038506	Pantholops_hodgsonii__Chiru__HLpanHodg2__GCA_040182635.1	2	2
HLbosTau10.ENSBTAT00000030244_ENSBTAG00000050440_215452_Pantholops_hodgsonii__Chiru__HLpanHodg2__GCA_040182635.1	HLbosTau10.ENSBTAT00000030244#ENSBTAG00000050440#215452#Pantholops_hodgsonii__Chiru__HLpanHodg2__GCA_040182635.1	ENSBTAG00000050440	Pantholops_hodgsonii__Chiru__HLpanHodg2__GCA_040182635.1	2	2
HLbosTau10.ENSBTAT00000013786_PAG7_458000_Pantholops_hodgsonii__Chiru__HLpanHodg2__GCA_040182635.1	HLbosTau10.ENSBTAT00000013786#PAG7#458000#Pantholops_hodgsonii__Chiru__HLpanHodg2__GCA_040182635.1	PAG7	Pantholops_hodgsonii__Chiru__HLpanHodg2__GCA_040182635.1	2	2
HLbosTau10.NM_176630_PAG21_112673_Pantholops_hodgsonii__Chiru__HLpanHodg2__GCA_040182635.1	HLbosTau10.NM_176630#PAG21#112673#Pantholops_hodgsonii__Chiru__HLpanHodg2__GCA_040182635.1	PAG21	Pantholops_hodgsonii__Chiru__HLpanHodg2__GCA_040182635.1	2	2
HLbosTau10.ENSBTAT00000025601_ENSBTAG00000026016_102129_Pantholops_hodgsonii__Chiru__HLpanHodg2__GCA_040182635.1	HLbosTau10.ENSBTAT00000025601#ENSBTAG00000026016#102129#Pantholops_hodgsonii__Chiru__HLpanHodg2__GCA_040182635.1	ENSBTAG00000026016	Pantholops_hodgsonii__Chiru__HLpanHodg2__GCA_040182635.1	2	2
HLbosTau10.ENSBTAT00000030466_PAG18_197215_Pantholops_hodgsonii__Chiru__HLpanHodg2__GCA_040182635.1	HLbosTau10.ENSBTAT00000030466#PAG18#197215#Pantholops_hodgsonii__Chiru__HLpanHodg2__GCA_040182635.1	PAG18	Pantholops_hodgsonii__Chiru__HLpanHodg2__GCA_040182635.1	2	2
HLbosTau10.NM_176619_PAG8_3380_Pantholops_hodgsonii__Chiru__HLpanHodg2__GCA_040182635.1	HLbosTau10.NM_176619#PAG8#3380#Pantholops_hodgsonii__Chiru__HLpanHodg2__GCA_040182635.1	PAG8	Pantholops_hodgsonii__Chiru__HLpanHodg2__GCA_040182635.1	2	2
HLbosTau10.ENSBTAT00000030244_ENSBTAG00000050440_16972_Pantholops_hodgsonii__Chiru__HLpanHodg2__GCA_040182635.1	HLbosTau10.ENSBTAT00000030244#ENSBTAG00000050440#16972#Pantholops_hodgsonii__Chiru__HLpanHodg2__GCA_040182635.1	ENSBTAG00000050440	Pantholops_hodgsonii__Chiru__HLpanHodg2__GCA_040182635.1	2	2
HLbosTau10.ENSBTAT00000013786_PAG7_69557_Pantholops_hodgsonii__Chiru__HLpanHodg2__GCA_040182635.1	HLbosTau10.ENSBTAT00000013786#PAG7#69557#Pantholops_hodgsonii__Chiru__HLpanHodg2__GCA_040182635.1	PAG7	Pantholops_hodgsonii__Chiru__HLpanHodg2__GCA_040182635.1	2	2
HLbosTau10.ENSBTAT00000007506_MGC157408_128299_Pantholops_hodgsonii__Chiru__HLpanHodg2__GCA_040182635.1	HLbosTau10.ENSBTAT00000007506#MGC157408#128299#Pantholops_hodgsonii__Chiru__HLpanHodg2__GCA_040182635.1	MGC157408	Pantholops_hodgsonii__Chiru__HLpanHodg2__GCA_040182635.1	2	2
HLbosTau10.ENSBTAT00000030244_ENSBTAG00000050440_10732_Pantholops_hodgsonii__Chiru__HLpanHodg2__GCA_040182635.1	HLbosTau10.ENSBTAT00000030244#ENSBTAG00000050440#10732#Pantholops_hodgsonii__Chiru__HLpanHodg2__GCA_040182635.1	ENSBTAG00000050440	Pantholops_hodgsonii__Chiru__HLpanHodg2__GCA_040182635.1	2	2
HLbosTau10.ENSBTAT00000005399_PAG11_27_Pantholops_hodgsonii__Chiru__HLpanHodg2__GCA_040182635.1	HLbosTau10.ENSBTAT00000005399#PAG11#27#Pantholops_hodgsonii__Chiru__HLpanHodg2__GCA_040182635.1	PAG11	Pantholops_hodgsonii__Chiru__HLpanHodg2__GCA_040182635.1	7	4
HLbosTau10.XM_002699308_ENSBTAG00000013214_27_Pantholops_hodgsonii__Chiru__HLpanHodg2__GCA_040182635.1	HLbosTau10.XM_002699308#ENSBTAG00000013214#27#Pantholops_hodgsonii__Chiru__HLpanHodg2__GCA_040182635.1	ENSBTAG00000013214	Pantholops_hodgsonii__Chiru__HLpanHodg2__GCA_040182635.1	9	4
HLeleMaxInd3A.XM_049891846.1_LOC126080666_36_Pantholops_hodgsonii__Chiru__HLpanHodg2__GCA_040182635.1	HLeleMaxInd3A.XM_049891846.1#LOC126080666#36#Pantholops_hodgsonii__Chiru__HLpanHodg2__GCA_040182635.1	LOC126080666	Pantholops_hodgsonii__Chiru__HLpanHodg2__GCA_040182635.1	5	4
HLbosTau10.ENSBTAT00000079331_ENSBTAG00000051501_125528_Pantholops_hodgsonii__Chiru__HLpanHodg2__GCA_040182635.1	HLbosTau10.ENSBTAT00000079331#ENSBTAG00000051501#125528#Pantholops_hodgsonii__Chiru__HLpanHodg2__GCA_040182635.1	ENSBTAG00000051501	Pantholops_hodgsonii__Chiru__HLpanHodg2__GCA_040182635.1	5	4
HLbosTau10.ENSBTAT00000005399_PAG11_11465_Pantholops_hodgsonii__Chiru__HLpanHodg2__GCA_040182635.1	HLbosTau10.ENSBTAT00000005399#PAG11#11465#Pantholops_hodgsonii__Chiru__HLpanHodg2__GCA_040182635.1	PAG11	Pantholops_hodgsonii__Chiru__HLpanHodg2__GCA_040182635.1	5	4
hg38.ENST00000312403.10_PGA5_5046_Pantholops_hodgsonii__Chiru__HLpanHodg2__GCA_040182635.1	hg38.ENST00000312403.10#PGA5#5046#Pantholops_hodgsonii__Chiru__HLpanHodg2__GCA_040182635.1	PGA5	Pantholops_hodgsonii__Chiru__HLpanHodg2__GCA_040182635.1	56	38
hg38.ENST00000312403.10_PGA5_8_Pan_paniscus__pygmy_chimpanzee__HLpanPan4__GCA_029289425.3	hg38.ENST00000312403.10#PGA5#8#Pan_paniscus__pygmy_chimpanzee__HLpanPan4__GCA_029289425.3	PGA5	Pan_paniscus__pygmy_chimpanzee__HLpanPan4__GCA_029289425.3	58	38
hg38.ENST00000325558.11_PGA3_8_Pan_paniscus__pygmy_chimpanzee__HLpanPan4__GCA_029289425.3	hg38.ENST00000325558.11#PGA3#8#Pan_paniscus__pygmy_chimpanzee__HLpanPan4__GCA_029289425.3	PGA3	Pan_paniscus__pygmy_chimpanzee__HLpanPan4__GCA_029289425.3	58	38
hg38.ENST00000325558.11_PGA3_228307_Pan_paniscus__pygmy_chimpanzee__HLpanPan4__GCA_029289425.3	hg38.ENST00000325558.11#PGA3#228307#Pan_paniscus__pygmy_chimpanzee__HLpanPan4__GCA_029289425.3	PGA3	Pan_paniscus__pygmy_chimpanzee__HLpanPan4__GCA_029289425.3	58	38
hg38.ENST00000325558.11_PGA3_8_Pan_troglodytes__chimpanzee__HLpanTro7__GCA_028858775.2	hg38.ENST00000325558.11#PGA3#8#Pan_troglodytes__chimpanzee__HLpanTro7__GCA_028858775.2	PGA3	Pan_troglodytes__chimpanzee__HLpanTro7__GCA_028858775.2	58	38
hg38.ENST00000312403.10_PGA5_226867_Pan_troglodytes__chimpanzee__HLpanTro7__GCA_028858775.2	hg38.ENST00000312403.10#PGA5#226867#Pan_troglodytes__chimpanzee__HLpanTro7__GCA_028858775.2	PGA5	Pan_troglodytes__chimpanzee__HLpanTro7__GCA_028858775.2	58	38
hg38.ENST00000312403.10_PGA5_8_Pan_troglodytes__chimpanzee__HLpanTro7__GCA_028858775.2	hg38.ENST00000312403.10#PGA5#8#Pan_troglodytes__chimpanzee__HLpanTro7__GCA_028858775.2	PGA5	Pan_troglodytes__chimpanzee__HLpanTro7__GCA_028858775.2	58	38
hg38.ENST00000312403.10_PGA5_8_Pan_troglodytes__chimpanzee__panTro6__GCF_002880755.1	hg38.ENST00000312403.10#PGA5#8#Pan_troglodytes__chimpanzee__panTro6__GCF_002880755.1	PGA5	Pan_troglodytes__chimpanzee__panTro6__GCF_002880755.1	58	38
hg38.ENST00000325558.11_PGA3_8_Pan_troglodytes__chimpanzee__panTro6__GCF_002880755.1	hg38.ENST00000325558.11#PGA3#8#Pan_troglodytes__chimpanzee__panTro6__GCF_002880755.1	PGA3	Pan_troglodytes__chimpanzee__panTro6__GCF_002880755.1	58	38
hg38.ENST00000312403.10_PGA5_33864_Pan_troglodytes__chimpanzee__panTro6__GCF_002880755.1	hg38.ENST00000312403.10#PGA5#33864#Pan_troglodytes__chimpanzee__panTro6__GCF_002880755.1	PGA5	Pan_troglodytes__chimpanzee__panTro6__GCF_002880755.1	58	38
hg38.ENST00000378149.9_PGA4_23_Papio_anubis__olive_baboon__HLpapAnu5__GCA_008728515.1	hg38.ENST00000378149.9#PGA4#23#Papio_anubis__olive_baboon__HLpapAnu5__GCA_008728515.1	PGA4	Papio_anubis__olive_baboon__HLpapAnu5__GCA_008728515.1	58	38
HLbosTau10.ENSBTAT00000019640_PGA5_37_Papio_anubis__olive_baboon__HLpapAnu5__GCA_008728515.1	HLbosTau10.ENSBTAT00000019640#PGA5#37#Papio_anubis__olive_baboon__HLpapAnu5__GCA_008728515.1	PGA5	Papio_anubis__olive_baboon__HLpapAnu5__GCA_008728515.1	58	38
HLbosTau10.ENSBTAT00000019640_PGA5_37_Papio_anubis__olive_baboon__HLpapAnu6__GCA_008728515.2	HLbosTau10.ENSBTAT00000019640#PGA5#37#Papio_anubis__olive_baboon__HLpapAnu6__GCA_008728515.2	PGA5	Papio_anubis__olive_baboon__HLpapAnu6__GCA_008728515.2	58	38
hg38.ENST00000312403.10_PGA5_7781_Papio_anubis__olive_baboon__HLpapAnu6__GCA_008728515.2	hg38.ENST00000312403.10#PGA5#7781#Papio_anubis__olive_baboon__HLpapAnu6__GCA_008728515.2	PGA5	Papio_anubis__olive_baboon__HLpapAnu6__GCA_008728515.2	58	38
hg38.ENST00000312403.10_PGA5_63_Papio_hamadryas__hamadryas_baboon__HLpapHam2__GCA_023781915.1	hg38.ENST00000312403.10#PGA5#63#Papio_hamadryas__hamadryas_baboon__HLpapHam2__GCA_023781915.1	PGA5	Papio_hamadryas__hamadryas_baboon__HLpapHam2__GCA_023781915.1	58	38
hg38.ENST00000325558.11_PGA3_63_Papio_hamadryas__hamadryas_baboon__HLpapHam2__GCA_023781915.1	hg38.ENST00000325558.11#PGA3#63#Papio_hamadryas__hamadryas_baboon__HLpapHam2__GCA_023781915.1	PGA3	Papio_hamadryas__hamadryas_baboon__HLpapHam2__GCA_023781915.1	58	38
HLbosTau10.ENSBTAT00000018996_ENSBTAG00000040257_6614_Papio_hamadryas__hamadryas_baboon__HLpapHam2__GCA_023781915.1	HLbosTau10.ENSBTAT00000018996#ENSBTAG00000040257#6614#Papio_hamadryas__hamadryas_baboon__HLpapHam2__GCA_023781915.1	ENSBTAG00000040257	Papio_hamadryas__hamadryas_baboon__HLpapHam2__GCA_023781915.1	32	22
hg38.ENST00000312403.10_PGA5_2731_Papio_hamadryas__hamadryas_baboon__HLpapHam2__GCA_023781915.1	hg38.ENST00000312403.10#PGA5#2731#Papio_hamadryas__hamadryas_baboon__HLpapHam2__GCA_023781915.1	PGA5	Papio_hamadryas__hamadryas_baboon__HLpapHam2__GCA_023781915.1	58	38
hg38.ENST00000325558.11_PGA3_3579_Pekania_pennanti__Fisher__HLpekPenn1__GCA_047676605.1	hg38.ENST00000325558.11#PGA3#3579#Pekania_pennanti__Fisher__HLpekPenn1__GCA_047676605.1	PGA3	Pekania_pennanti__Fisher__HLpekPenn1__GCA_047676605.1	54	38
HLbosTau10.ENSBTAT00000050648_PAG9_38958_Pekania_pennanti__Fisher__HLpekPenn1__GCA_047676605.1	HLbosTau10.ENSBTAT00000050648#PAG9#38958#Pekania_pennanti__Fisher__HLpekPenn1__GCA_047676605.1	PAG9	Pekania_pennanti__Fisher__HLpekPenn1__GCA_047676605.1	20	13
hg38.ENST00000312403.10_PGA5_3061_Peponocephala_electra__Melon-headed_whale__HLpepElec2A__GCA_051427945.1	hg38.ENST00000312403.10#PGA5#3061#Peponocephala_electra__Melon-headed_whale__HLpepElec2A__GCA_051427945.1	PGA5	Peponocephala_electra__Melon-headed_whale__HLpepElec2A__GCA_051427945.1	56	38
mm10.ENSMUST00000025647_Pga5_179663_Peponocephala_electra__Melon-headed_whale__HLpepElec2A__GCA_051427945.1	mm10.ENSMUST00000025647#Pga5#179663#Peponocephala_electra__Melon-headed_whale__HLpepElec2A__GCA_051427945.1	Pga5	Peponocephala_electra__Melon-headed_whale__HLpepElec2A__GCA_051427945.1	10	4
HLbosTau10.ENSBTAT00000005384_PAG10_520_Peponocephala_electra__Melon-headed_whale__HLpepElec2A__GCA_051427945.1	HLbosTau10.ENSBTAT00000005384#PAG10#520#Peponocephala_electra__Melon-headed_whale__HLpepElec2A__GCA_051427945.1	PAG10	Peponocephala_electra__Melon-headed_whale__HLpepElec2A__GCA_051427945.1	10	4
mm10.ENSMUST00000025647_Pga5_371138_Peponocephala_electra__Melon-headed_whale__HLpepElec2A__GCA_051427945.1	mm10.ENSMUST00000025647#Pga5#371138#Peponocephala_electra__Melon-headed_whale__HLpepElec2A__GCA_051427945.1	Pga5	Peponocephala_electra__Melon-headed_whale__HLpepElec2A__GCA_051427945.1	10	4
mm10.ENSMUST00000025647_Pga5_56_Perognathus_longimembris_pacificus__Pacific_pocket_mouse__HLperLonPac2__GCF_023159225.1	mm10.ENSMUST00000025647#Pga5#56#Perognathus_longimembris_pacificus__Pacific_pocket_mouse__HLperLonPac2__GCF_023159225.1	Pga5	Perognathus_longimembris_pacificus__Pacific_pocket_mouse__HLperLonPac2__GCF_023159225.1	35	24
HLbosTau10.ENSBTAT00000038878_PAG6_173953_Peromyscus_californicus_insignis__California_mouse__HLperCal2__GCA_007827085.2	HLbosTau10.ENSBTAT00000038878#PAG6#173953#Peromyscus_californicus_insignis__California_mouse__HLperCal2__GCA_007827085.2	PAG6	Peromyscus_californicus_insignis__California_mouse__HLperCal2__GCA_007827085.2	28	19
mm10.ENSMUST00000025647_Pga5_16_Peromyscus_californicus_insignis__California_mouse__HLperCalIns3__GCF_007827085.1	mm10.ENSMUST00000025647#Pga5#16#Peromyscus_californicus_insignis__California_mouse__HLperCalIns3__GCF_007827085.1	Pga5	Peromyscus_californicus_insignis__California_mouse__HLperCalIns3__GCF_007827085.1	28	19
HLbosTau10.NM_176625_PAG16_209290_Peromyscus_eremicus__Cactus_mouse__HLperErem2__GCF_949786415.1	HLbosTau10.NM_176625#PAG16#209290#Peromyscus_eremicus__Cactus_mouse__HLperErem2__GCF_949786415.1	PAG16	Peromyscus_eremicus__Cactus_mouse__HLperErem2__GCF_949786415.1	28	19
mm10.ENSMUST00000025647_Pga5_260_Peromyscus_leucopus__white-footed_mouse__HLperLeu1__GCA_004664715.1	mm10.ENSMUST00000025647#Pga5#260#Peromyscus_leucopus__white-footed_mouse__HLperLeu1__GCA_004664715.1	Pga5	Peromyscus_leucopus__white-footed_mouse__HLperLeu1__GCA_004664715.1	28	19
mm10.ENSMUST00000025647_Pga5_14_Peromyscus_maniculatus_bairdii__Prairie_deer_mouse__HLperManiBai4__GCF_049852395.1	mm10.ENSMUST00000025647#Pga5#14#Peromyscus_maniculatus_bairdii__Prairie_deer_mouse__HLperManiBai4__GCF_049852395.1	Pga5	Peromyscus_maniculatus_bairdii__Prairie_deer_mouse__HLperManiBai4__GCF_049852395.1	28	19
mm10.ENSMUST00000025647_Pga5_24_Peromyscus_maniculatus_sonoriensis__North_American_deer_mouse__HLperManSon3__GCA_026229955.1	mm10.ENSMUST00000025647#Pga5#24#Peromyscus_maniculatus_sonoriensis__North_American_deer_mouse__HLperManSon3__GCA_026229955.1	Pga5	Peromyscus_maniculatus_sonoriensis__North_American_deer_mouse__HLperManSon3__GCA_026229955.1	28	19
hg38.ENST00000312403.10_PGA5_5039_Phacochoerus_africanus__Common_warthog__HLphaAfr1__GCA_016906955.1	hg38.ENST00000312403.10#PGA5#5039#Phacochoerus_africanus__Common_warthog__HLphaAfr1__GCA_016906955.1	PGA5	Phacochoerus_africanus__Common_warthog__HLphaAfr1__GCA_016906955.1	56	38
HLbosTau10.ENSBTAT00000030243_PAG3_359_Phacochoerus_africanus__Common_warthog__HLphaAfr1__GCA_016906955.1	HLbosTau10.ENSBTAT00000030243#PAG3#359#Phacochoerus_africanus__Common_warthog__HLphaAfr1__GCA_016906955.1	PAG3	Phacochoerus_africanus__Common_warthog__HLphaAfr1__GCA_016906955.1	1	1
mm10.ENSMUST00000025647_Pga5_5005_Phacochoerus_africanus__Common_warthog__HLphaAfr1__GCA_016906955.1	mm10.ENSMUST00000025647#Pga5#5005#Phacochoerus_africanus__Common_warthog__HLphaAfr1__GCA_016906955.1	Pga5	Phacochoerus_africanus__Common_warthog__HLphaAfr1__GCA_016906955.1	1	1
HLbosTau10.ENSBTAT00000013786_PAG7_5535_Phacochoerus_africanus__Common_warthog__HLphaAfr1__GCA_016906955.1	HLbosTau10.ENSBTAT00000013786#PAG7#5535#Phacochoerus_africanus__Common_warthog__HLphaAfr1__GCA_016906955.1	PAG7	Phacochoerus_africanus__Common_warthog__HLphaAfr1__GCA_016906955.1	1	1
mm10.ENSMUST00000025647_Pga5_10455_Phacochoerus_africanus__Common_warthog__HLphaAfr1__GCA_016906955.1	mm10.ENSMUST00000025647#Pga5#10455#Phacochoerus_africanus__Common_warthog__HLphaAfr1__GCA_016906955.1	Pga5	Phacochoerus_africanus__Common_warthog__HLphaAfr1__GCA_016906955.1	1	1
HLbosTau10.ENSBTAT00000013786_PAG7_281_Phacochoerus_africanus__Common_warthog__HLphaAfr1__GCA_016906955.1	HLbosTau10.ENSBTAT00000013786#PAG7#281#Phacochoerus_africanus__Common_warthog__HLphaAfr1__GCA_016906955.1	PAG7	Phacochoerus_africanus__Common_warthog__HLphaAfr1__GCA_016906955.1	1	1
HLbosTau10.ENSBTAT00000013786_PAG7_288_Phacochoerus_africanus__Common_warthog__HLphaAfr1__GCA_016906955.1	HLbosTau10.ENSBTAT00000013786#PAG7#288#Phacochoerus_africanus__Common_warthog__HLphaAfr1__GCA_016906955.1	PAG7	Phacochoerus_africanus__Common_warthog__HLphaAfr1__GCA_016906955.1	1	1
HLbosTau10.ENSBTAT00000013786_PAG7_418_Phacochoerus_africanus__Common_warthog__HLphaAfr1__GCA_016906955.1	HLbosTau10.ENSBTAT00000013786#PAG7#418#Phacochoerus_africanus__Common_warthog__HLphaAfr1__GCA_016906955.1	PAG7	Phacochoerus_africanus__Common_warthog__HLphaAfr1__GCA_016906955.1	1	1
HLbosTau10.ENSBTAT00000005384_PAG10_416_Phacochoerus_africanus__Common_warthog__HLphaAfr1__GCA_016906955.1	HLbosTau10.ENSBTAT00000005384#PAG10#416#Phacochoerus_africanus__Common_warthog__HLphaAfr1__GCA_016906955.1	PAG10	Phacochoerus_africanus__Common_warthog__HLphaAfr1__GCA_016906955.1	1	1
mm10.ENSMUST00000025647_Pga5_79214_Phacochoerus_africanus__Common_warthog__HLphaAfr1__GCA_016906955.1	mm10.ENSMUST00000025647#Pga5#79214#Phacochoerus_africanus__Common_warthog__HLphaAfr1__GCA_016906955.1	Pga5	Phacochoerus_africanus__Common_warthog__HLphaAfr1__GCA_016906955.1	1	1
mm10.ENSMUST00000025647_Pga5_65503_Phacochoerus_africanus__Common_warthog__HLphaAfr1__GCA_016906955.1	mm10.ENSMUST00000025647#Pga5#65503#Phacochoerus_africanus__Common_warthog__HLphaAfr1__GCA_016906955.1	Pga5	Phacochoerus_africanus__Common_warthog__HLphaAfr1__GCA_016906955.1	1	1
HLbosTau10.ENSBTAT00000030243_PAG3_511604_Phacochoerus_africanus__Common_warthog__HLphaAfr1__GCA_016906955.1	HLbosTau10.ENSBTAT00000030243#PAG3#511604#Phacochoerus_africanus__Common_warthog__HLphaAfr1__GCA_016906955.1	PAG3	Phacochoerus_africanus__Common_warthog__HLphaAfr1__GCA_016906955.1	1	1
HLbosTau10.ENSBTAT00000005384_PAG10_12948_Phacochoerus_africanus__Common_warthog__HLphaAfr1__GCA_016906955.1	HLbosTau10.ENSBTAT00000005384#PAG10#12948#Phacochoerus_africanus__Common_warthog__HLphaAfr1__GCA_016906955.1	PAG10	Phacochoerus_africanus__Common_warthog__HLphaAfr1__GCA_016906955.1	1	1
mm10.ENSMUST00000025647_Pga5_76_Phoca_vitulina__harbor_seal__HLphoVit1__GCA_004348235.1	mm10.ENSMUST00000025647#Pga5#76#Phoca_vitulina__harbor_seal__HLphoVit1__GCA_004348235.1	Pga5	Phoca_vitulina__harbor_seal__HLphoVit1__GCA_004348235.1	20	13
hg38.ENST00000312403.10_PGA5_27180_Phoca_vitulina__harbor_seal__HLphoVit1__GCA_004348235.1	hg38.ENST00000312403.10#PGA5#27180#Phoca_vitulina__harbor_seal__HLphoVit1__GCA_004348235.1	PGA5	Phoca_vitulina__harbor_seal__HLphoVit1__GCA_004348235.1	54	38
HLbosTau10.ENSBTAT00000050664_PAG15_707232_Phocoena_phocoena__harbor_porpoise__HLphoPho3__GCA_963924675.1	HLbosTau10.ENSBTAT00000050664#PAG15#707232#Phocoena_phocoena__harbor_porpoise__HLphoPho3__GCA_963924675.1	PAG15	Phocoena_phocoena__harbor_porpoise__HLphoPho3__GCA_963924675.1	10	4
mm10.ENSMUST00000025647_Pga5_70_Phocoena_phocoena__harbor_porpoise__HLphoPho3__GCA_963924675.1	mm10.ENSMUST00000025647#Pga5#70#Phocoena_phocoena__harbor_porpoise__HLphoPho3__GCA_963924675.1	Pga5	Phocoena_phocoena__harbor_porpoise__HLphoPho3__GCA_963924675.1	10	4
hg38.ENST00000312403.10_PGA5_2919_Phocoena_phocoena__harbor_porpoise__HLphoPho3__GCA_963924675.1	hg38.ENST00000312403.10#PGA5#2919#Phocoena_phocoena__harbor_porpoise__HLphoPho3__GCA_963924675.1	PGA5	Phocoena_phocoena__harbor_porpoise__HLphoPho3__GCA_963924675.1	56	38
HLbosTau10.ENSBTAT00000050664_PAG15_306861_Phocoena_sinus__vaquita__HLphoSin1__GCA_008692025.1	HLbosTau10.ENSBTAT00000050664#PAG15#306861#Phocoena_sinus__vaquita__HLphoSin1__GCA_008692025.1	PAG15	Phocoena_sinus__vaquita__HLphoSin1__GCA_008692025.1	10	4
HLbosTau10.NM_176628_PAG19_247564_Phocoena_sinus__vaquita__HLphoSin1__GCA_008692025.1	HLbosTau10.NM_176628#PAG19#247564#Phocoena_sinus__vaquita__HLphoSin1__GCA_008692025.1	PAG19	Phocoena_sinus__vaquita__HLphoSin1__GCA_008692025.1	10	4
hg38.ENST00000312403.10_PGA5_2771_Phocoena_sinus__vaquita__HLphoSin1__GCA_008692025.1	hg38.ENST00000312403.10#PGA5#2771#Phocoena_sinus__vaquita__HLphoSin1__GCA_008692025.1	PGA5	Phocoena_sinus__vaquita__HLphoSin1__GCA_008692025.1	56	38
HLbosTau10.ENSBTAT00000030466_PAG18_103313_Phodopus_roborovskii__desert_hamster__HLphoRob1__GCA_943737965.1	HLbosTau10.ENSBTAT00000030466#PAG18#103313#Phodopus_roborovskii__desert_hamster__HLphoRob1__GCA_943737965.1	PAG18	Phodopus_roborovskii__desert_hamster__HLphoRob1__GCA_943737965.1	28	19
hg38.ENST00000312403.10_PGA5_19_Phodopus_sungorus__winter_white_dwarf_hamster__HLphoSun2__GCA_030556225.1	hg38.ENST00000312403.10#PGA5#19#Phodopus_sungorus__winter_white_dwarf_hamster__HLphoSun2__GCA_030556225.1	PGA5	Phodopus_sungorus__winter_white_dwarf_hamster__HLphoSun2__GCA_030556225.1	28	19
mm10.ENSMUST00000025647_Pga5_72_Phyllostomus_discolor__Pale_spear-nosed_bat__HLphyDisc4__GCF_004126475.2	mm10.ENSMUST00000025647#Pga5#72#Phyllostomus_discolor__Pale_spear-nosed_bat__HLphyDisc4__GCF_004126475.2	Pga5	Phyllostomus_discolor__Pale_spear-nosed_bat__HLphyDisc4__GCF_004126475.2	21	14
hg38.ENST00000312403.10_PGA5_3426_Phyllostomus_discolor__Pale_spear-nosed_bat__HLphyDisc4__GCF_004126475.2	hg38.ENST00000312403.10#PGA5#3426#Phyllostomus_discolor__Pale_spear-nosed_bat__HLphyDisc4__GCF_004126475.2	PGA5	Phyllostomus_discolor__Pale_spear-nosed_bat__HLphyDisc4__GCF_004126475.2	53	38
mm10.ENSMUST00000025647_Pga5_72_Phyllostomus_discolor__pale_spear-nosed_bat__HLphyDis3__GCA_014049915.1	mm10.ENSMUST00000025647#Pga5#72#Phyllostomus_discolor__pale_spear-nosed_bat__HLphyDis3__GCA_014049915.1	Pga5	Phyllostomus_discolor__pale_spear-nosed_bat__HLphyDis3__GCA_014049915.1	21	14
hg38.ENST00000312403.10_PGA5_2209_Phyllostomus_discolor__pale_spear-nosed_bat__HLphyDis3__GCA_014049915.1	hg38.ENST00000312403.10#PGA5#2209#Phyllostomus_discolor__pale_spear-nosed_bat__HLphyDis3__GCA_014049915.1	PGA5	Phyllostomus_discolor__pale_spear-nosed_bat__HLphyDis3__GCA_014049915.1	53	38
hg38.ENST00000312403.10_PGA5_3028_Phyllostomus_hastatus__Greater_spear-nosed_bat__HLphyHast2__GCF_019186645.2	hg38.ENST00000312403.10#PGA5#3028#Phyllostomus_hastatus__Greater_spear-nosed_bat__HLphyHast2__GCF_019186645.2	PGA5	Phyllostomus_hastatus__Greater_spear-nosed_bat__HLphyHast2__GCF_019186645.2	53	38
HLbosTau10.ENSBTAT00000025593_PAG5_58845_Phyllostomus_hastatus__Greater_spear-nosed_bat__HLphyHast2__GCF_019186645.2	HLbosTau10.ENSBTAT00000025593#PAG5#58845#Phyllostomus_hastatus__Greater_spear-nosed_bat__HLphyHast2__GCF_019186645.2	PAG5	Phyllostomus_hastatus__Greater_spear-nosed_bat__HLphyHast2__GCF_019186645.2	21	14
mm10.ENSMUST00000025647_Pga5_6_Phyllotis_vaccarum__Punta_de_Vaca_leaf-eared_mouse__HLphyVac1__GCA_033318265.1	mm10.ENSMUST00000025647#Pga5#6#Phyllotis_vaccarum__Punta_de_Vaca_leaf-eared_mouse__HLphyVac1__GCA_033318265.1	Pga5	Phyllotis_vaccarum__Punta_de_Vaca_leaf-eared_mouse__HLphyVac1__GCA_033318265.1	28	19
mm10.ENSMUST00000025647_Pga5_137233_Pipistrellus_abramus__Japanese_house_bat__HLpipAbr1__GCA_044885105.1	mm10.ENSMUST00000025647#Pga5#137233#Pipistrellus_abramus__Japanese_house_bat__HLpipAbr1__GCA_044885105.1	Pga5	Pipistrellus_abramus__Japanese_house_bat__HLpipAbr1__GCA_044885105.1	19	12
HLbosTau10.ENSBTAT00000005384_PAG10_117596_Pipistrellus_abramus__Japanese_house_bat__HLpipAbr1__GCA_044885105.1	HLbosTau10.ENSBTAT00000005384#PAG10#117596#Pipistrellus_abramus__Japanese_house_bat__HLpipAbr1__GCA_044885105.1	PAG10	Pipistrellus_abramus__Japanese_house_bat__HLpipAbr1__GCA_044885105.1	19	12
HLbosTau10.ENSBTAT00000038878_PAG6_945_Pipistrellus_abramus__Japanese_house_bat__HLpipAbr1__GCA_044885105.1	HLbosTau10.ENSBTAT00000038878#PAG6#945#Pipistrellus_abramus__Japanese_house_bat__HLpipAbr1__GCA_044885105.1	PAG6	Pipistrellus_abramus__Japanese_house_bat__HLpipAbr1__GCA_044885105.1	19	12
HLbosTau10.ENSBTAT00000025517_PAG2_107826_Pipistrellus_abramus__Japanese_house_bat__HLpipAbr1__GCA_044885105.1	HLbosTau10.ENSBTAT00000025517#PAG2#107826#Pipistrellus_abramus__Japanese_house_bat__HLpipAbr1__GCA_044885105.1	PAG2	Pipistrellus_abramus__Japanese_house_bat__HLpipAbr1__GCA_044885105.1	19	12
HLbosTau10.ENSBTAT00000005384_PAG10_112549_Pipistrellus_abramus__Japanese_house_bat__HLpipAbr1__GCA_044885105.1	HLbosTau10.ENSBTAT00000005384#PAG10#112549#Pipistrellus_abramus__Japanese_house_bat__HLpipAbr1__GCA_044885105.1	PAG10	Pipistrellus_abramus__Japanese_house_bat__HLpipAbr1__GCA_044885105.1	19	12
HLbosTau10.ENSBTAT00000013786_PAG7_13326_Pipistrellus_abramus__Japanese_house_bat__HLpipAbr1__GCA_044885105.1	HLbosTau10.ENSBTAT00000013786#PAG7#13326#Pipistrellus_abramus__Japanese_house_bat__HLpipAbr1__GCA_044885105.1	PAG7	Pipistrellus_abramus__Japanese_house_bat__HLpipAbr1__GCA_044885105.1	19	12
HLbosTau10.ENSBTAT00000005384_PAG10_34_Pipistrellus_abramus__Japanese_house_bat__HLpipAbr1__GCA_044885105.1	HLbosTau10.ENSBTAT00000005384#PAG10#34#Pipistrellus_abramus__Japanese_house_bat__HLpipAbr1__GCA_044885105.1	PAG10	Pipistrellus_abramus__Japanese_house_bat__HLpipAbr1__GCA_044885105.1	19	12
HLbosTau10.ENSBTAT00000005384_PAG10_30635_Pipistrellus_abramus__Japanese_house_bat__HLpipAbr1__GCA_044885105.1	HLbosTau10.ENSBTAT00000005384#PAG10#30635#Pipistrellus_abramus__Japanese_house_bat__HLpipAbr1__GCA_044885105.1	PAG10	Pipistrellus_abramus__Japanese_house_bat__HLpipAbr1__GCA_044885105.1	19	12
HLbosTau10.ENSBTAT00000013786_PAG7_10561_Pipistrellus_abramus__Japanese_house_bat__HLpipAbr1__GCA_044885105.1	HLbosTau10.ENSBTAT00000013786#PAG7#10561#Pipistrellus_abramus__Japanese_house_bat__HLpipAbr1__GCA_044885105.1	PAG7	Pipistrellus_abramus__Japanese_house_bat__HLpipAbr1__GCA_044885105.1	19	12
HLbosTau10.ENSBTAT00000063428_ENSBTAG00000051196_3838_Pipistrellus_abramus__Japanese_house_bat__HLpipAbr1__GCA_044885105.1	HLbosTau10.ENSBTAT00000063428#ENSBTAG00000051196#3838#Pipistrellus_abramus__Japanese_house_bat__HLpipAbr1__GCA_044885105.1	ENSBTAG00000051196	Pipistrellus_abramus__Japanese_house_bat__HLpipAbr1__GCA_044885105.1	19	12
HLbosTau10.ENSBTAT00000005399_PAG11_1747_Pipistrellus_abramus__Japanese_house_bat__HLpipAbr1__GCA_044885105.1	HLbosTau10.ENSBTAT00000005399#PAG11#1747#Pipistrellus_abramus__Japanese_house_bat__HLpipAbr1__GCA_044885105.1	PAG11	Pipistrellus_abramus__Japanese_house_bat__HLpipAbr1__GCA_044885105.1	19	12
HLbosTau10.ENSBTAT00000013786_PAG7_2721_Pipistrellus_abramus__Japanese_house_bat__HLpipAbr1__GCA_044885105.1	HLbosTau10.ENSBTAT00000013786#PAG7#2721#Pipistrellus_abramus__Japanese_house_bat__HLpipAbr1__GCA_044885105.1	PAG7	Pipistrellus_abramus__Japanese_house_bat__HLpipAbr1__GCA_044885105.1	19	12
hg38.ENST00000312403.10_PGA5_2689_Pipistrellus_abramus__Japanese_house_bat__HLpipAbr1__GCA_044885105.1	hg38.ENST00000312403.10#PGA5#2689#Pipistrellus_abramus__Japanese_house_bat__HLpipAbr1__GCA_044885105.1	PGA5	Pipistrellus_abramus__Japanese_house_bat__HLpipAbr1__GCA_044885105.1	50	36
mm10.ENSMUST00000025647_Pga5_15391_Pipistrellus_hanaki__Hanakis_dwarf_bat__HLpipHan1__GCA_964339955.1	mm10.ENSMUST00000025647#Pga5#15391#Pipistrellus_hanaki__Hanakis_dwarf_bat__HLpipHan1__GCA_964339955.1	Pga5	Pipistrellus_hanaki__Hanakis_dwarf_bat__HLpipHan1__GCA_964339955.1	19	12
HLbosTau10.ENSBTAT00000005384_PAG10_1475_Pipistrellus_hanaki__Hanakis_dwarf_bat__HLpipHan1__GCA_964339955.1	HLbosTau10.ENSBTAT00000005384#PAG10#1475#Pipistrellus_hanaki__Hanakis_dwarf_bat__HLpipHan1__GCA_964339955.1	PAG10	Pipistrellus_hanaki__Hanakis_dwarf_bat__HLpipHan1__GCA_964339955.1	19	12
hg38.ENST00000378149.9_PGA4_3063_Pipistrellus_hanaki__Hanakis_dwarf_bat__HLpipHan1__GCA_964339955.1	hg38.ENST00000378149.9#PGA4#3063#Pipistrellus_hanaki__Hanakis_dwarf_bat__HLpipHan1__GCA_964339955.1	PGA4	Pipistrellus_hanaki__Hanakis_dwarf_bat__HLpipHan1__GCA_964339955.1	19	12
HLbosTau10.ENSBTAT00000005384_PAG10_890_Pipistrellus_hanaki__Hanakis_dwarf_bat__HLpipHan1__GCA_964339955.1	HLbosTau10.ENSBTAT00000005384#PAG10#890#Pipistrellus_hanaki__Hanakis_dwarf_bat__HLpipHan1__GCA_964339955.1	PAG10	Pipistrellus_hanaki__Hanakis_dwarf_bat__HLpipHan1__GCA_964339955.1	19	12
HLbosTau10.ENSBTAT00000050664_PAG15_17461_Pipistrellus_hanaki__Hanakis_dwarf_bat__HLpipHan1__GCA_964339955.1	HLbosTau10.ENSBTAT00000050664#PAG15#17461#Pipistrellus_hanaki__Hanakis_dwarf_bat__HLpipHan1__GCA_964339955.1	PAG15	Pipistrellus_hanaki__Hanakis_dwarf_bat__HLpipHan1__GCA_964339955.1	19	12
HLbosTau10.ENSBTAT00000005399_PAG11_481_Pipistrellus_hanaki__Hanakis_dwarf_bat__HLpipHan1__GCA_964339955.1	HLbosTau10.ENSBTAT00000005399#PAG11#481#Pipistrellus_hanaki__Hanakis_dwarf_bat__HLpipHan1__GCA_964339955.1	PAG11	Pipistrellus_hanaki__Hanakis_dwarf_bat__HLpipHan1__GCA_964339955.1	19	12
HLbosTau10.ENSBTAT00000005384_PAG10_37_Pipistrellus_hanaki__Hanakis_dwarf_bat__HLpipHan1__GCA_964339955.1	HLbosTau10.ENSBTAT00000005384#PAG10#37#Pipistrellus_hanaki__Hanakis_dwarf_bat__HLpipHan1__GCA_964339955.1	PAG10	Pipistrellus_hanaki__Hanakis_dwarf_bat__HLpipHan1__GCA_964339955.1	19	12
HLbosTau10.ENSBTAT00000005384_PAG10_158216_Pipistrellus_hanaki__Hanakis_dwarf_bat__HLpipHan1__GCA_964339955.1	HLbosTau10.ENSBTAT00000005384#PAG10#158216#Pipistrellus_hanaki__Hanakis_dwarf_bat__HLpipHan1__GCA_964339955.1	PAG10	Pipistrellus_hanaki__Hanakis_dwarf_bat__HLpipHan1__GCA_964339955.1	19	12
HLbosTau10.ENSBTAT00000013786_PAG7_109548_Pipistrellus_hanaki__Hanakis_dwarf_bat__HLpipHan1__GCA_964339955.1	HLbosTau10.ENSBTAT00000013786#PAG7#109548#Pipistrellus_hanaki__Hanakis_dwarf_bat__HLpipHan1__GCA_964339955.1	PAG7	Pipistrellus_hanaki__Hanakis_dwarf_bat__HLpipHan1__GCA_964339955.1	19	12
hg38.ENST00000312403.10_PGA5_3063_Pipistrellus_hanaki__Hanakis_dwarf_bat__HLpipHan1__GCA_964339955.1	hg38.ENST00000312403.10#PGA5#3063#Pipistrellus_hanaki__Hanakis_dwarf_bat__HLpipHan1__GCA_964339955.1	PGA5	Pipistrellus_hanaki__Hanakis_dwarf_bat__HLpipHan1__GCA_964339955.1	50	36
HLbosTau10.ENSBTAT00000025517_PAG2_19353_Pipistrellus_nathusii__Nathusiuss_pipistrelle__HLpipNat1A__GCA_963693515.1	HLbosTau10.ENSBTAT00000025517#PAG2#19353#Pipistrellus_nathusii__Nathusiuss_pipistrelle__HLpipNat1A__GCA_963693515.1	PAG2	Pipistrellus_nathusii__Nathusiuss_pipistrelle__HLpipNat1A__GCA_963693515.1	19	12
HLbosTau10.ENSBTAT00000005384_PAG10_13245_Pipistrellus_nathusii__Nathusiuss_pipistrelle__HLpipNat1A__GCA_963693515.1	HLbosTau10.ENSBTAT00000005384#PAG10#13245#Pipistrellus_nathusii__Nathusiuss_pipistrelle__HLpipNat1A__GCA_963693515.1	PAG10	Pipistrellus_nathusii__Nathusiuss_pipistrelle__HLpipNat1A__GCA_963693515.1	19	12
HLbosTau10.ENSBTAT00000005399_PAG11_1496_Pipistrellus_nathusii__Nathusiuss_pipistrelle__HLpipNat1A__GCA_963693515.1	HLbosTau10.ENSBTAT00000005399#PAG11#1496#Pipistrellus_nathusii__Nathusiuss_pipistrelle__HLpipNat1A__GCA_963693515.1	PAG11	Pipistrellus_nathusii__Nathusiuss_pipistrelle__HLpipNat1A__GCA_963693515.1	19	12
HLbosTau10.ENSBTAT00000005384_PAG10_718_Pipistrellus_nathusii__Nathusiuss_pipistrelle__HLpipNat1A__GCA_963693515.1	HLbosTau10.ENSBTAT00000005384#PAG10#718#Pipistrellus_nathusii__Nathusiuss_pipistrelle__HLpipNat1A__GCA_963693515.1	PAG10	Pipistrellus_nathusii__Nathusiuss_pipistrelle__HLpipNat1A__GCA_963693515.1	19	12
HLbosTau10.ENSBTAT00000005384_PAG10_36_Pipistrellus_nathusii__Nathusiuss_pipistrelle__HLpipNat1A__GCA_963693515.1	HLbosTau10.ENSBTAT00000005384#PAG10#36#Pipistrellus_nathusii__Nathusiuss_pipistrelle__HLpipNat1A__GCA_963693515.1	PAG10	Pipistrellus_nathusii__Nathusiuss_pipistrelle__HLpipNat1A__GCA_963693515.1	19	12
mm10.ENSMUST00000025647_Pga5_34673_Pipistrellus_nathusii__Nathusiuss_pipistrelle__HLpipNat1A__GCA_963693515.1	mm10.ENSMUST00000025647#Pga5#34673#Pipistrellus_nathusii__Nathusiuss_pipistrelle__HLpipNat1A__GCA_963693515.1	Pga5	Pipistrellus_nathusii__Nathusiuss_pipistrelle__HLpipNat1A__GCA_963693515.1	19	12
HLbosTau10.ENSBTAT00000005384_PAG10_5905_Pipistrellus_nathusii__Nathusiuss_pipistrelle__HLpipNat1A__GCA_963693515.1	HLbosTau10.ENSBTAT00000005384#PAG10#5905#Pipistrellus_nathusii__Nathusiuss_pipistrelle__HLpipNat1A__GCA_963693515.1	PAG10	Pipistrellus_nathusii__Nathusiuss_pipistrelle__HLpipNat1A__GCA_963693515.1	19	12
HLbosTau10.ENSBTAT00000050664_PAG15_14163_Pipistrellus_nathusii__Nathusiuss_pipistrelle__HLpipNat1A__GCA_963693515.1	HLbosTau10.ENSBTAT00000050664#PAG15#14163#Pipistrellus_nathusii__Nathusiuss_pipistrelle__HLpipNat1A__GCA_963693515.1	PAG15	Pipistrellus_nathusii__Nathusiuss_pipistrelle__HLpipNat1A__GCA_963693515.1	19	12
HLbosTau10.ENSBTAT00000005384_PAG10_42692_Pipistrellus_nathusii__Nathusiuss_pipistrelle__HLpipNat1A__GCA_963693515.1	HLbosTau10.ENSBTAT00000005384#PAG10#42692#Pipistrellus_nathusii__Nathusiuss_pipistrelle__HLpipNat1A__GCA_963693515.1	PAG10	Pipistrellus_nathusii__Nathusiuss_pipistrelle__HLpipNat1A__GCA_963693515.1	19	12
mm10.ENSMUST00000025647_Pga5_82_Pipistrellus_nathusii__Nathusiuss_pipistrelle__HLpipNat1A__GCA_963693515.1	mm10.ENSMUST00000025647#Pga5#82#Pipistrellus_nathusii__Nathusiuss_pipistrelle__HLpipNat1A__GCA_963693515.1	Pga5	Pipistrellus_nathusii__Nathusiuss_pipistrelle__HLpipNat1A__GCA_963693515.1	19	12
hg38.ENST00000325558.11_PGA3_34364_Pipistrellus_nathusii__Nathusiuss_pipistrelle__HLpipNat1A__GCA_963693515.1	hg38.ENST00000325558.11#PGA3#34364#Pipistrellus_nathusii__Nathusiuss_pipistrelle__HLpipNat1A__GCA_963693515.1	PGA3	Pipistrellus_nathusii__Nathusiuss_pipistrelle__HLpipNat1A__GCA_963693515.1	19	12
hg38.ENST00000312403.10_PGA5_21_Pipistrellus_nathusii__Nathusiuss_pipistrelle__HLpipNat1A__GCA_963693515.1	hg38.ENST00000312403.10#PGA5#21#Pipistrellus_nathusii__Nathusiuss_pipistrelle__HLpipNat1A__GCA_963693515.1	PGA5	Pipistrellus_nathusii__Nathusiuss_pipistrelle__HLpipNat1A__GCA_963693515.1	50	36
HLbosTau10.ENSBTAT00000025517_PAG2_16978_Pipistrellus_nathusii__Nathusiuss_pipistrelle__HLpipNat1B__GCA_963693525.1	HLbosTau10.ENSBTAT00000025517#PAG2#16978#Pipistrellus_nathusii__Nathusiuss_pipistrelle__HLpipNat1B__GCA_963693525.1	PAG2	Pipistrellus_nathusii__Nathusiuss_pipistrelle__HLpipNat1B__GCA_963693525.1	19	12
HLbosTau10.ENSBTAT00000005384_PAG10_24714_Pipistrellus_nathusii__Nathusiuss_pipistrelle__HLpipNat1B__GCA_963693525.1	HLbosTau10.ENSBTAT00000005384#PAG10#24714#Pipistrellus_nathusii__Nathusiuss_pipistrelle__HLpipNat1B__GCA_963693525.1	PAG10	Pipistrellus_nathusii__Nathusiuss_pipistrelle__HLpipNat1B__GCA_963693525.1	19	12
HLbosTau10.ENSBTAT00000005384_PAG10_966_Pipistrellus_nathusii__Nathusiuss_pipistrelle__HLpipNat1B__GCA_963693525.1	HLbosTau10.ENSBTAT00000005384#PAG10#966#Pipistrellus_nathusii__Nathusiuss_pipistrelle__HLpipNat1B__GCA_963693525.1	PAG10	Pipistrellus_nathusii__Nathusiuss_pipistrelle__HLpipNat1B__GCA_963693525.1	19	12
HLbosTau10.ENSBTAT00000005384_PAG10_641_Pipistrellus_nathusii__Nathusiuss_pipistrelle__HLpipNat1B__GCA_963693525.1	HLbosTau10.ENSBTAT00000005384#PAG10#641#Pipistrellus_nathusii__Nathusiuss_pipistrelle__HLpipNat1B__GCA_963693525.1	PAG10	Pipistrellus_nathusii__Nathusiuss_pipistrelle__HLpipNat1B__GCA_963693525.1	19	12
HLbosTau10.ENSBTAT00000025517_PAG2_281456_Pipistrellus_nathusii__Nathusiuss_pipistrelle__HLpipNat1B__GCA_963693525.1	HLbosTau10.ENSBTAT00000025517#PAG2#281456#Pipistrellus_nathusii__Nathusiuss_pipistrelle__HLpipNat1B__GCA_963693525.1	PAG2	Pipistrellus_nathusii__Nathusiuss_pipistrelle__HLpipNat1B__GCA_963693525.1	19	12
HLbosTau10.ENSBTAT00000005384_PAG10_34_Pipistrellus_nathusii__Nathusiuss_pipistrelle__HLpipNat1B__GCA_963693525.1	HLbosTau10.ENSBTAT00000005384#PAG10#34#Pipistrellus_nathusii__Nathusiuss_pipistrelle__HLpipNat1B__GCA_963693525.1	PAG10	Pipistrellus_nathusii__Nathusiuss_pipistrelle__HLpipNat1B__GCA_963693525.1	19	12
mm10.ENSMUST00000025647_Pga5_68902_Pipistrellus_nathusii__Nathusiuss_pipistrelle__HLpipNat1B__GCA_963693525.1	mm10.ENSMUST00000025647#Pga5#68902#Pipistrellus_nathusii__Nathusiuss_pipistrelle__HLpipNat1B__GCA_963693525.1	Pga5	Pipistrellus_nathusii__Nathusiuss_pipistrelle__HLpipNat1B__GCA_963693525.1	19	12
mm10.ENSMUST00000025647_Pga5_101466_Pipistrellus_nathusii__Nathusiuss_pipistrelle__HLpipNat1B__GCA_963693525.1	mm10.ENSMUST00000025647#Pga5#101466#Pipistrellus_nathusii__Nathusiuss_pipistrelle__HLpipNat1B__GCA_963693525.1	Pga5	Pipistrellus_nathusii__Nathusiuss_pipistrelle__HLpipNat1B__GCA_963693525.1	19	12
mm10.ENSMUST00000025647_Pga5_79_Pipistrellus_nathusii__Nathusiuss_pipistrelle__HLpipNat1B__GCA_963693525.1	mm10.ENSMUST00000025647#Pga5#79#Pipistrellus_nathusii__Nathusiuss_pipistrelle__HLpipNat1B__GCA_963693525.1	Pga5	Pipistrellus_nathusii__Nathusiuss_pipistrelle__HLpipNat1B__GCA_963693525.1	19	12
HLbosTau10.ENSBTAT00000005384_PAG10_31647_Pipistrellus_nathusii__Nathusiuss_pipistrelle__HLpipNat1B__GCA_963693525.1	HLbosTau10.ENSBTAT00000005384#PAG10#31647#Pipistrellus_nathusii__Nathusiuss_pipistrelle__HLpipNat1B__GCA_963693525.1	PAG10	Pipistrellus_nathusii__Nathusiuss_pipistrelle__HLpipNat1B__GCA_963693525.1	19	12
hg38.ENST00000325558.11_PGA3_24339_Pipistrellus_nathusii__Nathusiuss_pipistrelle__HLpipNat1B__GCA_963693525.1	hg38.ENST00000325558.11#PGA3#24339#Pipistrellus_nathusii__Nathusiuss_pipistrelle__HLpipNat1B__GCA_963693525.1	PGA3	Pipistrellus_nathusii__Nathusiuss_pipistrelle__HLpipNat1B__GCA_963693525.1	19	12
hg38.ENST00000312403.10_PGA5_20_Pipistrellus_nathusii__Nathusiuss_pipistrelle__HLpipNat1B__GCA_963693525.1	hg38.ENST00000312403.10#PGA5#20#Pipistrellus_nathusii__Nathusiuss_pipistrelle__HLpipNat1B__GCA_963693525.1	PGA5	Pipistrellus_nathusii__Nathusiuss_pipistrelle__HLpipNat1B__GCA_963693525.1	50	36
hg38.ENST00000325558.11_PGA3_26_Pipistrellus_pipistrellus__common_pipistrelle__HLpipPip2__GCA_903992545.1	hg38.ENST00000325558.11#PGA3#26#Pipistrellus_pipistrellus__common_pipistrelle__HLpipPip2__GCA_903992545.1	PGA3	Pipistrellus_pipistrellus__common_pipistrelle__HLpipPip2__GCA_903992545.1	50	36
HLbosTau10.NM_176628_PAG19_3144_Pipistrellus_pipistrellus__common_pipistrelle__HLpipPip2__GCA_903992545.1	HLbosTau10.NM_176628#PAG19#3144#Pipistrellus_pipistrellus__common_pipistrelle__HLpipPip2__GCA_903992545.1	PAG19	Pipistrellus_pipistrellus__common_pipistrelle__HLpipPip2__GCA_903992545.1	19	12
HLbosTau10.ENSBTAT00000025593_PAG5_72291_Pipistrellus_pipistrellus__common_pipistrelle__HLpipPip2__GCA_903992545.1	HLbosTau10.ENSBTAT00000025593#PAG5#72291#Pipistrellus_pipistrellus__common_pipistrelle__HLpipPip2__GCA_903992545.1	PAG5	Pipistrellus_pipistrellus__common_pipistrelle__HLpipPip2__GCA_903992545.1	19	12
HLbosTau10.ENSBTAT00000013786_PAG7_2590_Pipistrellus_pipistrellus__common_pipistrelle__HLpipPip2__GCA_903992545.1	HLbosTau10.ENSBTAT00000013786#PAG7#2590#Pipistrellus_pipistrellus__common_pipistrelle__HLpipPip2__GCA_903992545.1	PAG7	Pipistrellus_pipistrellus__common_pipistrelle__HLpipPip2__GCA_903992545.1	19	12
HLbosTau10.ENSBTAT00000005399_PAG11_827_Pipistrellus_pipistrellus__common_pipistrelle__HLpipPip2__GCA_903992545.1	HLbosTau10.ENSBTAT00000005399#PAG11#827#Pipistrellus_pipistrellus__common_pipistrelle__HLpipPip2__GCA_903992545.1	PAG11	Pipistrellus_pipistrellus__common_pipistrelle__HLpipPip2__GCA_903992545.1	19	12
HLbosTau10.ENSBTAT00000005384_PAG10_473927_Pipistrellus_pipistrellus__common_pipistrelle__HLpipPip2__GCA_903992545.1	HLbosTau10.ENSBTAT00000005384#PAG10#473927#Pipistrellus_pipistrellus__common_pipistrelle__HLpipPip2__GCA_903992545.1	PAG10	Pipistrellus_pipistrellus__common_pipistrelle__HLpipPip2__GCA_903992545.1	19	12
HLbosTau10.ENSBTAT00000005384_PAG10_41_Pipistrellus_pipistrellus__common_pipistrelle__HLpipPip2__GCA_903992545.1	HLbosTau10.ENSBTAT00000005384#PAG10#41#Pipistrellus_pipistrellus__common_pipistrelle__HLpipPip2__GCA_903992545.1	PAG10	Pipistrellus_pipistrellus__common_pipistrelle__HLpipPip2__GCA_903992545.1	19	12
HLbosTau10.ENSBTAT00000005384_PAG10_3279_Pipistrellus_pipistrellus__common_pipistrelle__HLpipPip2__GCA_903992545.1	HLbosTau10.ENSBTAT00000005384#PAG10#3279#Pipistrellus_pipistrellus__common_pipistrelle__HLpipPip2__GCA_903992545.1	PAG10	Pipistrellus_pipistrellus__common_pipistrelle__HLpipPip2__GCA_903992545.1	19	12
HLbosTau10.ENSBTAT00000005384_PAG10_3277_Pipistrellus_pipistrellus__common_pipistrelle__HLpipPip2__GCA_903992545.1	HLbosTau10.ENSBTAT00000005384#PAG10#3277#Pipistrellus_pipistrellus__common_pipistrelle__HLpipPip2__GCA_903992545.1	PAG10	Pipistrellus_pipistrellus__common_pipistrelle__HLpipPip2__GCA_903992545.1	19	12
HLbosTau10.ENSBTAT00000005384_PAG10_843_Pipistrellus_pipistrellus__common_pipistrelle__HLpipPip2__GCA_903992545.1	HLbosTau10.ENSBTAT00000005384#PAG10#843#Pipistrellus_pipistrellus__common_pipistrelle__HLpipPip2__GCA_903992545.1	PAG10	Pipistrellus_pipistrellus__common_pipistrelle__HLpipPip2__GCA_903992545.1	19	12
mm10.ENSMUST00000025647_Pga5_507136_Pipistrellus_pipistrellus__common_pipistrelle__HLpipPip2__GCA_903992545.1	mm10.ENSMUST00000025647#Pga5#507136#Pipistrellus_pipistrellus__common_pipistrelle__HLpipPip2__GCA_903992545.1	Pga5	Pipistrellus_pipistrellus__common_pipistrelle__HLpipPip2__GCA_903992545.1	19	12
HLbosTau10.ENSBTAT00000025567_PAG12_583299_Pipistrellus_pipistrellus__common_pipistrelle__HLpipPip2__GCA_903992545.1	HLbosTau10.ENSBTAT00000025567#PAG12#583299#Pipistrellus_pipistrellus__common_pipistrelle__HLpipPip2__GCA_903992545.1	PAG12	Pipistrellus_pipistrellus__common_pipistrelle__HLpipPip2__GCA_903992545.1	19	12
hg38.ENST00000312403.10_PGA5_3260_Pipistrellus_pygmaeus__soprano_pipistrelle__HLpipPyg1__GCA_949987585.1	hg38.ENST00000312403.10#PGA5#3260#Pipistrellus_pygmaeus__soprano_pipistrelle__HLpipPyg1__GCA_949987585.1	PGA5	Pipistrellus_pygmaeus__soprano_pipistrelle__HLpipPyg1__GCA_949987585.1	50	36
hg38.ENST00000378149.9_PGA4_3260_Pipistrellus_pygmaeus__soprano_pipistrelle__HLpipPyg1__GCA_949987585.1	hg38.ENST00000378149.9#PGA4#3260#Pipistrellus_pygmaeus__soprano_pipistrelle__HLpipPyg1__GCA_949987585.1	PGA4	Pipistrellus_pygmaeus__soprano_pipistrelle__HLpipPyg1__GCA_949987585.1	19	12
hg38.ENST00000325558.11_PGA3_3260_Pipistrellus_pygmaeus__soprano_pipistrelle__HLpipPyg1__GCA_949987585.1	hg38.ENST00000325558.11#PGA3#3260#Pipistrellus_pygmaeus__soprano_pipistrelle__HLpipPyg1__GCA_949987585.1	PGA3	Pipistrellus_pygmaeus__soprano_pipistrelle__HLpipPyg1__GCA_949987585.1	19	12
HLbosTau10.ENSBTAT00000013786_PAG7_2801_Pipistrellus_pygmaeus__soprano_pipistrelle__HLpipPyg1__GCA_949987585.1	HLbosTau10.ENSBTAT00000013786#PAG7#2801#Pipistrellus_pygmaeus__soprano_pipistrelle__HLpipPyg1__GCA_949987585.1	PAG7	Pipistrellus_pygmaeus__soprano_pipistrelle__HLpipPyg1__GCA_949987585.1	19	12
mm10.ENSMUST00000025647_Pga5_167337_Pipistrellus_pygmaeus__soprano_pipistrelle__HLpipPyg1__GCA_949987585.1	mm10.ENSMUST00000025647#Pga5#167337#Pipistrellus_pygmaeus__soprano_pipistrelle__HLpipPyg1__GCA_949987585.1	Pga5	Pipistrellus_pygmaeus__soprano_pipistrelle__HLpipPyg1__GCA_949987585.1	19	12
HLbosTau10.ENSBTAT00000005384_PAG10_961_Pipistrellus_pygmaeus__soprano_pipistrelle__HLpipPyg1__GCA_949987585.1	HLbosTau10.ENSBTAT00000005384#PAG10#961#Pipistrellus_pygmaeus__soprano_pipistrelle__HLpipPyg1__GCA_949987585.1	PAG10	Pipistrellus_pygmaeus__soprano_pipistrelle__HLpipPyg1__GCA_949987585.1	19	12
HLbosTau10.ENSBTAT00000005384_PAG10_133016_Pipistrellus_pygmaeus__soprano_pipistrelle__HLpipPyg1__GCA_949987585.1	HLbosTau10.ENSBTAT00000005384#PAG10#133016#Pipistrellus_pygmaeus__soprano_pipistrelle__HLpipPyg1__GCA_949987585.1	PAG10	Pipistrellus_pygmaeus__soprano_pipistrelle__HLpipPyg1__GCA_949987585.1	19	12
HLbosTau10.ENSBTAT00000005384_PAG10_36_Pipistrellus_pygmaeus__soprano_pipistrelle__HLpipPyg1__GCA_949987585.1	HLbosTau10.ENSBTAT00000005384#PAG10#36#Pipistrellus_pygmaeus__soprano_pipistrelle__HLpipPyg1__GCA_949987585.1	PAG10	Pipistrellus_pygmaeus__soprano_pipistrelle__HLpipPyg1__GCA_949987585.1	19	12
mm10.ENSMUST00000025647_Pga5_251039_Pipistrellus_pygmaeus__soprano_pipistrelle__HLpipPyg1__GCA_949987585.1	mm10.ENSMUST00000025647#Pga5#251039#Pipistrellus_pygmaeus__soprano_pipistrelle__HLpipPyg1__GCA_949987585.1	Pga5	Pipistrellus_pygmaeus__soprano_pipistrelle__HLpipPyg1__GCA_949987585.1	19	12
hg38.ENST00000325558.11_PGA3_11_Platyrrhinus_helleri__Hellers_broad-nosed_bat__HLplaHell1A__GCA_051107505.1	hg38.ENST00000325558.11#PGA3#11#Platyrrhinus_helleri__Hellers_broad-nosed_bat__HLplaHell1A__GCA_051107505.1	PGA3	Platyrrhinus_helleri__Hellers_broad-nosed_bat__HLplaHell1A__GCA_051107505.1	53	38
HLbosTau10.ENSBTAT00000013786_PAG7_3297_Platyrrhinus_helleri__Hellers_broad-nosed_bat__HLplaHell1A__GCA_051107505.1	HLbosTau10.ENSBTAT00000013786#PAG7#3297#Platyrrhinus_helleri__Hellers_broad-nosed_bat__HLplaHell1A__GCA_051107505.1	PAG7	Platyrrhinus_helleri__Hellers_broad-nosed_bat__HLplaHell1A__GCA_051107505.1	21	14
hg38.ENST00000312403.10_PGA5_3601_Plecotus_auritus__brown_big-eared_bat__HLpleAur1__GCA_963455305.1	hg38.ENST00000312403.10#PGA5#3601#Plecotus_auritus__brown_big-eared_bat__HLpleAur1__GCA_963455305.1	PGA5	Plecotus_auritus__brown_big-eared_bat__HLpleAur1__GCA_963455305.1	50	36
HLbosTau10.NM_176625_PAG16_138864_Plecotus_auritus__brown_big-eared_bat__HLpleAur1__GCA_963455305.1	HLbosTau10.NM_176625#PAG16#138864#Plecotus_auritus__brown_big-eared_bat__HLpleAur1__GCA_963455305.1	PAG16	Plecotus_auritus__brown_big-eared_bat__HLpleAur1__GCA_963455305.1	19	12
HLbosTau10.ENSBTAT00000005384_PAG10_2945_Plecotus_auritus__brown_big-eared_bat__HLpleAur1__GCA_963455305.1	HLbosTau10.ENSBTAT00000005384#PAG10#2945#Plecotus_auritus__brown_big-eared_bat__HLpleAur1__GCA_963455305.1	PAG10	Plecotus_auritus__brown_big-eared_bat__HLpleAur1__GCA_963455305.1	19	12
HLbosTau10.ENSBTAT00000050664_PAG15_1413_Plecotus_auritus__brown_big-eared_bat__HLpleAur1__GCA_963455305.1	HLbosTau10.ENSBTAT00000050664#PAG15#1413#Plecotus_auritus__brown_big-eared_bat__HLpleAur1__GCA_963455305.1	PAG15	Plecotus_auritus__brown_big-eared_bat__HLpleAur1__GCA_963455305.1	19	12
mm10.ENSMUST00000025647_Pga5_71604_Plecotus_auritus__brown_big-eared_bat__HLpleAur1__GCA_963455305.1	mm10.ENSMUST00000025647#Pga5#71604#Plecotus_auritus__brown_big-eared_bat__HLpleAur1__GCA_963455305.1	Pga5	Plecotus_auritus__brown_big-eared_bat__HLpleAur1__GCA_963455305.1	19	12
HLbosTau10.ENSBTAT00000005384_PAG10_3779_Plecotus_auritus__brown_big-eared_bat__HLpleAur1__GCA_963455305.1	HLbosTau10.ENSBTAT00000005384#PAG10#3779#Plecotus_auritus__brown_big-eared_bat__HLpleAur1__GCA_963455305.1	PAG10	Plecotus_auritus__brown_big-eared_bat__HLpleAur1__GCA_963455305.1	19	12
HLbosTau10.ENSBTAT00000013786_PAG7_236623_Plecotus_auritus__brown_big-eared_bat__HLpleAur1__GCA_963455305.1	HLbosTau10.ENSBTAT00000013786#PAG7#236623#Plecotus_auritus__brown_big-eared_bat__HLpleAur1__GCA_963455305.1	PAG7	Plecotus_auritus__brown_big-eared_bat__HLpleAur1__GCA_963455305.1	19	12
HLbosTau10.ENSBTAT00000025593_PAG5_678_Plecotus_auritus__brown_big-eared_bat__HLpleAur1__GCA_963455305.1	HLbosTau10.ENSBTAT00000025593#PAG5#678#Plecotus_auritus__brown_big-eared_bat__HLpleAur1__GCA_963455305.1	PAG5	Plecotus_auritus__brown_big-eared_bat__HLpleAur1__GCA_963455305.1	19	12
HLbosTau10.ENSBTAT00000038954_PAG21_1785_Plecotus_auritus__brown_big-eared_bat__HLpleAur1__GCA_963455305.1	HLbosTau10.ENSBTAT00000038954#PAG21#1785#Plecotus_auritus__brown_big-eared_bat__HLpleAur1__GCA_963455305.1	PAG21	Plecotus_auritus__brown_big-eared_bat__HLpleAur1__GCA_963455305.1	19	12
HLbosTau10.ENSBTAT00000013786_PAG7_11783_Plecotus_auritus__brown_big-eared_bat__HLpleAur1__GCA_963455305.1	HLbosTau10.ENSBTAT00000013786#PAG7#11783#Plecotus_auritus__brown_big-eared_bat__HLpleAur1__GCA_963455305.1	PAG7	Plecotus_auritus__brown_big-eared_bat__HLpleAur1__GCA_963455305.1	19	12
hg38.ENST00000312403.10_PGA5_12063_Plecturocebus_cupreus__Coppery_titi__HLpleCup1__GCA_040437455.1	hg38.ENST00000312403.10#PGA5#12063#Plecturocebus_cupreus__Coppery_titi__HLpleCup1__GCA_040437455.1	PGA5	Plecturocebus_cupreus__Coppery_titi__HLpleCup1__GCA_040437455.1	58	38
HLbosTau10.ENSBTAT00000050648_PAG9_4470_Plecturocebus_cupreus__Coppery_titi__HLpleCup1__GCA_040437455.1	HLbosTau10.ENSBTAT00000050648#PAG9#4470#Plecturocebus_cupreus__Coppery_titi__HLpleCup1__GCA_040437455.1	PAG9	Plecturocebus_cupreus__Coppery_titi__HLpleCup1__GCA_040437455.1	32	22
HLbosTau10.ENSBTAT00000027020_ENSBTAG00000035736_39167_Plecturocebus_grovesi__Alta_Floresta_titi_monkey__HLpleGro1__GCA_963574625.1	HLbosTau10.ENSBTAT00000027020#ENSBTAG00000035736#39167#Plecturocebus_grovesi__Alta_Floresta_titi_monkey__HLpleGro1__GCA_963574625.1	ENSBTAG00000035736	Plecturocebus_grovesi__Alta_Floresta_titi_monkey__HLpleGro1__GCA_963574625.1	32	22
hg38.ENST00000312403.10_PGA5_62690_Plecturocebus_grovesi__Alta_Floresta_titi_monkey__HLpleGro1__GCA_963574625.1	hg38.ENST00000312403.10#PGA5#62690#Plecturocebus_grovesi__Alta_Floresta_titi_monkey__HLpleGro1__GCA_963574625.1	PGA5	Plecturocebus_grovesi__Alta_Floresta_titi_monkey__HLpleGro1__GCA_963574625.1	58	38
HLbosTau10.ENSBTAT00000019640_PGA5_7197_Pongo_abelii__Sumatran_orangutan__HLponAbe4__GCA_028885655.2	HLbosTau10.ENSBTAT00000019640#PGA5#7197#Pongo_abelii__Sumatran_orangutan__HLponAbe4__GCA_028885655.2	PGA5	Pongo_abelii__Sumatran_orangutan__HLponAbe4__GCA_028885655.2	58	38
HLbosTau10.ENSBTAT00000018996_ENSBTAG00000040257_80663_Pongo_abelii__Sumatran_orangutan__HLponAbe4__GCA_028885655.2	HLbosTau10.ENSBTAT00000018996#ENSBTAG00000040257#80663#Pongo_abelii__Sumatran_orangutan__HLponAbe4__GCA_028885655.2	ENSBTAG00000040257	Pongo_abelii__Sumatran_orangutan__HLponAbe4__GCA_028885655.2	58	38
hg38.ENST00000378149.9_PGA4_18067_Pongo_abelii__Sumatran_orangutan__HLponAbe4__GCA_028885655.2	hg38.ENST00000378149.9#PGA4#18067#Pongo_abelii__Sumatran_orangutan__HLponAbe4__GCA_028885655.2	PGA4	Pongo_abelii__Sumatran_orangutan__HLponAbe4__GCA_028885655.2	58	38
mm10.ENSMUST00000025647_Pga5_77_Pongo_abelii__Sumatran_orangutan__HLponAbe4__GCA_028885655.2	mm10.ENSMUST00000025647#Pga5#77#Pongo_abelii__Sumatran_orangutan__HLponAbe4__GCA_028885655.2	Pga5	Pongo_abelii__Sumatran_orangutan__HLponAbe4__GCA_028885655.2	58	38
HLbosTau10.ENSBTAT00000077609_ENSBTAG00000053183_3434_Pongo_abelii__Sumatran_orangutan__HLponAbe4__GCA_028885655.2	HLbosTau10.ENSBTAT00000077609#ENSBTAG00000053183#3434#Pongo_abelii__Sumatran_orangutan__HLponAbe4__GCA_028885655.2	ENSBTAG00000053183	Pongo_abelii__Sumatran_orangutan__HLponAbe4__GCA_028885655.2	58	38
hg38.ENST00000312403.10_PGA5_7278_Pongo_abelii__Sumatran_orangutan__HLponAbe4__GCA_028885655.2	hg38.ENST00000312403.10#PGA5#7278#Pongo_abelii__Sumatran_orangutan__HLponAbe4__GCA_028885655.2	PGA5	Pongo_abelii__Sumatran_orangutan__HLponAbe4__GCA_028885655.2	58	38
hg38.ENST00000312403.10_PGA5_5984_Pongo_abelii__Sumatran_orangutan__HLponAbe4__GCA_028885655.2	hg38.ENST00000312403.10#PGA5#5984#Pongo_abelii__Sumatran_orangutan__HLponAbe4__GCA_028885655.2	PGA5	Pongo_abelii__Sumatran_orangutan__HLponAbe4__GCA_028885655.2	58	38
hg38.ENST00000312403.10_PGA5_22531_Pongo_abelii__Sumatran_orangutan__HLponAbe4__GCA_028885655.2	hg38.ENST00000312403.10#PGA5#22531#Pongo_abelii__Sumatran_orangutan__HLponAbe4__GCA_028885655.2	PGA5	Pongo_abelii__Sumatran_orangutan__HLponAbe4__GCA_028885655.2	58	38
hg38.ENST00000312403.10_PGA5_20_Pongo_abelii__Sumatran_orangutan__ponAbe3__GCF_002880775.1	hg38.ENST00000312403.10#PGA5#20#Pongo_abelii__Sumatran_orangutan__ponAbe3__GCF_002880775.1	PGA5	Pongo_abelii__Sumatran_orangutan__ponAbe3__GCF_002880775.1	58	38
hg38.ENST00000312403.10_PGA5_367193_Pongo_pygmaeus__Bornean_orangutan__HLponPyg1__GCA_023767775.1	hg38.ENST00000312403.10#PGA5#367193#Pongo_pygmaeus__Bornean_orangutan__HLponPyg1__GCA_023767775.1	PGA5	Pongo_pygmaeus__Bornean_orangutan__HLponPyg1__GCA_023767775.1	58	38
hg38.ENST00000312403.10_PGA5_63280_Pongo_pygmaeus__Bornean_orangutan__HLponPyg2__GCA_028885625.2	hg38.ENST00000312403.10#PGA5#63280#Pongo_pygmaeus__Bornean_orangutan__HLponPyg2__GCA_028885625.2	PGA5	Pongo_pygmaeus__Bornean_orangutan__HLponPyg2__GCA_028885625.2	58	38
hg38.ENST00000325558.11_PGA3_8180_Pongo_pygmaeus__Bornean_orangutan__HLponPyg2__GCA_028885625.2	hg38.ENST00000325558.11#PGA3#8180#Pongo_pygmaeus__Bornean_orangutan__HLponPyg2__GCA_028885625.2	PGA3	Pongo_pygmaeus__Bornean_orangutan__HLponPyg2__GCA_028885625.2	58	38
hg38.ENST00000312403.10_PGA5_7164_Pongo_pygmaeus__Bornean_orangutan__HLponPyg2__GCA_028885625.2	hg38.ENST00000312403.10#PGA5#7164#Pongo_pygmaeus__Bornean_orangutan__HLponPyg2__GCA_028885625.2	PGA5	Pongo_pygmaeus__Bornean_orangutan__HLponPyg2__GCA_028885625.2	58	38
HLbosTau10.ENSBTAT00000019640_PGA5_6538_Pongo_pygmaeus__Bornean_orangutan__HLponPyg2__GCA_028885625.2	HLbosTau10.ENSBTAT00000019640#PGA5#6538#Pongo_pygmaeus__Bornean_orangutan__HLponPyg2__GCA_028885625.2	PGA5	Pongo_pygmaeus__Bornean_orangutan__HLponPyg2__GCA_028885625.2	58	38
hg38.ENST00000325558.11_PGA3_21_Pongo_pygmaeus__Bornean_orangutan__HLponPyg2__GCA_028885625.2	hg38.ENST00000325558.11#PGA3#21#Pongo_pygmaeus__Bornean_orangutan__HLponPyg2__GCA_028885625.2	PGA3	Pongo_pygmaeus__Bornean_orangutan__HLponPyg2__GCA_028885625.2	58	38
mm10.ENSMUST00000025647_Pga5_69_Prionailurus_bengalensis__leopard_cat__HLpriBen2__GCF_016509475.1	mm10.ENSMUST00000025647#Pga5#69#Prionailurus_bengalensis__leopard_cat__HLpriBen2__GCF_016509475.1	Pga5	Prionailurus_bengalensis__leopard_cat__HLpriBen2__GCF_016509475.1	20	13
hg38.ENST00000325558.11_PGA3_16_Prionailurus_bengalensis__leopard_cat__HLpriBen2__GCF_016509475.1	hg38.ENST00000325558.11#PGA3#16#Prionailurus_bengalensis__leopard_cat__HLpriBen2__GCF_016509475.1	PGA3	Prionailurus_bengalensis__leopard_cat__HLpriBen2__GCF_016509475.1	54	38
hg38.ENST00000312403.10_PGA5_3910_Prionailurus_viverrinus__fishing_cat__HLpriViv3__GCF_022837055.1	hg38.ENST00000312403.10#PGA5#3910#Prionailurus_viverrinus__fishing_cat__HLpriViv3__GCF_022837055.1	PGA5	Prionailurus_viverrinus__fishing_cat__HLpriViv3__GCF_022837055.1	54	38
HLbosTau10.ENSBTAT00000038954_PAG21_332053_Prionailurus_viverrinus__fishing_cat__HLpriViv3__GCF_022837055.1	HLbosTau10.ENSBTAT00000038954#PAG21#332053#Prionailurus_viverrinus__fishing_cat__HLpriViv3__GCF_022837055.1	PAG21	Prionailurus_viverrinus__fishing_cat__HLpriViv3__GCF_022837055.1	20	13
mm10.ENSMUST00000025647_Pga5_1588_Proteles_cristata_cristata__aardwolf__HLproCriCri1__GCA_017311185.1	mm10.ENSMUST00000025647#Pga5#1588#Proteles_cristata_cristata__aardwolf__HLproCriCri1__GCA_017311185.1	Pga5	Proteles_cristata_cristata__aardwolf__HLproCriCri1__GCA_017311185.1	20	13
hg38.ENST00000312403.10_PGA5_7257_Proteles_cristata_cristata__aardwolf__HLproCriCri1__GCA_017311185.1	hg38.ENST00000312403.10#PGA5#7257#Proteles_cristata_cristata__aardwolf__HLproCriCri1__GCA_017311185.1	PGA5	Proteles_cristata_cristata__aardwolf__HLproCriCri1__GCA_017311185.1	54	38
mm10.ENSMUST00000025647_Pga5_192_Psammomys_obesus__fat_sand_rat__HLpsaObe1__GCA_002215935.2	mm10.ENSMUST00000025647#Pga5#192#Psammomys_obesus__fat_sand_rat__HLpsaObe1__GCA_002215935.2	Pga5	Psammomys_obesus__fat_sand_rat__HLpsaObe1__GCA_002215935.2	28	19
mm10.ENSMUST00000025647_Pga5_18_Pseudomys_desertor__brown_desert_mouse__HLpseDes1	mm10.ENSMUST00000025647#Pga5#18#Pseudomys_desertor__brown_desert_mouse__HLpseDes1	Pga5	Pseudomys_desertor__brown_desert_mouse__HLpseDes1	28	19
hg38.ENST00000312403.10_PGA5_3087_Pseudorca_crassidens__False_killer_whale__HLpseCra2A__GCF_039906515.1	hg38.ENST00000312403.10#PGA5#3087#Pseudorca_crassidens__False_killer_whale__HLpseCra2A__GCF_039906515.1	PGA5	Pseudorca_crassidens__False_killer_whale__HLpseCra2A__GCF_039906515.1	56	38
mm10.ENSMUST00000025647_Pga5_303984_Pseudorca_crassidens__False_killer_whale__HLpseCra2A__GCF_039906515.1	mm10.ENSMUST00000025647#Pga5#303984#Pseudorca_crassidens__False_killer_whale__HLpseCra2A__GCF_039906515.1	Pga5	Pseudorca_crassidens__False_killer_whale__HLpseCra2A__GCF_039906515.1	10	4
mm10.ENSMUST00000025647_Pga5_24538_Pseudorca_crassidens__False_killer_whale__HLpseCra2A__GCF_039906515.1	mm10.ENSMUST00000025647#Pga5#24538#Pseudorca_crassidens__False_killer_whale__HLpseCra2A__GCF_039906515.1	Pga5	Pseudorca_crassidens__False_killer_whale__HLpseCra2A__GCF_039906515.1	10	4
mm10.ENSMUST00000025647_Pga5_260188_Pseudorca_crassidens__False_killer_whale__HLpseCra2A__GCF_039906515.1	mm10.ENSMUST00000025647#Pga5#260188#Pseudorca_crassidens__False_killer_whale__HLpseCra2A__GCF_039906515.1	Pga5	Pseudorca_crassidens__False_killer_whale__HLpseCra2A__GCF_039906515.1	10	4
mm10.ENSMUST00000025647_Pga5_295915_Pseudorca_crassidens__False_killer_whale__HLpseCra2A__GCF_039906515.1	mm10.ENSMUST00000025647#Pga5#295915#Pseudorca_crassidens__False_killer_whale__HLpseCra2A__GCF_039906515.1	Pga5	Pseudorca_crassidens__False_killer_whale__HLpseCra2A__GCF_039906515.1	10	4
mm10.ENSMUST00000025647_Pga5_73_Pteromys_volans__Siberian_flying_squirrel__HLpteVola1__GCA_051107445.1	mm10.ENSMUST00000025647#Pga5#73#Pteromys_volans__Siberian_flying_squirrel__HLpteVola1__GCA_051107445.1	Pga5	Pteromys_volans__Siberian_flying_squirrel__HLpteVola1__GCA_051107445.1	37	26
hg38.ENST00000325558.11_PGA3_2665_Pteronotus_mesoamericanus__Mesoamerican_mustached_bat__HLpteMes1__GCA_021234165.1	hg38.ENST00000325558.11#PGA3#2665#Pteronotus_mesoamericanus__Mesoamerican_mustached_bat__HLpteMes1__GCA_021234165.1	PGA3	Pteronotus_mesoamericanus__Mesoamerican_mustached_bat__HLpteMes1__GCA_021234165.1	53	38
HLbosTau10.NM_001109978_PAG7_7112_Pteronotus_mesoamericanus__Mesoamerican_mustached_bat__HLpteMes1__GCA_021234165.1	HLbosTau10.NM_001109978#PAG7#7112#Pteronotus_mesoamericanus__Mesoamerican_mustached_bat__HLpteMes1__GCA_021234165.1	PAG7	Pteronotus_mesoamericanus__Mesoamerican_mustached_bat__HLpteMes1__GCA_021234165.1	21	14
hg38.ENST00000325558.11_PGA3_83_Pteropus_alecto__black_flying_fox__pteAle1__GCF_000325575.1	hg38.ENST00000325558.11#PGA3#83#Pteropus_alecto__black_flying_fox__pteAle1__GCF_000325575.1	PGA3	Pteropus_alecto__black_flying_fox__pteAle1__GCF_000325575.1	53	38
HLbosTau10.NM_176625_PAG16_2545_Pteropus_alecto__black_flying_fox__pteAle1__GCF_000325575.1	HLbosTau10.NM_176625#PAG16#2545#Pteropus_alecto__black_flying_fox__pteAle1__GCF_000325575.1	PAG16	Pteropus_alecto__black_flying_fox__pteAle1__GCF_000325575.1	22	14
hg38.ENST00000325558.11_PGA3_123_Pteropus_medius__Indian_flying_fox__HLpteGig1__GCA_902729225.1	hg38.ENST00000325558.11#PGA3#123#Pteropus_medius__Indian_flying_fox__HLpteGig1__GCA_902729225.1	PGA3	Pteropus_medius__Indian_flying_fox__HLpteGig1__GCA_902729225.1	53	38
HLbosTau10.ENSBTAT00000025593_PAG5_362021_Pteropus_medius__Indian_flying_fox__HLpteGig1__GCA_902729225.1	HLbosTau10.ENSBTAT00000025593#PAG5#362021#Pteropus_medius__Indian_flying_fox__HLpteGig1__GCA_902729225.1	PAG5	Pteropus_medius__Indian_flying_fox__HLpteGig1__GCA_902729225.1	22	14
hg38.ENST00000325558.11_PGA3_397_Pteropus_pselaphon__Bonin_flying_fox__HLptePse1__GCA_014363405.1	hg38.ENST00000325558.11#PGA3#397#Pteropus_pselaphon__Bonin_flying_fox__HLptePse1__GCA_014363405.1	PGA3	Pteropus_pselaphon__Bonin_flying_fox__HLptePse1__GCA_014363405.1	53	38
HLbosTau10.NM_176625_PAG16_7894_Pteropus_pselaphon__Bonin_flying_fox__HLptePse1__GCA_014363405.1	HLbosTau10.NM_176625#PAG16#7894#Pteropus_pselaphon__Bonin_flying_fox__HLptePse1__GCA_014363405.1	PAG16	Pteropus_pselaphon__Bonin_flying_fox__HLptePse1__GCA_014363405.1	22	14
mm10.ENSMUST00000025647_Pga5_68_Puma_concolor__Puma__HLpumConc2A__GCA_028749985.4	mm10.ENSMUST00000025647#Pga5#68#Puma_concolor__Puma__HLpumConc2A__GCA_028749985.4	Pga5	Puma_concolor__Puma__HLpumConc2A__GCA_028749985.4	20	13
hg38.ENST00000312403.10_PGA5_4692_Puma_concolor__Puma__HLpumConc2A__GCA_028749985.4	hg38.ENST00000312403.10#PGA5#4692#Puma_concolor__Puma__HLpumConc2A__GCA_028749985.4	PGA5	Puma_concolor__Puma__HLpumConc2A__GCA_028749985.4	54	38
mm10.ENSMUST00000025647_Pga5_32_Pusa_saimensis__Ringed_seal__HLpusHisSai1__GCA_947044825.1	mm10.ENSMUST00000025647#Pga5#32#Pusa_saimensis__Ringed_seal__HLpusHisSai1__GCA_947044825.1	Pga5	Pusa_saimensis__Ringed_seal__HLpusHisSai1__GCA_947044825.1	20	13
hg38.ENST00000325558.11_PGA3_37_Pusa_saimensis__Ringed_seal__HLpusHisSai1__GCA_947044825.1	hg38.ENST00000325558.11#PGA3#37#Pusa_saimensis__Ringed_seal__HLpusHisSai1__GCA_947044825.1	PGA3	Pusa_saimensis__Ringed_seal__HLpusHisSai1__GCA_947044825.1	54	38
mm10.ENSMUST00000025647_Pga5_16_Rattus_norvegicus__Norway_rat__HLratNor8__GCF_036323735.1	mm10.ENSMUST00000025647#Pga5#16#Rattus_norvegicus__Norway_rat__HLratNor8__GCF_036323735.1	Pga5	Rattus_norvegicus__Norway_rat__HLratNor8__GCF_036323735.1	28	19
mm10.ENSMUST00000025647_Pga5_16_Rattus_norvegicus__Norway_rat__rn7__GCF_015227675.2	mm10.ENSMUST00000025647#Pga5#16#Rattus_norvegicus__Norway_rat__rn7__GCF_015227675.2	Pga5	Rattus_norvegicus__Norway_rat__rn7__GCF_015227675.2	28	19
HLbosTau10.ENSBTAT00000013786_PAG7_7464_Rattus_rattus__black_rat__HLratRat7__GCA_011064425.1	HLbosTau10.ENSBTAT00000013786#PAG7#7464#Rattus_rattus__black_rat__HLratRat7__GCA_011064425.1	PAG7	Rattus_rattus__black_rat__HLratRat7__GCA_011064425.1	28	19
mm10.ENSMUST00000025647_Pga5_13_Reithrodontomys_megalotis_longicaudus__Western_harvest_mouse__HLreiMegLon1__GCA_043882965.1	mm10.ENSMUST00000025647#Pga5#13#Reithrodontomys_megalotis_longicaudus__Western_harvest_mouse__HLreiMegLon1__GCA_043882965.1	Pga5	Reithrodontomys_megalotis_longicaudus__Western_harvest_mouse__HLreiMegLon1__GCA_043882965.1	28	19
mm10.ENSMUST00000025647_Pga5_371_Rhabdomys_dilectus__mesic_four-striped_grass_rat__HLrhaDil1__GCA_019844195.1	mm10.ENSMUST00000025647#Pga5#371#Rhabdomys_dilectus__mesic_four-striped_grass_rat__HLrhaDil1__GCA_019844195.1	Pga5	Rhabdomys_dilectus__mesic_four-striped_grass_rat__HLrhaDil1__GCA_019844195.1	28	19
HLbosTau10.NM_176625_PAG16_15559_Rhabdomys_pumilio__Four-striped_grass_mouse__HLrhaPum1__GCA_030674055.1	HLbosTau10.NM_176625#PAG16#15559#Rhabdomys_pumilio__Four-striped_grass_mouse__HLrhaPum1__GCA_030674055.1	PAG16	Rhabdomys_pumilio__Four-striped_grass_mouse__HLrhaPum1__GCA_030674055.1	28	19
hg38.ENST00000312403.10_PGA5_3120_Rhinolophus_affinis__Intermediate_horseshoe_bat__HLrhiAff4__GCA_040057535.1	hg38.ENST00000312403.10#PGA5#3120#Rhinolophus_affinis__Intermediate_horseshoe_bat__HLrhiAff4__GCA_040057535.1	PGA5	Rhinolophus_affinis__Intermediate_horseshoe_bat__HLrhiAff4__GCA_040057535.1	53	38
hg38.ENST00000325558.11_PGA3_10_Rhinolophus_affinis__intermediate_horseshoe_bat__HLrhiAff2__GCA_043728065.1	hg38.ENST00000325558.11#PGA3#10#Rhinolophus_affinis__intermediate_horseshoe_bat__HLrhiAff2__GCA_043728065.1	PGA3	Rhinolophus_affinis__intermediate_horseshoe_bat__HLrhiAff2__GCA_043728065.1	53	38
HLbosTau10.ENSBTAT00000017585_ENSBTAG00000013214_21175_Rhinolophus_clivosus__Geoffroys_horseshoe_bat__HLrhiCliv1A__GCA_054645015.1	HLbosTau10.ENSBTAT00000017585#ENSBTAG00000013214#21175#Rhinolophus_clivosus__Geoffroys_horseshoe_bat__HLrhiCliv1A__GCA_054645015.1	ENSBTAG00000013214	Rhinolophus_clivosus__Geoffroys_horseshoe_bat__HLrhiCliv1A__GCA_054645015.1	22	14
hg38.ENST00000312403.10_PGA5_3212_Rhinolophus_clivosus__Geoffroys_horseshoe_bat__HLrhiCliv1A__GCA_054645015.1	hg38.ENST00000312403.10#PGA5#3212#Rhinolophus_clivosus__Geoffroys_horseshoe_bat__HLrhiCliv1A__GCA_054645015.1	PGA5	Rhinolophus_clivosus__Geoffroys_horseshoe_bat__HLrhiCliv1A__GCA_054645015.1	53	38
hg38.ENST00000312403.10_PGA5_2198_Rhinolophus_ferrumequinum__greater_horseshoe_bat__HLrhiFer5__GCA_014108255.1	hg38.ENST00000312403.10#PGA5#2198#Rhinolophus_ferrumequinum__greater_horseshoe_bat__HLrhiFer5__GCA_014108255.1	PGA5	Rhinolophus_ferrumequinum__greater_horseshoe_bat__HLrhiFer5__GCA_014108255.1	53	38
hg38.ENST00000312403.10_PGA5_2987_Rhinolophus_ferrumequinum__greater_horseshoe_bat__HLrhiFer6__GCF_004115265.1	hg38.ENST00000312403.10#PGA5#2987#Rhinolophus_ferrumequinum__greater_horseshoe_bat__HLrhiFer6__GCF_004115265.1	PGA5	Rhinolophus_ferrumequinum__greater_horseshoe_bat__HLrhiFer6__GCF_004115265.1	53	38
hg38.ENST00000312403.10_PGA5_2793_Rhinolophus_hipposideros__Lesser_horseshoe_bat__HLrhiHip1A__GCA_964194185.1	hg38.ENST00000312403.10#PGA5#2793#Rhinolophus_hipposideros__Lesser_horseshoe_bat__HLrhiHip1A__GCA_964194185.1	PGA5	Rhinolophus_hipposideros__Lesser_horseshoe_bat__HLrhiHip1A__GCA_964194185.1	53	38
hg38.ENST00000312403.10_PGA5_2567_Rhinolophus_hipposideros__Lesser_horseshoe_bat__HLrhiHip1B__GCA_964194215.1	hg38.ENST00000312403.10#PGA5#2567#Rhinolophus_hipposideros__Lesser_horseshoe_bat__HLrhiHip1B__GCA_964194215.1	PGA5	Rhinolophus_hipposideros__Lesser_horseshoe_bat__HLrhiHip1B__GCA_964194215.1	53	38
hg38.ENST00000312403.10_PGA5_3672_Rhinolophus_perniger_lanosus__Northern_woolly_horseshoe_bat__HLrhiLuc4__GCA_043748575.1	hg38.ENST00000312403.10#PGA5#3672#Rhinolophus_perniger_lanosus__Northern_woolly_horseshoe_bat__HLrhiLuc4__GCA_043748575.1	PGA5	Rhinolophus_perniger_lanosus__Northern_woolly_horseshoe_bat__HLrhiLuc4__GCA_043748575.1	53	38
HLbosTau10.ENSBTAT00000063428_ENSBTAG00000051196_2076_Rhinolophus_rex__king_horseshoe_bat__HLrhiRex1__GCA_041825415.1	HLbosTau10.ENSBTAT00000063428#ENSBTAG00000051196#2076#Rhinolophus_rex__king_horseshoe_bat__HLrhiRex1__GCA_041825415.1	ENSBTAG00000051196	Rhinolophus_rex__king_horseshoe_bat__HLrhiRex1__GCA_041825415.1	22	14
hg38.ENST00000325558.11_PGA3_2279_Rhinolophus_rex__king_horseshoe_bat__HLrhiRex1__GCA_041825415.1	hg38.ENST00000325558.11#PGA3#2279#Rhinolophus_rex__king_horseshoe_bat__HLrhiRex1__GCA_041825415.1	PGA3	Rhinolophus_rex__king_horseshoe_bat__HLrhiRex1__GCA_041825415.1	53	38
hg38.ENST00000312403.10_PGA5_2593_Rhinolophus_sinicus__Chinese_rufous_horseshoe_bat__HLrhiSin4__GCA_036562045.1	hg38.ENST00000312403.10#PGA5#2593#Rhinolophus_sinicus__Chinese_rufous_horseshoe_bat__HLrhiSin4__GCA_036562045.1	PGA5	Rhinolophus_sinicus__Chinese_rufous_horseshoe_bat__HLrhiSin4__GCA_036562045.1	53	38
hg38.ENST00000312403.10_PGA5_4207_Rhinolophus_trifoliatus__Trefoil_horseshoe_bat__HLrhiTri2__GCA_043728145.1	hg38.ENST00000312403.10#PGA5#4207#Rhinolophus_trifoliatus__Trefoil_horseshoe_bat__HLrhiTri2__GCA_043728145.1	PGA5	Rhinolophus_trifoliatus__Trefoil_horseshoe_bat__HLrhiTri2__GCA_043728145.1	53	38
hg38.ENST00000312403.10_PGA5_3959_Rhinolophus_yonghoiseni__Yong_Hoi_Sens_woolly_horseshoe_bat__HLrhiSed2__GCA_043880425.1	hg38.ENST00000312403.10#PGA5#3959#Rhinolophus_yonghoiseni__Yong_Hoi_Sens_woolly_horseshoe_bat__HLrhiSed2__GCA_043880425.1	PGA5	Rhinolophus_yonghoiseni__Yong_Hoi_Sens_woolly_horseshoe_bat__HLrhiSed2__GCA_043880425.1	53	38
HLbosTau10.NM_001001600_PGA5_38_Rhinopithecus_bieti__Black-and-white_snub-nosed_monkey__HLrhiBiet3	HLbosTau10.NM_001001600#PGA5#38#Rhinopithecus_bieti__Black-and-white_snub-nosed_monkey__HLrhiBiet3	PGA5	Rhinopithecus_bieti__Black-and-white_snub-nosed_monkey__HLrhiBiet3	58	38
HLbosTau10.ENSBTAT00000079331_ENSBTAG00000051501_12862_Rhinopithecus_bieti__Black-and-white_snub-nosed_monkey__HLrhiBiet3	HLbosTau10.ENSBTAT00000079331#ENSBTAG00000051501#12862#Rhinopithecus_bieti__Black-and-white_snub-nosed_monkey__HLrhiBiet3	ENSBTAG00000051501	Rhinopithecus_bieti__Black-and-white_snub-nosed_monkey__HLrhiBiet3	32	22
hg38.ENST00000312403.10_PGA5_11050_Rhinopithecus_roxellana__golden_snub-nosed_monkey__HLrhiRox2__GCA_007565055.1	hg38.ENST00000312403.10#PGA5#11050#Rhinopithecus_roxellana__golden_snub-nosed_monkey__HLrhiRox2__GCA_007565055.1	PGA5	Rhinopithecus_roxellana__golden_snub-nosed_monkey__HLrhiRox2__GCA_007565055.1	58	38
hg38.ENST00000312403.10_PGA5_120_Rhinopithecus_roxellana__golden_snub-nosed_monkey__HLrhiRox2__GCA_007565055.1	hg38.ENST00000312403.10#PGA5#120#Rhinopithecus_roxellana__golden_snub-nosed_monkey__HLrhiRox2__GCA_007565055.1	PGA5	Rhinopithecus_roxellana__golden_snub-nosed_monkey__HLrhiRox2__GCA_007565055.1	58	38
hg38.ENST00000312403.10_PGA5_3584_Rhinopithecus_roxellana__golden_snub-nosed_monkey__HLrhiRox2__GCA_007565055.1	hg38.ENST00000312403.10#PGA5#3584#Rhinopithecus_roxellana__golden_snub-nosed_monkey__HLrhiRox2__GCA_007565055.1	PGA5	Rhinopithecus_roxellana__golden_snub-nosed_monkey__HLrhiRox2__GCA_007565055.1	58	38
hg38.ENST00000325558.11_PGA3_4480_Rhinopoma_cystops__Egyptian_mouse-tailed_bat__HLrhiCyst1A__GCA_055761895.1	hg38.ENST00000325558.11#PGA3#4480#Rhinopoma_cystops__Egyptian_mouse-tailed_bat__HLrhiCyst1A__GCA_055761895.1	PGA3	Rhinopoma_cystops__Egyptian_mouse-tailed_bat__HLrhiCyst1A__GCA_055761895.1	53	38
mm10.ENSMUST00000025647_Pga5_163_Rhinopoma_cystops__Egyptian_mouse-tailed_bat__HLrhiCyst1A__GCA_055761895.1	mm10.ENSMUST00000025647#Pga5#163#Rhinopoma_cystops__Egyptian_mouse-tailed_bat__HLrhiCyst1A__GCA_055761895.1	Pga5	Rhinopoma_cystops__Egyptian_mouse-tailed_bat__HLrhiCyst1A__GCA_055761895.1	22	14
hg38.ENST00000325558.11_PGA3_4296_Rhinopoma_cystops__Egyptian_mouse-tailed_bat__HLrhiCyst1B__GCA_055761905.1	hg38.ENST00000325558.11#PGA3#4296#Rhinopoma_cystops__Egyptian_mouse-tailed_bat__HLrhiCyst1B__GCA_055761905.1	PGA3	Rhinopoma_cystops__Egyptian_mouse-tailed_bat__HLrhiCyst1B__GCA_055761905.1	53	38
mm10.ENSMUST00000025647_Pga5_159_Rhinopoma_cystops__Egyptian_mouse-tailed_bat__HLrhiCyst1B__GCA_055761905.1	mm10.ENSMUST00000025647#Pga5#159#Rhinopoma_cystops__Egyptian_mouse-tailed_bat__HLrhiCyst1B__GCA_055761905.1	Pga5	Rhinopoma_cystops__Egyptian_mouse-tailed_bat__HLrhiCyst1B__GCA_055761905.1	22	14
hg38.ENST00000312403.10_PGA5_4168_Rhinopoma_microphyllum__Greater_mouse-tailed_bat__HLrhiMic1__GCA_043880545.1	hg38.ENST00000312403.10#PGA5#4168#Rhinopoma_microphyllum__Greater_mouse-tailed_bat__HLrhiMic1__GCA_043880545.1	PGA5	Rhinopoma_microphyllum__Greater_mouse-tailed_bat__HLrhiMic1__GCA_043880545.1	53	38
mm10.ENSMUST00000025647_Pga5_160_Rhinopoma_microphyllum__Greater_mouse-tailed_bat__HLrhiMic1__GCA_043880545.1	mm10.ENSMUST00000025647#Pga5#160#Rhinopoma_microphyllum__Greater_mouse-tailed_bat__HLrhiMic1__GCA_043880545.1	Pga5	Rhinopoma_microphyllum__Greater_mouse-tailed_bat__HLrhiMic1__GCA_043880545.1	22	14
hg38.ENST00000312403.10_PGA5_3617_Rhynchocyon_petersi__Black_and_rufous_elephant_shrew__HLrhyPet1A__GCA_043290085.1	hg38.ENST00000312403.10#PGA5#3617#Rhynchocyon_petersi__Black_and_rufous_elephant_shrew__HLrhyPet1A__GCA_043290085.1	PGA5	Rhynchocyon_petersi__Black_and_rufous_elephant_shrew__HLrhyPet1A__GCA_043290085.1	51	37
HLbosTau10.ENSBTAT00000013786_PAG7_14625_Rhynchocyon_petersi__Black_and_rufous_elephant_shrew__HLrhyPet1A__GCA_043290085.1	HLbosTau10.ENSBTAT00000013786#PAG7#14625#Rhynchocyon_petersi__Black_and_rufous_elephant_shrew__HLrhyPet1A__GCA_043290085.1	PAG7	Rhynchocyon_petersi__Black_and_rufous_elephant_shrew__HLrhyPet1A__GCA_043290085.1	15	8
hg38.ENST00000312403.10_PGA5_3412_Rhynchocyon_petersi__Black_and_rufous_elephant_shrew__HLrhyPet1B__GCA_043290065.1	hg38.ENST00000312403.10#PGA5#3412#Rhynchocyon_petersi__Black_and_rufous_elephant_shrew__HLrhyPet1B__GCA_043290065.1	PGA5	Rhynchocyon_petersi__Black_and_rufous_elephant_shrew__HLrhyPet1B__GCA_043290065.1	51	37
mm10.ENSMUST00000025647_Pga5_44_Rhynchocyon_petersi__Black_and_rufous_elephant_shrew__HLrhyPet1B__GCA_043290065.1	mm10.ENSMUST00000025647#Pga5#44#Rhynchocyon_petersi__Black_and_rufous_elephant_shrew__HLrhyPet1B__GCA_043290065.1	Pga5	Rhynchocyon_petersi__Black_and_rufous_elephant_shrew__HLrhyPet1B__GCA_043290065.1	15	8
mm10.ENSMUST00000025647_Pga5_304_Rhynchomys_soricoides__Mount_Data_shrew_rat__HLrhySor1__GCA_019843965.1	mm10.ENSMUST00000025647#Pga5#304#Rhynchomys_soricoides__Mount_Data_shrew_rat__HLrhySor1__GCA_019843965.1	Pga5	Rhynchomys_soricoides__Mount_Data_shrew_rat__HLrhySor1__GCA_019843965.1	28	19
HLbosTau10.ENSBTAT00000005384_PAG10_9416_Rhynchonycteris_naso__Proboscis_bat__HLrhyNas2A__GCA_037038545.1	HLbosTau10.ENSBTAT00000005384#PAG10#9416#Rhynchonycteris_naso__Proboscis_bat__HLrhyNas2A__GCA_037038545.1	PAG10	Rhynchonycteris_naso__Proboscis_bat__HLrhyNas2A__GCA_037038545.1	21	14
hg38.ENST00000325558.11_PGA3_3297_Rhynchonycteris_naso__Proboscis_bat__HLrhyNas2A__GCA_037038545.1	hg38.ENST00000325558.11#PGA3#3297#Rhynchonycteris_naso__Proboscis_bat__HLrhyNas2A__GCA_037038545.1	PGA3	Rhynchonycteris_naso__Proboscis_bat__HLrhyNas2A__GCA_037038545.1	53	38
HLbosTau10.ENSBTAT00000005399_PAG11_939_Rhynchonycteris_naso__Proboscis_bat__HLrhyNas2B__GCA_037038555.1	HLbosTau10.ENSBTAT00000005399#PAG11#939#Rhynchonycteris_naso__Proboscis_bat__HLrhyNas2B__GCA_037038555.1	PAG11	Rhynchonycteris_naso__Proboscis_bat__HLrhyNas2B__GCA_037038555.1	21	14
hg38.ENST00000312403.10_PGA5_3267_Rhynchonycteris_naso__Proboscis_bat__HLrhyNas2B__GCA_037038555.1	hg38.ENST00000312403.10#PGA5#3267#Rhynchonycteris_naso__Proboscis_bat__HLrhyNas2B__GCA_037038555.1	PGA5	Rhynchonycteris_naso__Proboscis_bat__HLrhyNas2B__GCA_037038555.1	53	38
HLbosTau10.NM_176625_PAG16_2134_Rousettus_aegyptiacus__Egyptian_rousette__HLrouAeg4__GCA_014176215.1	HLbosTau10.NM_176625#PAG16#2134#Rousettus_aegyptiacus__Egyptian_rousette__HLrouAeg4__GCA_014176215.1	PAG16	Rousettus_aegyptiacus__Egyptian_rousette__HLrouAeg4__GCA_014176215.1	22	14
hg38.ENST00000312403.10_PGA5_2076_Rousettus_aegyptiacus__Egyptian_rousette__HLrouAeg4__GCA_014176215.1	hg38.ENST00000312403.10#PGA5#2076#Rousettus_aegyptiacus__Egyptian_rousette__HLrouAeg4__GCA_014176215.1	PGA5	Rousettus_aegyptiacus__Egyptian_rousette__HLrouAeg4__GCA_014176215.1	53	38
mm10.ENSMUST00000025647_Pga5_71_Rousettus_leschenaultii__Leschenaults_rousette__HLrouLesc2A__GCA_053538355.1	mm10.ENSMUST00000025647#Pga5#71#Rousettus_leschenaultii__Leschenaults_rousette__HLrouLesc2A__GCA_053538355.1	Pga5	Rousettus_leschenaultii__Leschenaults_rousette__HLrouLesc2A__GCA_053538355.1	22	14
hg38.ENST00000312403.10_PGA5_3741_Rousettus_leschenaultii__Leschenaults_rousette__HLrouLesc2A__GCA_053538355.1	hg38.ENST00000312403.10#PGA5#3741#Rousettus_leschenaultii__Leschenaults_rousette__HLrouLesc2A__GCA_053538355.1	PGA5	Rousettus_leschenaultii__Leschenaults_rousette__HLrouLesc2A__GCA_053538355.1	53	38
HLbosTau10.ENSBTAT00000013786_PAG7_5511_Rupicapra_rupicapra__Chamois__HLrupRup1__GCA_963981305.1	HLbosTau10.ENSBTAT00000013786#PAG7#5511#Rupicapra_rupicapra__Chamois__HLrupRup1__GCA_963981305.1	PAG7	Rupicapra_rupicapra__Chamois__HLrupRup1__GCA_963981305.1	10	4
HLbosTau10.ENSBTAT00000027020_ENSBTAG00000035736_214337_Rupicapra_rupicapra__Chamois__HLrupRup1__GCA_963981305.1	HLbosTau10.ENSBTAT00000027020#ENSBTAG00000035736#214337#Rupicapra_rupicapra__Chamois__HLrupRup1__GCA_963981305.1	ENSBTAG00000035736	Rupicapra_rupicapra__Chamois__HLrupRup1__GCA_963981305.1	6	4
HLbosTau10.ENSBTAT00000013786_PAG7_267_Rupicapra_rupicapra__Chamois__HLrupRup1__GCA_963981305.1	HLbosTau10.ENSBTAT00000013786#PAG7#267#Rupicapra_rupicapra__Chamois__HLrupRup1__GCA_963981305.1	PAG7	Rupicapra_rupicapra__Chamois__HLrupRup1__GCA_963981305.1	10	4
HLbosTau10.ENSBTAT00000025517_PAG2_364692_Rupicapra_rupicapra__Chamois__HLrupRup1__GCA_963981305.1	HLbosTau10.ENSBTAT00000025517#PAG2#364692#Rupicapra_rupicapra__Chamois__HLrupRup1__GCA_963981305.1	PAG2	Rupicapra_rupicapra__Chamois__HLrupRup1__GCA_963981305.1	2	2
mm10.ENSMUST00000025647_Pga5_81272_Rupicapra_rupicapra__Chamois__HLrupRup1__GCA_963981305.1	mm10.ENSMUST00000025647#Pga5#81272#Rupicapra_rupicapra__Chamois__HLrupRup1__GCA_963981305.1	Pga5	Rupicapra_rupicapra__Chamois__HLrupRup1__GCA_963981305.1	2	2
HLbosTau10.ENSBTAT00000005384_PAG10_25973_Rupicapra_rupicapra__Chamois__HLrupRup1__GCA_963981305.1	HLbosTau10.ENSBTAT00000005384#PAG10#25973#Rupicapra_rupicapra__Chamois__HLrupRup1__GCA_963981305.1	PAG10	Rupicapra_rupicapra__Chamois__HLrupRup1__GCA_963981305.1	2	2
HLbosTau10.ENSBTAT00000005384_PAG10_222356_Rupicapra_rupicapra__Chamois__HLrupRup1__GCA_963981305.1	HLbosTau10.ENSBTAT00000005384#PAG10#222356#Rupicapra_rupicapra__Chamois__HLrupRup1__GCA_963981305.1	PAG10	Rupicapra_rupicapra__Chamois__HLrupRup1__GCA_963981305.1	2	2
HLbosTau10.ENSBTAT00000005384_PAG10_7443_Rupicapra_rupicapra__Chamois__HLrupRup1__GCA_963981305.1	HLbosTau10.ENSBTAT00000005384#PAG10#7443#Rupicapra_rupicapra__Chamois__HLrupRup1__GCA_963981305.1	PAG10	Rupicapra_rupicapra__Chamois__HLrupRup1__GCA_963981305.1	2	2
HLbosTau10.ENSBTAT00000025567_PAG12_18151_Rupicapra_rupicapra__Chamois__HLrupRup1__GCA_963981305.1	HLbosTau10.ENSBTAT00000025567#PAG12#18151#Rupicapra_rupicapra__Chamois__HLrupRup1__GCA_963981305.1	PAG12	Rupicapra_rupicapra__Chamois__HLrupRup1__GCA_963981305.1	2	2
HLbosTau10.ENSBTAT00000064112_ENSBTAG00000054180_56809_Rupicapra_rupicapra__Chamois__HLrupRup1__GCA_963981305.1	HLbosTau10.ENSBTAT00000064112#ENSBTAG00000054180#56809#Rupicapra_rupicapra__Chamois__HLrupRup1__GCA_963981305.1	ENSBTAG00000054180	Rupicapra_rupicapra__Chamois__HLrupRup1__GCA_963981305.1	2	2
mm10.ENSMUST00000025647_Pga5_17722_Rupicapra_rupicapra__Chamois__HLrupRup1__GCA_963981305.1	mm10.ENSMUST00000025647#Pga5#17722#Rupicapra_rupicapra__Chamois__HLrupRup1__GCA_963981305.1	Pga5	Rupicapra_rupicapra__Chamois__HLrupRup1__GCA_963981305.1	2	2
HLbosTau10.ENSBTAT00000025597_PAG8_218054_Rupicapra_rupicapra__Chamois__HLrupRup1__GCA_963981305.1	HLbosTau10.ENSBTAT00000025597#PAG8#218054#Rupicapra_rupicapra__Chamois__HLrupRup1__GCA_963981305.1	PAG8	Rupicapra_rupicapra__Chamois__HLrupRup1__GCA_963981305.1	2	2
HLbosTau10.ENSBTAT00000013786_PAG7_27_Rupicapra_rupicapra__Chamois__HLrupRup1__GCA_963981305.1	HLbosTau10.ENSBTAT00000013786#PAG7#27#Rupicapra_rupicapra__Chamois__HLrupRup1__GCA_963981305.1	PAG7	Rupicapra_rupicapra__Chamois__HLrupRup1__GCA_963981305.1	2	2
HLbosTau10.NM_176625_PAG16_6244_Rupicapra_rupicapra__Chamois__HLrupRup1__GCA_963981305.1	HLbosTau10.NM_176625#PAG16#6244#Rupicapra_rupicapra__Chamois__HLrupRup1__GCA_963981305.1	PAG16	Rupicapra_rupicapra__Chamois__HLrupRup1__GCA_963981305.1	2	2
HLbosTau10.ENSBTAT00000005384_PAG10_217445_Rupicapra_rupicapra__Chamois__HLrupRup1__GCA_963981305.1	HLbosTau10.ENSBTAT00000005384#PAG10#217445#Rupicapra_rupicapra__Chamois__HLrupRup1__GCA_963981305.1	PAG10	Rupicapra_rupicapra__Chamois__HLrupRup1__GCA_963981305.1	2	2
HLbosTau10.ENSBTAT00000013786_PAG7_6179_Rupicapra_rupicapra__Chamois__HLrupRup1__GCA_963981305.1	HLbosTau10.ENSBTAT00000013786#PAG7#6179#Rupicapra_rupicapra__Chamois__HLrupRup1__GCA_963981305.1	PAG7	Rupicapra_rupicapra__Chamois__HLrupRup1__GCA_963981305.1	2	2
HLbosTau10.ENSBTAT00000025597_PAG8_16910_Rupicapra_rupicapra__Chamois__HLrupRup1__GCA_963981305.1	HLbosTau10.ENSBTAT00000025597#PAG8#16910#Rupicapra_rupicapra__Chamois__HLrupRup1__GCA_963981305.1	PAG8	Rupicapra_rupicapra__Chamois__HLrupRup1__GCA_963981305.1	2	2
HLbosTau10.XM_002707800_ENSBTAG00000051501_426409_Rupicapra_rupicapra__Chamois__HLrupRup1__GCA_963981305.1	HLbosTau10.XM_002707800#ENSBTAG00000051501#426409#Rupicapra_rupicapra__Chamois__HLrupRup1__GCA_963981305.1	ENSBTAG00000051501	Rupicapra_rupicapra__Chamois__HLrupRup1__GCA_963981305.1	2	2
HLbosTau10.NM_176628_PAG19_260_Rupicapra_rupicapra__Chamois__HLrupRup1__GCA_963981305.1	HLbosTau10.NM_176628#PAG19#260#Rupicapra_rupicapra__Chamois__HLrupRup1__GCA_963981305.1	PAG19	Rupicapra_rupicapra__Chamois__HLrupRup1__GCA_963981305.1	2	2
HLbosTau10.ENSBTAT00000005384_PAG10_480392_Rupicapra_rupicapra__Chamois__HLrupRup1__GCA_963981305.1	HLbosTau10.ENSBTAT00000005384#PAG10#480392#Rupicapra_rupicapra__Chamois__HLrupRup1__GCA_963981305.1	PAG10	Rupicapra_rupicapra__Chamois__HLrupRup1__GCA_963981305.1	2	2
HLbosTau10.ENSBTAT00000038954_PAG21_7328_Rupicapra_rupicapra__Chamois__HLrupRup1__GCA_963981305.1	HLbosTau10.ENSBTAT00000038954#PAG21#7328#Rupicapra_rupicapra__Chamois__HLrupRup1__GCA_963981305.1	PAG21	Rupicapra_rupicapra__Chamois__HLrupRup1__GCA_963981305.1	2	2
mm10.ENSMUST00000025647_Pga5_17472_Rupicapra_rupicapra__Chamois__HLrupRup1__GCA_963981305.1	mm10.ENSMUST00000025647#Pga5#17472#Rupicapra_rupicapra__Chamois__HLrupRup1__GCA_963981305.1	Pga5	Rupicapra_rupicapra__Chamois__HLrupRup1__GCA_963981305.1	2	2
HLbosTau10.ENSBTAT00000063428_ENSBTAG00000051196_63_Rupicapra_rupicapra__Chamois__HLrupRup1__GCA_963981305.1	HLbosTau10.ENSBTAT00000063428#ENSBTAG00000051196#63#Rupicapra_rupicapra__Chamois__HLrupRup1__GCA_963981305.1	ENSBTAG00000051196	Rupicapra_rupicapra__Chamois__HLrupRup1__GCA_963981305.1	2	2
HLbosTau10.NM_176619_PAG8_2146_Rupicapra_rupicapra__Chamois__HLrupRup1__GCA_963981305.1	HLbosTau10.NM_176619#PAG8#2146#Rupicapra_rupicapra__Chamois__HLrupRup1__GCA_963981305.1	PAG8	Rupicapra_rupicapra__Chamois__HLrupRup1__GCA_963981305.1	2	2
mm10.ENSMUST00000025647_Pga5_22318_Rupicapra_rupicapra__Chamois__HLrupRup1__GCA_963981305.1	mm10.ENSMUST00000025647#Pga5#22318#Rupicapra_rupicapra__Chamois__HLrupRup1__GCA_963981305.1	Pga5	Rupicapra_rupicapra__Chamois__HLrupRup1__GCA_963981305.1	2	2
HLbosTau10.ENSBTAT00000052386_MGC157405_12833_Rupicapra_rupicapra__Chamois__HLrupRup1__GCA_963981305.1	HLbosTau10.ENSBTAT00000052386#MGC157405#12833#Rupicapra_rupicapra__Chamois__HLrupRup1__GCA_963981305.1	MGC157405	Rupicapra_rupicapra__Chamois__HLrupRup1__GCA_963981305.1	2	2
HLbosTau10.NM_176619_PAG8_292331_Rupicapra_rupicapra__Chamois__HLrupRup1__GCA_963981305.1	HLbosTau10.NM_176619#PAG8#292331#Rupicapra_rupicapra__Chamois__HLrupRup1__GCA_963981305.1	PAG8	Rupicapra_rupicapra__Chamois__HLrupRup1__GCA_963981305.1	2	2
HLbosTau10.ENSBTAT00000013786_PAG7_262030_Rupicapra_rupicapra__Chamois__HLrupRup1__GCA_963981305.1	HLbosTau10.ENSBTAT00000013786#PAG7#262030#Rupicapra_rupicapra__Chamois__HLrupRup1__GCA_963981305.1	PAG7	Rupicapra_rupicapra__Chamois__HLrupRup1__GCA_963981305.1	2	2
HLbosTau10.ENSBTAT00000025567_PAG12_10102_Rupicapra_rupicapra__Chamois__HLrupRup1__GCA_963981305.1	HLbosTau10.ENSBTAT00000025567#PAG12#10102#Rupicapra_rupicapra__Chamois__HLrupRup1__GCA_963981305.1	PAG12	Rupicapra_rupicapra__Chamois__HLrupRup1__GCA_963981305.1	2	2
mm10.ENSMUST00000025647_Pga5_18254_Rupicapra_rupicapra__Chamois__HLrupRup1__GCA_963981305.1	mm10.ENSMUST00000025647#Pga5#18254#Rupicapra_rupicapra__Chamois__HLrupRup1__GCA_963981305.1	Pga5	Rupicapra_rupicapra__Chamois__HLrupRup1__GCA_963981305.1	2	2
HLbosTau10.ENSBTAT00000050648_PAG9_42992_Rupicapra_rupicapra__Chamois__HLrupRup1__GCA_963981305.1	HLbosTau10.ENSBTAT00000050648#PAG9#42992#Rupicapra_rupicapra__Chamois__HLrupRup1__GCA_963981305.1	PAG9	Rupicapra_rupicapra__Chamois__HLrupRup1__GCA_963981305.1	2	2
HLbosTau10.ENSBTAT00000030466_PAG18_346926_Rupicapra_rupicapra__Chamois__HLrupRup1__GCA_963981305.1	HLbosTau10.ENSBTAT00000030466#PAG18#346926#Rupicapra_rupicapra__Chamois__HLrupRup1__GCA_963981305.1	PAG18	Rupicapra_rupicapra__Chamois__HLrupRup1__GCA_963981305.1	2	2
HLbosTau10.ENSBTAT00000063428_ENSBTAG00000051196_310997_Rupicapra_rupicapra__Chamois__HLrupRup1__GCA_963981305.1	HLbosTau10.ENSBTAT00000063428#ENSBTAG00000051196#310997#Rupicapra_rupicapra__Chamois__HLrupRup1__GCA_963981305.1	ENSBTAG00000051196	Rupicapra_rupicapra__Chamois__HLrupRup1__GCA_963981305.1	2	2
HLbosTau10.ENSBTAT00000009701_ENSBTAG00000038506_10097_Rupicapra_rupicapra__Chamois__HLrupRup1__GCA_963981305.1	HLbosTau10.ENSBTAT00000009701#ENSBTAG00000038506#10097#Rupicapra_rupicapra__Chamois__HLrupRup1__GCA_963981305.1	ENSBTAG00000038506	Rupicapra_rupicapra__Chamois__HLrupRup1__GCA_963981305.1	2	2
HLbosTau10.ENSBTAT00000013786_PAG7_475_Rupicapra_rupicapra__Chamois__HLrupRup1__GCA_963981305.1	HLbosTau10.ENSBTAT00000013786#PAG7#475#Rupicapra_rupicapra__Chamois__HLrupRup1__GCA_963981305.1	PAG7	Rupicapra_rupicapra__Chamois__HLrupRup1__GCA_963981305.1	2	2
mm10.ENSMUST00000025647_Pga5_14946_Rupicapra_rupicapra__Chamois__HLrupRup1__GCA_963981305.1	mm10.ENSMUST00000025647#Pga5#14946#Rupicapra_rupicapra__Chamois__HLrupRup1__GCA_963981305.1	Pga5	Rupicapra_rupicapra__Chamois__HLrupRup1__GCA_963981305.1	2	2
HLbosTau10.ENSBTAT00000027020_ENSBTAG00000035736_319_Rupicapra_rupicapra__Chamois__HLrupRup1__GCA_963981305.1	HLbosTau10.ENSBTAT00000027020#ENSBTAG00000035736#319#Rupicapra_rupicapra__Chamois__HLrupRup1__GCA_963981305.1	ENSBTAG00000035736	Rupicapra_rupicapra__Chamois__HLrupRup1__GCA_963981305.1	2	2
HLbosTau10.ENSBTAT00000013786_PAG7_162982_Rupicapra_rupicapra__Chamois__HLrupRup1__GCA_963981305.1	HLbosTau10.ENSBTAT00000013786#PAG7#162982#Rupicapra_rupicapra__Chamois__HLrupRup1__GCA_963981305.1	PAG7	Rupicapra_rupicapra__Chamois__HLrupRup1__GCA_963981305.1	2	2
mm10.ENSMUST00000025647_Pga5_17498_Rupicapra_rupicapra__Chamois__HLrupRup1__GCA_963981305.1	mm10.ENSMUST00000025647#Pga5#17498#Rupicapra_rupicapra__Chamois__HLrupRup1__GCA_963981305.1	Pga5	Rupicapra_rupicapra__Chamois__HLrupRup1__GCA_963981305.1	2	2
mm10.ENSMUST00000025647_Pga5_12456_Rupicapra_rupicapra__Chamois__HLrupRup1__GCA_963981305.1	mm10.ENSMUST00000025647#Pga5#12456#Rupicapra_rupicapra__Chamois__HLrupRup1__GCA_963981305.1	Pga5	Rupicapra_rupicapra__Chamois__HLrupRup1__GCA_963981305.1	2	2
mm10.ENSMUST00000025647_Pga5_17100_Rupicapra_rupicapra__Chamois__HLrupRup1__GCA_963981305.1	mm10.ENSMUST00000025647#Pga5#17100#Rupicapra_rupicapra__Chamois__HLrupRup1__GCA_963981305.1	Pga5	Rupicapra_rupicapra__Chamois__HLrupRup1__GCA_963981305.1	2	2
HLbosTau10.XM_002707800_ENSBTAG00000051501_1523_Rupicapra_rupicapra__Chamois__HLrupRup1__GCA_963981305.1	HLbosTau10.XM_002707800#ENSBTAG00000051501#1523#Rupicapra_rupicapra__Chamois__HLrupRup1__GCA_963981305.1	ENSBTAG00000051501	Rupicapra_rupicapra__Chamois__HLrupRup1__GCA_963981305.1	2	2
HLbosTau10.ENSBTAT00000025567_PAG12_320896_Rupicapra_rupicapra__Chamois__HLrupRup1__GCA_963981305.1	HLbosTau10.ENSBTAT00000025567#PAG12#320896#Rupicapra_rupicapra__Chamois__HLrupRup1__GCA_963981305.1	PAG12	Rupicapra_rupicapra__Chamois__HLrupRup1__GCA_963981305.1	2	2
HLbosTau10.ENSBTAT00000005399_PAG11_821950_Rupicapra_rupicapra__Chamois__HLrupRup1__GCA_963981305.1	HLbosTau10.ENSBTAT00000005399#PAG11#821950#Rupicapra_rupicapra__Chamois__HLrupRup1__GCA_963981305.1	PAG11	Rupicapra_rupicapra__Chamois__HLrupRup1__GCA_963981305.1	2	2
HLbosTau10.ENSBTAT00000038954_PAG21_5791_Rupicapra_rupicapra__Chamois__HLrupRup1__GCA_963981305.1	HLbosTau10.ENSBTAT00000038954#PAG21#5791#Rupicapra_rupicapra__Chamois__HLrupRup1__GCA_963981305.1	PAG21	Rupicapra_rupicapra__Chamois__HLrupRup1__GCA_963981305.1	2	2
HLbosTau10.ENSBTAT00000013786_PAG7_1701_Rupicapra_rupicapra__Chamois__HLrupRup1__GCA_963981305.1	HLbosTau10.ENSBTAT00000013786#PAG7#1701#Rupicapra_rupicapra__Chamois__HLrupRup1__GCA_963981305.1	PAG7	Rupicapra_rupicapra__Chamois__HLrupRup1__GCA_963981305.1	2	2
HLbosTau10.ENSBTAT00000013786_PAG7_171096_Rupicapra_rupicapra__Chamois__HLrupRup1__GCA_963981305.1	HLbosTau10.ENSBTAT00000013786#PAG7#171096#Rupicapra_rupicapra__Chamois__HLrupRup1__GCA_963981305.1	PAG7	Rupicapra_rupicapra__Chamois__HLrupRup1__GCA_963981305.1	2	2
HLbosTau10.ENSBTAT00000005384_PAG10_64099_Rupicapra_rupicapra__Chamois__HLrupRup1__GCA_963981305.1	HLbosTau10.ENSBTAT00000005384#PAG10#64099#Rupicapra_rupicapra__Chamois__HLrupRup1__GCA_963981305.1	PAG10	Rupicapra_rupicapra__Chamois__HLrupRup1__GCA_963981305.1	2	2
HLbosTau10.ENSBTAT00000025597_PAG8_1801_Rupicapra_rupicapra__Chamois__HLrupRup1__GCA_963981305.1	HLbosTau10.ENSBTAT00000025597#PAG8#1801#Rupicapra_rupicapra__Chamois__HLrupRup1__GCA_963981305.1	PAG8	Rupicapra_rupicapra__Chamois__HLrupRup1__GCA_963981305.1	2	2
HLbosTau10.NM_176619_PAG8_8562_Rupicapra_rupicapra__Chamois__HLrupRup1__GCA_963981305.1	HLbosTau10.NM_176619#PAG8#8562#Rupicapra_rupicapra__Chamois__HLrupRup1__GCA_963981305.1	PAG8	Rupicapra_rupicapra__Chamois__HLrupRup1__GCA_963981305.1	2	2
HLbosTau10.ENSBTAT00000025597_PAG8_144000_Rupicapra_rupicapra__Chamois__HLrupRup1__GCA_963981305.1	HLbosTau10.ENSBTAT00000025597#PAG8#144000#Rupicapra_rupicapra__Chamois__HLrupRup1__GCA_963981305.1	PAG8	Rupicapra_rupicapra__Chamois__HLrupRup1__GCA_963981305.1	2	2
HLbosTau10.ENSBTAT00000005384_PAG10_3769_Rupicapra_rupicapra__Chamois__HLrupRup1__GCA_963981305.1	HLbosTau10.ENSBTAT00000005384#PAG10#3769#Rupicapra_rupicapra__Chamois__HLrupRup1__GCA_963981305.1	PAG10	Rupicapra_rupicapra__Chamois__HLrupRup1__GCA_963981305.1	2	2
HLbosTau10.ENSBTAT00000017669_ENSBTAG00000035736_3930_Rupicapra_rupicapra__Chamois__HLrupRup1__GCA_963981305.1	HLbosTau10.ENSBTAT00000017669#ENSBTAG00000035736#3930#Rupicapra_rupicapra__Chamois__HLrupRup1__GCA_963981305.1	ENSBTAG00000035736	Rupicapra_rupicapra__Chamois__HLrupRup1__GCA_963981305.1	7	4
HLbosTau10.ENSBTAT00000018996_ENSBTAG00000040257_1264_Rupicapra_rupicapra__Chamois__HLrupRup1__GCA_963981305.1	HLbosTau10.ENSBTAT00000018996#ENSBTAG00000040257#1264#Rupicapra_rupicapra__Chamois__HLrupRup1__GCA_963981305.1	ENSBTAG00000040257	Rupicapra_rupicapra__Chamois__HLrupRup1__GCA_963981305.1	7	4
HLbosTau10.ENSBTAT00000025567_PAG12_12551_Rupicapra_rupicapra__Chamois__HLrupRup1__GCA_963981305.1	HLbosTau10.ENSBTAT00000025567#PAG12#12551#Rupicapra_rupicapra__Chamois__HLrupRup1__GCA_963981305.1	PAG12	Rupicapra_rupicapra__Chamois__HLrupRup1__GCA_963981305.1	9	4
HLbosTau10.ENSBTAT00000005399_PAG11_2570_Rupicapra_rupicapra__Chamois__HLrupRup1__GCA_963981305.1	HLbosTau10.ENSBTAT00000005399#PAG11#2570#Rupicapra_rupicapra__Chamois__HLrupRup1__GCA_963981305.1	PAG11	Rupicapra_rupicapra__Chamois__HLrupRup1__GCA_963981305.1	8	4
HLbosTau10.ENSBTAT00000005399_PAG11_3737_Rupicapra_rupicapra__Chamois__HLrupRup1__GCA_963981305.1	HLbosTau10.ENSBTAT00000005399#PAG11#3737#Rupicapra_rupicapra__Chamois__HLrupRup1__GCA_963981305.1	PAG11	Rupicapra_rupicapra__Chamois__HLrupRup1__GCA_963981305.1	5	4
HLbosTau10.XM_002699308_ENSBTAG00000013214_37012_Rupicapra_rupicapra__Chamois__HLrupRup1__GCA_963981305.1	HLbosTau10.XM_002699308#ENSBTAG00000013214#37012#Rupicapra_rupicapra__Chamois__HLrupRup1__GCA_963981305.1	ENSBTAG00000013214	Rupicapra_rupicapra__Chamois__HLrupRup1__GCA_963981305.1	4	4
HLbosTau10.ENSBTAT00000025597_PAG8_84388_Rupicapra_rupicapra__Chamois__HLrupRup1__GCA_963981305.1	HLbosTau10.ENSBTAT00000025597#PAG8#84388#Rupicapra_rupicapra__Chamois__HLrupRup1__GCA_963981305.1	PAG8	Rupicapra_rupicapra__Chamois__HLrupRup1__GCA_963981305.1	5	4
HLbosTau10.ENSBTAT00000025597_PAG8_744561_Rupicapra_rupicapra__Chamois__HLrupRup1__GCA_963981305.1	HLbosTau10.ENSBTAT00000025597#PAG8#744561#Rupicapra_rupicapra__Chamois__HLrupRup1__GCA_963981305.1	PAG8	Rupicapra_rupicapra__Chamois__HLrupRup1__GCA_963981305.1	5	4
HLbosTau10.ENSBTAT00000030466_PAG18_34875_Rupicapra_rupicapra__Chamois__HLrupRup1__GCA_963981305.1	HLbosTau10.ENSBTAT00000030466#PAG18#34875#Rupicapra_rupicapra__Chamois__HLrupRup1__GCA_963981305.1	PAG18	Rupicapra_rupicapra__Chamois__HLrupRup1__GCA_963981305.1	5	4
hg38.ENST00000312403.10_PGA5_4010_Rupicapra_rupicapra__Chamois__HLrupRup1__GCA_963981305.1	hg38.ENST00000312403.10#PGA5#4010#Rupicapra_rupicapra__Chamois__HLrupRup1__GCA_963981305.1	PGA5	Rupicapra_rupicapra__Chamois__HLrupRup1__GCA_963981305.1	56	38
mm10.ENSMUST00000025647_Pga5_65_Saccopteryx_bilineata__greater_sac-winged_bat__HLsacBil1__GCF_036850765.1	mm10.ENSMUST00000025647#Pga5#65#Saccopteryx_bilineata__greater_sac-winged_bat__HLsacBil1__GCF_036850765.1	Pga5	Saccopteryx_bilineata__greater_sac-winged_bat__HLsacBil1__GCF_036850765.1	21	14
hg38.ENST00000312403.10_PGA5_30454_Saccopteryx_bilineata__greater_sac-winged_bat__HLsacBil1__GCF_036850765.1	hg38.ENST00000312403.10#PGA5#30454#Saccopteryx_bilineata__greater_sac-winged_bat__HLsacBil1__GCF_036850765.1	PGA5	Saccopteryx_bilineata__greater_sac-winged_bat__HLsacBil1__GCF_036850765.1	53	38
hg38.ENST00000325558.11_PGA3_11_Saccopteryx_leptura__lesser_sac-winged_bat__HLsacLep1__GCF_036850995.1	hg38.ENST00000325558.11#PGA3#11#Saccopteryx_leptura__lesser_sac-winged_bat__HLsacLep1__GCF_036850995.1	PGA3	Saccopteryx_leptura__lesser_sac-winged_bat__HLsacLep1__GCF_036850995.1	53	38
mm10.ENSMUST00000025647_Pga5_68_Saccopteryx_leptura__lesser_sac-winged_bat__HLsacLep1__GCF_036850995.1	mm10.ENSMUST00000025647#Pga5#68#Saccopteryx_leptura__lesser_sac-winged_bat__HLsacLep1__GCF_036850995.1	Pga5	Saccopteryx_leptura__lesser_sac-winged_bat__HLsacLep1__GCF_036850995.1	21	14
HLbosTau10.ENSBTAT00000009701_ENSBTAG00000038506_1982_Saguinus_midas__Midas_tamarin__HLsagMid1__GCA_021498475.1	HLbosTau10.ENSBTAT00000009701#ENSBTAG00000038506#1982#Saguinus_midas__Midas_tamarin__HLsagMid1__GCA_021498475.1	ENSBTAG00000038506	Saguinus_midas__Midas_tamarin__HLsagMid1__GCA_021498475.1	32	22
hg38.ENST00000312403.10_PGA5_170433_Saguinus_midas__Midas_tamarin__HLsagMid1__GCA_021498475.1	hg38.ENST00000312403.10#PGA5#170433#Saguinus_midas__Midas_tamarin__HLsagMid1__GCA_021498475.1	PGA5	Saguinus_midas__Midas_tamarin__HLsagMid1__GCA_021498475.1	58	38
HLbosTau10.ENSBTAT00000019640_PGA5_36_Saguinus_oedipus__Cotton-top_tamarin__HLsagOed1__GCA_031835075.1	HLbosTau10.ENSBTAT00000019640#PGA5#36#Saguinus_oedipus__Cotton-top_tamarin__HLsagOed1__GCA_031835075.1	PGA5	Saguinus_oedipus__Cotton-top_tamarin__HLsagOed1__GCA_031835075.1	58	38
mm10.ENSMUST00000025647_Pga5_76_Saguinus_oedipus__Cotton-top_tamarin__HLsagOed1__GCA_031835075.1	mm10.ENSMUST00000025647#Pga5#76#Saguinus_oedipus__Cotton-top_tamarin__HLsagOed1__GCA_031835075.1	Pga5	Saguinus_oedipus__Cotton-top_tamarin__HLsagOed1__GCA_031835075.1	32	22
HLbosTau10.ENSBTAT00000013786_PAG7_2288_Saimiri_boliviensis_boliviensis__Bolivian_squirrel_monkey__HLsaiBolBol2__GCF_016699345.1	HLbosTau10.ENSBTAT00000013786#PAG7#2288#Saimiri_boliviensis_boliviensis__Bolivian_squirrel_monkey__HLsaiBolBol2__GCF_016699345.1	PAG7	Saimiri_boliviensis_boliviensis__Bolivian_squirrel_monkey__HLsaiBolBol2__GCF_016699345.1	32	22
hg38.ENST00000325558.11_PGA3_7909_Saimiri_boliviensis_boliviensis__Bolivian_squirrel_monkey__HLsaiBolBol2__GCF_016699345.1	hg38.ENST00000325558.11#PGA3#7909#Saimiri_boliviensis_boliviensis__Bolivian_squirrel_monkey__HLsaiBolBol2__GCF_016699345.1	PGA3	Saimiri_boliviensis_boliviensis__Bolivian_squirrel_monkey__HLsaiBolBol2__GCF_016699345.1	58	38
HLbosTau10.ENSBTAT00000009701_ENSBTAG00000038506_1962_Saimiri_boliviensis_boliviensis__Bolivian_squirrel_monkey__HLsaiBolBol3__GCF_016699345.2	HLbosTau10.ENSBTAT00000009701#ENSBTAG00000038506#1962#Saimiri_boliviensis_boliviensis__Bolivian_squirrel_monkey__HLsaiBolBol3__GCF_016699345.2	ENSBTAG00000038506	Saimiri_boliviensis_boliviensis__Bolivian_squirrel_monkey__HLsaiBolBol3__GCF_016699345.2	32	22
hg38.ENST00000325558.11_PGA3_7577_Saimiri_boliviensis_boliviensis__Bolivian_squirrel_monkey__HLsaiBolBol3__GCF_016699345.2	hg38.ENST00000325558.11#PGA3#7577#Saimiri_boliviensis_boliviensis__Bolivian_squirrel_monkey__HLsaiBolBol3__GCF_016699345.2	PGA3	Saimiri_boliviensis_boliviensis__Bolivian_squirrel_monkey__HLsaiBolBol3__GCF_016699345.2	58	38
HLbosTau10.ENSBTAT00000009701_ENSBTAG00000038506_2069_Saimiri_boliviensis__Bolivian_squirrel_monkey__HLsaiBoli4__GCA_048565385.1	HLbosTau10.ENSBTAT00000009701#ENSBTAG00000038506#2069#Saimiri_boliviensis__Bolivian_squirrel_monkey__HLsaiBoli4__GCA_048565385.1	ENSBTAG00000038506	Saimiri_boliviensis__Bolivian_squirrel_monkey__HLsaiBoli4__GCA_048565385.1	32	22
hg38.ENST00000325558.11_PGA3_11391_Saimiri_boliviensis__Bolivian_squirrel_monkey__HLsaiBoli4__GCA_048565385.1	hg38.ENST00000325558.11#PGA3#11391#Saimiri_boliviensis__Bolivian_squirrel_monkey__HLsaiBoli4__GCA_048565385.1	PGA3	Saimiri_boliviensis__Bolivian_squirrel_monkey__HLsaiBoli4__GCA_048565385.1	58	38
hg38.ENST00000312403.10_PGA5_135_Salpingotus_crassicauda__Thick-tailed_pygmy_jerboa__HLsalCra1__GCA_040869305.1	hg38.ENST00000312403.10#PGA5#135#Salpingotus_crassicauda__Thick-tailed_pygmy_jerboa__HLsalCra1__GCA_040869305.1	PGA5	Salpingotus_crassicauda__Thick-tailed_pygmy_jerboa__HLsalCra1__GCA_040869305.1	26	17
hg38.ENST00000312403.10_PGA5_85_Sapajus_apella__tufted_capuchin__HLsapApe3__GCA_023762875.2	hg38.ENST00000312403.10#PGA5#85#Sapajus_apella__tufted_capuchin__HLsapApe3__GCA_023762875.2	PGA5	Sapajus_apella__tufted_capuchin__HLsapApe3__GCA_023762875.2	58	38
HLbosTau10.ENSBTAT00000030188_ENSBTAG00000024611_4971_Sapajus_apella__tufted_capuchin__HLsapApe3__GCA_023762875.2	HLbosTau10.ENSBTAT00000030188#ENSBTAG00000024611#4971#Sapajus_apella__tufted_capuchin__HLsapApe3__GCA_023762875.2	ENSBTAG00000024611	Sapajus_apella__tufted_capuchin__HLsapApe3__GCA_023762875.2	32	22
hg38.ENST00000325558.11_PGA3_12_Scaptochirus_moschatus__Short-faced_mole__HLscaMos1__GCA_042919465.1	hg38.ENST00000325558.11#PGA3#12#Scaptochirus_moschatus__Short-faced_mole__HLscaMos1__GCA_042919465.1	PGA3	Scaptochirus_moschatus__Short-faced_mole__HLscaMos1__GCA_042919465.1	48	34
HLbosTau10.ENSBTAT00000025517_PAG2_2036_Scaptochirus_moschatus__Short-faced_mole__HLscaMos1__GCA_042919465.1	HLbosTau10.ENSBTAT00000025517#PAG2#2036#Scaptochirus_moschatus__Short-faced_mole__HLscaMos1__GCA_042919465.1	PAG2	Scaptochirus_moschatus__Short-faced_mole__HLscaMos1__GCA_042919465.1	24	15
mm10.ENSMUST00000025647_Pga5_72_Sciurus_carolinensis__gray_squirrel__HLsciCar1__GCA_902686445.1	mm10.ENSMUST00000025647#Pga5#72#Sciurus_carolinensis__gray_squirrel__HLsciCar1__GCA_902686445.1	Pga5	Sciurus_carolinensis__gray_squirrel__HLsciCar1__GCA_902686445.1	37	26
HLbosTau10.ENSBTAT00000050664_PAG15_4873_Sciurus_vulgaris__Eurasian_red_squirrel__HLsciVul1__GCA_902686455.1	HLbosTau10.ENSBTAT00000050664#PAG15#4873#Sciurus_vulgaris__Eurasian_red_squirrel__HLsciVul1__GCA_902686455.1	PAG15	Sciurus_vulgaris__Eurasian_red_squirrel__HLsciVul1__GCA_902686455.1	37	26
HLbosTau10.ENSBTAT00000038878_PAG6_10031_Scotinomys_teguina__Alstons_brown_mouse__HLscoTegu1__GCA_049901635.1	HLbosTau10.ENSBTAT00000038878#PAG6#10031#Scotinomys_teguina__Alstons_brown_mouse__HLscoTegu1__GCA_049901635.1	PAG6	Scotinomys_teguina__Alstons_brown_mouse__HLscoTegu1__GCA_049901635.1	28	19
HLbosTau10.ENSBTAT00000013786_PAG7_11063_Scutisorex_somereni__Hero_shrew__HLscuSome1__GCA_054737625.1	HLbosTau10.ENSBTAT00000013786#PAG7#11063#Scutisorex_somereni__Hero_shrew__HLscuSome1__GCA_054737625.1	PAG7	Scutisorex_somereni__Hero_shrew__HLscuSome1__GCA_054737625.1	43	31
hg38.ENST00000325558.11_PGA3_4495_Scutisorex_somereni__Hero_shrew__HLscuSome1__GCA_054737625.1	hg38.ENST00000325558.11#PGA3#4495#Scutisorex_somereni__Hero_shrew__HLscuSome1__GCA_054737625.1	PGA3	Scutisorex_somereni__Hero_shrew__HLscuSome1__GCA_054737625.1	41	29
mm10.ENSMUST00000025647_Pga5_58_Sicista_trizona__Hungarian_birch_mouse__HLsicTriz1A__GCA_982266845.1	mm10.ENSMUST00000025647#Pga5#58#Sicista_trizona__Hungarian_birch_mouse__HLsicTriz1A__GCA_982266845.1	Pga5	Sicista_trizona__Hungarian_birch_mouse__HLsicTriz1A__GCA_982266845.1	26	17
hg38.ENST00000312403.10_PGA5_69_Sigmodon_hispidus__Hispid_cotton_rat__HLsigHis2__GCA_041721565.1	hg38.ENST00000312403.10#PGA5#69#Sigmodon_hispidus__Hispid_cotton_rat__HLsigHis2__GCA_041721565.1	PGA5	Sigmodon_hispidus__Hispid_cotton_rat__HLsigHis2__GCA_041721565.1	28	19
hg38.ENST00000312403.10_PGA5_75_Sigmodon_hispidus__Hispid_cotton_rat__HLsigHisp3__GCA_047301775.1	hg38.ENST00000312403.10#PGA5#75#Sigmodon_hispidus__Hispid_cotton_rat__HLsigHisp3__GCA_047301775.1	PGA5	Sigmodon_hispidus__Hispid_cotton_rat__HLsigHisp3__GCA_047301775.1	28	19
hg38.ENST00000325558.11_PGA3_3637_Sorex_fumeus__smoky_shrew__HLsorFum1__GCF_029834395.1	hg38.ENST00000325558.11#PGA3#3637#Sorex_fumeus__smoky_shrew__HLsorFum1__GCF_029834395.1	PGA3	Sorex_fumeus__smoky_shrew__HLsorFum1__GCF_029834395.1	41	29
hg38.ENST00000325558.11_PGA3_92_Sorex_fumeus__smoky_shrew__HLsorFum1__GCF_029834395.1	hg38.ENST00000325558.11#PGA3#92#Sorex_fumeus__smoky_shrew__HLsorFum1__GCF_029834395.1	PGA3	Sorex_fumeus__smoky_shrew__HLsorFum1__GCF_029834395.1	42	30
hg38.ENST00000325558.11_PGA3_14_Sorex_ornatus__Ornate_shrew__HLsorOrn1A__GCA_041430695.1	hg38.ENST00000325558.11#PGA3#14#Sorex_ornatus__Ornate_shrew__HLsorOrn1A__GCA_041430695.1	PGA3	Sorex_ornatus__Ornate_shrew__HLsorOrn1A__GCA_041430695.1	42	30
hg38.ENST00000312403.10_PGA5_58057_Sorex_ornatus__Ornate_shrew__HLsorOrn1A__GCA_041430695.1	hg38.ENST00000312403.10#PGA5#58057#Sorex_ornatus__Ornate_shrew__HLsorOrn1A__GCA_041430695.1	PGA5	Sorex_ornatus__Ornate_shrew__HLsorOrn1A__GCA_041430695.1	41	29
hg38.ENST00000325558.11_PGA3_14_Sorex_ornatus__Ornate_shrew__HLsorOrn1B__GCA_041430635.1	hg38.ENST00000325558.11#PGA3#14#Sorex_ornatus__Ornate_shrew__HLsorOrn1B__GCA_041430635.1	PGA3	Sorex_ornatus__Ornate_shrew__HLsorOrn1B__GCA_041430635.1	42	30
hg38.ENST00000312403.10_PGA5_59967_Sorex_ornatus__Ornate_shrew__HLsorOrn1B__GCA_041430635.1	hg38.ENST00000312403.10#PGA5#59967#Sorex_ornatus__Ornate_shrew__HLsorOrn1B__GCA_041430635.1	PGA5	Sorex_ornatus__Ornate_shrew__HLsorOrn1B__GCA_041430635.1	41	29
mm10.ENSMUST00000025647_Pga5_28_Spermophilus_citellus__European_suslik__HLspeCit1__GCA_964194105.1	mm10.ENSMUST00000025647#Pga5#28#Spermophilus_citellus__European_suslik__HLspeCit1__GCA_964194105.1	Pga5	Spermophilus_citellus__European_suslik__HLspeCit1__GCA_964194105.1	37	26
hg38.ENST00000325558.11_PGA3_75_Spilogale_interrupta__plains_spotted_skunk__HLspiInt1__GCA_023159085.1	hg38.ENST00000325558.11#PGA3#75#Spilogale_interrupta__plains_spotted_skunk__HLspiInt1__GCA_023159085.1	PGA3	Spilogale_interrupta__plains_spotted_skunk__HLspiInt1__GCA_023159085.1	54	38
mm10.ENSMUST00000025647_Pga5_63_Spilogale_interrupta__plains_spotted_skunk__HLspiInt1__GCA_023159085.1	mm10.ENSMUST00000025647#Pga5#63#Spilogale_interrupta__plains_spotted_skunk__HLspiInt1__GCA_023159085.1	Pga5	Spilogale_interrupta__plains_spotted_skunk__HLspiInt1__GCA_023159085.1	20	13
mm10.ENSMUST00000025647_Pga5_229_Sturnira_hondurensis__Honduras_yellow-shouldered_bat__HLstuHon1__GCA_014824575.1	mm10.ENSMUST00000025647#Pga5#229#Sturnira_hondurensis__Honduras_yellow-shouldered_bat__HLstuHon1__GCA_014824575.1	Pga5	Sturnira_hondurensis__Honduras_yellow-shouldered_bat__HLstuHon1__GCA_014824575.1	21	14
hg38.ENST00000312403.10_PGA5_3609_Sturnira_hondurensis__Honduras_yellow-shouldered_bat__HLstuHon1__GCA_014824575.1	hg38.ENST00000312403.10#PGA5#3609#Sturnira_hondurensis__Honduras_yellow-shouldered_bat__HLstuHon1__GCA_014824575.1	PGA5	Sturnira_hondurensis__Honduras_yellow-shouldered_bat__HLstuHon1__GCA_014824575.1	53	38
mm10.ENSMUST00000025647_Pga5_71_Sturnira_parvidens__Northern_Yellow-shouldered_Bat__HLstuParv1A__GCA_054855685.1	mm10.ENSMUST00000025647#Pga5#71#Sturnira_parvidens__Northern_Yellow-shouldered_Bat__HLstuParv1A__GCA_054855685.1	Pga5	Sturnira_parvidens__Northern_Yellow-shouldered_Bat__HLstuParv1A__GCA_054855685.1	21	14
hg38.ENST00000325558.11_PGA3_11_Sturnira_parvidens__Northern_Yellow-shouldered_Bat__HLstuParv1A__GCA_054855685.1	hg38.ENST00000325558.11#PGA3#11#Sturnira_parvidens__Northern_Yellow-shouldered_Bat__HLstuParv1A__GCA_054855685.1	PGA3	Sturnira_parvidens__Northern_Yellow-shouldered_Bat__HLstuParv1A__GCA_054855685.1	53	38
mm10.ENSMUST00000025647_Pga5_66_Sturnira_parvidens__Northern_Yellow-shouldered_Bat__HLstuParv1B__GCA_054855695.1	mm10.ENSMUST00000025647#Pga5#66#Sturnira_parvidens__Northern_Yellow-shouldered_Bat__HLstuParv1B__GCA_054855695.1	Pga5	Sturnira_parvidens__Northern_Yellow-shouldered_Bat__HLstuParv1B__GCA_054855695.1	21	14
hg38.ENST00000325558.11_PGA3_2899_Sturnira_parvidens__Northern_Yellow-shouldered_Bat__HLstuParv1B__GCA_054855695.1	hg38.ENST00000325558.11#PGA3#2899#Sturnira_parvidens__Northern_Yellow-shouldered_Bat__HLstuParv1B__GCA_054855695.1	PGA3	Sturnira_parvidens__Northern_Yellow-shouldered_Bat__HLstuParv1B__GCA_054855695.1	53	38
HLbosTau10.ENSBTAT00000050648_PAG9_12412_Suncus_etruscus__white-toothed_pygmy_shrew__HLsunEtr1__GCF_024139225.1	HLbosTau10.ENSBTAT00000050648#PAG9#12412#Suncus_etruscus__white-toothed_pygmy_shrew__HLsunEtr1__GCF_024139225.1	PAG9	Suncus_etruscus__white-toothed_pygmy_shrew__HLsunEtr1__GCF_024139225.1	43	31
hg38.ENST00000312403.10_PGA5_4_Suncus_etruscus__white-toothed_pygmy_shrew__HLsunEtr1__GCF_024139225.1	hg38.ENST00000312403.10#PGA5#4#Suncus_etruscus__white-toothed_pygmy_shrew__HLsunEtr1__GCF_024139225.1	PGA5	Suncus_etruscus__white-toothed_pygmy_shrew__HLsunEtr1__GCF_024139225.1	41	29
hg38.ENST00000378149.9_PGA4_6177_Suncus_murinus__House_shrew__HLsunMuri1__GCA_055769025.1	hg38.ENST00000378149.9#PGA4#6177#Suncus_murinus__House_shrew__HLsunMuri1__GCA_055769025.1	PGA4	Suncus_murinus__House_shrew__HLsunMuri1__GCA_055769025.1	43	31
hg38.ENST00000312403.10_PGA5_5_Suncus_murinus__House_shrew__HLsunMuri1__GCA_055769025.1	hg38.ENST00000312403.10#PGA5#5#Suncus_murinus__House_shrew__HLsunMuri1__GCA_055769025.1	PGA5	Suncus_murinus__House_shrew__HLsunMuri1__GCA_055769025.1	41	29
hg38.ENST00000312403.10_PGA5_4130_Sus_scrofa__Pig__HLsusScro12__GCA_048338725.1	hg38.ENST00000312403.10#PGA5#4130#Sus_scrofa__Pig__HLsusScro12__GCA_048338725.1	PGA5	Sus_scrofa__Pig__HLsusScro12__GCA_048338725.1	56	38
HLbosTau10.ENSBTAT00000030466_PAG18_6752_Sus_scrofa__Pig__HLsusScro12__GCA_048338725.1	HLbosTau10.ENSBTAT00000030466#PAG18#6752#Sus_scrofa__Pig__HLsusScro12__GCA_048338725.1	PAG18	Sus_scrofa__Pig__HLsusScro12__GCA_048338725.1	1	1
HLbosTau10.ENSBTAT00000005384_PAG10_214_Sus_scrofa__Pig__HLsusScro12__GCA_048338725.1	HLbosTau10.ENSBTAT00000005384#PAG10#214#Sus_scrofa__Pig__HLsusScro12__GCA_048338725.1	PAG10	Sus_scrofa__Pig__HLsusScro12__GCA_048338725.1	1	1
mm10.ENSMUST00000025647_Pga5_7037_Sus_scrofa__Pig__HLsusScro12__GCA_048338725.1	mm10.ENSMUST00000025647#Pga5#7037#Sus_scrofa__Pig__HLsusScro12__GCA_048338725.1	Pga5	Sus_scrofa__Pig__HLsusScro12__GCA_048338725.1	1	1
mm10.ENSMUST00000025647_Pga5_34069_Sus_scrofa__Pig__HLsusScro12__GCA_048338725.1	mm10.ENSMUST00000025647#Pga5#34069#Sus_scrofa__Pig__HLsusScro12__GCA_048338725.1	Pga5	Sus_scrofa__Pig__HLsusScro12__GCA_048338725.1	1	1
HLbosTau10.ENSBTAT00000019640_PGA5_358_Sus_scrofa__Pig__HLsusScro12__GCA_048338725.1	HLbosTau10.ENSBTAT00000019640#PGA5#358#Sus_scrofa__Pig__HLsusScro12__GCA_048338725.1	PGA5	Sus_scrofa__Pig__HLsusScro12__GCA_048338725.1	1	1
HLbosTau10.ENSBTAT00000013786_PAG7_110231_Sus_scrofa__Pig__HLsusScro12__GCA_048338725.1	HLbosTau10.ENSBTAT00000013786#PAG7#110231#Sus_scrofa__Pig__HLsusScro12__GCA_048338725.1	PAG7	Sus_scrofa__Pig__HLsusScro12__GCA_048338725.1	1	1
HLbosTau10.ENSBTAT00000013786_PAG7_6553_Sus_scrofa__Pig__HLsusScro12__GCA_048338725.1	HLbosTau10.ENSBTAT00000013786#PAG7#6553#Sus_scrofa__Pig__HLsusScro12__GCA_048338725.1	PAG7	Sus_scrofa__Pig__HLsusScro12__GCA_048338725.1	1	1
HLbosTau10.ENSBTAT00000005384_PAG10_1407_Sus_scrofa__Pig__HLsusScro12__GCA_048338725.1	HLbosTau10.ENSBTAT00000005384#PAG10#1407#Sus_scrofa__Pig__HLsusScro12__GCA_048338725.1	PAG10	Sus_scrofa__Pig__HLsusScro12__GCA_048338725.1	1	1
HLbosTau10.ENSBTAT00000013786_PAG7_246_Sus_scrofa__Pig__HLsusScro12__GCA_048338725.1	HLbosTau10.ENSBTAT00000013786#PAG7#246#Sus_scrofa__Pig__HLsusScro12__GCA_048338725.1	PAG7	Sus_scrofa__Pig__HLsusScro12__GCA_048338725.1	1	1
mm10.ENSMUST00000025647_Pga5_133216_Sus_scrofa__Pig__HLsusScro12__GCA_048338725.1	mm10.ENSMUST00000025647#Pga5#133216#Sus_scrofa__Pig__HLsusScro12__GCA_048338725.1	Pga5	Sus_scrofa__Pig__HLsusScro12__GCA_048338725.1	1	1
HLbosTau10.ENSBTAT00000013786_PAG7_263_Sus_scrofa__Pig__HLsusScro12__GCA_048338725.1	HLbosTau10.ENSBTAT00000013786#PAG7#263#Sus_scrofa__Pig__HLsusScro12__GCA_048338725.1	PAG7	Sus_scrofa__Pig__HLsusScro12__GCA_048338725.1	1	1
HLbosTau10.ENSBTAT00000005384_PAG10_1117_Sus_scrofa__Pig__HLsusScro12__GCA_048338725.1	HLbosTau10.ENSBTAT00000005384#PAG10#1117#Sus_scrofa__Pig__HLsusScro12__GCA_048338725.1	PAG10	Sus_scrofa__Pig__HLsusScro12__GCA_048338725.1	1	1
HLbosTau10.ENSBTAT00000030243_PAG3_492590_Sus_scrofa__Pig__HLsusScro12__GCA_048338725.1	HLbosTau10.ENSBTAT00000030243#PAG3#492590#Sus_scrofa__Pig__HLsusScro12__GCA_048338725.1	PAG3	Sus_scrofa__Pig__HLsusScro12__GCA_048338725.1	1	1
HLbosTau10.ENSBTAT00000005384_PAG10_33503_Sus_scrofa__Pig__HLsusScro12__GCA_048338725.1	HLbosTau10.ENSBTAT00000005384#PAG10#33503#Sus_scrofa__Pig__HLsusScro12__GCA_048338725.1	PAG10	Sus_scrofa__Pig__HLsusScro12__GCA_048338725.1	1	1
HLbosTau10.ENSBTAT00000005384_PAG10_358_Sus_scrofa__Pig__HLsusScro12__GCA_048338725.1	HLbosTau10.ENSBTAT00000005384#PAG10#358#Sus_scrofa__Pig__HLsusScro12__GCA_048338725.1	PAG10	Sus_scrofa__Pig__HLsusScro12__GCA_048338725.1	1	1
HLbosTau10.ENSBTAT00000005384_PAG10_398_Sus_scrofa__Pig__HLsusScro12__GCA_048338725.1	HLbosTau10.ENSBTAT00000005384#PAG10#398#Sus_scrofa__Pig__HLsusScro12__GCA_048338725.1	PAG10	Sus_scrofa__Pig__HLsusScro12__GCA_048338725.1	1	1
HLbosTau10.ENSBTAT00000005384_PAG10_558_Sus_scrofa__Pig__HLsusScro12__GCA_048338725.1	HLbosTau10.ENSBTAT00000005384#PAG10#558#Sus_scrofa__Pig__HLsusScro12__GCA_048338725.1	PAG10	Sus_scrofa__Pig__HLsusScro12__GCA_048338725.1	1	1
mm10.ENSMUST00000025647_Pga5_81138_Sus_scrofa__Pig__HLsusScro12__GCA_048338725.1	mm10.ENSMUST00000025647#Pga5#81138#Sus_scrofa__Pig__HLsusScro12__GCA_048338725.1	Pga5	Sus_scrofa__Pig__HLsusScro12__GCA_048338725.1	1	1
mm10.ENSMUST00000025647_Pga5_72_Sylvilagus_floridanus__eastern_cottontail__HLsylFlo1__GCA_949820135.1	mm10.ENSMUST00000025647#Pga5#72#Sylvilagus_floridanus__eastern_cottontail__HLsylFlo1__GCA_949820135.1	Pga5	Sylvilagus_floridanus__eastern_cottontail__HLsylFlo1__GCA_949820135.1	40	28
hg38.ENST00000325558.11_PGA3_1197_Sylvilagus_floridanus__eastern_cottontail__HLsylFlo1__GCA_949820135.1	hg38.ENST00000325558.11#PGA3#1197#Sylvilagus_floridanus__eastern_cottontail__HLsylFlo1__GCA_949820135.1	PGA3	Sylvilagus_floridanus__eastern_cottontail__HLsylFlo1__GCA_949820135.1	46	32
hg38.ENST00000312403.10_PGA5_4032_Sylvilagus_floridanus__eastern_cottontail__HLsylFlo1__GCA_949820135.1	hg38.ENST00000312403.10#PGA5#4032#Sylvilagus_floridanus__eastern_cottontail__HLsylFlo1__GCA_949820135.1	PGA5	Sylvilagus_floridanus__eastern_cottontail__HLsylFlo1__GCA_949820135.1	46	32
hg38.ENST00000312403.10_PGA5_363282_Sylvilagus_floridanus__eastern_cottontail__HLsylFlo1__GCA_949820135.1	hg38.ENST00000312403.10#PGA5#363282#Sylvilagus_floridanus__eastern_cottontail__HLsylFlo1__GCA_949820135.1	PGA5	Sylvilagus_floridanus__eastern_cottontail__HLsylFlo1__GCA_949820135.1	46	32
hg38.ENST00000312403.10_PGA5_219951_Sylvilagus_floridanus__eastern_cottontail__HLsylFlo1__GCA_949820135.1	hg38.ENST00000312403.10#PGA5#219951#Sylvilagus_floridanus__eastern_cottontail__HLsylFlo1__GCA_949820135.1	PGA5	Sylvilagus_floridanus__eastern_cottontail__HLsylFlo1__GCA_949820135.1	46	32
hg38.ENST00000312403.10_PGA5_1068_Sylvilagus_floridanus__eastern_cottontail__HLsylFlo1__GCA_949820135.1	hg38.ENST00000312403.10#PGA5#1068#Sylvilagus_floridanus__eastern_cottontail__HLsylFlo1__GCA_949820135.1	PGA5	Sylvilagus_floridanus__eastern_cottontail__HLsylFlo1__GCA_949820135.1	46	32
hg38.ENST00000312403.10_PGA5_14114_Sylvilagus_floridanus__eastern_cottontail__HLsylFlo1__GCA_949820135.1	hg38.ENST00000312403.10#PGA5#14114#Sylvilagus_floridanus__eastern_cottontail__HLsylFlo1__GCA_949820135.1	PGA5	Sylvilagus_floridanus__eastern_cottontail__HLsylFlo1__GCA_949820135.1	46	32
hg38.ENST00000312403.10_PGA5_32850_Sylvilagus_floridanus__eastern_cottontail__HLsylFlo1__GCA_949820135.1	hg38.ENST00000312403.10#PGA5#32850#Sylvilagus_floridanus__eastern_cottontail__HLsylFlo1__GCA_949820135.1	PGA5	Sylvilagus_floridanus__eastern_cottontail__HLsylFlo1__GCA_949820135.1	46	32
hg38.ENST00000312403.10_PGA5_4001_Sylvilagus_floridanus__eastern_cottontail__HLsylFlo1__GCA_949820135.1	hg38.ENST00000312403.10#PGA5#4001#Sylvilagus_floridanus__eastern_cottontail__HLsylFlo1__GCA_949820135.1	PGA5	Sylvilagus_floridanus__eastern_cottontail__HLsylFlo1__GCA_949820135.1	46	32
hg38.ENST00000312403.10_PGA5_1663_Sylvilagus_floridanus__eastern_cottontail__HLsylFlo1__GCA_949820135.1	hg38.ENST00000312403.10#PGA5#1663#Sylvilagus_floridanus__eastern_cottontail__HLsylFlo1__GCA_949820135.1	PGA5	Sylvilagus_floridanus__eastern_cottontail__HLsylFlo1__GCA_949820135.1	46	32
hg38.ENST00000312403.10_PGA5_6170_Sylvilagus_floridanus__eastern_cottontail__HLsylFlo1__GCA_949820135.1	hg38.ENST00000312403.10#PGA5#6170#Sylvilagus_floridanus__eastern_cottontail__HLsylFlo1__GCA_949820135.1	PGA5	Sylvilagus_floridanus__eastern_cottontail__HLsylFlo1__GCA_949820135.1	46	32
hg38.ENST00000312403.10_PGA5_4981_Sylvilagus_floridanus__eastern_cottontail__HLsylFlo1__GCA_949820135.1	hg38.ENST00000312403.10#PGA5#4981#Sylvilagus_floridanus__eastern_cottontail__HLsylFlo1__GCA_949820135.1	PGA5	Sylvilagus_floridanus__eastern_cottontail__HLsylFlo1__GCA_949820135.1	46	32
hg38.ENST00000312403.10_PGA5_427313_Sylvilagus_floridanus__eastern_cottontail__HLsylFlo1__GCA_949820135.1	hg38.ENST00000312403.10#PGA5#427313#Sylvilagus_floridanus__eastern_cottontail__HLsylFlo1__GCA_949820135.1	PGA5	Sylvilagus_floridanus__eastern_cottontail__HLsylFlo1__GCA_949820135.1	46	32
HLbosTau10.ENSBTAT00000077609_ENSBTAG00000053183_49737_Sylvilagus_floridanus__eastern_cottontail__HLsylFlo1__GCA_949820135.1	HLbosTau10.ENSBTAT00000077609#ENSBTAG00000053183#49737#Sylvilagus_floridanus__eastern_cottontail__HLsylFlo1__GCA_949820135.1	ENSBTAG00000053183	Sylvilagus_floridanus__eastern_cottontail__HLsylFlo1__GCA_949820135.1	46	32
hg38.ENST00000312403.10_PGA5_581641_Sylvilagus_floridanus__eastern_cottontail__HLsylFlo1__GCA_949820135.1	hg38.ENST00000312403.10#PGA5#581641#Sylvilagus_floridanus__eastern_cottontail__HLsylFlo1__GCA_949820135.1	PGA5	Sylvilagus_floridanus__eastern_cottontail__HLsylFlo1__GCA_949820135.1	46	32
hg38.ENST00000312403.10_PGA5_3448_Sylvilagus_floridanus__eastern_cottontail__HLsylFlo1__GCA_949820135.1	hg38.ENST00000312403.10#PGA5#3448#Sylvilagus_floridanus__eastern_cottontail__HLsylFlo1__GCA_949820135.1	PGA5	Sylvilagus_floridanus__eastern_cottontail__HLsylFlo1__GCA_949820135.1	46	32
hg38.ENST00000312403.10_PGA5_1735_Sylvilagus_floridanus__eastern_cottontail__HLsylFlo1__GCA_949820135.1	hg38.ENST00000312403.10#PGA5#1735#Sylvilagus_floridanus__eastern_cottontail__HLsylFlo1__GCA_949820135.1	PGA5	Sylvilagus_floridanus__eastern_cottontail__HLsylFlo1__GCA_949820135.1	46	32
hg38.ENST00000312403.10_PGA5_16_Sylvilagus_floridanus__eastern_cottontail__HLsylFlo1__GCA_949820135.1	hg38.ENST00000312403.10#PGA5#16#Sylvilagus_floridanus__eastern_cottontail__HLsylFlo1__GCA_949820135.1	PGA5	Sylvilagus_floridanus__eastern_cottontail__HLsylFlo1__GCA_949820135.1	46	32
hg38.ENST00000325558.11_PGA3_242262_Symphalangus_syndactylus__siamang__HLsymSyn3__GCF_028878055.1	hg38.ENST00000325558.11#PGA3#242262#Symphalangus_syndactylus__siamang__HLsymSyn3__GCF_028878055.1	PGA3	Symphalangus_syndactylus__siamang__HLsymSyn3__GCF_028878055.1	32	22
hg38.ENST00000312403.10_PGA5_24398_Symphalangus_syndactylus__siamang__HLsymSyn3__GCF_028878055.1	hg38.ENST00000312403.10#PGA5#24398#Symphalangus_syndactylus__siamang__HLsymSyn3__GCF_028878055.1	PGA5	Symphalangus_syndactylus__siamang__HLsymSyn3__GCF_028878055.1	58	38
hg38.ENST00000325558.11_PGA3_157471_Symphalangus_syndactylus__siamang__HLsymSyn3__GCF_028878055.1	hg38.ENST00000325558.11#PGA3#157471#Symphalangus_syndactylus__siamang__HLsymSyn3__GCF_028878055.1	PGA3	Symphalangus_syndactylus__siamang__HLsymSyn3__GCF_028878055.1	58	38
hg38.ENST00000312403.10_PGA5_63_Symphalangus_syndactylus__siamang__HLsymSyn3__GCF_028878055.1	hg38.ENST00000312403.10#PGA5#63#Symphalangus_syndactylus__siamang__HLsymSyn3__GCF_028878055.1	PGA5	Symphalangus_syndactylus__siamang__HLsymSyn3__GCF_028878055.1	58	38
hg38.ENST00000325558.11_PGA3_240273_Symphalangus_syndactylus__siamang__HLsymSyn4__GCA_028878055.3	hg38.ENST00000325558.11#PGA3#240273#Symphalangus_syndactylus__siamang__HLsymSyn4__GCA_028878055.3	PGA3	Symphalangus_syndactylus__siamang__HLsymSyn4__GCA_028878055.3	32	22
hg38.ENST00000312403.10_PGA5_17689_Symphalangus_syndactylus__siamang__HLsymSyn4__GCA_028878055.3	hg38.ENST00000312403.10#PGA5#17689#Symphalangus_syndactylus__siamang__HLsymSyn4__GCA_028878055.3	PGA5	Symphalangus_syndactylus__siamang__HLsymSyn4__GCA_028878055.3	58	38
hg38.ENST00000325558.11_PGA3_129572_Symphalangus_syndactylus__siamang__HLsymSyn4__GCA_028878055.3	hg38.ENST00000325558.11#PGA3#129572#Symphalangus_syndactylus__siamang__HLsymSyn4__GCA_028878055.3	PGA3	Symphalangus_syndactylus__siamang__HLsymSyn4__GCA_028878055.3	58	38
hg38.ENST00000312403.10_PGA5_66_Symphalangus_syndactylus__siamang__HLsymSyn4__GCA_028878055.3	hg38.ENST00000312403.10#PGA5#66#Symphalangus_syndactylus__siamang__HLsymSyn4__GCA_028878055.3	PGA5	Symphalangus_syndactylus__siamang__HLsymSyn4__GCA_028878055.3	58	38
hg38.ENST00000325558.11_PGA3_3926_Tadarida_brasiliensis__Brazilian_free-tailed_bat__HLtadBra3__GCA_030848825.1	hg38.ENST00000325558.11#PGA3#3926#Tadarida_brasiliensis__Brazilian_free-tailed_bat__HLtadBra3__GCA_030848825.1	PGA3	Tadarida_brasiliensis__Brazilian_free-tailed_bat__HLtadBra3__GCA_030848825.1	53	38
mm10.ENSMUST00000025647_Pga5_68_Tadarida_brasiliensis__Brazilian_free-tailed_bat__HLtadBra3__GCA_030848825.1	mm10.ENSMUST00000025647#Pga5#68#Tadarida_brasiliensis__Brazilian_free-tailed_bat__HLtadBra3__GCA_030848825.1	Pga5	Tadarida_brasiliensis__Brazilian_free-tailed_bat__HLtadBra3__GCA_030848825.1	21	14
hg38.ENST00000312403.10_PGA5_4327_Tadarida_teniotis__European_free-tailed_bat__HLtadTeni1A__GCA_976988885.1	hg38.ENST00000312403.10#PGA5#4327#Tadarida_teniotis__European_free-tailed_bat__HLtadTeni1A__GCA_976988885.1	PGA5	Tadarida_teniotis__European_free-tailed_bat__HLtadTeni1A__GCA_976988885.1	53	38
mm10.ENSMUST00000025647_Pga5_70_Tadarida_teniotis__European_free-tailed_bat__HLtadTeni1A__GCA_976988885.1	mm10.ENSMUST00000025647#Pga5#70#Tadarida_teniotis__European_free-tailed_bat__HLtadTeni1A__GCA_976988885.1	Pga5	Tadarida_teniotis__European_free-tailed_bat__HLtadTeni1A__GCA_976988885.1	21	14
hg38.ENST00000325558.11_PGA3_23_Talpa_europaea__European_mole__HLtalEur1A__GCA_964194135.1	hg38.ENST00000325558.11#PGA3#23#Talpa_europaea__European_mole__HLtalEur1A__GCA_964194135.1	PGA3	Talpa_europaea__European_mole__HLtalEur1A__GCA_964194135.1	48	34
mm10.ENSMUST00000025647_Pga5_71_Talpa_europaea__European_mole__HLtalEur1A__GCA_964194135.1	mm10.ENSMUST00000025647#Pga5#71#Talpa_europaea__European_mole__HLtalEur1A__GCA_964194135.1	Pga5	Talpa_europaea__European_mole__HLtalEur1A__GCA_964194135.1	24	15
hg38.ENST00000312403.10_PGA5_5065_Talpa_europaea__European_mole__HLtalEur1B__GCA_964194205.1	hg38.ENST00000312403.10#PGA5#5065#Talpa_europaea__European_mole__HLtalEur1B__GCA_964194205.1	PGA5	Talpa_europaea__European_mole__HLtalEur1B__GCA_964194205.1	48	34
mm10.ENSMUST00000025647_Pga5_70_Talpa_europaea__European_mole__HLtalEur1B__GCA_964194205.1	mm10.ENSMUST00000025647#Pga5#70#Talpa_europaea__European_mole__HLtalEur1B__GCA_964194205.1	Pga5	Talpa_europaea__European_mole__HLtalEur1B__GCA_964194205.1	24	15
hg38.ENST00000325558.11_PGA3_65_Talpa_occidentalis__Iberian_mole__HLtalOcc1__GCA_014898055.1	hg38.ENST00000325558.11#PGA3#65#Talpa_occidentalis__Iberian_mole__HLtalOcc1__GCA_014898055.1	PGA3	Talpa_occidentalis__Iberian_mole__HLtalOcc1__GCA_014898055.1	48	34
HLbosTau10.ENSBTAT00000025517_PAG2_4248_Talpa_occidentalis__Iberian_mole__HLtalOcc1__GCA_014898055.1	HLbosTau10.ENSBTAT00000025517#PAG2#4248#Talpa_occidentalis__Iberian_mole__HLtalOcc1__GCA_014898055.1	PAG2	Talpa_occidentalis__Iberian_mole__HLtalOcc1__GCA_014898055.1	24	15
HLbosTau10.NM_176619_PAG8_73_Tamandua_tetradactyla__southern_tamandua__HLtamTet2__GCA_023851605.1	HLbosTau10.NM_176619#PAG8#73#Tamandua_tetradactyla__southern_tamandua__HLtamTet2__GCA_023851605.1	PAG8	Tamandua_tetradactyla__southern_tamandua__HLtamTet2__GCA_023851605.1	14	7
hg38.ENST00000312403.10_PGA5_5158_Tamandua_tetradactyla__southern_tamandua__HLtamTet2__GCA_023851605.1	hg38.ENST00000312403.10#PGA5#5158#Tamandua_tetradactyla__southern_tamandua__HLtamTet2__GCA_023851605.1	PGA5	Tamandua_tetradactyla__southern_tamandua__HLtamTet2__GCA_023851605.1	47	33
mm10.ENSMUST00000025647_Pga5_27_Tamias_sibiricus__Siberian_chipmunk__HLtamSib1__GCA_025594165.1	mm10.ENSMUST00000025647#Pga5#27#Tamias_sibiricus__Siberian_chipmunk__HLtamSib1__GCA_025594165.1	Pga5	Tamias_sibiricus__Siberian_chipmunk__HLtamSib1__GCA_025594165.1	37	26
mm10.ENSMUST00000025647_Pga5_31_Tamias_sibiricus__Siberian_chipmunk__HLtamSibi2__GCA_047496905.1	mm10.ENSMUST00000025647#Pga5#31#Tamias_sibiricus__Siberian_chipmunk__HLtamSibi2__GCA_047496905.1	Pga5	Tamias_sibiricus__Siberian_chipmunk__HLtamSibi2__GCA_047496905.1	37	26
mm10.ENSMUST00000025647_Pga5_78_Tapirus_indicus__Asiatic_tapir__HLtapIndi3A__GCA_031878655.1	mm10.ENSMUST00000025647#Pga5#78#Tapirus_indicus__Asiatic_tapir__HLtapIndi3A__GCA_031878655.1	Pga5	Tapirus_indicus__Asiatic_tapir__HLtapIndi3A__GCA_031878655.1	23	14
hg38.ENST00000312403.10_PGA5_3930_Tapirus_indicus__Asiatic_tapir__HLtapIndi3A__GCA_031878655.1	hg38.ENST00000312403.10#PGA5#3930#Tapirus_indicus__Asiatic_tapir__HLtapIndi3A__GCA_031878655.1	PGA5	Tapirus_indicus__Asiatic_tapir__HLtapIndi3A__GCA_031878655.1	55	38
hg38.ENST00000312403.10_PGA5_1605_Tapirus_indicus__Asiatic_tapir__HLtapIndi3A__GCA_031878655.1	hg38.ENST00000312403.10#PGA5#1605#Tapirus_indicus__Asiatic_tapir__HLtapIndi3A__GCA_031878655.1	PGA5	Tapirus_indicus__Asiatic_tapir__HLtapIndi3A__GCA_031878655.1	55	38
hg38.ENST00000312403.10_PGA5_39_Tapirus_indicus__Asiatic_tapir__HLtapIndi3A__GCA_031878655.1	hg38.ENST00000312403.10#PGA5#39#Tapirus_indicus__Asiatic_tapir__HLtapIndi3A__GCA_031878655.1	PGA5	Tapirus_indicus__Asiatic_tapir__HLtapIndi3A__GCA_031878655.1	55	38
hg38.ENST00000378149.9_PGA4_39_Tapirus_indicus__Asiatic_tapir__HLtapIndi3A__GCA_031878655.1	hg38.ENST00000378149.9#PGA4#39#Tapirus_indicus__Asiatic_tapir__HLtapIndi3A__GCA_031878655.1	PGA4	Tapirus_indicus__Asiatic_tapir__HLtapIndi3A__GCA_031878655.1	55	38
hg38.ENST00000312403.10_PGA5_988_Tapirus_indicus__Asiatic_tapir__HLtapIndi3A__GCA_031878655.1	hg38.ENST00000312403.10#PGA5#988#Tapirus_indicus__Asiatic_tapir__HLtapIndi3A__GCA_031878655.1	PGA5	Tapirus_indicus__Asiatic_tapir__HLtapIndi3A__GCA_031878655.1	55	38
HLbosTau10.ENSBTAT00000013786_PAG7_7064_Tapirus_indicus__Asiatic_tapir__HLtapIndi3A__GCA_031878655.1	HLbosTau10.ENSBTAT00000013786#PAG7#7064#Tapirus_indicus__Asiatic_tapir__HLtapIndi3A__GCA_031878655.1	PAG7	Tapirus_indicus__Asiatic_tapir__HLtapIndi3A__GCA_031878655.1	23	14
hg38.ENST00000378149.9_PGA4_988_Tapirus_indicus__Asiatic_tapir__HLtapIndi3A__GCA_031878655.1	hg38.ENST00000378149.9#PGA4#988#Tapirus_indicus__Asiatic_tapir__HLtapIndi3A__GCA_031878655.1	PGA4	Tapirus_indicus__Asiatic_tapir__HLtapIndi3A__GCA_031878655.1	55	38
hg38.ENST00000378149.9_PGA4_354978_Tapirus_indicus__Asiatic_tapir__HLtapIndi3A__GCA_031878655.1	hg38.ENST00000378149.9#PGA4#354978#Tapirus_indicus__Asiatic_tapir__HLtapIndi3A__GCA_031878655.1	PGA4	Tapirus_indicus__Asiatic_tapir__HLtapIndi3A__GCA_031878655.1	55	38
hg38.ENST00000312403.10_PGA5_5466_Tapirus_indicus__Asiatic_tapir__HLtapIndi3A__GCA_031878655.1	hg38.ENST00000312403.10#PGA5#5466#Tapirus_indicus__Asiatic_tapir__HLtapIndi3A__GCA_031878655.1	PGA5	Tapirus_indicus__Asiatic_tapir__HLtapIndi3A__GCA_031878655.1	55	38
HLbosTau10.ENSBTAT00000019640_PGA5_969_Tapirus_indicus__Asiatic_tapir__HLtapIndi3A__GCA_031878655.1	HLbosTau10.ENSBTAT00000019640#PGA5#969#Tapirus_indicus__Asiatic_tapir__HLtapIndi3A__GCA_031878655.1	PGA5	Tapirus_indicus__Asiatic_tapir__HLtapIndi3A__GCA_031878655.1	55	38
HLbosTau10.ENSBTAT00000038954_PAG21_116941_Tapirus_indicus__Asiatic_tapir__HLtapIndi3B__GCA_031878705.1	HLbosTau10.ENSBTAT00000038954#PAG21#116941#Tapirus_indicus__Asiatic_tapir__HLtapIndi3B__GCA_031878705.1	PAG21	Tapirus_indicus__Asiatic_tapir__HLtapIndi3B__GCA_031878705.1	23	14
hg38.ENST00000312403.10_PGA5_3945_Tapirus_indicus__Asiatic_tapir__HLtapIndi3B__GCA_031878705.1	hg38.ENST00000312403.10#PGA5#3945#Tapirus_indicus__Asiatic_tapir__HLtapIndi3B__GCA_031878705.1	PGA5	Tapirus_indicus__Asiatic_tapir__HLtapIndi3B__GCA_031878705.1	55	38
hg38.ENST00000312403.10_PGA5_1620_Tapirus_indicus__Asiatic_tapir__HLtapIndi3B__GCA_031878705.1	hg38.ENST00000312403.10#PGA5#1620#Tapirus_indicus__Asiatic_tapir__HLtapIndi3B__GCA_031878705.1	PGA5	Tapirus_indicus__Asiatic_tapir__HLtapIndi3B__GCA_031878705.1	55	38
hg38.ENST00000312403.10_PGA5_3426_Tapirus_indicus__Asiatic_tapir__HLtapIndi3B__GCA_031878705.1	hg38.ENST00000312403.10#PGA5#3426#Tapirus_indicus__Asiatic_tapir__HLtapIndi3B__GCA_031878705.1	PGA5	Tapirus_indicus__Asiatic_tapir__HLtapIndi3B__GCA_031878705.1	55	38
hg38.ENST00000312403.10_PGA5_39_Tapirus_indicus__Asiatic_tapir__HLtapIndi3B__GCA_031878705.1	hg38.ENST00000312403.10#PGA5#39#Tapirus_indicus__Asiatic_tapir__HLtapIndi3B__GCA_031878705.1	PGA5	Tapirus_indicus__Asiatic_tapir__HLtapIndi3B__GCA_031878705.1	55	38
hg38.ENST00000312403.10_PGA5_983_Tapirus_indicus__Asiatic_tapir__HLtapIndi3B__GCA_031878705.1	hg38.ENST00000312403.10#PGA5#983#Tapirus_indicus__Asiatic_tapir__HLtapIndi3B__GCA_031878705.1	PGA5	Tapirus_indicus__Asiatic_tapir__HLtapIndi3B__GCA_031878705.1	55	38
HLbosTau10.ENSBTAT00000013786_PAG7_7098_Tapirus_indicus__Asiatic_tapir__HLtapIndi3B__GCA_031878705.1	HLbosTau10.ENSBTAT00000013786#PAG7#7098#Tapirus_indicus__Asiatic_tapir__HLtapIndi3B__GCA_031878705.1	PAG7	Tapirus_indicus__Asiatic_tapir__HLtapIndi3B__GCA_031878705.1	23	14
hg38.ENST00000378149.9_PGA4_983_Tapirus_indicus__Asiatic_tapir__HLtapIndi3B__GCA_031878705.1	hg38.ENST00000378149.9#PGA4#983#Tapirus_indicus__Asiatic_tapir__HLtapIndi3B__GCA_031878705.1	PGA4	Tapirus_indicus__Asiatic_tapir__HLtapIndi3B__GCA_031878705.1	55	38
hg38.ENST00000312403.10_PGA5_20767_Tapirus_indicus__Asiatic_tapir__HLtapIndi3B__GCA_031878705.1	hg38.ENST00000312403.10#PGA5#20767#Tapirus_indicus__Asiatic_tapir__HLtapIndi3B__GCA_031878705.1	PGA5	Tapirus_indicus__Asiatic_tapir__HLtapIndi3B__GCA_031878705.1	55	38
hg38.ENST00000312403.10_PGA5_5431_Tapirus_indicus__Asiatic_tapir__HLtapIndi3B__GCA_031878705.1	hg38.ENST00000312403.10#PGA5#5431#Tapirus_indicus__Asiatic_tapir__HLtapIndi3B__GCA_031878705.1	PGA5	Tapirus_indicus__Asiatic_tapir__HLtapIndi3B__GCA_031878705.1	55	38
HLbosTau10.ENSBTAT00000019640_PGA5_961_Tapirus_indicus__Asiatic_tapir__HLtapIndi3B__GCA_031878705.1	HLbosTau10.ENSBTAT00000019640#PGA5#961#Tapirus_indicus__Asiatic_tapir__HLtapIndi3B__GCA_031878705.1	PGA5	Tapirus_indicus__Asiatic_tapir__HLtapIndi3B__GCA_031878705.1	55	38
hg38.ENST00000312403.10_PGA5_24137_Tenrec_ecaudatus__Tailless_tenrec__HLtenEca1A	hg38.ENST00000312403.10#PGA5#24137#Tenrec_ecaudatus__Tailless_tenrec__HLtenEca1A	PGA5	Tenrec_ecaudatus__Tailless_tenrec__HLtenEca1A	49	35
HLbosTau10.ENSBTAT00000013786_PAG7_24494_Tenrec_ecaudatus__Tailless_tenrec__HLtenEca1A	HLbosTau10.ENSBTAT00000013786#PAG7#24494#Tenrec_ecaudatus__Tailless_tenrec__HLtenEca1A	PAG7	Tenrec_ecaudatus__Tailless_tenrec__HLtenEca1A	16	9
hg38.ENST00000325558.11_PGA3_10_Tenrec_ecaudatus__Tailless_tenrec__HLtenEca1B	hg38.ENST00000325558.11#PGA3#10#Tenrec_ecaudatus__Tailless_tenrec__HLtenEca1B	PGA3	Tenrec_ecaudatus__Tailless_tenrec__HLtenEca1B	49	35
HLbosTau10.ENSBTAT00000013786_PAG7_21322_Tenrec_ecaudatus__Tailless_tenrec__HLtenEca1B	HLbosTau10.ENSBTAT00000013786#PAG7#21322#Tenrec_ecaudatus__Tailless_tenrec__HLtenEca1B	PAG7	Tenrec_ecaudatus__Tailless_tenrec__HLtenEca1B	16	9
hg38.ENST00000325558.11_PGA3_11_Tenrec_ecaudatus__Tailless_tenrec__HLtenEcau2A__GCF_050624435.1	hg38.ENST00000325558.11#PGA3#11#Tenrec_ecaudatus__Tailless_tenrec__HLtenEcau2A__GCF_050624435.1	PGA3	Tenrec_ecaudatus__Tailless_tenrec__HLtenEcau2A__GCF_050624435.1	49	35
HLbosTau10.ENSBTAT00000013786_PAG7_19814_Tenrec_ecaudatus__Tailless_tenrec__HLtenEcau2A__GCF_050624435.1	HLbosTau10.ENSBTAT00000013786#PAG7#19814#Tenrec_ecaudatus__Tailless_tenrec__HLtenEcau2A__GCF_050624435.1	PAG7	Tenrec_ecaudatus__Tailless_tenrec__HLtenEcau2A__GCF_050624435.1	16	9
hg38.ENST00000325558.11_PGA3_10_Tenrec_ecaudatus__Tailless_tenrec__HLtenEcau2B__GCA_050624465.1	hg38.ENST00000325558.11#PGA3#10#Tenrec_ecaudatus__Tailless_tenrec__HLtenEcau2B__GCA_050624465.1	PGA3	Tenrec_ecaudatus__Tailless_tenrec__HLtenEcau2B__GCA_050624465.1	49	35
HLbosTau10.ENSBTAT00000013786_PAG7_17858_Tenrec_ecaudatus__Tailless_tenrec__HLtenEcau2B__GCA_050624465.1	HLbosTau10.ENSBTAT00000013786#PAG7#17858#Tenrec_ecaudatus__Tailless_tenrec__HLtenEcau2B__GCA_050624465.1	PAG7	Tenrec_ecaudatus__Tailless_tenrec__HLtenEcau2B__GCA_050624465.1	16	9
hg38.ENST00000312403.10_PGA5_14_Thomomys_bottae__Bottas_pocket_gopher__HLthoBot2A__GCA_031878675.1	hg38.ENST00000312403.10#PGA5#14#Thomomys_bottae__Bottas_pocket_gopher__HLthoBot2A__GCA_031878675.1	PGA5	Thomomys_bottae__Bottas_pocket_gopher__HLthoBot2A__GCA_031878675.1	35	24
mm10.ENSMUST00000025647_Pga5_52_Thomomys_bottae__Bottas_pocket_gopher__HLthoBot2B__GCA_031878665.1	mm10.ENSMUST00000025647#Pga5#52#Thomomys_bottae__Bottas_pocket_gopher__HLthoBot2B__GCA_031878665.1	Pga5	Thomomys_bottae__Bottas_pocket_gopher__HLthoBot2B__GCA_031878665.1	35	24
HLbosTau10.ENSBTAT00000030466_PAG18_83417_Tokudaia_muenninki__Okinawa_island_spiny_rat__HLtokMue1__GCA_036184385.1	HLbosTau10.ENSBTAT00000030466#PAG18#83417#Tokudaia_muenninki__Okinawa_island_spiny_rat__HLtokMue1__GCA_036184385.1	PAG18	Tokudaia_muenninki__Okinawa_island_spiny_rat__HLtokMue1__GCA_036184385.1	28	19
mm10.ENSMUST00000025647_Pga5_15_Tokudaia_tokunoshimensis__Tokunoshima_spiny_rat__HLtokTok1__GCA_036184795.1	mm10.ENSMUST00000025647#Pga5#15#Tokudaia_tokunoshimensis__Tokunoshima_spiny_rat__HLtokTok1__GCA_036184795.1	Pga5	Tokudaia_tokunoshimensis__Tokunoshima_spiny_rat__HLtokTok1__GCA_036184795.1	28	19
HLbosTau10.ENSBTAT00000005399_PAG11_1568_Trachypithecus_francoisi__Francoiss_langur__HLtraFra1__GCA_009764315.1	HLbosTau10.ENSBTAT00000005399#PAG11#1568#Trachypithecus_francoisi__Francoiss_langur__HLtraFra1__GCA_009764315.1	PAG11	Trachypithecus_francoisi__Francoiss_langur__HLtraFra1__GCA_009764315.1	32	22
hg38.ENST00000312403.10_PGA5_3433_Trachypithecus_francoisi__Francoiss_langur__HLtraFra1__GCA_009764315.1	hg38.ENST00000312403.10#PGA5#3433#Trachypithecus_francoisi__Francoiss_langur__HLtraFra1__GCA_009764315.1	PGA5	Trachypithecus_francoisi__Francoiss_langur__HLtraFra1__GCA_009764315.1	58	38
hg38.ENST00000312403.10_PGA5_9213_Trachypithecus_francoisi__Francoiss_langur__HLtraFra1__GCA_009764315.1	hg38.ENST00000312403.10#PGA5#9213#Trachypithecus_francoisi__Francoiss_langur__HLtraFra1__GCA_009764315.1	PGA5	Trachypithecus_francoisi__Francoiss_langur__HLtraFra1__GCA_009764315.1	58	38
hg38.ENST00000312403.10_PGA5_12346_Trachypithecus_germaini__Indochinese_lutung__HLtraGer1__GCA_047047975.1	hg38.ENST00000312403.10#PGA5#12346#Trachypithecus_germaini__Indochinese_lutung__HLtraGer1__GCA_047047975.1	PGA5	Trachypithecus_germaini__Indochinese_lutung__HLtraGer1__GCA_047047975.1	58	38
hg38.ENST00000312403.10_PGA5_55_Trachypithecus_germaini__Indochinese_lutung__HLtraGer1__GCA_047047975.1	hg38.ENST00000312403.10#PGA5#55#Trachypithecus_germaini__Indochinese_lutung__HLtraGer1__GCA_047047975.1	PGA5	Trachypithecus_germaini__Indochinese_lutung__HLtraGer1__GCA_047047975.1	58	38
hg38.ENST00000312403.10_PGA5_3935_Trachypithecus_germaini__Indochinese_lutung__HLtraGer1__GCA_047047975.1	hg38.ENST00000312403.10#PGA5#3935#Trachypithecus_germaini__Indochinese_lutung__HLtraGer1__GCA_047047975.1	PGA5	Trachypithecus_germaini__Indochinese_lutung__HLtraGer1__GCA_047047975.1	58	38
hg38.ENST00000312403.10_PGA5_10915_Trachypithecus_germaini__Indochinese_lutung__HLtraGer1__GCA_047047975.1	hg38.ENST00000312403.10#PGA5#10915#Trachypithecus_germaini__Indochinese_lutung__HLtraGer1__GCA_047047975.1	PGA5	Trachypithecus_germaini__Indochinese_lutung__HLtraGer1__GCA_047047975.1	58	38
HLeleMaxInd3A.XM_049889753.1_LOC126078931_393040_Trachypithecus_phayrei_crepuscula__Phayres_leaf_monkey__HLtraPhaCre1__GCA_023762245.1	HLeleMaxInd3A.XM_049889753.1#LOC126078931#393040#Trachypithecus_phayrei_crepuscula__Phayres_leaf_monkey__HLtraPhaCre1__GCA_023762245.1	LOC126078931	Trachypithecus_phayrei_crepuscula__Phayres_leaf_monkey__HLtraPhaCre1__GCA_023762245.1	58	38
hg38.ENST00000312403.10_PGA5_282_Trachypithecus_phayrei_crepuscula__Phayres_leaf_monkey__HLtraPhaCre1__GCA_023762245.1	hg38.ENST00000312403.10#PGA5#282#Trachypithecus_phayrei_crepuscula__Phayres_leaf_monkey__HLtraPhaCre1__GCA_023762245.1	PGA5	Trachypithecus_phayrei_crepuscula__Phayres_leaf_monkey__HLtraPhaCre1__GCA_023762245.1	58	38
hg38.ENST00000312403.10_PGA5_9976_Trachypithecus_shortridgei__Shortridges_langur__HLtraShor1__GCA_054345695.1	hg38.ENST00000312403.10#PGA5#9976#Trachypithecus_shortridgei__Shortridges_langur__HLtraShor1__GCA_054345695.1	PGA5	Trachypithecus_shortridgei__Shortridges_langur__HLtraShor1__GCA_054345695.1	58	38
hg38.ENST00000312403.10_PGA5_3536_Trachypithecus_shortridgei__Shortridges_langur__HLtraShor1__GCA_054345695.1	hg38.ENST00000312403.10#PGA5#3536#Trachypithecus_shortridgei__Shortridges_langur__HLtraShor1__GCA_054345695.1	PGA5	Trachypithecus_shortridgei__Shortridges_langur__HLtraShor1__GCA_054345695.1	58	38
hg38.ENST00000312403.10_PGA5_20_Trachypithecus_shortridgei__Shortridges_langur__HLtraShor1__GCA_054345695.1	hg38.ENST00000312403.10#PGA5#20#Trachypithecus_shortridgei__Shortridges_langur__HLtraShor1__GCA_054345695.1	PGA5	Trachypithecus_shortridgei__Shortridges_langur__HLtraShor1__GCA_054345695.1	58	38
hg38.ENST00000312403.10_PGA5_2043_Trachypithecus_shortridgei__Shortridges_langur__HLtraShor1__GCA_054345695.1	hg38.ENST00000312403.10#PGA5#2043#Trachypithecus_shortridgei__Shortridges_langur__HLtraShor1__GCA_054345695.1	PGA5	Trachypithecus_shortridgei__Shortridges_langur__HLtraShor1__GCA_054345695.1	58	38
hg38.ENST00000312403.10_PGA5_11_Trichechus_inunguis__Amazon_manatee__HLtriInu1A__GCA_046562895.1	hg38.ENST00000312403.10#PGA5#11#Trichechus_inunguis__Amazon_manatee__HLtriInu1A__GCA_046562895.1	PGA5	Trichechus_inunguis__Amazon_manatee__HLtriInu1A__GCA_046562895.1	52	37
hg38.ENST00000312403.10_PGA5_1615_Trichechus_inunguis__Amazon_manatee__HLtriInu1A__GCA_046562895.1	hg38.ENST00000312403.10#PGA5#1615#Trichechus_inunguis__Amazon_manatee__HLtriInu1A__GCA_046562895.1	PGA5	Trichechus_inunguis__Amazon_manatee__HLtriInu1A__GCA_046562895.1	52	37
hg38.ENST00000312403.10_PGA5_3801_Trichechus_inunguis__Amazon_manatee__HLtriInu1A__GCA_046562895.1	hg38.ENST00000312403.10#PGA5#3801#Trichechus_inunguis__Amazon_manatee__HLtriInu1A__GCA_046562895.1	PGA5	Trichechus_inunguis__Amazon_manatee__HLtriInu1A__GCA_046562895.1	52	37
mm10.ENSMUST00000025647_Pga5_62_Trichechus_inunguis__Amazon_manatee__HLtriInu1A__GCA_046562895.1	mm10.ENSMUST00000025647#Pga5#62#Trichechus_inunguis__Amazon_manatee__HLtriInu1A__GCA_046562895.1	Pga5	Trichechus_inunguis__Amazon_manatee__HLtriInu1A__GCA_046562895.1	17	10
hg38.ENST00000312403.10_PGA5_9_Trichechus_inunguis__Amazon_manatee__HLtriInu1B__GCA_046562985.1	hg38.ENST00000312403.10#PGA5#9#Trichechus_inunguis__Amazon_manatee__HLtriInu1B__GCA_046562985.1	PGA5	Trichechus_inunguis__Amazon_manatee__HLtriInu1B__GCA_046562985.1	52	37
hg38.ENST00000312403.10_PGA5_3998_Trichechus_inunguis__Amazon_manatee__HLtriInu1B__GCA_046562985.1	hg38.ENST00000312403.10#PGA5#3998#Trichechus_inunguis__Amazon_manatee__HLtriInu1B__GCA_046562985.1	PGA5	Trichechus_inunguis__Amazon_manatee__HLtriInu1B__GCA_046562985.1	52	37
hg38.ENST00000312403.10_PGA5_3603_Trichechus_inunguis__Amazon_manatee__HLtriInu1B__GCA_046562985.1	hg38.ENST00000312403.10#PGA5#3603#Trichechus_inunguis__Amazon_manatee__HLtriInu1B__GCA_046562985.1	PGA5	Trichechus_inunguis__Amazon_manatee__HLtriInu1B__GCA_046562985.1	52	37
mm10.ENSMUST00000025647_Pga5_63_Trichechus_inunguis__Amazon_manatee__HLtriInu1B__GCA_046562985.1	mm10.ENSMUST00000025647#Pga5#63#Trichechus_inunguis__Amazon_manatee__HLtriInu1B__GCA_046562985.1	Pga5	Trichechus_inunguis__Amazon_manatee__HLtriInu1B__GCA_046562985.1	17	10
hg38.ENST00000325558.11_PGA3_56_Tupaia_chinensis__Chinese_tree_shrew__HLtupChi2__GCA_033439345.1	hg38.ENST00000325558.11#PGA3#56#Tupaia_chinensis__Chinese_tree_shrew__HLtupChi2__GCA_033439345.1	PGA3	Tupaia_chinensis__Chinese_tree_shrew__HLtupChi2__GCA_033439345.1	57	38
mm10.ENSMUST00000025647_Pga5_63_Tupaia_chinensis__Chinese_tree_shrew__HLtupChi2__GCA_033439345.1	mm10.ENSMUST00000025647#Pga5#63#Tupaia_chinensis__Chinese_tree_shrew__HLtupChi2__GCA_033439345.1	Pga5	Tupaia_chinensis__Chinese_tree_shrew__HLtupChi2__GCA_033439345.1	38	27
hg38.ENST00000312403.10_PGA5_4081_Tupaia_tana__large_tree_shrew__HLtupTan1__GCA_026018925.1	hg38.ENST00000312403.10#PGA5#4081#Tupaia_tana__large_tree_shrew__HLtupTan1__GCA_026018925.1	PGA5	Tupaia_tana__large_tree_shrew__HLtupTan1__GCA_026018925.1	57	38
mm10.ENSMUST00000025647_Pga5_62_Tupaia_tana__large_tree_shrew__HLtupTan1__GCA_026018925.1	mm10.ENSMUST00000025647#Pga5#62#Tupaia_tana__large_tree_shrew__HLtupTan1__GCA_026018925.1	Pga5	Tupaia_tana__large_tree_shrew__HLtupTan1__GCA_026018925.1	38	27
HLbosTau10.ENSBTAT00000005399_PAG11_400_Tursiops_truncatus__common_bottlenose_dolphin__HLturTru5__GCF_011762595.1	HLbosTau10.ENSBTAT00000005399#PAG11#400#Tursiops_truncatus__common_bottlenose_dolphin__HLturTru5__GCF_011762595.1	PAG11	Tursiops_truncatus__common_bottlenose_dolphin__HLturTru5__GCF_011762595.1	10	4
HLbosTau10.NM_001109978_PAG7_732513_Tursiops_truncatus__common_bottlenose_dolphin__HLturTru5__GCF_011762595.1	HLbosTau10.NM_001109978#PAG7#732513#Tursiops_truncatus__common_bottlenose_dolphin__HLturTru5__GCF_011762595.1	PAG7	Tursiops_truncatus__common_bottlenose_dolphin__HLturTru5__GCF_011762595.1	10	4
hg38.ENST00000312403.10_PGA5_3136_Tursiops_truncatus__common_bottlenose_dolphin__HLturTru5__GCF_011762595.1	hg38.ENST00000312403.10#PGA5#3136#Tursiops_truncatus__common_bottlenose_dolphin__HLturTru5__GCF_011762595.1	PGA5	Tursiops_truncatus__common_bottlenose_dolphin__HLturTru5__GCF_011762595.1	56	38
HLbosTau10.ENSBTAT00000030466_PAG18_14251_Typhlomys_cinereus__Soft-furred_tree_mouse__HLtypCin1__GCA_023101885.1	HLbosTau10.ENSBTAT00000030466#PAG18#14251#Typhlomys_cinereus__Soft-furred_tree_mouse__HLtypCin1__GCA_023101885.1	PAG18	Typhlomys_cinereus__Soft-furred_tree_mouse__HLtypCin1__GCA_023101885.1	29	20
mm10.ENSMUST00000025647_Pga5_294_Urocitellus_parryii__Arctic_ground_squirrel__HLuroPar1__GCA_003426925.1	mm10.ENSMUST00000025647#Pga5#294#Urocitellus_parryii__Arctic_ground_squirrel__HLuroPar1__GCA_003426925.1	Pga5	Urocitellus_parryii__Arctic_ground_squirrel__HLuroPar1__GCA_003426925.1	37	26
mm10.ENSMUST00000025647_Pga5_27_Urocitellus_parryii__Arctic_ground_squirrel__HLuroPar2A__GCA_045843805.1	mm10.ENSMUST00000025647#Pga5#27#Urocitellus_parryii__Arctic_ground_squirrel__HLuroPar2A__GCA_045843805.1	Pga5	Urocitellus_parryii__Arctic_ground_squirrel__HLuroPar2A__GCA_045843805.1	37	26
mm10.ENSMUST00000025647_Pga5_35_Urocitellus_parryii__Arctic_ground_squirrel__HLuroPar2B__GCA_045843765.1	mm10.ENSMUST00000025647#Pga5#35#Urocitellus_parryii__Arctic_ground_squirrel__HLuroPar2B__GCA_045843765.1	Pga5	Urocitellus_parryii__Arctic_ground_squirrel__HLuroPar2B__GCA_045843765.1	37	26
mm10.ENSMUST00000025647_Pga5_89_Urocyon_cinereoargenteus__Gray_fox__HLuroCin1__GCA_032313775.1	mm10.ENSMUST00000025647#Pga5#89#Urocyon_cinereoargenteus__Gray_fox__HLuroCin1__GCA_032313775.1	Pga5	Urocyon_cinereoargenteus__Gray_fox__HLuroCin1__GCA_032313775.1	20	13
hg38.ENST00000325558.11_PGA3_3924_Urocyon_cinereoargenteus__Gray_fox__HLuroCin1__GCA_032313775.1	hg38.ENST00000325558.11#PGA3#3924#Urocyon_cinereoargenteus__Gray_fox__HLuroCin1__GCA_032313775.1	PGA3	Urocyon_cinereoargenteus__Gray_fox__HLuroCin1__GCA_032313775.1	54	38
hg38.ENST00000325558.11_PGA3_3689_Urocyon_littoralis_catalinae__Santa_Catalina_Island_fox__HLuroLitCat1	hg38.ENST00000325558.11#PGA3#3689#Urocyon_littoralis_catalinae__Santa_Catalina_Island_fox__HLuroLitCat1	PGA3	Urocyon_littoralis_catalinae__Santa_Catalina_Island_fox__HLuroLitCat1	54	38
mm10.ENSMUST00000025647_Pga5_85_Urocyon_littoralis_catalinae__Santa_Catalina_Island_fox__HLuroLitCat1	mm10.ENSMUST00000025647#Pga5#85#Urocyon_littoralis_catalinae__Santa_Catalina_Island_fox__HLuroLitCat1	Pga5	Urocyon_littoralis_catalinae__Santa_Catalina_Island_fox__HLuroLitCat1	20	13
HLbosTau10.ENSBTAT00000025593_PAG5_8747_Uromys_caudimaculatus__giant_uromys__HLuroCau1	HLbosTau10.ENSBTAT00000025593#PAG5#8747#Uromys_caudimaculatus__giant_uromys__HLuroCau1	PAG5	Uromys_caudimaculatus__giant_uromys__HLuroCau1	28	19
mm10.ENSMUST00000025647_Pga5_213_Ursus_americanus__American_black_bear__HLursAme3__GCF_020975775.1	mm10.ENSMUST00000025647#Pga5#213#Ursus_americanus__American_black_bear__HLursAme3__GCF_020975775.1	Pga5	Ursus_americanus__American_black_bear__HLursAme3__GCF_020975775.1	20	13
hg38.ENST00000312403.10_PGA5_4185_Ursus_americanus__American_black_bear__HLursAme3__GCF_020975775.1	hg38.ENST00000312403.10#PGA5#4185#Ursus_americanus__American_black_bear__HLursAme3__GCF_020975775.1	PGA5	Ursus_americanus__American_black_bear__HLursAme3__GCF_020975775.1	54	38
hg38.ENST00000312403.10_PGA5_4379_Ursus_arctos__brown_bear__HLursArc2__GCF_023065955.1	hg38.ENST00000312403.10#PGA5#4379#Ursus_arctos__brown_bear__HLursArc2__GCF_023065955.1	PGA5	Ursus_arctos__brown_bear__HLursArc2__GCF_023065955.1	54	38
mm10.ENSMUST00000025647_Pga5_72_Ursus_arctos__brown_bear__HLursArc2__GCF_023065955.1	mm10.ENSMUST00000025647#Pga5#72#Ursus_arctos__brown_bear__HLursArc2__GCF_023065955.1	Pga5	Ursus_arctos__brown_bear__HLursArc2__GCF_023065955.1	20	13
HLbosTau10.NM_176625_PAG16_196192_Ursus_maritimus__polar_bear__HLursMar2__GCF_017311325.1	HLbosTau10.NM_176625#PAG16#196192#Ursus_maritimus__polar_bear__HLursMar2__GCF_017311325.1	PAG16	Ursus_maritimus__polar_bear__HLursMar2__GCF_017311325.1	20	13
hg38.ENST00000312403.10_PGA5_3186_Ursus_maritimus__polar_bear__HLursMar2__GCF_017311325.1	hg38.ENST00000312403.10#PGA5#3186#Ursus_maritimus__polar_bear__HLursMar2__GCF_017311325.1	PGA5	Ursus_maritimus__polar_bear__HLursMar2__GCF_017311325.1	54	38
mm10.ENSMUST00000025647_Pga5_83_Ursus_thibetanus_thibetanus__Asiatic_black_bear__HLursThi1__GCA_009660055.1	mm10.ENSMUST00000025647#Pga5#83#Ursus_thibetanus_thibetanus__Asiatic_black_bear__HLursThi1__GCA_009660055.1	Pga5	Ursus_thibetanus_thibetanus__Asiatic_black_bear__HLursThi1__GCA_009660055.1	20	13
hg38.ENST00000312403.10_PGA5_3545_Ursus_thibetanus_thibetanus__Asiatic_black_bear__HLursThi1__GCA_009660055.1	hg38.ENST00000312403.10#PGA5#3545#Ursus_thibetanus_thibetanus__Asiatic_black_bear__HLursThi1__GCA_009660055.1	PGA5	Ursus_thibetanus_thibetanus__Asiatic_black_bear__HLursThi1__GCA_009660055.1	54	38
hg38.ENST00000312403.10_PGA5_3940_Vespertilio_murinus__particolored_bat__HLvesMur1__GCA_963924515.1	hg38.ENST00000312403.10#PGA5#3940#Vespertilio_murinus__particolored_bat__HLvesMur1__GCA_963924515.1	PGA5	Vespertilio_murinus__particolored_bat__HLvesMur1__GCA_963924515.1	50	36
HLbosTau10.ENSBTAT00000005384_PAG10_309540_Vespertilio_murinus__particolored_bat__HLvesMur1__GCA_963924515.1	HLbosTau10.ENSBTAT00000005384#PAG10#309540#Vespertilio_murinus__particolored_bat__HLvesMur1__GCA_963924515.1	PAG10	Vespertilio_murinus__particolored_bat__HLvesMur1__GCA_963924515.1	19	12
HLbosTau10.ENSBTAT00000005384_PAG10_1597_Vespertilio_murinus__particolored_bat__HLvesMur1__GCA_963924515.1	HLbosTau10.ENSBTAT00000005384#PAG10#1597#Vespertilio_murinus__particolored_bat__HLvesMur1__GCA_963924515.1	PAG10	Vespertilio_murinus__particolored_bat__HLvesMur1__GCA_963924515.1	19	12
HLbosTau10.ENSBTAT00000005384_PAG10_2392_Vespertilio_murinus__particolored_bat__HLvesMur1__GCA_963924515.1	HLbosTau10.ENSBTAT00000005384#PAG10#2392#Vespertilio_murinus__particolored_bat__HLvesMur1__GCA_963924515.1	PAG10	Vespertilio_murinus__particolored_bat__HLvesMur1__GCA_963924515.1	19	12
HLbosTau10.ENSBTAT00000005384_PAG10_8373_Vespertilio_murinus__particolored_bat__HLvesMur1__GCA_963924515.1	HLbosTau10.ENSBTAT00000005384#PAG10#8373#Vespertilio_murinus__particolored_bat__HLvesMur1__GCA_963924515.1	PAG10	Vespertilio_murinus__particolored_bat__HLvesMur1__GCA_963924515.1	19	12
mm10.ENSMUST00000025647_Pga5_102759_Vespertilio_murinus__particolored_bat__HLvesMur1__GCA_963924515.1	mm10.ENSMUST00000025647#Pga5#102759#Vespertilio_murinus__particolored_bat__HLvesMur1__GCA_963924515.1	Pga5	Vespertilio_murinus__particolored_bat__HLvesMur1__GCA_963924515.1	19	12
HLbosTau10.ENSBTAT00000005384_PAG10_3565_Vespertilio_murinus__particolored_bat__HLvesMur1__GCA_963924515.1	HLbosTau10.ENSBTAT00000005384#PAG10#3565#Vespertilio_murinus__particolored_bat__HLvesMur1__GCA_963924515.1	PAG10	Vespertilio_murinus__particolored_bat__HLvesMur1__GCA_963924515.1	19	12
HLbosTau10.ENSBTAT00000005384_PAG10_2047_Vespertilio_murinus__particolored_bat__HLvesMur1__GCA_963924515.1	HLbosTau10.ENSBTAT00000005384#PAG10#2047#Vespertilio_murinus__particolored_bat__HLvesMur1__GCA_963924515.1	PAG10	Vespertilio_murinus__particolored_bat__HLvesMur1__GCA_963924515.1	19	12
HLbosTau10.ENSBTAT00000005384_PAG10_81_Vespertilio_murinus__particolored_bat__HLvesMur1__GCA_963924515.1	HLbosTau10.ENSBTAT00000005384#PAG10#81#Vespertilio_murinus__particolored_bat__HLvesMur1__GCA_963924515.1	PAG10	Vespertilio_murinus__particolored_bat__HLvesMur1__GCA_963924515.1	19	12
HLbosTau10.ENSBTAT00000005399_PAG11_3776_Vespertilio_murinus__particolored_bat__HLvesMur1__GCA_963924515.1	HLbosTau10.ENSBTAT00000005399#PAG11#3776#Vespertilio_murinus__particolored_bat__HLvesMur1__GCA_963924515.1	PAG11	Vespertilio_murinus__particolored_bat__HLvesMur1__GCA_963924515.1	19	12
mm10.ENSMUST00000025647_Pga5_250_Vicugna_pacos_huacaya__alpaca__HLvicPacHua3__GCA_000767525.1	mm10.ENSMUST00000025647#Pga5#250#Vicugna_pacos_huacaya__alpaca__HLvicPacHua3__GCA_000767525.1	Pga5	Vicugna_pacos_huacaya__alpaca__HLvicPacHua3__GCA_000767525.1	10	4
hg38.ENST00000312403.10_PGA5_4122_Vicugna_pacos_huacaya__alpaca__HLvicPacHua3__GCA_000767525.1	hg38.ENST00000312403.10#PGA5#4122#Vicugna_pacos_huacaya__alpaca__HLvicPacHua3__GCA_000767525.1	PGA5	Vicugna_pacos_huacaya__alpaca__HLvicPacHua3__GCA_000767525.1	56	38
mm10.ENSMUST00000025647_Pga5_66_Vicugna_pacos__Alpaca__HLvicPaco5__GCF_048564905.1	mm10.ENSMUST00000025647#Pga5#66#Vicugna_pacos__Alpaca__HLvicPaco5__GCF_048564905.1	Pga5	Vicugna_pacos__Alpaca__HLvicPaco5__GCF_048564905.1	10	4
hg38.ENST00000312403.10_PGA5_5878_Vicugna_pacos__Alpaca__HLvicPaco5__GCF_048564905.1	hg38.ENST00000312403.10#PGA5#5878#Vicugna_pacos__Alpaca__HLvicPaco5__GCF_048564905.1	PGA5	Vicugna_pacos__Alpaca__HLvicPaco5__GCF_048564905.1	56	38
hg38.ENST00000312403.10_PGA5_4848_Vicugna_vicugna_mensalis__vicugna__HLvicVicMen1__GCA_013265495.1	hg38.ENST00000312403.10#PGA5#4848#Vicugna_vicugna_mensalis__vicugna__HLvicVicMen1__GCA_013265495.1	PGA5	Vicugna_vicugna_mensalis__vicugna__HLvicVicMen1__GCA_013265495.1	56	38
mm10.ENSMUST00000025647_Pga5_214_Vicugna_vicugna_mensalis__vicugna__HLvicVicMen1__GCA_013265495.1	mm10.ENSMUST00000025647#Pga5#214#Vicugna_vicugna_mensalis__vicugna__HLvicVicMen1__GCA_013265495.1	Pga5	Vicugna_vicugna_mensalis__vicugna__HLvicVicMen1__GCA_013265495.1	10	4
mm10.ENSMUST00000025647_Pga5_88_Vulpes_corsac__Corsac_fox__HLvulCor1__GCA_030463245.1	mm10.ENSMUST00000025647#Pga5#88#Vulpes_corsac__Corsac_fox__HLvulCor1__GCA_030463245.1	Pga5	Vulpes_corsac__Corsac_fox__HLvulCor1__GCA_030463245.1	20	13
hg38.ENST00000325558.11_PGA3_3544_Vulpes_corsac__Corsac_fox__HLvulCor1__GCA_030463245.1	hg38.ENST00000325558.11#PGA3#3544#Vulpes_corsac__Corsac_fox__HLvulCor1__GCA_030463245.1	PGA3	Vulpes_corsac__Corsac_fox__HLvulCor1__GCA_030463245.1	54	38
hg38.ENST00000325558.11_PGA3_4356_Vulpes_ferrilata__Tibetan_sand_fox__HLvulFer1__GCA_024500485.1	hg38.ENST00000325558.11#PGA3#4356#Vulpes_ferrilata__Tibetan_sand_fox__HLvulFer1__GCA_024500485.1	PGA3	Vulpes_ferrilata__Tibetan_sand_fox__HLvulFer1__GCA_024500485.1	54	38
mm10.ENSMUST00000025647_Pga5_89_Vulpes_ferrilata__Tibetan_sand_fox__HLvulFer1__GCA_024500485.1	mm10.ENSMUST00000025647#Pga5#89#Vulpes_ferrilata__Tibetan_sand_fox__HLvulFer1__GCA_024500485.1	Pga5	Vulpes_ferrilata__Tibetan_sand_fox__HLvulFer1__GCA_024500485.1	20	13
hg38.ENST00000312403.10_PGA5_2812_Vulpes_lagopus__Arctic_fox__HLvulLag2__GCF_018345385.1	hg38.ENST00000312403.10#PGA5#2812#Vulpes_lagopus__Arctic_fox__HLvulLag2__GCF_018345385.1	PGA5	Vulpes_lagopus__Arctic_fox__HLvulLag2__GCF_018345385.1	54	38
mm10.ENSMUST00000025647_Pga5_88_Vulpes_lagopus__Arctic_fox__HLvulLag2__GCF_018345385.1	mm10.ENSMUST00000025647#Pga5#88#Vulpes_lagopus__Arctic_fox__HLvulLag2__GCF_018345385.1	Pga5	Vulpes_lagopus__Arctic_fox__HLvulLag2__GCF_018345385.1	20	13
mm10.ENSMUST00000025647_Pga5_83_Vulpes_vulpes__Red_fox__HLvulVul3__GCA_048418805.1	mm10.ENSMUST00000025647#Pga5#83#Vulpes_vulpes__Red_fox__HLvulVul3__GCA_048418805.1	Pga5	Vulpes_vulpes__Red_fox__HLvulVul3__GCA_048418805.1	20	13
hg38.ENST00000325558.11_PGA3_4894_Vulpes_vulpes__Red_fox__HLvulVul3__GCA_048418805.1	hg38.ENST00000325558.11#PGA3#4894#Vulpes_vulpes__Red_fox__HLvulVul3__GCA_048418805.1	PGA3	Vulpes_vulpes__Red_fox__HLvulVul3__GCA_048418805.1	54	38
hg38.ENST00000312403.10_PGA5_6897_Xanthonycticebus_pygmaeus__pygmy_slow_loris__HLxanPyg1	hg38.ENST00000312403.10#PGA5#6897#Xanthonycticebus_pygmaeus__pygmy_slow_loris__HLxanPyg1	PGA5	Xanthonycticebus_pygmaeus__pygmy_slow_loris__HLxanPyg1	58	38
mm10.ENSMUST00000025647_Pga5_197_Xanthonycticebus_pygmaeus__pygmy_slow_loris__HLxanPyg1	mm10.ENSMUST00000025647#Pga5#197#Xanthonycticebus_pygmaeus__pygmy_slow_loris__HLxanPyg1	Pga5	Xanthonycticebus_pygmaeus__pygmy_slow_loris__HLxanPyg1	33	22
HLbosTau10.ENSBTAT00000038954_PAG21_3438_Zalophus_californianus__California_sea_lion__HLzalCal1__GCA_009762305.1	HLbosTau10.ENSBTAT00000038954#PAG21#3438#Zalophus_californianus__California_sea_lion__HLzalCal1__GCA_009762305.1	PAG21	Zalophus_californianus__California_sea_lion__HLzalCal1__GCA_009762305.1	20	13
hg38.ENST00000312403.10_PGA5_3167_Zalophus_californianus__California_sea_lion__HLzalCal1__GCA_009762305.1	hg38.ENST00000312403.10#PGA5#3167#Zalophus_californianus__California_sea_lion__HLzalCal1__GCA_009762305.1	PGA5	Zalophus_californianus__California_sea_lion__HLzalCal1__GCA_009762305.1	54	38
mm10.ENSMUST00000025647_Pga5_70_Zalophus_californianus__California_sea_lion__HLzalCali2__GCF_009762305.2	mm10.ENSMUST00000025647#Pga5#70#Zalophus_californianus__California_sea_lion__HLzalCali2__GCF_009762305.2	Pga5	Zalophus_californianus__California_sea_lion__HLzalCali2__GCF_009762305.2	20	13
hg38.ENST00000312403.10_PGA5_3199_Zalophus_californianus__California_sea_lion__HLzalCali2__GCF_009762305.2	hg38.ENST00000312403.10#PGA5#3199#Zalophus_californianus__California_sea_lion__HLzalCali2__GCF_009762305.2	PGA5	Zalophus_californianus__California_sea_lion__HLzalCali2__GCF_009762305.2	54	38
